sku,n,mean_delta,method,metric,cohort,horizon_weeks
BLP0001,6,-0.5331909847810284,BlockFrequencyMean,mase_52,active120,4
BLP0002,6,-0.27524947173005426,BlockFrequencyMean,mase_52,active120,4
CWW0002,6,0.7172866671927919,BlockFrequencyMean,mase_52,active120,4
DHZXCZP0001,6,0.2515391914848437,BlockFrequencyMean,mase_52,active120,4
DRMJJ0022,6,-0.1765614497519846,BlockFrequencyMean,mase_52,active120,4
DRMJJ0023,6,0.40175166918508426,BlockFrequencyMean,mase_52,active120,4
ETZP0003,6,-1.7894698793193207,BlockFrequencyMean,mase_52,active120,4
ETZP0004,6,0.18544477444226862,BlockFrequencyMean,mase_52,active120,4
FDBLHP0001,6,0.035235688573300915,BlockFrequencyMean,mase_52,active120,4
FDBLP0001,6,-0.35827998854939747,BlockFrequencyMean,mase_52,active120,4
FRC0002,4,1.142769422159843,BlockFrequencyMean,mase_52,active120,4
FRC0003,6,-0.6386437634039396,BlockFrequencyMean,mase_52,active120,4
FRH0001,6,2.1285455757206315,BlockFrequencyMean,mase_52,active120,4
FRH0002,6,1.2672380090510513,BlockFrequencyMean,mase_52,active120,4
FRH0003,6,2.091381804273565,BlockFrequencyMean,mase_52,active120,4
FRH0004,6,1.6864749285801919,BlockFrequencyMean,mase_52,active120,4
FRH0033,6,0.3315019708034586,BlockFrequencyMean,mase_52,active120,4
FRH0034,6,0.7306667255126981,BlockFrequencyMean,mase_52,active120,4
FRH0040,6,1.1624856516916877,BlockFrequencyMean,mase_52,active120,4
FRH0045,6,0.5856340994916567,BlockFrequencyMean,mase_52,active120,4
FRH0046,6,0.6851826863480958,BlockFrequencyMean,mase_52,active120,4
FRH0048,6,-0.0032255918749549695,BlockFrequencyMean,mase_52,active120,4
FRH0050,6,0.8124367939752556,BlockFrequencyMean,mase_52,active120,4
FRH0051,6,0.24630128217971062,BlockFrequencyMean,mase_52,active120,4
FRH0056,6,0.05970454923715776,BlockFrequencyMean,mase_52,active120,4
FRH0059,6,-0.13142692870614367,BlockFrequencyMean,mase_52,active120,4
FRH0064,6,1.09068170154143,BlockFrequencyMean,mase_52,active120,4
FRH0065,6,-0.31483278626135774,BlockFrequencyMean,mase_52,active120,4
FRW0005,6,-0.3057360879574503,BlockFrequencyMean,mase_52,active120,4
FRW0006,6,1.0496783377775045,BlockFrequencyMean,mase_52,active120,4
FRW0013,2,0.9650349650349652,BlockFrequencyMean,mase_52,active120,4
FRW0015,6,-0.3245511629186264,BlockFrequencyMean,mase_52,active120,4
FRW0017,3,1.0532544378698225,BlockFrequencyMean,mase_52,active120,4
FRW0024,6,-0.4306068257312039,BlockFrequencyMean,mase_52,active120,4
FZLRICBHP0001,6,-0.5893259127501195,BlockFrequencyMean,mase_52,active120,4
FZLRJ0001,6,-0.19641517268566766,BlockFrequencyMean,mase_52,active120,4
FZLRJ0002,6,0.6102759335057545,BlockFrequencyMean,mase_52,active120,4
FZLRJ0005,5,-0.13330827067669174,BlockFrequencyMean,mase_52,active120,4
GJMJSLW001,6,0.6543572174545028,BlockFrequencyMean,mase_52,active120,4
GJMJWJX001,6,1.1928830431966222,BlockFrequencyMean,mase_52,active120,4
GJMJWJXW001,6,0.738176876680167,BlockFrequencyMean,mase_52,active120,4
HLGKSLT0001,6,0.3275425464516754,BlockFrequencyMean,mase_52,active120,4
HWZDSKL0001,6,0.1834077188164335,BlockFrequencyMean,mase_52,active120,4
HZSN0001,6,-0.018613146131389882,BlockFrequencyMean,mase_52,active120,4
JZJ00011,6,0.26459353271953284,BlockFrequencyMean,mase_52,active120,4
JZJ00012,6,0.4429143397433422,BlockFrequencyMean,mase_52,active120,4
JZJ0002,6,0.2751692945898767,BlockFrequencyMean,mase_52,active120,4
JZJ0003,6,0.983422654903634,BlockFrequencyMean,mase_52,active120,4
JZJ0005,6,0.12080394503433267,BlockFrequencyMean,mase_52,active120,4
JZJ0008,6,0.6645580506195798,BlockFrequencyMean,mase_52,active120,4
JZJ0009,6,-0.09675159954665875,BlockFrequencyMean,mase_52,active120,4
JZJ0013,6,0.8980767721351844,BlockFrequencyMean,mase_52,active120,4
JZJ0016,6,-0.4539495280546477,BlockFrequencyMean,mase_52,active120,4
JZJ0018,6,0.09036418353366316,BlockFrequencyMean,mase_52,active120,4
JZJ0019,6,-0.4795574827497456,BlockFrequencyMean,mase_52,active120,4
JZQCQ001,6,1.8404679226937821,BlockFrequencyMean,mase_52,active120,4
JZQCQ003,6,1.0850182884990565,BlockFrequencyMean,mase_52,active120,4
JZQCQ004,6,0.06185172293769579,BlockFrequencyMean,mase_52,active120,4
KFYFQ51mm,5,-0.2853803811890264,BlockFrequencyMean,mase_52,active120,4
KFYFQ54mm,5,-0.2516529748692637,BlockFrequencyMean,mase_52,active120,4
KFYFQ58mm,5,-0.13659050987495955,BlockFrequencyMean,mase_52,active120,4
KZCWBG001,6,-0.6938232664075183,BlockFrequencyMean,mase_52,active120,4
LRKF0001,5,0.9969080919080919,BlockFrequencyMean,mase_52,active120,4
LTKF0019,6,0.5165272154745839,BlockFrequencyMean,mase_52,active120,4
LTKF0020,6,-0.3791356547764915,BlockFrequencyMean,mase_52,active120,4
LTKF0021,6,0.2918045037349838,BlockFrequencyMean,mase_52,active120,4
LTKF0022M,6,-0.12005570502544943,BlockFrequencyMean,mase_52,active120,4
LTKF0031,6,0.6938531925798174,BlockFrequencyMean,mase_52,active120,4
LTKF0047,6,-1.0008645200952893,BlockFrequencyMean,mase_52,active120,4
LTKF0101,6,0.02440225921226245,BlockFrequencyMean,mase_52,active120,4
LTKF093,6,-1.1201654156460468,BlockFrequencyMean,mase_52,active120,4
LTKF098,6,-0.30576820719173414,BlockFrequencyMean,mase_52,active120,4
LTKF098B,5,-0.27904527629233516,BlockFrequencyMean,mase_52,active120,4
LYC0201,6,-0.48991119991119986,BlockFrequencyMean,mase_52,active120,4
NNB0002,6,-0.16873702077666355,BlockFrequencyMean,mase_52,active120,4
NNBZL01,4,-0.051455764609832325,BlockFrequencyMean,mase_52,active120,4
QCCXC0004,5,-1.7538461538461536,BlockFrequencyMean,mase_52,active120,4
QCCXC0005,6,0.4821906117858848,BlockFrequencyMean,mase_52,active120,4
QCCXC0007,6,0.3021920712138103,BlockFrequencyMean,mase_52,active120,4
QCSSXC0005,6,1.3993813712218774,BlockFrequencyMean,mase_52,active120,4
QCSSXC0006,6,1.5444255807046507,BlockFrequencyMean,mase_52,active120,4
QCXDS001,6,0.6029146125717496,BlockFrequencyMean,mase_52,active120,4
QFDNZGJK001,5,0.38407407407407407,BlockFrequencyMean,mase_52,active120,4
QFDNZGJK002,5,0.1787878787878788,BlockFrequencyMean,mase_52,active120,4
QFSJZ001-1,6,1.655168905168905,BlockFrequencyMean,mase_52,active120,4
QFSJZ003-1,6,0.32386100386100386,BlockFrequencyMean,mase_52,active120,4
RLHZHMV000AMDE,6,-0.3061232452919611,BlockFrequencyMean,mase_52,active120,4
SKZ2FT01,2,1.3453703703703699,BlockFrequencyMean,mase_52,active120,4
SKZ3FT01,2,-0.25049019607843137,BlockFrequencyMean,mase_52,active120,4
SPH0001,3,-2.153503130091759,BlockFrequencyMean,mase_52,active120,4
WSJZS0002,3,0.3431952662721906,BlockFrequencyMean,mase_52,active120,4
WSJZS0004,3,0.4333694474539544,BlockFrequencyMean,mase_52,active120,4
XFTW0001,3,0.03851851851851851,BlockFrequencyMean,mase_52,active120,4
XGX9995,1,-4.166666666666667,BlockFrequencyMean,mase_52,active120,4
XHP0001,6,-0.8691666822250377,BlockFrequencyMean,mase_52,active120,4
XHZXCZP0001,6,0.1160512720432697,BlockFrequencyMean,mase_52,active120,4
XHZXCZP0002,6,0.22087331583927974,BlockFrequencyMean,mase_52,active120,4
XMJ0004,4,-0.1283646151607734,BlockFrequencyMean,mase_52,active120,4
XMSH0001,5,-0.11617860332686909,BlockFrequencyMean,mase_52,active120,4
XXGP0002,4,0.1540476190476191,BlockFrequencyMean,mase_52,active120,4
XYJ0001,5,-0.1601594202898552,BlockFrequencyMean,mase_52,active120,4
XYMGPD0001,5,0.758921568627451,BlockFrequencyMean,mase_52,active120,4
XYMGPD0002,5,0.45476190476190476,BlockFrequencyMean,mase_52,active120,4
XYMZG0016,1,-1.0333333333333332,BlockFrequencyMean,mase_52,active120,4
YBB0001,5,0.44045987388734564,BlockFrequencyMean,mase_52,active120,4
YDBZ001,6,0.18984680222763028,BlockFrequencyMean,mase_52,active120,4
YDBZ002,6,0.4486645924110119,BlockFrequencyMean,mase_52,active120,4
YEC0009,5,-0.07440682645347932,BlockFrequencyMean,mase_52,active120,4
YJLZHMV000AMDE,6,0.02202710440923833,BlockFrequencyMean,mase_52,active120,4
YKLLW0005,6,0.43219280719280717,BlockFrequencyMean,mase_52,active120,4
ZBTZ0002,6,-1.0584317643141172,BlockFrequencyMean,mase_52,active120,4
ZJJSJSV001AMDE,6,1.5130055982963508,BlockFrequencyMean,mase_52,active120,4
ZJJYZBV001AMDE,6,-0.2518947866398847,BlockFrequencyMean,mase_52,active120,4
ZJJYZSJSV1AMDE,2,1.186813186813187,BlockFrequencyMean,mase_52,active120,4
ZTD0001,6,0.5998531304840918,BlockFrequencyMean,mase_52,active120,4
ZTD0003,6,0.0005552915143245777,BlockFrequencyMean,mase_52,active120,4
xgx0014,4,-0.3132086530264281,BlockFrequencyMean,mase_52,active120,4
xgx0015,5,-0.30749825621948385,BlockFrequencyMean,mase_52,active120,4
xgx0016,5,-0.035995670995670984,BlockFrequencyMean,mase_52,active120,4
xymzd0015,5,0.013965571799253219,BlockFrequencyMean,mase_52,active120,4
BLP0001,6,-5.891025641025642,BlockFrequencyMean,ae,active120,4
BLP0002,6,-0.8076923076923078,BlockFrequencyMean,ae,active120,4
CWW0002,6,17.935897435897438,BlockFrequencyMean,ae,active120,4
DHZXCZP0001,6,1.6025641025641022,BlockFrequencyMean,ae,active120,4
DRMJJ0022,6,-1.0128205128205126,BlockFrequencyMean,ae,active120,4
DRMJJ0023,6,3.885897435897436,BlockFrequencyMean,ae,active120,4
ETZP0003,6,-4.495726495726496,BlockFrequencyMean,ae,active120,4
ETZP0004,6,1.58974358974359,BlockFrequencyMean,ae,active120,4
FDBLHP0001,6,0.17948717948717963,BlockFrequencyMean,ae,active120,4
FDBLP0001,6,-7.15705128205128,BlockFrequencyMean,ae,active120,4
FRC0002,4,2.269230769230769,BlockFrequencyMean,ae,active120,4
FRC0003,6,-2.0641025641025643,BlockFrequencyMean,ae,active120,4
FRH0001,6,7.182051282051282,BlockFrequencyMean,ae,active120,4
FRH0002,6,5.461538461538461,BlockFrequencyMean,ae,active120,4
FRH0003,6,15.08974358974359,BlockFrequencyMean,ae,active120,4
FRH0004,6,3.1025641025641026,BlockFrequencyMean,ae,active120,4
FRH0033,6,1.7211538461538458,BlockFrequencyMean,ae,active120,4
FRH0034,6,2.6538461538461537,BlockFrequencyMean,ae,active120,4
FRH0040,6,4.025641025641026,BlockFrequencyMean,ae,active120,4
FRH0045,6,5.217948717948718,BlockFrequencyMean,ae,active120,4
FRH0046,6,2.525641025641025,BlockFrequencyMean,ae,active120,4
FRH0048,6,0.23076923076923203,BlockFrequencyMean,ae,active120,4
FRH0050,6,4.741758241758242,BlockFrequencyMean,ae,active120,4
FRH0051,6,1.4871794871794872,BlockFrequencyMean,ae,active120,4
FRH0056,6,1.4487179487179496,BlockFrequencyMean,ae,active120,4
FRH0059,6,-0.5512820512820512,BlockFrequencyMean,ae,active120,4
FRH0064,6,3.192307692307692,BlockFrequencyMean,ae,active120,4
FRH0065,6,-1.0427350427350428,BlockFrequencyMean,ae,active120,4
FRW0005,6,-1.7051282051282055,BlockFrequencyMean,ae,active120,4
FRW0006,6,12.41025641025641,BlockFrequencyMean,ae,active120,4
FRW0013,2,0.5000000000000001,BlockFrequencyMean,ae,active120,4
FRW0015,6,-4.474358974358977,BlockFrequencyMean,ae,active120,4
FRW0017,3,1.2820512820512822,BlockFrequencyMean,ae,active120,4
FRW0024,6,-2.358974358974359,BlockFrequencyMean,ae,active120,4
FZLRICBHP0001,6,-1.5128205128205128,BlockFrequencyMean,ae,active120,4
FZLRJ0001,6,-1.192307692307692,BlockFrequencyMean,ae,active120,4
FZLRJ0002,6,4.448717948717949,BlockFrequencyMean,ae,active120,4
FZLRJ0005,6,-0.5916666666666668,BlockFrequencyMean,ae,active120,4
GJMJSLW001,6,13.974358974358973,BlockFrequencyMean,ae,active120,4
GJMJWJX001,6,33.48717948717949,BlockFrequencyMean,ae,active120,4
GJMJWJXW001,6,46.98717948717948,BlockFrequencyMean,ae,active120,4
HLGKSLT0001,6,1.6410256410256405,BlockFrequencyMean,ae,active120,4
HWZDSKL0001,6,1.602564102564102,BlockFrequencyMean,ae,active120,4
HZSN0001,6,-0.08333333333333422,BlockFrequencyMean,ae,active120,4
JZJ00011,6,1.7692307692307694,BlockFrequencyMean,ae,active120,4
JZJ00012,6,4.41025641025641,BlockFrequencyMean,ae,active120,4
JZJ0002,6,3.1538461538461533,BlockFrequencyMean,ae,active120,4
JZJ0003,6,19.948717948717945,BlockFrequencyMean,ae,active120,4
JZJ0005,6,1.1025641025641029,BlockFrequencyMean,ae,active120,4
JZJ0008,6,4.4230769230769225,BlockFrequencyMean,ae,active120,4
JZJ0009,6,-1.7692307692307734,BlockFrequencyMean,ae,active120,4
JZJ0013,6,18.897435897435898,BlockFrequencyMean,ae,active120,4
JZJ0016,6,-3.0608974358974357,BlockFrequencyMean,ae,active120,4
JZJ0018,6,0.44871794871794873,BlockFrequencyMean,ae,active120,4
JZJ0019,6,-3.32051282051282,BlockFrequencyMean,ae,active120,4
JZQCQ001,6,39.43589743589744,BlockFrequencyMean,ae,active120,4
JZQCQ003,6,36.03846153846154,BlockFrequencyMean,ae,active120,4
JZQCQ004,6,0.9487179487179486,BlockFrequencyMean,ae,active120,4
KFYFQ51mm,6,-2.431944444444445,BlockFrequencyMean,ae,active120,4
KFYFQ54mm,5,-5.4766666666666675,BlockFrequencyMean,ae,active120,4
KFYFQ58mm,6,-3.8236111111111115,BlockFrequencyMean,ae,active120,4
KZCWBG001,6,-2.0000000000000004,BlockFrequencyMean,ae,active120,4
LRKF0001,5,4.230769230769232,BlockFrequencyMean,ae,active120,4
LTKF0019,6,0.6923076923076924,BlockFrequencyMean,ae,active120,4
LTKF0020,6,-20.269230769230766,BlockFrequencyMean,ae,active120,4
LTKF0021,6,1.8717948717948716,BlockFrequencyMean,ae,active120,4
LTKF0022M,6,-1.0128205128205132,BlockFrequencyMean,ae,active120,4
LTKF0031,6,6.0769230769230775,BlockFrequencyMean,ae,active120,4
LTKF0047,6,-2.576923076923077,BlockFrequencyMean,ae,active120,4
LTKF0101,6,0.974358974358973,BlockFrequencyMean,ae,active120,4
LTKF093,6,-4.102564102564102,BlockFrequencyMean,ae,active120,4
LTKF098,6,-2.567307692307692,BlockFrequencyMean,ae,active120,4
LTKF098B,6,-1.2666666666666666,BlockFrequencyMean,ae,active120,4
LYC0201,6,-2.0384615384615388,BlockFrequencyMean,ae,active120,4
NNB0002,6,0.7083333333333339,BlockFrequencyMean,ae,active120,4
NNBZL01,4,-1.0249999999999992,BlockFrequencyMean,ae,active120,4
QCCXC0004,5,-0.12307692307692311,BlockFrequencyMean,ae,active120,4
QCCXC0005,6,3.935897435897435,BlockFrequencyMean,ae,active120,4
QCCXC0007,6,5.128205128205129,BlockFrequencyMean,ae,active120,4
QCSSXC0005,6,2.6282051282051286,BlockFrequencyMean,ae,active120,4
QCSSXC0006,6,2.807692307692308,BlockFrequencyMean,ae,active120,4
QCXDS001,6,9.628205128205128,BlockFrequencyMean,ae,active120,4
QFDNZGJK001,6,1.75,BlockFrequencyMean,ae,active120,4
QFDNZGJK002,5,1.3333333333333335,BlockFrequencyMean,ae,active120,4
QFSJZ001-1,6,0.4487179487179489,BlockFrequencyMean,ae,active120,4
QFSJZ003-1,6,1.7564102564102564,BlockFrequencyMean,ae,active120,4
RLHZHMV000AMDE,6,-3.025641025641024,BlockFrequencyMean,ae,active120,4
SKZ2FT01,2,1.083333333333333,BlockFrequencyMean,ae,active120,4
SKZ3FT01,2,-4.9833333333333325,BlockFrequencyMean,ae,active120,4
SPH0001,3,-4.384615384615384,BlockFrequencyMean,ae,active120,4
WSJZS0002,3,-5.256410256410256,BlockFrequencyMean,ae,active120,4
WSJZS0004,3,-4.589743589743588,BlockFrequencyMean,ae,active120,4
XFTW0001,3,-0.18888888888888897,BlockFrequencyMean,ae,active120,4
XGX9995,1,-11.666666666666668,BlockFrequencyMean,ae,active120,4
XHP0001,6,-45.56410256410257,BlockFrequencyMean,ae,active120,4
XHZXCZP0001,6,3.589743589743591,BlockFrequencyMean,ae,active120,4
XHZXCZP0002,6,0.669871794871795,BlockFrequencyMean,ae,active120,4
XMJ0004,4,-3.583333333333333,BlockFrequencyMean,ae,active120,4
XMSH0001,6,-3.1666666666666665,BlockFrequencyMean,ae,active120,4
XXGP0002,4,1.7791666666666668,BlockFrequencyMean,ae,active120,4
XYJ0001,5,-2.3400000000000003,BlockFrequencyMean,ae,active120,4
XYMGPD0001,6,3.369444444444445,BlockFrequencyMean,ae,active120,4
XYMGPD0002,5,1.9666666666666663,BlockFrequencyMean,ae,active120,4
XYMZG0016,1,-5.166666666666667,BlockFrequencyMean,ae,active120,4
YBB0001,5,-2.338461538461538,BlockFrequencyMean,ae,active120,4
YDBZ001,6,1.2820512820512822,BlockFrequencyMean,ae,active120,4
YDBZ002,6,3.3205128205128207,BlockFrequencyMean,ae,active120,4
YEC0009,6,-1.388888888888889,BlockFrequencyMean,ae,active120,4
YJLZHMV000AMDE,6,0.1794871794871796,BlockFrequencyMean,ae,active120,4
YKLLW0005,6,4.025641025641026,BlockFrequencyMean,ae,active120,4
ZBTZ0002,6,-1.6282051282051284,BlockFrequencyMean,ae,active120,4
ZJJSJSV001AMDE,6,3.294871794871795,BlockFrequencyMean,ae,active120,4
ZJJYZBV001AMDE,6,-1.012820512820513,BlockFrequencyMean,ae,active120,4
ZJJYZSJSV1AMDE,2,3.269230769230769,BlockFrequencyMean,ae,active120,4
ZTD0001,6,2.141025641025641,BlockFrequencyMean,ae,active120,4
ZTD0003,6,0.5213675213675214,BlockFrequencyMean,ae,active120,4
xgx0014,6,-0.6694444444444444,BlockFrequencyMean,ae,active120,4
xgx0015,6,-1.1138888888888887,BlockFrequencyMean,ae,active120,4
xgx0016,6,-0.008333333333333451,BlockFrequencyMean,ae,active120,4
xymzd0015,6,1.9749999999999999,BlockFrequencyMean,ae,active120,4
BLP0001,6,-0.5331909847810284,MatchedHistoryMean,mase_52,active120,4
BLP0002,6,-0.27524947173005426,MatchedHistoryMean,mase_52,active120,4
CWW0002,6,0.7172866671927919,MatchedHistoryMean,mase_52,active120,4
DHZXCZP0001,6,0.2515391914848437,MatchedHistoryMean,mase_52,active120,4
DRMJJ0022,6,-0.17656144975198462,MatchedHistoryMean,mase_52,active120,4
DRMJJ0023,6,0.40175166918508437,MatchedHistoryMean,mase_52,active120,4
ETZP0003,6,-1.7894698793193207,MatchedHistoryMean,mase_52,active120,4
ETZP0004,6,0.1854447744422686,MatchedHistoryMean,mase_52,active120,4
FDBLHP0001,6,0.035235688573300894,MatchedHistoryMean,mase_52,active120,4
FDBLP0001,6,-0.35827998854939747,MatchedHistoryMean,mase_52,active120,4
FRC0002,4,1.142769422159843,MatchedHistoryMean,mase_52,active120,4
FRC0003,6,-0.6386437634039396,MatchedHistoryMean,mase_52,active120,4
FRH0001,6,2.1285455757206315,MatchedHistoryMean,mase_52,active120,4
FRH0002,6,1.2672380090510513,MatchedHistoryMean,mase_52,active120,4
FRH0003,6,2.091381804273565,MatchedHistoryMean,mase_52,active120,4
FRH0004,6,1.6864749285801919,MatchedHistoryMean,mase_52,active120,4
FRH0033,6,0.3315019708034586,MatchedHistoryMean,mase_52,active120,4
FRH0034,6,0.7306667255126981,MatchedHistoryMean,mase_52,active120,4
FRH0040,6,1.1624856516916877,MatchedHistoryMean,mase_52,active120,4
FRH0045,6,0.5856340994916567,MatchedHistoryMean,mase_52,active120,4
FRH0046,6,0.6851826863480958,MatchedHistoryMean,mase_52,active120,4
FRH0048,6,-0.0032255918749550436,MatchedHistoryMean,mase_52,active120,4
FRH0050,6,0.8124367939752556,MatchedHistoryMean,mase_52,active120,4
FRH0051,6,0.2463012821797106,MatchedHistoryMean,mase_52,active120,4
FRH0056,6,0.05970454923715776,MatchedHistoryMean,mase_52,active120,4
FRH0059,6,-0.13142692870614373,MatchedHistoryMean,mase_52,active120,4
FRH0064,6,1.09068170154143,MatchedHistoryMean,mase_52,active120,4
FRH0065,6,-0.31483278626135774,MatchedHistoryMean,mase_52,active120,4
FRW0005,6,-0.3057360879574503,MatchedHistoryMean,mase_52,active120,4
FRW0006,6,1.0496783377775045,MatchedHistoryMean,mase_52,active120,4
FRW0013,2,0.9650349650349652,MatchedHistoryMean,mase_52,active120,4
FRW0015,6,-0.3245511629186264,MatchedHistoryMean,mase_52,active120,4
FRW0017,3,1.0532544378698225,MatchedHistoryMean,mase_52,active120,4
FRW0024,6,-0.4306068257312039,MatchedHistoryMean,mase_52,active120,4
FZLRICBHP0001,6,-0.5893259127501195,MatchedHistoryMean,mase_52,active120,4
FZLRJ0001,6,-0.1964151726856677,MatchedHistoryMean,mase_52,active120,4
FZLRJ0002,6,0.6102759335057545,MatchedHistoryMean,mase_52,active120,4
FZLRJ0005,5,-0.13330827067669174,MatchedHistoryMean,mase_52,active120,4
GJMJSLW001,6,0.6543572174545028,MatchedHistoryMean,mase_52,active120,4
GJMJWJX001,6,1.1928830431966222,MatchedHistoryMean,mase_52,active120,4
GJMJWJXW001,6,0.738176876680167,MatchedHistoryMean,mase_52,active120,4
HLGKSLT0001,6,0.32754254645167546,MatchedHistoryMean,mase_52,active120,4
HWZDSKL0001,6,0.1834077188164336,MatchedHistoryMean,mase_52,active120,4
HZSN0001,6,-0.018613146131389844,MatchedHistoryMean,mase_52,active120,4
JZJ00011,6,0.26459353271953284,MatchedHistoryMean,mase_52,active120,4
JZJ00012,6,0.4429143397433422,MatchedHistoryMean,mase_52,active120,4
JZJ0002,6,0.2751692945898767,MatchedHistoryMean,mase_52,active120,4
JZJ0003,6,0.983422654903634,MatchedHistoryMean,mase_52,active120,4
JZJ0005,6,0.12080394503433267,MatchedHistoryMean,mase_52,active120,4
JZJ0008,6,0.6645580506195798,MatchedHistoryMean,mase_52,active120,4
JZJ0009,6,-0.09675159954665867,MatchedHistoryMean,mase_52,active120,4
JZJ0013,6,0.8980767721351844,MatchedHistoryMean,mase_52,active120,4
JZJ0016,6,-0.4539495280546477,MatchedHistoryMean,mase_52,active120,4
JZJ0018,6,0.09036418353366316,MatchedHistoryMean,mase_52,active120,4
JZJ0019,6,-0.4795574827497456,MatchedHistoryMean,mase_52,active120,4
JZQCQ001,6,1.8404679226937821,MatchedHistoryMean,mase_52,active120,4
JZQCQ003,6,1.0850182884990565,MatchedHistoryMean,mase_52,active120,4
JZQCQ004,6,0.06185172293769581,MatchedHistoryMean,mase_52,active120,4
KFYFQ51mm,5,-0.2853803811890264,MatchedHistoryMean,mase_52,active120,4
KFYFQ54mm,5,-0.2516529748692637,MatchedHistoryMean,mase_52,active120,4
KFYFQ58mm,5,-0.13659050987495955,MatchedHistoryMean,mase_52,active120,4
KZCWBG001,6,-0.6938232664075183,MatchedHistoryMean,mase_52,active120,4
LRKF0001,5,0.9969080919080919,MatchedHistoryMean,mase_52,active120,4
LTKF0019,6,0.5165272154745838,MatchedHistoryMean,mase_52,active120,4
LTKF0020,6,-0.3791356547764915,MatchedHistoryMean,mase_52,active120,4
LTKF0021,6,0.2918045037349838,MatchedHistoryMean,mase_52,active120,4
LTKF0022M,6,-0.12005570502544936,MatchedHistoryMean,mase_52,active120,4
LTKF0031,6,0.6938531925798174,MatchedHistoryMean,mase_52,active120,4
LTKF0047,6,-1.0008645200952893,MatchedHistoryMean,mase_52,active120,4
LTKF0101,6,0.024402259212262505,MatchedHistoryMean,mase_52,active120,4
LTKF093,6,-1.1201654156460468,MatchedHistoryMean,mase_52,active120,4
LTKF098,6,-0.3057682071917341,MatchedHistoryMean,mase_52,active120,4
LTKF098B,5,-0.27904527629233516,MatchedHistoryMean,mase_52,active120,4
LYC0201,6,-0.48991119991119986,MatchedHistoryMean,mase_52,active120,4
NNB0002,6,-0.16873702077666355,MatchedHistoryMean,mase_52,active120,4
NNBZL01,4,-0.051455764609832325,MatchedHistoryMean,mase_52,active120,4
QCCXC0004,5,-1.7538461538461536,MatchedHistoryMean,mase_52,active120,4
QCCXC0005,6,0.4821906117858848,MatchedHistoryMean,mase_52,active120,4
QCCXC0007,6,0.30219207121381025,MatchedHistoryMean,mase_52,active120,4
QCSSXC0005,6,1.3993813712218774,MatchedHistoryMean,mase_52,active120,4
QCSSXC0006,6,1.5444255807046507,MatchedHistoryMean,mase_52,active120,4
QCXDS001,6,0.6029146125717496,MatchedHistoryMean,mase_52,active120,4
QFDNZGJK001,5,0.3840740740740741,MatchedHistoryMean,mase_52,active120,4
QFDNZGJK002,5,0.1787878787878788,MatchedHistoryMean,mase_52,active120,4
QFSJZ001-1,6,1.655168905168905,MatchedHistoryMean,mase_52,active120,4
QFSJZ003-1,6,0.32386100386100386,MatchedHistoryMean,mase_52,active120,4
RLHZHMV000AMDE,6,-0.30612324529196117,MatchedHistoryMean,mase_52,active120,4
SKZ2FT01,2,1.3453703703703699,MatchedHistoryMean,mase_52,active120,4
SKZ3FT01,2,-0.25049019607843137,MatchedHistoryMean,mase_52,active120,4
SPH0001,3,-2.153503130091759,MatchedHistoryMean,mase_52,active120,4
WSJZS0002,3,0.3431952662721906,MatchedHistoryMean,mase_52,active120,4
WSJZS0004,3,0.4333694474539544,MatchedHistoryMean,mase_52,active120,4
XFTW0001,3,0.03851851851851851,MatchedHistoryMean,mase_52,active120,4
XGX9995,1,-4.166666666666666,MatchedHistoryMean,mase_52,active120,4
XHP0001,6,-0.8691666822250377,MatchedHistoryMean,mase_52,active120,4
XHZXCZP0001,6,0.1160512720432697,MatchedHistoryMean,mase_52,active120,4
XHZXCZP0002,6,0.2208733158392798,MatchedHistoryMean,mase_52,active120,4
XMJ0004,4,-0.1283646151607734,MatchedHistoryMean,mase_52,active120,4
XMSH0001,5,-0.11617860332686909,MatchedHistoryMean,mase_52,active120,4
XXGP0002,4,0.1540476190476191,MatchedHistoryMean,mase_52,active120,4
XYJ0001,5,-0.1601594202898552,MatchedHistoryMean,mase_52,active120,4
XYMGPD0001,5,0.758921568627451,MatchedHistoryMean,mase_52,active120,4
XYMGPD0002,5,0.45476190476190476,MatchedHistoryMean,mase_52,active120,4
XYMZG0016,1,-1.0333333333333332,MatchedHistoryMean,mase_52,active120,4
YBB0001,5,0.44045987388734564,MatchedHistoryMean,mase_52,active120,4
YDBZ001,6,0.18984680222763028,MatchedHistoryMean,mase_52,active120,4
YDBZ002,6,0.4486645924110119,MatchedHistoryMean,mase_52,active120,4
YEC0009,5,-0.07440682645347932,MatchedHistoryMean,mase_52,active120,4
YJLZHMV000AMDE,6,0.022027104409238257,MatchedHistoryMean,mase_52,active120,4
YKLLW0005,6,0.43219280719280717,MatchedHistoryMean,mase_52,active120,4
ZBTZ0002,6,-1.0584317643141172,MatchedHistoryMean,mase_52,active120,4
ZJJSJSV001AMDE,6,1.5130055982963508,MatchedHistoryMean,mase_52,active120,4
ZJJYZBV001AMDE,6,-0.25189478663988457,MatchedHistoryMean,mase_52,active120,4
ZJJYZSJSV1AMDE,2,1.1868131868131868,MatchedHistoryMean,mase_52,active120,4
ZTD0001,6,0.5998531304840918,MatchedHistoryMean,mase_52,active120,4
ZTD0003,6,0.0005552915143245777,MatchedHistoryMean,mase_52,active120,4
xgx0014,4,-0.3132086530264281,MatchedHistoryMean,mase_52,active120,4
xgx0015,5,-0.30749825621948385,MatchedHistoryMean,mase_52,active120,4
xgx0016,5,-0.035995670995670984,MatchedHistoryMean,mase_52,active120,4
xymzd0015,5,0.013965571799253219,MatchedHistoryMean,mase_52,active120,4
BLP0001,6,-5.891025641025641,MatchedHistoryMean,ae,active120,4
BLP0002,6,-0.8076923076923078,MatchedHistoryMean,ae,active120,4
CWW0002,6,17.935897435897438,MatchedHistoryMean,ae,active120,4
DHZXCZP0001,6,1.6025641025641022,MatchedHistoryMean,ae,active120,4
DRMJJ0022,6,-1.0128205128205128,MatchedHistoryMean,ae,active120,4
DRMJJ0023,6,3.885897435897436,MatchedHistoryMean,ae,active120,4
ETZP0003,6,-4.495726495726496,MatchedHistoryMean,ae,active120,4
ETZP0004,6,1.58974358974359,MatchedHistoryMean,ae,active120,4
FDBLHP0001,6,0.17948717948717952,MatchedHistoryMean,ae,active120,4
FDBLP0001,6,-7.15705128205128,MatchedHistoryMean,ae,active120,4
FRC0002,6,1.5128205128205128,MatchedHistoryMean,ae,active120,4
FRC0003,6,-2.0641025641025643,MatchedHistoryMean,ae,active120,4
FRH0001,6,7.182051282051282,MatchedHistoryMean,ae,active120,4
FRH0002,6,5.461538461538461,MatchedHistoryMean,ae,active120,4
FRH0003,6,15.089743589743591,MatchedHistoryMean,ae,active120,4
FRH0004,6,3.1025641025641026,MatchedHistoryMean,ae,active120,4
FRH0033,6,1.721153846153846,MatchedHistoryMean,ae,active120,4
FRH0034,6,2.6538461538461537,MatchedHistoryMean,ae,active120,4
FRH0040,6,4.025641025641026,MatchedHistoryMean,ae,active120,4
FRH0045,6,5.217948717948718,MatchedHistoryMean,ae,active120,4
FRH0046,6,2.525641025641025,MatchedHistoryMean,ae,active120,4
FRH0048,6,0.23076923076923142,MatchedHistoryMean,ae,active120,4
FRH0050,6,4.741758241758242,MatchedHistoryMean,ae,active120,4
FRH0051,6,1.487179487179487,MatchedHistoryMean,ae,active120,4
FRH0056,6,1.4487179487179496,MatchedHistoryMean,ae,active120,4
FRH0059,6,-0.5512820512820514,MatchedHistoryMean,ae,active120,4
FRH0064,6,3.192307692307692,MatchedHistoryMean,ae,active120,4
FRH0065,6,-1.0427350427350428,MatchedHistoryMean,ae,active120,4
FRW0005,6,-1.7051282051282053,MatchedHistoryMean,ae,active120,4
FRW0006,6,12.410256410256409,MatchedHistoryMean,ae,active120,4
FRW0013,6,0.1666666666666667,MatchedHistoryMean,ae,active120,4
FRW0015,6,-4.474358974358977,MatchedHistoryMean,ae,active120,4
FRW0017,6,0.6410256410256411,MatchedHistoryMean,ae,active120,4
FRW0024,6,-2.358974358974359,MatchedHistoryMean,ae,active120,4
FZLRICBHP0001,6,-1.5128205128205128,MatchedHistoryMean,ae,active120,4
FZLRJ0001,6,-1.1923076923076923,MatchedHistoryMean,ae,active120,4
FZLRJ0002,6,4.448717948717949,MatchedHistoryMean,ae,active120,4
FZLRJ0005,6,-0.5916666666666668,MatchedHistoryMean,ae,active120,4
GJMJSLW001,6,13.974358974358973,MatchedHistoryMean,ae,active120,4
GJMJWJX001,6,33.48717948717949,MatchedHistoryMean,ae,active120,4
GJMJWJXW001,6,46.98717948717948,MatchedHistoryMean,ae,active120,4
HLGKSLT0001,6,1.6410256410256407,MatchedHistoryMean,ae,active120,4
HWZDSKL0001,6,1.6025641025641022,MatchedHistoryMean,ae,active120,4
HZSN0001,6,-0.08333333333333393,MatchedHistoryMean,ae,active120,4
JZJ00011,6,1.7692307692307694,MatchedHistoryMean,ae,active120,4
JZJ00012,6,4.41025641025641,MatchedHistoryMean,ae,active120,4
JZJ0002,6,3.1538461538461533,MatchedHistoryMean,ae,active120,4
JZJ0003,6,19.948717948717945,MatchedHistoryMean,ae,active120,4
JZJ0005,6,1.1025641025641029,MatchedHistoryMean,ae,active120,4
JZJ0008,6,4.4230769230769225,MatchedHistoryMean,ae,active120,4
JZJ0009,6,-1.7692307692307716,MatchedHistoryMean,ae,active120,4
JZJ0013,6,18.897435897435898,MatchedHistoryMean,ae,active120,4
JZJ0016,6,-3.0608974358974357,MatchedHistoryMean,ae,active120,4
JZJ0018,6,0.44871794871794873,MatchedHistoryMean,ae,active120,4
JZJ0019,6,-3.32051282051282,MatchedHistoryMean,ae,active120,4
JZQCQ001,6,39.43589743589744,MatchedHistoryMean,ae,active120,4
JZQCQ003,6,36.03846153846154,MatchedHistoryMean,ae,active120,4
JZQCQ004,6,0.9487179487179488,MatchedHistoryMean,ae,active120,4
KFYFQ51mm,6,-2.431944444444445,MatchedHistoryMean,ae,active120,4
KFYFQ54mm,6,-4.563888888888889,MatchedHistoryMean,ae,active120,4
KFYFQ58mm,6,-3.8236111111111115,MatchedHistoryMean,ae,active120,4
KZCWBG001,6,-2.0,MatchedHistoryMean,ae,active120,4
LRKF0001,6,3.5256410256410255,MatchedHistoryMean,ae,active120,4
LTKF0019,6,0.6923076923076922,MatchedHistoryMean,ae,active120,4
LTKF0020,6,-20.269230769230766,MatchedHistoryMean,ae,active120,4
LTKF0021,6,1.8717948717948716,MatchedHistoryMean,ae,active120,4
LTKF0022M,6,-1.0128205128205128,MatchedHistoryMean,ae,active120,4
LTKF0031,6,6.0769230769230775,MatchedHistoryMean,ae,active120,4
LTKF0047,6,-2.576923076923077,MatchedHistoryMean,ae,active120,4
LTKF0101,6,0.9743589743589741,MatchedHistoryMean,ae,active120,4
LTKF093,6,-4.102564102564102,MatchedHistoryMean,ae,active120,4
LTKF098,6,-2.567307692307692,MatchedHistoryMean,ae,active120,4
LTKF098B,6,-1.2666666666666666,MatchedHistoryMean,ae,active120,4
LYC0201,6,-2.0384615384615388,MatchedHistoryMean,ae,active120,4
NNB0002,6,0.7083333333333339,MatchedHistoryMean,ae,active120,4
NNBZL01,6,-0.6833333333333328,MatchedHistoryMean,ae,active120,4
QCCXC0004,6,-0.10256410256410259,MatchedHistoryMean,ae,active120,4
QCCXC0005,6,3.935897435897435,MatchedHistoryMean,ae,active120,4
QCCXC0007,6,5.128205128205129,MatchedHistoryMean,ae,active120,4
QCSSXC0005,6,2.6282051282051286,MatchedHistoryMean,ae,active120,4
QCSSXC0006,6,2.807692307692308,MatchedHistoryMean,ae,active120,4
QCXDS001,6,9.628205128205128,MatchedHistoryMean,ae,active120,4
QFDNZGJK001,6,1.75,MatchedHistoryMean,ae,active120,4
QFDNZGJK002,6,1.1111111111111112,MatchedHistoryMean,ae,active120,4
QFSJZ001-1,6,0.4487179487179489,MatchedHistoryMean,ae,active120,4
QFSJZ003-1,6,1.7564102564102564,MatchedHistoryMean,ae,active120,4
RLHZHMV000AMDE,6,-3.025641025641025,MatchedHistoryMean,ae,active120,4
SKZ2FT01,6,0.361111111111111,MatchedHistoryMean,ae,active120,4
SKZ3FT01,6,-1.6611111111111108,MatchedHistoryMean,ae,active120,4
SPH0001,6,-2.1923076923076925,MatchedHistoryMean,ae,active120,4
WSJZS0002,6,-2.628205128205128,MatchedHistoryMean,ae,active120,4
WSJZS0004,6,-2.294871794871794,MatchedHistoryMean,ae,active120,4
XFTW0001,6,-0.09444444444444448,MatchedHistoryMean,ae,active120,4
XGX9995,6,-1.9444444444444444,MatchedHistoryMean,ae,active120,4
XHP0001,6,-45.56410256410257,MatchedHistoryMean,ae,active120,4
XHZXCZP0001,6,3.589743589743591,MatchedHistoryMean,ae,active120,4
XHZXCZP0002,6,0.6698717948717947,MatchedHistoryMean,ae,active120,4
XMJ0004,6,-2.388888888888889,MatchedHistoryMean,ae,active120,4
XMSH0001,6,-3.1666666666666665,MatchedHistoryMean,ae,active120,4
XXGP0002,6,1.1861111111111111,MatchedHistoryMean,ae,active120,4
XYJ0001,6,-1.9500000000000002,MatchedHistoryMean,ae,active120,4
XYMGPD0001,6,3.369444444444445,MatchedHistoryMean,ae,active120,4
XYMGPD0002,6,1.6388888888888886,MatchedHistoryMean,ae,active120,4
XYMZG0016,6,-0.8611111111111112,MatchedHistoryMean,ae,active120,4
YBB0001,6,-1.9487179487179482,MatchedHistoryMean,ae,active120,4
YDBZ001,6,1.2820512820512822,MatchedHistoryMean,ae,active120,4
YDBZ002,6,3.3205128205128207,MatchedHistoryMean,ae,active120,4
YEC0009,6,-1.388888888888889,MatchedHistoryMean,ae,active120,4
YJLZHMV000AMDE,6,0.17948717948717943,MatchedHistoryMean,ae,active120,4
YKLLW0005,6,4.025641025641026,MatchedHistoryMean,ae,active120,4
ZBTZ0002,6,-1.6282051282051284,MatchedHistoryMean,ae,active120,4
ZJJSJSV001AMDE,6,3.294871794871795,MatchedHistoryMean,ae,active120,4
ZJJYZBV001AMDE,6,-1.0128205128205126,MatchedHistoryMean,ae,active120,4
ZJJYZSJSV1AMDE,6,1.0897435897435896,MatchedHistoryMean,ae,active120,4
ZTD0001,6,2.141025641025641,MatchedHistoryMean,ae,active120,4
ZTD0003,6,0.5213675213675214,MatchedHistoryMean,ae,active120,4
xgx0014,6,-0.6694444444444444,MatchedHistoryMean,ae,active120,4
xgx0015,6,-1.1138888888888887,MatchedHistoryMean,ae,active120,4
xgx0016,6,-0.008333333333333451,MatchedHistoryMean,ae,active120,4
xymzd0015,6,1.9749999999999999,MatchedHistoryMean,ae,active120,4
BLP0001,6,-0.49995236910673074,LaplaceMean,mase_52,active120,4
BLP0002,6,-0.2518728888916995,LaplaceMean,mase_52,active120,4
CWW0002,6,0.6686735899567365,LaplaceMean,mase_52,active120,4
DHZXCZP0001,6,0.22417492580219026,LaplaceMean,mase_52,active120,4
DRMJJ0022,6,-0.1998279754500224,LaplaceMean,mase_52,active120,4
DRMJJ0023,6,0.29891741826091606,LaplaceMean,mase_52,active120,4
ETZP0003,6,-1.7885128254725144,LaplaceMean,mase_52,active120,4
ETZP0004,6,0.14847115461344332,LaplaceMean,mase_52,active120,4
FDBLHP0001,6,0.029245730734819304,LaplaceMean,mase_52,active120,4
FDBLP0001,6,-0.3613293172656173,LaplaceMean,mase_52,active120,4
FRC0002,4,1.4846119289515516,LaplaceMean,mase_52,active120,4
FRC0003,6,-0.6354222049020004,LaplaceMean,mase_52,active120,4
FRH0001,6,2.19156463729166,LaplaceMean,mase_52,active120,4
FRH0002,6,1.3100003772009112,LaplaceMean,mase_52,active120,4
FRH0003,6,2.0258013460719506,LaplaceMean,mase_52,active120,4
FRH0004,6,1.940851826536037,LaplaceMean,mase_52,active120,4
FRH0033,6,0.2392072549698049,LaplaceMean,mase_52,active120,4
FRH0034,6,0.6947892592283837,LaplaceMean,mase_52,active120,4
FRH0040,6,1.309276414744545,LaplaceMean,mase_52,active120,4
FRH0045,6,0.6431069747859951,LaplaceMean,mase_52,active120,4
FRH0046,6,0.6878394815879716,LaplaceMean,mase_52,active120,4
FRH0048,6,-0.08111210104689255,LaplaceMean,mase_52,active120,4
FRH0050,6,0.7547242614934923,LaplaceMean,mase_52,active120,4
FRH0051,6,0.11724164833134443,LaplaceMean,mase_52,active120,4
FRH0056,6,-0.015101545456005968,LaplaceMean,mase_52,active120,4
FRH0059,6,-0.14564750637859059,LaplaceMean,mase_52,active120,4
FRH0064,6,0.9713943849237966,LaplaceMean,mase_52,active120,4
FRH0065,6,-0.3594963237820381,LaplaceMean,mase_52,active120,4
FRW0005,6,-0.3113752828773358,LaplaceMean,mase_52,active120,4
FRW0006,6,0.9117763365193445,LaplaceMean,mase_52,active120,4
FRW0013,2,1.4545454545454546,LaplaceMean,mase_52,active120,4
FRW0015,6,-0.36248463712014534,LaplaceMean,mase_52,active120,4
FRW0017,3,1.5025641025641028,LaplaceMean,mase_52,active120,4
FRW0024,6,-0.4413509305325227,LaplaceMean,mase_52,active120,4
FZLRICBHP0001,6,-0.5946274228300444,LaplaceMean,mase_52,active120,4
FZLRJ0001,6,-0.2184658299454302,LaplaceMean,mase_52,active120,4
FZLRJ0002,6,0.6663997679916572,LaplaceMean,mase_52,active120,4
FZLRJ0005,5,-0.16807017543859648,LaplaceMean,mase_52,active120,4
GJMJSLW001,6,0.703892913355385,LaplaceMean,mase_52,active120,4
GJMJWJX001,6,1.134502892234459,LaplaceMean,mase_52,active120,4
GJMJWJXW001,6,0.7999100524017666,LaplaceMean,mase_52,active120,4
HLGKSLT0001,6,0.2449418947666996,LaplaceMean,mase_52,active120,4
HWZDSKL0001,6,0.1770574281307387,LaplaceMean,mase_52,active120,4
HZSN0001,6,-0.08920316812547291,LaplaceMean,mase_52,active120,4
JZJ00011,6,0.23468306953428789,LaplaceMean,mase_52,active120,4
JZJ00012,6,0.3461529055195614,LaplaceMean,mase_52,active120,4
JZJ0002,6,0.1317074330449454,LaplaceMean,mase_52,active120,4
JZJ0003,6,0.7687171434931236,LaplaceMean,mase_52,active120,4
JZJ0005,6,0.10310407235928547,LaplaceMean,mase_52,active120,4
JZJ0008,6,0.6314890169824888,LaplaceMean,mase_52,active120,4
JZJ0009,6,0.005805740595846968,LaplaceMean,mase_52,active120,4
JZJ0013,6,0.6577424649234818,LaplaceMean,mase_52,active120,4
JZJ0016,6,-0.4685745871096485,LaplaceMean,mase_52,active120,4
JZJ0018,6,0.07025925094640963,LaplaceMean,mase_52,active120,4
JZJ0019,6,-0.5226343102861851,LaplaceMean,mase_52,active120,4
JZQCQ001,6,1.78675229209981,LaplaceMean,mase_52,active120,4
JZQCQ003,6,1.0289088030090823,LaplaceMean,mase_52,active120,4
JZQCQ004,6,0.04436015255623096,LaplaceMean,mase_52,active120,4
KFYFQ51mm,5,-0.5251664144050864,LaplaceMean,mase_52,active120,4
KFYFQ54mm,5,-0.2171514764560473,LaplaceMean,mase_52,active120,4
KFYFQ58mm,5,0.008637674924775096,LaplaceMean,mase_52,active120,4
KZCWBG001,6,-0.6721361087846459,LaplaceMean,mase_52,active120,4
LRKF0001,5,1.2929350649350648,LaplaceMean,mase_52,active120,4
LTKF0019,6,0.3898489346910401,LaplaceMean,mase_52,active120,4
LTKF0020,6,-0.34141884072183365,LaplaceMean,mase_52,active120,4
LTKF0021,6,0.16162321411665756,LaplaceMean,mase_52,active120,4
LTKF0022M,6,-0.14904212927636704,LaplaceMean,mase_52,active120,4
LTKF0031,6,0.6038530128467262,LaplaceMean,mase_52,active120,4
LTKF0047,6,-1.0090028275296132,LaplaceMean,mase_52,active120,4
LTKF0101,6,0.03594194666188588,LaplaceMean,mase_52,active120,4
LTKF093,6,-1.112361177384758,LaplaceMean,mase_52,active120,4
LTKF098,6,-0.31566388002259443,LaplaceMean,mase_52,active120,4
LTKF098B,5,-0.31358921568627446,LaplaceMean,mase_52,active120,4
LYC0201,6,-0.4682634050253098,LaplaceMean,mase_52,active120,4
NNB0002,6,-0.17675545222597286,LaplaceMean,mase_52,active120,4
NNBZL01,4,-0.023899168200776824,LaplaceMean,mase_52,active120,4
QCCXC0004,5,-1.2800000000000002,LaplaceMean,mase_52,active120,4
QCCXC0005,6,0.45094310164045054,LaplaceMean,mase_52,active120,4
QCCXC0007,6,0.24988970091431717,LaplaceMean,mase_52,active120,4
QCSSXC0005,6,1.3884884371591821,LaplaceMean,mase_52,active120,4
QCSSXC0006,6,1.5346667478440186,LaplaceMean,mase_52,active120,4
QCXDS001,6,0.6043586758877723,LaplaceMean,mase_52,active120,4
QFDNZGJK001,5,0.3455291005291004,LaplaceMean,mase_52,active120,4
QFDNZGJK002,5,0.17043544690603515,LaplaceMean,mase_52,active120,4
QFSJZ001-1,6,1.576219282774839,LaplaceMean,mase_52,active120,4
QFSJZ003-1,6,0.29819691119691133,LaplaceMean,mase_52,active120,4
RLHZHMV000AMDE,6,-0.24159250704363186,LaplaceMean,mase_52,active120,4
SKZ2FT01,2,1.1073908730158732,LaplaceMean,mase_52,active120,4
SKZ3FT01,2,-0.34073004201680646,LaplaceMean,mase_52,active120,4
SPH0001,3,-2.2479375696766994,LaplaceMean,mase_52,active120,4
WSJZS0002,3,0.3128205128205121,LaplaceMean,mase_52,active120,4
WSJZS0004,3,0.4300469483568068,LaplaceMean,mase_52,active120,4
XFTW0001,3,0.011011904761904981,LaplaceMean,mase_52,active120,4
XGX9995,1,-3.75,LaplaceMean,mase_52,active120,4
XHP0001,6,-0.8488008426096814,LaplaceMean,mase_52,active120,4
XHZXCZP0001,6,0.11696387118785301,LaplaceMean,mase_52,active120,4
XHZXCZP0002,6,0.22022896332227673,LaplaceMean,mase_52,active120,4
XMJ0004,4,-0.16908711105568291,LaplaceMean,mase_52,active120,4
XMSH0001,5,-0.11698428635266152,LaplaceMean,mase_52,active120,4
XXGP0002,4,0.1500956632653062,LaplaceMean,mase_52,active120,4
XYJ0001,5,-0.16314906832298137,LaplaceMean,mase_52,active120,4
XYMGPD0001,5,0.47335434173669466,LaplaceMean,mase_52,active120,4
XYMGPD0002,5,0.4264285714285713,LaplaceMean,mase_52,active120,4
XYMZG0016,1,-1.4500000000000002,LaplaceMean,mase_52,active120,4
YBB0001,5,0.2519951097255329,LaplaceMean,mase_52,active120,4
YDBZ001,6,0.15042531495842187,LaplaceMean,mase_52,active120,4
YDBZ002,6,0.4074984618461661,LaplaceMean,mase_52,active120,4
YEC0009,5,-0.1253356866719894,LaplaceMean,mase_52,active120,4
YJLZHMV000AMDE,6,-0.04558469431334707,LaplaceMean,mase_52,active120,4
YKLLW0005,6,0.5106349206349206,LaplaceMean,mase_52,active120,4
ZBTZ0002,6,-1.0430557677616503,LaplaceMean,mase_52,active120,4
ZJJSJSV001AMDE,6,1.5627562102898622,LaplaceMean,mase_52,active120,4
ZJJYZBV001AMDE,6,-0.2686589956449756,LaplaceMean,mase_52,active120,4
ZJJYZSJSV1AMDE,2,1.7428571428571429,LaplaceMean,mase_52,active120,4
ZTD0001,6,0.5548222292096102,LaplaceMean,mase_52,active120,4
ZTD0003,6,-0.04590116344838265,LaplaceMean,mase_52,active120,4
xgx0014,4,-0.3217259367515123,LaplaceMean,mase_52,active120,4
xgx0015,5,-0.27167569557467264,LaplaceMean,mase_52,active120,4
xgx0016,5,0.016995980210266003,LaplaceMean,mase_52,active120,4
xymzd0015,5,0.0717898279494065,LaplaceMean,mase_52,active120,4
BLP0001,6,-5.50070232236899,LaplaceMean,ae,active120,4
BLP0002,6,-0.7091925666925668,LaplaceMean,ae,active120,4
CWW0002,6,16.200483035483035,LaplaceMean,ae,active120,4
DHZXCZP0001,6,1.427741301907968,LaplaceMean,ae,active120,4
DRMJJ0022,6,-1.156060606060606,LaplaceMean,ae,active120,4
DRMJJ0023,6,2.917970085470086,LaplaceMean,ae,active120,4
ETZP0003,6,-4.507936507936508,LaplaceMean,ae,active120,4
ETZP0004,6,1.3808838383838384,LaplaceMean,ae,active120,4
FDBLHP0001,6,0.15972222222222224,LaplaceMean,ae,active120,4
FDBLP0001,6,-7.258592333592333,LaplaceMean,ae,active120,4
FRC0002,4,2.659722222222222,LaplaceMean,ae,active120,4
FRC0003,6,-2.0551587301587304,LaplaceMean,ae,active120,4
FRH0001,6,7.369378306878307,LaplaceMean,ae,active120,4
FRH0002,6,5.599325396825396,LaplaceMean,ae,active120,4
FRH0003,6,14.537039041205707,LaplaceMean,ae,active120,4
FRH0004,6,3.3249999999999997,LaplaceMean,ae,active120,4
FRH0033,6,1.0730769230769228,LaplaceMean,ae,active120,4
FRH0034,6,2.518501683501684,LaplaceMean,ae,active120,4
FRH0040,6,4.373333333333333,LaplaceMean,ae,active120,4
FRH0045,6,5.682222222222222,LaplaceMean,ae,active120,4
FRH0046,6,2.3683760683760675,LaplaceMean,ae,active120,4
FRH0048,6,-0.4401709401709398,LaplaceMean,ae,active120,4
FRH0050,6,4.399710844710845,LaplaceMean,ae,active120,4
FRH0051,6,0.7547008547008548,LaplaceMean,ae,active120,4
FRH0056,6,0.47435897435897445,LaplaceMean,ae,active120,4
FRH0059,6,-0.6282828282828284,LaplaceMean,ae,active120,4
FRH0064,6,2.839207459207459,LaplaceMean,ae,active120,4
FRH0065,6,-1.2320555987222652,LaplaceMean,ae,active120,4
FRW0005,6,-1.7136752136752145,LaplaceMean,ae,active120,4
FRW0006,6,10.738461538461538,LaplaceMean,ae,active120,4
FRW0013,2,0.6666666666666667,LaplaceMean,ae,active120,4
FRW0015,6,-4.813333333333334,LaplaceMean,ae,active120,4
FRW0017,3,1.7555555555555558,LaplaceMean,ae,active120,4
FRW0024,6,-2.4259876543209877,LaplaceMean,ae,active120,4
FZLRICBHP0001,6,-1.5227777777777778,LaplaceMean,ae,active120,4
FZLRJ0001,6,-1.341200897867564,LaplaceMean,ae,active120,4
FZLRJ0002,6,4.882239057239057,LaplaceMean,ae,active120,4
FZLRJ0005,6,-0.6833333333333336,LaplaceMean,ae,active120,4
GJMJSLW001,6,14.86962962962963,LaplaceMean,ae,active120,4
GJMJWJX001,6,31.83974920141587,LaplaceMean,ae,active120,4
GJMJWJXW001,6,50.916666666666664,LaplaceMean,ae,active120,4
HLGKSLT0001,6,1.2538461538461538,LaplaceMean,ae,active120,4
HWZDSKL0001,6,1.587037037037037,LaplaceMean,ae,active120,4
HZSN0001,6,-0.682905982905984,LaplaceMean,ae,active120,4
JZJ00011,6,1.5793667443667445,LaplaceMean,ae,active120,4
JZJ00012,6,3.4901709401709398,LaplaceMean,ae,active120,4
JZJ0002,6,1.554700854700857,LaplaceMean,ae,active120,4
JZJ0003,6,15.663247863247863,LaplaceMean,ae,active120,4
JZJ0005,6,1.0578835978835979,LaplaceMean,ae,active120,4
JZJ0008,6,4.190696649029982,LaplaceMean,ae,active120,4
JZJ0009,6,0.8116550116550117,LaplaceMean,ae,active120,4
JZJ0013,6,14.081054131054136,LaplaceMean,ae,active120,4
JZJ0016,6,-3.147950336700337,LaplaceMean,ae,active120,4
JZJ0018,6,0.3645590828924161,LaplaceMean,ae,active120,4
JZJ0019,6,-3.7312413666580326,LaplaceMean,ae,active120,4
JZQCQ001,6,38.221208112874784,LaplaceMean,ae,active120,4
JZQCQ003,6,34.15888888888889,LaplaceMean,ae,active120,4
JZQCQ004,6,0.8344135802469136,LaplaceMean,ae,active120,4
KFYFQ51mm,6,-3.084871031746033,LaplaceMean,ae,active120,4
KFYFQ54mm,5,-4.9169841269841275,LaplaceMean,ae,active120,4
KFYFQ58mm,6,-2.24250992063492,LaplaceMean,ae,active120,4
KZCWBG001,6,-1.9414814814814811,LaplaceMean,ae,active120,4
LRKF0001,5,5.293333333333333,LaplaceMean,ae,active120,4
LTKF0019,6,0.4350427350427355,LaplaceMean,ae,active120,4
LTKF0020,6,-18.031196581196582,LaplaceMean,ae,active120,4
LTKF0021,6,0.9,LaplaceMean,ae,active120,4
LTKF0022M,6,-1.276599326599326,LaplaceMean,ae,active120,4
LTKF0031,6,5.33846153846154,LaplaceMean,ae,active120,4
LTKF0047,6,-2.5998015873015876,LaplaceMean,ae,active120,4
LTKF0101,6,1.227918069584737,LaplaceMean,ae,active120,4
LTKF093,6,-4.0696632996633,LaplaceMean,ae,active120,4
LTKF098,6,-2.6613685465768797,LaplaceMean,ae,active120,4
LTKF098B,6,-0.5371527777777776,LaplaceMean,ae,active120,4
LYC0201,6,-2.0104761904761905,LaplaceMean,ae,active120,4
NNB0002,6,0.4869135802469131,LaplaceMean,ae,active120,4
NNBZL01,4,-0.5964285714285715,LaplaceMean,ae,active120,4
QCCXC0004,5,-0.0666666666666667,LaplaceMean,ae,active120,4
QCCXC0005,6,3.649461279461281,LaplaceMean,ae,active120,4
QCCXC0007,6,4.302078908745576,LaplaceMean,ae,active120,4
QCSSXC0005,6,2.4958774250440916,LaplaceMean,ae,active120,4
QCSSXC0006,6,2.7529417187750522,LaplaceMean,ae,active120,4
QCXDS001,6,9.628994708994709,LaplaceMean,ae,active120,4
QFDNZGJK001,6,1.7020502645502644,LaplaceMean,ae,active120,4
QFDNZGJK002,5,1.234920634920635,LaplaceMean,ae,active120,4
QFSJZ001-1,6,0.38555555555555604,LaplaceMean,ae,active120,4
QFSJZ003-1,6,1.6583333333333332,LaplaceMean,ae,active120,4
RLHZHMV000AMDE,6,-2.1350427350427355,LaplaceMean,ae,active120,4
SKZ2FT01,2,0.6294642857142865,LaplaceMean,ae,active120,4
SKZ3FT01,2,-5.2455357142857135,LaplaceMean,ae,active120,4
SPH0001,3,-4.355555555555555,LaplaceMean,ae,active120,4
WSJZS0002,3,-4.711111111111111,LaplaceMean,ae,active120,4
WSJZS0004,3,-3.6444444444444453,LaplaceMean,ae,active120,4
XFTW0001,3,-0.14186507936507967,LaplaceMean,ae,active120,4
XGX9995,1,-10.5,LaplaceMean,ae,active120,4
XHP0001,6,-43.69127865961198,LaplaceMean,ae,active120,4
XHZXCZP0001,6,2.9324074074074087,LaplaceMean,ae,active120,4
XHZXCZP0002,6,0.6544901394901407,LaplaceMean,ae,active120,4
XMJ0004,4,-3.707142857142857,LaplaceMean,ae,active120,4
XMSH0001,6,-3.536309523809525,LaplaceMean,ae,active120,4
XXGP0002,4,1.9602678571428576,LaplaceMean,ae,active120,4
XYJ0001,5,-2.363650793650794,LaplaceMean,ae,active120,4
XYMGPD0001,6,1.098015873015873,LaplaceMean,ae,active120,4
XYMGPD0002,5,1.8974603174603175,LaplaceMean,ae,active120,4
XYMZG0016,1,-7.25,LaplaceMean,ae,active120,4
YBB0001,5,-2.470888888888889,LaplaceMean,ae,active120,4
YDBZ001,6,1.0399999999999994,LaplaceMean,ae,active120,4
YDBZ002,6,2.976902356902356,LaplaceMean,ae,active120,4
YEC0009,6,-1.9265046296296295,LaplaceMean,ae,active120,4
YJLZHMV000AMDE,6,-0.014814814814814614,LaplaceMean,ae,active120,4
YKLLW0005,6,4.7555555555555555,LaplaceMean,ae,active120,4
ZBTZ0002,6,-1.5911111111111114,LaplaceMean,ae,active120,4
ZJJSJSV001AMDE,6,3.3236243386243385,LaplaceMean,ae,active120,4
ZJJYZBV001AMDE,6,-1.0814594356261023,LaplaceMean,ae,active120,4
ZJJYZSJSV1AMDE,2,4.75,LaplaceMean,ae,active120,4
ZTD0001,6,2.018148148148148,LaplaceMean,ae,active120,4
ZTD0003,6,0.29170033670033635,LaplaceMean,ae,active120,4
xgx0014,6,-0.6157738095238096,LaplaceMean,ae,active120,4
xgx0015,6,-1.809027777777778,LaplaceMean,ae,active120,4
xgx0016,6,-0.4698412698412695,LaplaceMean,ae,active120,4
xymzd0015,6,0.631349206349206,LaplaceMean,ae,active120,4
BLP0001,6,-0.32779172842494525,LegacyPXQ,mase_52,active120,4
BLP0002,6,0.30162579962579933,LegacyPXQ,mase_52,active120,4
CWW0002,6,0.6149279598197807,LegacyPXQ,mase_52,active120,4
DHZXCZP0001,6,0.3931782966429706,LegacyPXQ,mase_52,active120,4
DRMJJ0022,6,0.017842689777831645,LegacyPXQ,mase_52,active120,4
DRMJJ0023,6,0.3618859594839379,LegacyPXQ,mase_52,active120,4
ETZP0003,6,-1.2406236793803573,LegacyPXQ,mase_52,active120,4
ETZP0004,6,-0.3621054552089033,LegacyPXQ,mase_52,active120,4
FDBLHP0001,6,0.2546930453824661,LegacyPXQ,mase_52,active120,4
FDBLP0001,6,-0.23461174625162476,LegacyPXQ,mase_52,active120,4
FRC0002,4,0.0,LegacyPXQ,mase_52,active120,4
FRC0003,6,-0.44251280272573196,LegacyPXQ,mase_52,active120,4
FRH0001,6,0.0,LegacyPXQ,mase_52,active120,4
FRH0002,6,0.0,LegacyPXQ,mase_52,active120,4
FRH0003,6,0.3727160619534105,LegacyPXQ,mase_52,active120,4
FRH0004,6,0.0,LegacyPXQ,mase_52,active120,4
FRH0033,6,0.20281223872498308,LegacyPXQ,mase_52,active120,4
FRH0034,6,0.0021276595744680695,LegacyPXQ,mase_52,active120,4
FRH0040,6,0.0,LegacyPXQ,mase_52,active120,4
FRH0045,6,0.0,LegacyPXQ,mase_52,active120,4
FRH0046,6,0.6001971596189509,LegacyPXQ,mase_52,active120,4
FRH0048,6,-0.2504921550823888,LegacyPXQ,mase_52,active120,4
FRH0050,6,0.15531475178932805,LegacyPXQ,mase_52,active120,4
FRH0051,6,0.4266421856949001,LegacyPXQ,mase_52,active120,4
FRH0056,6,-0.13052101085590687,LegacyPXQ,mase_52,active120,4
FRH0059,6,0.2393615338690129,LegacyPXQ,mase_52,active120,4
FRH0064,6,0.9715866987783496,LegacyPXQ,mase_52,active120,4
FRH0065,6,0.017924921418569103,LegacyPXQ,mase_52,active120,4
FRW0005,6,-0.10741504714561229,LegacyPXQ,mase_52,active120,4
FRW0006,6,0.8408418743319778,LegacyPXQ,mase_52,active120,4
FRW0013,2,0.0,LegacyPXQ,mase_52,active120,4
FRW0015,6,-0.7010879745722848,LegacyPXQ,mase_52,active120,4
FRW0017,3,0.0,LegacyPXQ,mase_52,active120,4
FRW0024,6,-0.12923588280187973,LegacyPXQ,mase_52,active120,4
FZLRICBHP0001,6,-0.3731146304675715,LegacyPXQ,mase_52,active120,4
FZLRJ0001,6,-0.24735771748491686,LegacyPXQ,mase_52,active120,4
FZLRJ0002,6,0.30954870023344916,LegacyPXQ,mase_52,active120,4
FZLRJ0005,5,-0.051629072681704094,LegacyPXQ,mase_52,active120,4
GJMJSLW001,6,0.0,LegacyPXQ,mase_52,active120,4
GJMJWJX001,6,0.06824769433465085,LegacyPXQ,mase_52,active120,4
GJMJWJXW001,6,0.1320872984215625,LegacyPXQ,mase_52,active120,4
HLGKSLT0001,6,0.27186242119853954,LegacyPXQ,mase_52,active120,4
HWZDSKL0001,6,0.08455912297402073,LegacyPXQ,mase_52,active120,4
HZSN0001,6,-0.06391149834197461,LegacyPXQ,mase_52,active120,4
JZJ00011,6,0.09381987648031681,LegacyPXQ,mase_52,active120,4
JZJ00012,6,0.3419109906695467,LegacyPXQ,mase_52,active120,4
JZJ0002,6,0.48244576221795765,LegacyPXQ,mase_52,active120,4
JZJ0003,6,0.9980133971973167,LegacyPXQ,mase_52,active120,4
JZJ0005,6,-0.7675900191453375,LegacyPXQ,mase_52,active120,4
JZJ0008,6,0.5649182075675011,LegacyPXQ,mase_52,active120,4
JZJ0009,6,0.03336204163530665,LegacyPXQ,mase_52,active120,4
JZJ0013,6,0.5337916826656147,LegacyPXQ,mase_52,active120,4
JZJ0016,6,-0.4398783230920789,LegacyPXQ,mase_52,active120,4
JZJ0018,6,-0.010822232137861964,LegacyPXQ,mase_52,active120,4
JZJ0019,6,-0.0034495853471788553,LegacyPXQ,mase_52,active120,4
JZQCQ001,6,0.0,LegacyPXQ,mase_52,active120,4
JZQCQ003,6,0.20745371897089823,LegacyPXQ,mase_52,active120,4
JZQCQ004,6,-0.5285674078243737,LegacyPXQ,mase_52,active120,4
KFYFQ51mm,5,-0.13043247380327425,LegacyPXQ,mase_52,active120,4
KFYFQ54mm,5,-0.20408967755468282,LegacyPXQ,mase_52,active120,4
KFYFQ58mm,5,-0.24431393478188923,LegacyPXQ,mase_52,active120,4
KZCWBG001,6,-0.5951811752871393,LegacyPXQ,mase_52,active120,4
LRKF0001,5,0.0,LegacyPXQ,mase_52,active120,4
LTKF0019,6,0.7523748922820132,LegacyPXQ,mase_52,active120,4
LTKF0020,6,-0.42653239771769064,LegacyPXQ,mase_52,active120,4
LTKF0021,6,0.26442369332384374,LegacyPXQ,mase_52,active120,4
LTKF0022M,6,-0.04594304428595148,LegacyPXQ,mase_52,active120,4
LTKF0031,6,0.16089500184329256,LegacyPXQ,mase_52,active120,4
LTKF0047,6,-1.0248411249161054,LegacyPXQ,mase_52,active120,4
LTKF0101,6,-0.1265001705721759,LegacyPXQ,mase_52,active120,4
LTKF093,6,-0.8030677341574682,LegacyPXQ,mase_52,active120,4
LTKF098,6,-0.4234862357753484,LegacyPXQ,mase_52,active120,4
LTKF098B,5,-0.20142714574428133,LegacyPXQ,mase_52,active120,4
LYC0201,6,-0.6069200166131113,LegacyPXQ,mase_52,active120,4
NNB0002,6,-0.6638818942651133,LegacyPXQ,mase_52,active120,4
NNBZL01,4,0.22205445307257218,LegacyPXQ,mase_52,active120,4
QCCXC0004,5,18.83076923076923,LegacyPXQ,mase_52,active120,4
QCCXC0005,6,-0.13984591573278263,LegacyPXQ,mase_52,active120,4
QCCXC0007,6,-0.04246815513764216,LegacyPXQ,mase_52,active120,4
QCSSXC0005,6,0.12110755249713101,LegacyPXQ,mase_52,active120,4
QCSSXC0006,6,-0.019026389255300386,LegacyPXQ,mase_52,active120,4
QCXDS001,6,0.06642274134534197,LegacyPXQ,mase_52,active120,4
QFDNZGJK001,5,-0.03444444444444448,LegacyPXQ,mase_52,active120,4
QFDNZGJK002,5,-0.06844919786096255,LegacyPXQ,mase_52,active120,4
QFSJZ001-1,6,-0.4423280423280425,LegacyPXQ,mase_52,active120,4
QFSJZ003-1,6,-0.1776061776061776,LegacyPXQ,mase_52,active120,4
RLHZHMV000AMDE,6,0.026505320548786477,LegacyPXQ,mase_52,active120,4
SKZ2FT01,2,-0.37037037037037035,LegacyPXQ,mase_52,active120,4
SKZ3FT01,2,-0.5514705882352944,LegacyPXQ,mase_52,active120,4
SPH0001,3,-0.10256410256410242,LegacyPXQ,mase_52,active120,4
WSJZS0002,3,-0.6153846153846162,LegacyPXQ,mase_52,active120,4
WSJZS0004,3,-0.7887323943661974,LegacyPXQ,mase_52,active120,4
XFTW0001,3,-0.457142857142857,LegacyPXQ,mase_52,active120,4
XGX9995,1,0.0,LegacyPXQ,mase_52,active120,4
XHP0001,6,-0.894731570491369,LegacyPXQ,mase_52,active120,4
XHZXCZP0001,6,-0.06814828982971528,LegacyPXQ,mase_52,active120,4
XHZXCZP0002,6,0.05060985561342853,LegacyPXQ,mase_52,active120,4
XMJ0004,4,-0.09964262330859885,LegacyPXQ,mase_52,active120,4
XMSH0001,5,-0.013121003050678875,LegacyPXQ,mase_52,active120,4
XXGP0002,4,-0.1255102040816326,LegacyPXQ,mase_52,active120,4
XYJ0001,5,-0.1486203651421043,LegacyPXQ,mase_52,active120,4
XYMGPD0001,5,0.20310023310023312,LegacyPXQ,mase_52,active120,4
XYMGPD0002,5,-0.04638218923933213,LegacyPXQ,mase_52,active120,4
XYMZG0016,1,0.0,LegacyPXQ,mase_52,active120,4
YBB0001,5,-0.4550933431138822,LegacyPXQ,mase_52,active120,4
YDBZ001,6,0.23072420538154112,LegacyPXQ,mase_52,active120,4
YDBZ002,6,-0.17101354303189162,LegacyPXQ,mase_52,active120,4
YEC0009,5,-0.03471932439145553,LegacyPXQ,mase_52,active120,4
YJLZHMV000AMDE,6,0.03858035841472154,LegacyPXQ,mase_52,active120,4
YKLLW0005,6,0.2805194805194805,LegacyPXQ,mase_52,active120,4
ZBTZ0002,6,-0.3896103896103896,LegacyPXQ,mase_52,active120,4
ZJJSJSV001AMDE,6,0.0,LegacyPXQ,mase_52,active120,4
ZJJYZBV001AMDE,6,-0.2656084288008905,LegacyPXQ,mase_52,active120,4
ZJJYZSJSV1AMDE,2,0.0,LegacyPXQ,mase_52,active120,4
ZTD0001,6,-0.3030371013653688,LegacyPXQ,mase_52,active120,4
ZTD0003,6,0.1734397940766181,LegacyPXQ,mase_52,active120,4
xgx0014,4,-0.21854359497422177,LegacyPXQ,mase_52,active120,4
xgx0015,5,-0.3408315895528173,LegacyPXQ,mase_52,active120,4
xgx0016,5,0.2363652897259035,LegacyPXQ,mase_52,active120,4
xymzd0015,5,0.0592671479071978,LegacyPXQ,mase_52,active120,4
BLP0001,6,-3.6076104910965405,LegacyPXQ,ae,active120,4
BLP0002,6,0.7610936312240902,LegacyPXQ,ae,active120,4
CWW0002,6,18.00673360305715,LegacyPXQ,ae,active120,4
DHZXCZP0001,6,2.3363486754791105,LegacyPXQ,ae,active120,4
DRMJJ0022,6,0.13840310899134403,LegacyPXQ,ae,active120,4
DRMJJ0023,6,3.5092230394639903,LegacyPXQ,ae,active120,4
ETZP0003,6,-3.8634920634920635,LegacyPXQ,ae,active120,4
ETZP0004,6,-1.0587301587301583,LegacyPXQ,ae,active120,4
FDBLHP0001,6,0.8549019607843137,LegacyPXQ,ae,active120,4
FDBLP0001,6,-5.926527837044168,LegacyPXQ,ae,active120,4
FRC0002,6,0.0,LegacyPXQ,ae,active120,4
FRC0003,6,-1.48920230540652,LegacyPXQ,ae,active120,4
FRH0001,6,0.0,LegacyPXQ,ae,active120,4
FRH0002,6,0.0,LegacyPXQ,ae,active120,4
FRH0003,6,1.6998389694041869,LegacyPXQ,ae,active120,4
FRH0004,6,0.0,LegacyPXQ,ae,active120,4
FRH0033,6,1.4746294479839424,LegacyPXQ,ae,active120,4
FRH0034,6,0.008333333333333304,LegacyPXQ,ae,active120,4
FRH0040,6,0.0,LegacyPXQ,ae,active120,4
FRH0045,6,0.0,LegacyPXQ,ae,active120,4
FRH0046,6,1.8583568241013273,LegacyPXQ,ae,active120,4
FRH0048,6,-1.814713107142025,LegacyPXQ,ae,active120,4
FRH0050,6,0.905836954424525,LegacyPXQ,ae,active120,4
FRH0051,6,2.358930139908401,LegacyPXQ,ae,active120,4
FRH0056,6,-1.1534034926426233,LegacyPXQ,ae,active120,4
FRH0059,6,1.1496435482756235,LegacyPXQ,ae,active120,4
FRH0064,6,2.74431416055072,LegacyPXQ,ae,active120,4
FRH0065,6,0.25724257089955765,LegacyPXQ,ae,active120,4
FRW0005,6,-0.6096728040065305,LegacyPXQ,ae,active120,4
FRW0006,6,9.883676906076923,LegacyPXQ,ae,active120,4
FRW0013,6,0.0,LegacyPXQ,ae,active120,4
FRW0015,6,-9.244643130664633,LegacyPXQ,ae,active120,4
FRW0017,6,0.0,LegacyPXQ,ae,active120,4
FRW0024,6,-0.5263210987099045,LegacyPXQ,ae,active120,4
FZLRICBHP0001,6,-1.0504807692307692,LegacyPXQ,ae,active120,4
FZLRJ0001,6,-1.1096779624198978,LegacyPXQ,ae,active120,4
FZLRJ0002,6,2.674391905429774,LegacyPXQ,ae,active120,4
FZLRJ0005,6,-0.11111111111111101,LegacyPXQ,ae,active120,4
GJMJSLW001,6,0.0,LegacyPXQ,ae,active120,4
GJMJWJX001,6,1.962121212121212,LegacyPXQ,ae,active120,4
GJMJWJXW001,6,8.398550724637682,LegacyPXQ,ae,active120,4
HLGKSLT0001,6,1.2797941871784173,LegacyPXQ,ae,active120,4
HWZDSKL0001,6,0.8912442396313361,LegacyPXQ,ae,active120,4
HZSN0001,6,-0.4801944598269432,LegacyPXQ,ae,active120,4
JZJ00011,6,0.7021008403361347,LegacyPXQ,ae,active120,4
JZJ00012,6,3.2582247495658847,LegacyPXQ,ae,active120,4
JZJ0002,6,5.452675500024571,LegacyPXQ,ae,active120,4
JZJ0003,6,20.371535835068826,LegacyPXQ,ae,active120,4
JZJ0005,6,-1.6821841604450298,LegacyPXQ,ae,active120,4
JZJ0008,6,3.8455232581538374,LegacyPXQ,ae,active120,4
JZJ0009,6,1.563967232042873,LegacyPXQ,ae,active120,4
JZJ0013,6,11.43260540018998,LegacyPXQ,ae,active120,4
JZJ0016,6,-2.977097060021943,LegacyPXQ,ae,active120,4
JZJ0018,6,-0.015423976608187099,LegacyPXQ,ae,active120,4
JZJ0019,6,0.06919496846822486,LegacyPXQ,ae,active120,4
JZQCQ001,6,0.0,LegacyPXQ,ae,active120,4
JZQCQ003,6,7.112612612612613,LegacyPXQ,ae,active120,4
JZQCQ004,6,-2.543343653250774,LegacyPXQ,ae,active120,4
KFYFQ51mm,6,-1.3639090177133657,LegacyPXQ,ae,active120,4
KFYFQ54mm,5,-3.8600000000000003,LegacyPXQ,ae,active120,4
KFYFQ58mm,6,-5.338703224879695,LegacyPXQ,ae,active120,4
KZCWBG001,6,-1.4761904761904765,LegacyPXQ,ae,active120,4
LRKF0001,6,0.0,LegacyPXQ,ae,active120,4
LTKF0019,6,1.5605458399576044,LegacyPXQ,ae,active120,4
LTKF0020,6,-22.91502701215224,LegacyPXQ,ae,active120,4
LTKF0021,6,1.82246176482307,LegacyPXQ,ae,active120,4
LTKF0022M,6,-0.2791246254017408,LegacyPXQ,ae,active120,4
LTKF0031,6,3.465938799762329,LegacyPXQ,ae,active120,4
LTKF0047,6,-2.070360141664321,LegacyPXQ,ae,active120,4
LTKF0101,6,-2.171923646255016,LegacyPXQ,ae,active120,4
LTKF093,6,-3.502193345683048,LegacyPXQ,ae,active120,4
LTKF098,6,-4.162590005902025,LegacyPXQ,ae,active120,4
LTKF098B,6,-0.6555183946488295,LegacyPXQ,ae,active120,4
LYC0201,6,-2.366253056406509,LegacyPXQ,ae,active120,4
NNB0002,6,-7.687738095238095,LegacyPXQ,ae,active120,4
NNBZL01,4,4.027777777777778,LegacyPXQ,ae,active120,4
QCCXC0004,6,1.3076923076923077,LegacyPXQ,ae,active120,4
QCCXC0005,6,-0.7158670448325618,LegacyPXQ,ae,active120,4
QCCXC0007,6,-0.14426066865091203,LegacyPXQ,ae,active120,4
QCSSXC0005,6,-1.4456376956376957,LegacyPXQ,ae,active120,4
QCSSXC0006,6,-0.37338047154980797,LegacyPXQ,ae,active120,4
QCXDS001,6,1.1568627450980393,LegacyPXQ,ae,active120,4
QFDNZGJK001,6,-0.125,LegacyPXQ,ae,active120,4
QFDNZGJK002,5,-0.7333333333333332,LegacyPXQ,ae,active120,4
QFSJZ001-1,6,-1.1222222222222222,LegacyPXQ,ae,active120,4
QFSJZ003-1,6,-0.5476190476190478,LegacyPXQ,ae,active120,4
RLHZHMV000AMDE,6,-0.02835991114233849,LegacyPXQ,ae,active120,4
SKZ2FT01,2,-1.333333333333333,LegacyPXQ,ae,active120,4
SKZ3FT01,2,-3.75,LegacyPXQ,ae,active120,4
SPH0001,3,-0.3333333333333333,LegacyPXQ,ae,active120,4
WSJZS0002,3,-2.0,LegacyPXQ,ae,active120,4
WSJZS0004,3,-4.666666666666667,LegacyPXQ,ae,active120,4
XFTW0001,3,-1.7142857142857142,LegacyPXQ,ae,active120,4
XGX9995,1,0.0,LegacyPXQ,ae,active120,4
XHP0001,6,-50.24690596668774,LegacyPXQ,ae,active120,4
XHZXCZP0001,6,1.2560156326971281,LegacyPXQ,ae,active120,4
XHZXCZP0002,6,0.48218240839208565,LegacyPXQ,ae,active120,4
XMJ0004,4,-0.78125,LegacyPXQ,ae,active120,4
XMSH0001,6,-0.9476190476190473,LegacyPXQ,ae,active120,4
XXGP0002,4,-1.4642857142857144,LegacyPXQ,ae,active120,4
XYJ0001,5,-1.4545454545454546,LegacyPXQ,ae,active120,4
XYMGPD0001,6,0.8972027972027972,LegacyPXQ,ae,active120,4
XYMGPD0002,5,-0.11688311688311703,LegacyPXQ,ae,active120,4
XYMZG0016,1,0.0,LegacyPXQ,ae,active120,4
YBB0001,5,-0.5828571428571425,LegacyPXQ,ae,active120,4
YDBZ001,6,1.379546427043218,LegacyPXQ,ae,active120,4
YDBZ002,6,-1.538293650793651,LegacyPXQ,ae,active120,4
YEC0009,6,-0.4808080808080808,LegacyPXQ,ae,active120,4
YJLZHMV000AMDE,6,0.2560733995736472,LegacyPXQ,ae,active120,4
YKLLW0005,6,2.571428571428571,LegacyPXQ,ae,active120,4
ZBTZ0002,6,-1.1666666666666667,LegacyPXQ,ae,active120,4
ZJJSJSV001AMDE,6,0.0,LegacyPXQ,ae,active120,4
ZJJYZBV001AMDE,6,-1.0231155416168856,LegacyPXQ,ae,active120,4
ZJJYZSJSV1AMDE,6,0.0,LegacyPXQ,ae,active120,4
ZTD0001,6,-1.0164021164021164,LegacyPXQ,ae,active120,4
ZTD0003,6,1.146360339007398,LegacyPXQ,ae,active120,4
xgx0014,6,-0.52718253968254,LegacyPXQ,ae,active120,4
xgx0015,6,-1.3361111111111115,LegacyPXQ,ae,active120,4
xgx0016,6,0.39479255470304064,LegacyPXQ,ae,active120,4
xymzd0015,6,0.09761904761904845,LegacyPXQ,ae,active120,4
BLP0001,6,-0.5274805456064259,Naive,mase_52,active120,4
BLP0002,6,-0.11008350741360451,Naive,mase_52,active120,4
CWW0002,6,0.22370149782758206,Naive,mase_52,active120,4
DHZXCZP0001,6,0.14462560386473425,Naive,mase_52,active120,4
DRMJJ0022,6,0.46071054505730374,Naive,mase_52,active120,4
DRMJJ0023,6,-0.05905054147054533,Naive,mase_52,active120,4
ETZP0003,6,-1.6817393388544433,Naive,mase_52,active120,4
ETZP0004,6,-0.5842911877394636,Naive,mase_52,active120,4
FDBLHP0001,6,0.11155327342747114,Naive,mase_52,active120,4
FDBLP0001,6,-0.9445917700035046,Naive,mase_52,active120,4
FRC0002,4,0.0,Naive,mase_52,active120,4
FRC0003,6,0.1570947570947571,Naive,mase_52,active120,4
FRH0001,6,0.0,Naive,mase_52,active120,4
FRH0002,6,0.0,Naive,mase_52,active120,4
FRH0003,6,-0.07353629976580796,Naive,mase_52,active120,4
FRH0004,6,0.0,Naive,mase_52,active120,4
FRH0033,6,-0.3236932734970832,Naive,mase_52,active120,4
FRH0034,6,-0.04255319148936169,Naive,mase_52,active120,4
FRH0040,6,0.0,Naive,mase_52,active120,4
FRH0045,6,0.0,Naive,mase_52,active120,4
FRH0046,6,-0.808076225045372,Naive,mase_52,active120,4
FRH0048,6,0.43500973163487905,Naive,mase_52,active120,4
FRH0050,6,0.19684315684315687,Naive,mase_52,active120,4
FRH0051,6,0.2539659960712592,Naive,mase_52,active120,4
FRH0056,6,0.90499154951973,Naive,mase_52,active120,4
FRH0059,6,-0.3934470227958185,Naive,mase_52,active120,4
FRH0064,6,0.21945021945021945,Naive,mase_52,active120,4
FRH0065,6,-0.1246372674944104,Naive,mase_52,active120,4
FRW0005,6,0.005015872481715755,Naive,mase_52,active120,4
FRW0006,6,-0.05645986304760331,Naive,mase_52,active120,4
FRW0013,2,0.0,Naive,mase_52,active120,4
FRW0015,6,-1.0255939300527512,Naive,mase_52,active120,4
FRW0017,3,0.0,Naive,mase_52,active120,4
FRW0024,6,-0.637919063341949,Naive,mase_52,active120,4
FZLRICBHP0001,6,0.06636500754147817,Naive,mase_52,active120,4
FZLRJ0001,6,-0.5698433892327959,Naive,mase_52,active120,4
FZLRJ0002,6,-0.38347834467799097,Naive,mase_52,active120,4
FZLRJ0005,5,1.3503759398496242,Naive,mase_52,active120,4
GJMJSLW001,6,0.0,Naive,mase_52,active120,4
GJMJWJX001,6,0.0173913043478261,Naive,mase_52,active120,4
GJMJWJXW001,6,-0.0026212319790301333,Naive,mase_52,active120,4
HLGKSLT0001,6,0.1984431520985792,Naive,mase_52,active120,4
HWZDSKL0001,6,-0.22921568627450983,Naive,mase_52,active120,4
HZSN0001,6,0.5529909901967378,Naive,mase_52,active120,4
JZJ00011,6,0.3145517860121118,Naive,mase_52,active120,4
JZJ00012,6,0.29737847374099674,Naive,mase_52,active120,4
JZJ0002,6,-0.09559297634848314,Naive,mase_52,active120,4
JZJ0003,6,0.28733876835781197,Naive,mase_52,active120,4
JZJ0005,6,-1.3519304264090757,Naive,mase_52,active120,4
JZJ0008,6,-0.30951390960499553,Naive,mase_52,active120,4
JZJ0009,6,0.5583693547533995,Naive,mase_52,active120,4
JZJ0013,6,0.2561574016240108,Naive,mase_52,active120,4
JZJ0016,6,0.6113888412372229,Naive,mase_52,active120,4
JZJ0018,6,0.3433678151979467,Naive,mase_52,active120,4
JZJ0019,6,-0.5264893383616343,Naive,mase_52,active120,4
JZQCQ001,6,0.0,Naive,mase_52,active120,4
JZQCQ003,6,-0.024239304640797366,Naive,mase_52,active120,4
JZQCQ004,6,0.6149732620320857,Naive,mase_52,active120,4
KFYFQ51mm,5,-0.7631024930515032,Naive,mase_52,active120,4
KFYFQ54mm,5,-0.36171071491437623,Naive,mase_52,active120,4
KFYFQ58mm,5,-0.3623999748411802,Naive,mase_52,active120,4
KZCWBG001,6,0.738764342852865,Naive,mase_52,active120,4
LRKF0001,5,0.0,Naive,mase_52,active120,4
LTKF0019,6,1.0507177033492823,Naive,mase_52,active120,4
LTKF0020,6,0.4000933713975157,Naive,mase_52,active120,4
LTKF0021,6,0.08136248073053583,Naive,mase_52,active120,4
LTKF0022M,6,0.33378366921212904,Naive,mase_52,active120,4
LTKF0031,6,0.19356128861594765,Naive,mase_52,active120,4
LTKF0047,6,-2.3850524475524475,Naive,mase_52,active120,4
LTKF0101,6,0.10978307192772423,Naive,mase_52,active120,4
LTKF093,6,-1.2381983718916438,Naive,mase_52,active120,4
LTKF098,6,-0.7906798607762671,Naive,mase_52,active120,4
LTKF098B,5,-0.45464527629233514,Naive,mase_52,active120,4
LYC0201,6,0.7123809523809527,Naive,mase_52,active120,4
NNB0002,6,-0.19392994557163382,Naive,mase_52,active120,4
NNBZL01,4,-0.0768807926744412,Naive,mase_52,active120,4
QCCXC0004,5,-2.4,Naive,mase_52,active120,4
QCCXC0005,6,-0.5634703240218095,Naive,mase_52,active120,4
QCCXC0007,6,-0.11041763543362008,Naive,mase_52,active120,4
QCSSXC0005,6,-1.060215053763441,Naive,mase_52,active120,4
QCSSXC0006,6,0.6544435992439503,Naive,mase_52,active120,4
QCXDS001,6,-0.009569377990430616,Naive,mase_52,active120,4
QFDNZGJK001,5,-0.01333333333333342,Naive,mase_52,active120,4
QFDNZGJK002,5,0.14652406417112301,Naive,mase_52,active120,4
QFSJZ001-1,6,-0.8497354497354497,Naive,mase_52,active120,4
QFSJZ003-1,6,-0.4864864864864864,Naive,mase_52,active120,4
RLHZHMV000AMDE,6,-0.6626695969648126,Naive,mase_52,active120,4
SKZ2FT01,2,0.744444444444444,Naive,mase_52,active120,4
SKZ3FT01,2,3.236842105263158,Naive,mase_52,active120,4
SPH0001,3,3.6298773690078048,Naive,mase_52,active120,4
WSJZS0002,3,-5.5,Naive,mase_52,active120,4
WSJZS0004,3,-3.162790697674419,Naive,mase_52,active120,4
XFTW0001,3,-2.0833333333333335,Naive,mase_52,active120,4
XGX9995,1,3.571428571428572,Naive,mase_52,active120,4
XHP0001,6,0.9452349730775812,Naive,mase_52,active120,4
XHZXCZP0001,6,-0.34485398377861726,Naive,mase_52,active120,4
XHZXCZP0002,6,-1.0684394894083278,Naive,mase_52,active120,4
XMJ0004,4,-1.056089044085552,Naive,mase_52,active120,4
XMSH0001,5,-0.11304238003809697,Naive,mase_52,active120,4
XXGP0002,4,-0.7035714285714285,Naive,mase_52,active120,4
XYJ0001,5,0.378136645962733,Naive,mase_52,active120,4
XYMGPD0001,5,-0.12777777777777777,Naive,mase_52,active120,4
XYMGPD0002,5,-0.23714285714285716,Naive,mase_52,active120,4
XYMZG0016,1,-0.20000000000000018,Naive,mase_52,active120,4
YBB0001,5,-2.634938565927013,Naive,mase_52,active120,4
YDBZ001,6,-0.16430822882435783,Naive,mase_52,active120,4
YDBZ002,6,-0.12911994563370705,Naive,mase_52,active120,4
YEC0009,5,-0.06311475409836063,Naive,mase_52,active120,4
YJLZHMV000AMDE,6,0.8852527611540894,Naive,mase_52,active120,4
YKLLW0005,6,0.03636363636363637,Naive,mase_52,active120,4
ZBTZ0002,6,3.324675324675324,Naive,mase_52,active120,4
ZJJSJSV001AMDE,6,0.0,Naive,mase_52,active120,4
ZJJYZBV001AMDE,6,-0.04729443590342446,Naive,mase_52,active120,4
ZJJYZSJSV1AMDE,2,0.0,Naive,mase_52,active120,4
ZTD0001,6,-0.16966250917094647,Naive,mase_52,active120,4
ZTD0003,6,-0.2539388322310941,Naive,mase_52,active120,4
xgx0014,4,-0.2510869565217392,Naive,mase_52,active120,4
xgx0015,5,1.7389816321785627,Naive,mase_52,active120,4
xgx0016,5,0.8673593073593073,Naive,mase_52,active120,4
xymzd0015,5,0.2863381160324392,Naive,mase_52,active120,4
BLP0001,6,-6.166666666666667,Naive,ae,active120,4
BLP0002,6,-0.16666666666666666,Naive,ae,active120,4
CWW0002,6,7.0,Naive,ae,active120,4
DHZXCZP0001,6,0.5,Naive,ae,active120,4
DRMJJ0022,6,2.5833333333333335,Naive,ae,active120,4
DRMJJ0023,6,-0.5,Naive,ae,active120,4
ETZP0003,6,-5.777777777777778,Naive,ae,active120,4
ETZP0004,6,-1.8333333333333333,Naive,ae,active120,4
FDBLHP0001,6,0.3333333333333333,Naive,ae,active120,4
FDBLP0001,6,-17.333333333333332,Naive,ae,active120,4
FRC0002,6,0.0,Naive,ae,active120,4
FRC0003,6,1.3333333333333333,Naive,ae,active120,4
FRH0001,6,0.0,Naive,ae,active120,4
FRH0002,6,0.0,Naive,ae,active120,4
FRH0003,6,-0.3333333333333333,Naive,ae,active120,4
FRH0004,6,0.0,Naive,ae,active120,4
FRH0033,6,-2.3333333333333335,Naive,ae,active120,4
FRH0034,6,-0.16666666666666666,Naive,ae,active120,4
FRH0040,6,0.0,Naive,ae,active120,4
FRH0045,6,0.0,Naive,ae,active120,4
FRH0046,6,-4.166666666666667,Naive,ae,active120,4
FRH0048,6,3.1666666666666665,Naive,ae,active120,4
FRH0050,6,1.2738095238095237,Naive,ae,active120,4
FRH0051,6,1.1666666666666667,Naive,ae,active120,4
FRH0056,6,10.833333333333334,Naive,ae,active120,4
FRH0059,6,-1.8333333333333333,Naive,ae,active120,4
FRH0064,6,0.6666666666666666,Naive,ae,active120,4
FRH0065,6,-0.22222222222222232,Naive,ae,active120,4
FRW0005,6,0.16666666666666666,Naive,ae,active120,4
FRW0006,6,-0.6666666666666666,Naive,ae,active120,4
FRW0013,6,0.0,Naive,ae,active120,4
FRW0015,6,0.0,Naive,ae,active120,4
FRW0017,6,0.0,Naive,ae,active120,4
FRW0024,6,-1.3333333333333333,Naive,ae,active120,4
FZLRICBHP0001,6,0.16666666666666666,Naive,ae,active120,4
FZLRJ0001,6,-2.5,Naive,ae,active120,4
FZLRJ0002,6,-4.0,Naive,ae,active120,4
FZLRJ0005,6,3.6666666666666665,Naive,ae,active120,4
GJMJSLW001,6,0.0,Naive,ae,active120,4
GJMJWJX001,6,0.5,Naive,ae,active120,4
GJMJWJXW001,6,-0.16666666666666666,Naive,ae,active120,4
HLGKSLT0001,6,1.1666666666666667,Naive,ae,active120,4
HWZDSKL0001,6,-0.3333333333333333,Naive,ae,active120,4
HZSN0001,6,4.666666666666667,Naive,ae,active120,4
JZJ00011,6,1.8333333333333333,Naive,ae,active120,4
JZJ00012,6,3.0,Naive,ae,active120,4
JZJ0002,6,-1.1666666666666667,Naive,ae,active120,4
JZJ0003,6,5.0,Naive,ae,active120,4
JZJ0005,6,-3.1666666666666665,Naive,ae,active120,4
JZJ0008,6,-2.1666666666666665,Naive,ae,active120,4
JZJ0009,6,14.333333333333334,Naive,ae,active120,4
JZJ0013,6,6.0,Naive,ae,active120,4
JZJ0016,6,5.166666666666667,Naive,ae,active120,4
JZJ0018,6,1.5,Naive,ae,active120,4
JZJ0019,6,-4.333333333333333,Naive,ae,active120,4
JZQCQ001,6,0.0,Naive,ae,active120,4
JZQCQ003,6,-0.8333333333333334,Naive,ae,active120,4
JZQCQ004,6,2.5,Naive,ae,active120,4
KFYFQ51mm,6,-1.7083333333333333,Naive,ae,active120,4
KFYFQ54mm,6,-3.8333333333333335,Naive,ae,active120,4
KFYFQ58mm,6,-1.375,Naive,ae,active120,4
KZCWBG001,6,1.8333333333333333,Naive,ae,active120,4
LRKF0001,6,0.0,Naive,ae,active120,4
LTKF0019,6,1.8333333333333333,Naive,ae,active120,4
LTKF0020,6,23.0,Naive,ae,active120,4
LTKF0021,6,0.8333333333333334,Naive,ae,active120,4
LTKF0022M,6,2.5,Naive,ae,active120,4
LTKF0031,6,0.3333333333333333,Naive,ae,active120,4
LTKF0047,6,-4.0,Naive,ae,active120,4
LTKF0101,6,2.8333333333333335,Naive,ae,active120,4
LTKF093,6,-4.833333333333333,Naive,ae,active120,4
LTKF098,6,-7.5,Naive,ae,active120,4
LTKF098B,6,0.0,Naive,ae,active120,4
LYC0201,6,4.166666666666667,Naive,ae,active120,4
NNB0002,6,-4.0,Naive,ae,active120,4
NNBZL01,6,-0.8333333333333334,Naive,ae,active120,4
QCCXC0004,6,-0.16666666666666666,Naive,ae,active120,4
QCCXC0005,6,-3.3333333333333335,Naive,ae,active120,4
QCCXC0007,6,-1.1666666666666667,Naive,ae,active120,4
QCSSXC0005,6,-4.166666666666667,Naive,ae,active120,4
QCSSXC0006,6,2.5,Naive,ae,active120,4
QCXDS001,6,-0.16666666666666666,Naive,ae,active120,4
QFDNZGJK001,6,-0.6666666666666666,Naive,ae,active120,4
QFDNZGJK002,6,1.3333333333333333,Naive,ae,active120,4
QFSJZ001-1,6,-2.0,Naive,ae,active120,4
QFSJZ003-1,6,-1.5,Naive,ae,active120,4
RLHZHMV000AMDE,6,-7.333333333333333,Naive,ae,active120,4
SKZ2FT01,6,1.8333333333333333,Naive,ae,active120,4
SKZ3FT01,6,6.833333333333333,Naive,ae,active120,4
SPH0001,6,3.0,Naive,ae,active120,4
WSJZS0002,6,-7.5,Naive,ae,active120,4
WSJZS0004,6,-10.333333333333334,Naive,ae,active120,4
XFTW0001,6,-3.5,Naive,ae,active120,4
XGX9995,6,1.6666666666666667,Naive,ae,active120,4
XHP0001,6,107.33333333333333,Naive,ae,active120,4
XHZXCZP0001,6,-4.5,Naive,ae,active120,4
XHZXCZP0002,6,-3.0,Naive,ae,active120,4
XMJ0004,6,2.1666666666666665,Naive,ae,active120,4
XMSH0001,6,-5.833333333333333,Naive,ae,active120,4
XXGP0002,6,-5.166666666666667,Naive,ae,active120,4
XYJ0001,6,2.0,Naive,ae,active120,4
XYMGPD0001,6,1.8333333333333333,Naive,ae,active120,4
XYMGPD0002,6,-0.3333333333333333,Naive,ae,active120,4
XYMZG0016,6,-0.16666666666666666,Naive,ae,active120,4
YBB0001,6,-1.6666666666666667,Naive,ae,active120,4
YDBZ001,6,-1.0,Naive,ae,active120,4
YDBZ002,6,-1.1666666666666667,Naive,ae,active120,4
YEC0009,6,-1.1666666666666667,Naive,ae,active120,4
YJLZHMV000AMDE,6,2.3333333333333335,Naive,ae,active120,4
YKLLW0005,6,0.3333333333333333,Naive,ae,active120,4
ZBTZ0002,6,6.0,Naive,ae,active120,4
ZJJSJSV001AMDE,6,0.0,Naive,ae,active120,4
ZJJYZBV001AMDE,6,0.0,Naive,ae,active120,4
ZJJYZSJSV1AMDE,6,0.0,Naive,ae,active120,4
ZTD0001,6,-0.6666666666666666,Naive,ae,active120,4
ZTD0003,6,-0.7222222222222223,Naive,ae,active120,4
xgx0014,6,2.5,Naive,ae,active120,4
xgx0015,6,6.166666666666667,Naive,ae,active120,4
xgx0016,6,2.5,Naive,ae,active120,4
xymzd0015,6,-1.8333333333333333,Naive,ae,active120,4
BLP0001,6,0.2425970258389146,FullHistoryMean,mase_52,active120,4
BLP0002,6,0.1777408656142984,FullHistoryMean,mase_52,active120,4
CWW0002,6,0.7365196148207519,FullHistoryMean,mase_52,active120,4
DHZXCZP0001,6,-0.013837206606164823,FullHistoryMean,mase_52,active120,4
DRMJJ0022,6,-0.04917771534637141,FullHistoryMean,mase_52,active120,4
DRMJJ0023,6,-0.15926789921984424,FullHistoryMean,mase_52,active120,4
ETZP0003,6,-1.8682363356892175,FullHistoryMean,mase_52,active120,4
ETZP0004,6,-0.08027610853286023,FullHistoryMean,mase_52,active120,4
FDBLHP0001,6,-0.10744365752896663,FullHistoryMean,mase_52,active120,4
FDBLP0001,6,-0.3686912444947427,FullHistoryMean,mase_52,active120,4
FRC0002,4,2.9375739694502143,FullHistoryMean,mase_52,active120,4
FRC0003,6,-0.6107377722371825,FullHistoryMean,mase_52,active120,4
FRH0001,6,2.001248210188133,FullHistoryMean,mase_52,active120,4
FRH0002,6,1.2868668978692208,FullHistoryMean,mase_52,active120,4
FRH0003,6,1.8378388107971284,FullHistoryMean,mase_52,active120,4
FRH0004,6,8.523576332134686,FullHistoryMean,mase_52,active120,4
FRH0033,6,0.6965985388287362,FullHistoryMean,mase_52,active120,4
FRH0034,6,1.1860414936069,FullHistoryMean,mase_52,active120,4
FRH0040,6,0.9288489664314082,FullHistoryMean,mase_52,active120,4
FRH0045,6,0.5010943102304898,FullHistoryMean,mase_52,active120,4
FRH0046,6,1.094473178610709,FullHistoryMean,mase_52,active120,4
FRH0048,6,-0.24794555151051725,FullHistoryMean,mase_52,active120,4
FRH0050,6,0.5087074870451903,FullHistoryMean,mase_52,active120,4
FRH0051,6,-0.046974271694879,FullHistoryMean,mase_52,active120,4
FRH0056,6,0.1403164638258191,FullHistoryMean,mase_52,active120,4
FRH0059,6,0.4487144095248526,FullHistoryMean,mase_52,active120,4
FRH0064,6,-0.17529505149481187,FullHistoryMean,mase_52,active120,4
FRH0065,6,-0.4931957010071015,FullHistoryMean,mase_52,active120,4
FRW0005,6,-0.33005821606659286,FullHistoryMean,mase_52,active120,4
FRW0006,6,0.8653241264354173,FullHistoryMean,mase_52,active120,4
FRW0013,2,9.076623376623377,FullHistoryMean,mase_52,active120,4
FRW0015,6,0.012399112492122444,FullHistoryMean,mase_52,active120,4
FRW0017,3,0.9465034965034965,FullHistoryMean,mase_52,active120,4
FRW0024,6,-0.2782112347032892,FullHistoryMean,mase_52,active120,4
FZLRICBHP0001,6,-0.7721658329646052,FullHistoryMean,mase_52,active120,4
FZLRJ0001,6,-0.2443312397261187,FullHistoryMean,mase_52,active120,4
FZLRJ0002,6,1.3170219252795137,FullHistoryMean,mase_52,active120,4
FZLRJ0005,5,-0.13330827067669174,FullHistoryMean,mase_52,active120,4
GJMJSLW001,6,0.3923781034115683,FullHistoryMean,mase_52,active120,4
GJMJWJX001,6,1.0149967149193306,FullHistoryMean,mase_52,active120,4
GJMJWJXW001,6,0.6289876483752216,FullHistoryMean,mase_52,active120,4
HLGKSLT0001,6,-0.09812868752697823,FullHistoryMean,mase_52,active120,4
HWZDSKL0001,6,0.33480796519733413,FullHistoryMean,mase_52,active120,4
HZSN0001,6,-0.20563158538264936,FullHistoryMean,mase_52,active120,4
JZJ00011,6,0.023806764134201963,FullHistoryMean,mase_52,active120,4
JZJ00012,6,-0.1054516372474062,FullHistoryMean,mase_52,active120,4
JZJ0002,6,0.09406112956756803,FullHistoryMean,mase_52,active120,4
JZJ0003,6,0.06869093104930814,FullHistoryMean,mase_52,active120,4
JZJ0005,6,-0.2024655144364275,FullHistoryMean,mase_52,active120,4
JZJ0008,6,0.8408283287758205,FullHistoryMean,mase_52,active120,4
JZJ0009,6,1.0210532186419157,FullHistoryMean,mase_52,active120,4
JZJ0013,6,0.09911419060605686,FullHistoryMean,mase_52,active120,4
JZJ0016,6,-0.39996457559327975,FullHistoryMean,mase_52,active120,4
JZJ0018,6,-0.12588129322755992,FullHistoryMean,mase_52,active120,4
JZJ0019,6,-0.6667900419496905,FullHistoryMean,mase_52,active120,4
JZQCQ001,6,1.0867427160622856,FullHistoryMean,mase_52,active120,4
JZQCQ003,6,0.6149404076106698,FullHistoryMean,mase_52,active120,4
JZQCQ004,6,-0.14663814946065587,FullHistoryMean,mase_52,active120,4
KFYFQ51mm,5,-0.2853803811890264,FullHistoryMean,mase_52,active120,4
KFYFQ54mm,5,-0.2516529748692637,FullHistoryMean,mase_52,active120,4
KFYFQ58mm,5,-0.13659050987495955,FullHistoryMean,mase_52,active120,4
KZCWBG001,6,-0.39397051401992317,FullHistoryMean,mase_52,active120,4
LRKF0001,5,0.7089804168163852,FullHistoryMean,mase_52,active120,4
LTKF0019,6,0.3269651714979369,FullHistoryMean,mase_52,active120,4
LTKF0020,6,0.07729057133630114,FullHistoryMean,mase_52,active120,4
LTKF0021,6,-0.07518938755850159,FullHistoryMean,mase_52,active120,4
LTKF0022M,6,-0.18080078450672366,FullHistoryMean,mase_52,active120,4
LTKF0031,6,0.15395398947310257,FullHistoryMean,mase_52,active120,4
LTKF0047,6,-1.1538237281041785,FullHistoryMean,mase_52,active120,4
LTKF0101,6,0.34306982579990114,FullHistoryMean,mase_52,active120,4
LTKF093,6,-0.9431803485052553,FullHistoryMean,mase_52,active120,4
LTKF098,6,-0.4115495103891306,FullHistoryMean,mase_52,active120,4
LTKF098B,5,-0.27904527629233516,FullHistoryMean,mase_52,active120,4
LYC0201,6,-0.23774819678323586,FullHistoryMean,mase_52,active120,4
NNB0002,6,-0.2951883019224934,FullHistoryMean,mase_52,active120,4
NNBZL01,4,-0.051455764609832325,FullHistoryMean,mase_52,active120,4
QCCXC0004,5,30.614687615869485,FullHistoryMean,mase_52,active120,4
QCCXC0005,6,0.2638651042690716,FullHistoryMean,mase_52,active120,4
QCCXC0007,6,-0.02426157372808598,FullHistoryMean,mase_52,active120,4
QCSSXC0005,6,1.3939977698499237,FullHistoryMean,mase_52,active120,4
QCSSXC0006,6,1.6570935466280485,FullHistoryMean,mase_52,active120,4
QCXDS001,6,0.3705817977373506,FullHistoryMean,mase_52,active120,4
QFDNZGJK001,5,0.3840740740740741,FullHistoryMean,mase_52,active120,4
QFDNZGJK002,5,0.1787878787878788,FullHistoryMean,mase_52,active120,4
QFSJZ001-1,6,1.7530881625084522,FullHistoryMean,mase_52,active120,4
QFSJZ003-1,6,-0.24769932140149045,FullHistoryMean,mase_52,active120,4
RLHZHMV000AMDE,6,0.12647523658649015,FullHistoryMean,mase_52,active120,4
SKZ2FT01,2,1.3453703703703699,FullHistoryMean,mase_52,active120,4
SKZ3FT01,2,-0.25049019607843137,FullHistoryMean,mase_52,active120,4
SPH0001,3,-2.224526198439242,FullHistoryMean,mase_52,active120,4
WSJZS0002,3,0.1739502043849848,FullHistoryMean,mase_52,active120,4
WSJZS0004,3,0.22214329454990833,FullHistoryMean,mase_52,active120,4
XFTW0001,3,0.03851851851851851,FullHistoryMean,mase_52,active120,4
XGX9995,1,-4.166666666666666,FullHistoryMean,mase_52,active120,4
XHP0001,6,-0.5135660513734467,FullHistoryMean,mase_52,active120,4
XHZXCZP0001,6,0.09311026074837159,FullHistoryMean,mase_52,active120,4
XHZXCZP0002,6,0.9483133570571082,FullHistoryMean,mase_52,active120,4
XMJ0004,4,-0.1283646151607734,FullHistoryMean,mase_52,active120,4
XMSH0001,5,-0.11617860332686909,FullHistoryMean,mase_52,active120,4
XXGP0002,4,0.1540476190476191,FullHistoryMean,mase_52,active120,4
XYJ0001,5,-0.1601594202898552,FullHistoryMean,mase_52,active120,4
XYMGPD0001,5,0.758921568627451,FullHistoryMean,mase_52,active120,4
XYMGPD0002,5,0.45476190476190476,FullHistoryMean,mase_52,active120,4
XYMZG0016,1,-1.0333333333333332,FullHistoryMean,mase_52,active120,4
YBB0001,5,0.6186686822135841,FullHistoryMean,mase_52,active120,4
YDBZ001,6,-0.2068392013433287,FullHistoryMean,mase_52,active120,4
YDBZ002,6,0.026998057274493448,FullHistoryMean,mase_52,active120,4
YEC0009,5,-0.07440682645347932,FullHistoryMean,mase_52,active120,4
YJLZHMV000AMDE,6,-0.07230347723166546,FullHistoryMean,mase_52,active120,4
YKLLW0005,6,0.22107894046946838,FullHistoryMean,mase_52,active120,4
ZBTZ0002,6,-0.9826036900080419,FullHistoryMean,mase_52,active120,4
ZJJSJSV001AMDE,6,3.1142273207254156,FullHistoryMean,mase_52,active120,4
ZJJYZBV001AMDE,6,-0.15910367057795474,FullHistoryMean,mase_52,active120,4
ZJJYZSJSV1AMDE,2,1.0495238095238095,FullHistoryMean,mase_52,active120,4
ZTD0001,6,0.9956790217487788,FullHistoryMean,mase_52,active120,4
ZTD0003,6,-0.5950004592716726,FullHistoryMean,mase_52,active120,4
xgx0014,4,-0.3132086530264281,FullHistoryMean,mase_52,active120,4
xgx0015,5,-0.30749825621948385,FullHistoryMean,mase_52,active120,4
xgx0016,5,-0.035995670995670984,FullHistoryMean,mase_52,active120,4
xymzd0015,5,0.013965571799253219,FullHistoryMean,mase_52,active120,4
BLP0001,6,3.3691179714428934,FullHistoryMean,ae,active120,4
BLP0002,6,0.8454951477047787,FullHistoryMean,ae,active120,4
CWW0002,6,15.897348054030246,FullHistoryMean,ae,active120,4
DHZXCZP0001,6,-0.1409685806098487,FullHistoryMean,ae,active120,4
DRMJJ0022,6,-0.410940359953152,FullHistoryMean,ae,active120,4
DRMJJ0023,6,-1.4553991409473195,FullHistoryMean,ae,active120,4
ETZP0003,6,-5.0950202851296655,FullHistoryMean,ae,active120,4
ETZP0004,6,-0.019314639968375163,FullHistoryMean,ae,active120,4
FDBLHP0001,6,-0.319959548675483,FullHistoryMean,ae,active120,4
FDBLP0001,6,-7.632181694877519,FullHistoryMean,ae,active120,4
FRC0002,6,2.9504037267080747,FullHistoryMean,ae,active120,4
FRC0003,6,-1.9529413438015588,FullHistoryMean,ae,active120,4
FRH0001,6,6.66075992847732,FullHistoryMean,ae,active120,4
FRH0002,6,5.3196673254281945,FullHistoryMean,ae,active120,4
FRH0003,6,11.722755034820253,FullHistoryMean,ae,active120,4
FRH0004,6,3.7103562017692453,FullHistoryMean,ae,active120,4
FRH0033,6,3.952004588063751,FullHistoryMean,ae,active120,4
FRH0034,6,4.319572517008905,FullHistoryMean,ae,active120,4
FRH0040,6,2.8162944664031624,FullHistoryMean,ae,active120,4
FRH0045,6,4.291496329757199,FullHistoryMean,ae,active120,4
FRH0046,6,5.33086108928596,FullHistoryMean,ae,active120,4
FRH0048,6,-1.9137393007711878,FullHistoryMean,ae,active120,4
FRH0050,6,2.9454175151500883,FullHistoryMean,ae,active120,4
FRH0051,6,-0.20139636216411314,FullHistoryMean,ae,active120,4
FRH0056,6,1.9303762889100764,FullHistoryMean,ae,active120,4
FRH0059,6,2.437748432757934,FullHistoryMean,ae,active120,4
FRH0064,6,-0.5265247933722165,FullHistoryMean,ae,active120,4
FRH0065,6,-1.8278644407954754,FullHistoryMean,ae,active120,4
FRW0005,6,-1.7800690447253757,FullHistoryMean,ae,active120,4
FRW0006,6,10.05445799565655,FullHistoryMean,ae,active120,4
FRW0013,6,1.2963895162808206,FullHistoryMean,ae,active120,4
FRW0015,6,-1.5201979148887743,FullHistoryMean,ae,active120,4
FRW0017,6,0.9387648221343873,FullHistoryMean,ae,active120,4
FRW0024,6,-1.6730777681649023,FullHistoryMean,ae,active120,4
FZLRICBHP0001,6,-2.1254751323241776,FullHistoryMean,ae,active120,4
FZLRJ0001,6,-1.6525590174169615,FullHistoryMean,ae,active120,4
FZLRJ0002,6,9.489376975298834,FullHistoryMean,ae,active120,4
FZLRJ0005,6,-0.5916666666666668,FullHistoryMean,ae,active120,4
GJMJSLW001,6,8.359477225672878,FullHistoryMean,ae,active120,4
GJMJWJX001,6,28.505938163950542,FullHistoryMean,ae,active120,4
GJMJWJXW001,6,40.03620273996386,FullHistoryMean,ae,active120,4
HLGKSLT0001,6,-0.42136241547045206,FullHistoryMean,ae,active120,4
HWZDSKL0001,6,2.102647286667726,FullHistoryMean,ae,active120,4
HZSN0001,6,-1.6644444217610002,FullHistoryMean,ae,active120,4
JZJ00011,6,0.2113058638051688,FullHistoryMean,ae,active120,4
JZJ00012,6,-0.9227864453056797,FullHistoryMean,ae,active120,4
JZJ0002,6,1.1553560638608846,FullHistoryMean,ae,active120,4
JZJ0003,6,0.6531507242517165,FullHistoryMean,ae,active120,4
JZJ0005,6,-0.5022358679967374,FullHistoryMean,ae,active120,4
JZJ0008,6,5.130861565970261,FullHistoryMean,ae,active120,4
JZJ0009,6,26.12921152470999,FullHistoryMean,ae,active120,4
JZJ0013,6,2.628570196308656,FullHistoryMean,ae,active120,4
JZJ0016,6,-2.5378140676099057,FullHistoryMean,ae,active120,4
JZJ0018,6,-0.4734977306746864,FullHistoryMean,ae,active120,4
JZJ0019,6,-5.266343554799768,FullHistoryMean,ae,active120,4
JZQCQ001,6,23.379714379823074,FullHistoryMean,ae,active120,4
JZQCQ003,6,20.436428571428568,FullHistoryMean,ae,active120,4
JZQCQ004,6,-0.42918454733672134,FullHistoryMean,ae,active120,4
KFYFQ51mm,6,-2.431944444444445,FullHistoryMean,ae,active120,4
KFYFQ54mm,6,-4.563888888888889,FullHistoryMean,ae,active120,4
KFYFQ58mm,6,-3.8236111111111115,FullHistoryMean,ae,active120,4
KZCWBG001,6,-1.1736257020832483,FullHistoryMean,ae,active120,4
LRKF0001,6,2.8162944664031624,FullHistoryMean,ae,active120,4
LTKF0019,6,0.37038207993204275,FullHistoryMean,ae,active120,4
LTKF0020,6,6.132051081154251,FullHistoryMean,ae,active120,4
LTKF0021,6,-0.7734454422707575,FullHistoryMean,ae,active120,4
LTKF0022M,6,-1.7283389477922757,FullHistoryMean,ae,active120,4
LTKF0031,6,1.192681585261303,FullHistoryMean,ae,active120,4
LTKF0047,6,-2.9053151723549386,FullHistoryMean,ae,active120,4
LTKF0101,6,7.547035200291134,FullHistoryMean,ae,active120,4
LTKF093,6,-3.4129328123743217,FullHistoryMean,ae,active120,4
LTKF098,6,-3.363767225930046,FullHistoryMean,ae,active120,4
LTKF098B,6,-1.2666666666666666,FullHistoryMean,ae,active120,4
LYC0201,6,-1.3374019584763002,FullHistoryMean,ae,active120,4
NNB0002,6,-3.260888807228492,FullHistoryMean,ae,active120,4
NNBZL01,6,-0.6833333333333328,FullHistoryMean,ae,active120,4
QCCXC0004,6,3.3993214646197125,FullHistoryMean,ae,active120,4
QCCXC0005,6,1.8609628897672374,FullHistoryMean,ae,active120,4
QCCXC0007,6,-0.09622545329067034,FullHistoryMean,ae,active120,4
QCSSXC0005,6,1.5339089654307039,FullHistoryMean,ae,active120,4
QCSSXC0006,6,2.6948069201330065,FullHistoryMean,ae,active120,4
QCXDS001,6,5.868250047054396,FullHistoryMean,ae,active120,4
QFDNZGJK001,6,1.75,FullHistoryMean,ae,active120,4
QFDNZGJK002,6,1.1111111111111112,FullHistoryMean,ae,active120,4
QFSJZ001-1,6,0.18992722253591823,FullHistoryMean,ae,active120,4
QFSJZ003-1,6,-0.43202509328413097,FullHistoryMean,ae,active120,4
RLHZHMV000AMDE,6,2.1822222124131656,FullHistoryMean,ae,active120,4
SKZ2FT01,6,0.361111111111111,FullHistoryMean,ae,active120,4
SKZ3FT01,6,-1.6611111111111108,FullHistoryMean,ae,active120,4
SPH0001,6,-2.4250000000000003,FullHistoryMean,ae,active120,4
WSJZS0002,6,-3.2006642512077303,FullHistoryMean,ae,active120,4
WSJZS0004,6,-3.4265942028985497,FullHistoryMean,ae,active120,4
XFTW0001,6,-0.09444444444444448,FullHistoryMean,ae,active120,4
XGX9995,6,-1.9444444444444444,FullHistoryMean,ae,active120,4
XHP0001,6,-18.585423042553654,FullHistoryMean,ae,active120,4
XHZXCZP0001,6,-0.5603013366801838,FullHistoryMean,ae,active120,4
XHZXCZP0002,6,3.800161686976318,FullHistoryMean,ae,active120,4
XMJ0004,6,-2.388888888888889,FullHistoryMean,ae,active120,4
XMSH0001,6,-3.1666666666666665,FullHistoryMean,ae,active120,4
XXGP0002,6,1.1861111111111111,FullHistoryMean,ae,active120,4
XYJ0001,6,-1.9500000000000002,FullHistoryMean,ae,active120,4
XYMGPD0001,6,3.369444444444445,FullHistoryMean,ae,active120,4
XYMGPD0002,6,1.6388888888888886,FullHistoryMean,ae,active120,4
XYMZG0016,6,-0.8611111111111112,FullHistoryMean,ae,active120,4
YBB0001,6,-1.7783930924148317,FullHistoryMean,ae,active120,4
YDBZ001,6,-1.101079020781468,FullHistoryMean,ae,active120,4
YDBZ002,6,-0.18191458506217964,FullHistoryMean,ae,active120,4
YEC0009,6,-1.388888888888889,FullHistoryMean,ae,active120,4
YJLZHMV000AMDE,6,-0.08074439216217118,FullHistoryMean,ae,active120,4
YKLLW0005,6,2.060221626199887,FullHistoryMean,ae,active120,4
ZBTZ0002,6,-1.4083102330043376,FullHistoryMean,ae,active120,4
ZJJSJSV001AMDE,6,3.2186222473178994,FullHistoryMean,ae,active120,4
ZJJYZBV001AMDE,6,-0.6470147123407993,FullHistoryMean,ae,active120,4
ZJJYZSJSV1AMDE,6,2.592779032561641,FullHistoryMean,ae,active120,4
ZTD0001,6,3.4134121503316437,FullHistoryMean,ae,active120,4
ZTD0003,6,-2.28529103103978,FullHistoryMean,ae,active120,4
xgx0014,6,-0.6694444444444444,FullHistoryMean,ae,active120,4
xgx0015,6,-1.1138888888888887,FullHistoryMean,ae,active120,4
xgx0016,6,-0.008333333333333451,FullHistoryMean,ae,active120,4
xymzd0015,6,1.9749999999999999,FullHistoryMean,ae,active120,4
BLP0001,6,1.3383818191339796,BlockFrequencyMean,mase_52,active120,9
BLP0002,5,0.38419204561257103,BlockFrequencyMean,mase_52,active120,9
CWW0002,5,-0.23529305663447184,BlockFrequencyMean,mase_52,active120,9
DHZXCZP0001,6,0.022048901386566715,BlockFrequencyMean,mase_52,active120,9
DRMJJ0022,6,-0.4719350697611568,BlockFrequencyMean,mase_52,active120,9
DRMJJ0023,6,0.14478042621335305,BlockFrequencyMean,mase_52,active120,9
ETZP0003,5,0.4248926237161538,BlockFrequencyMean,mase_52,active120,9
ETZP0004,6,0.514825305329181,BlockFrequencyMean,mase_52,active120,9
FDBLHP0001,6,0.9982902825144198,BlockFrequencyMean,mase_52,active120,9
FDBLP0001,6,-0.7475034714020702,BlockFrequencyMean,mase_52,active120,9
FRC0002,5,0.6285108225108225,BlockFrequencyMean,mase_52,active120,9
FRC0003,6,-0.21511141688518154,BlockFrequencyMean,mase_52,active120,9
FRH0001,6,0.51633959911252,BlockFrequencyMean,mase_52,active120,9
FRH0002,6,0.8496627721523683,BlockFrequencyMean,mase_52,active120,9
FRH0003,6,0.579068805629363,BlockFrequencyMean,mase_52,active120,9
FRH0004,5,0.8150710285882699,BlockFrequencyMean,mase_52,active120,9
FRH0033,6,0.8315648749815224,BlockFrequencyMean,mase_52,active120,9
FRH0034,6,-0.42789881394205437,BlockFrequencyMean,mase_52,active120,9
FRH0040,6,-0.18911012870715938,BlockFrequencyMean,mase_52,active120,9
FRH0045,6,0.10511857368207128,BlockFrequencyMean,mase_52,active120,9
FRH0046,6,1.463206562753976,BlockFrequencyMean,mase_52,active120,9
FRH0048,6,-0.1132456896382219,BlockFrequencyMean,mase_52,active120,9
FRH0050,6,-0.3320632822139962,BlockFrequencyMean,mase_52,active120,9
FRH0051,6,-0.34047200412323275,BlockFrequencyMean,mase_52,active120,9
FRH0056,6,-0.6762567487919601,BlockFrequencyMean,mase_52,active120,9
FRH0059,6,-0.006711445739125336,BlockFrequencyMean,mase_52,active120,9
FRH0064,5,0.8994917582417585,BlockFrequencyMean,mase_52,active120,9
FRH0065,6,1.4383397408955225,BlockFrequencyMean,mase_52,active120,9
FRW0005,6,-0.22412975724840142,BlockFrequencyMean,mase_52,active120,9
FRW0006,6,-0.20591163605694587,BlockFrequencyMean,mase_52,active120,9
FRW0013,4,0.6242487770789658,BlockFrequencyMean,mase_52,active120,9
FRW0015,6,-0.1447905621230934,BlockFrequencyMean,mase_52,active120,9
FRW0017,4,0.5,BlockFrequencyMean,mase_52,active120,9
FRW0024,5,0.6379429342587236,BlockFrequencyMean,mase_52,active120,9
FZLRICBHP0001,6,0.09405539993775291,BlockFrequencyMean,mase_52,active120,9
FZLRJ0001,6,-0.22096047284275758,BlockFrequencyMean,mase_52,active120,9
FZLRJ0002,6,-0.7194165265754116,BlockFrequencyMean,mase_52,active120,9
FZLRJ0005,1,3.0,BlockFrequencyMean,mase_52,active120,9
GJMJSLW001,6,-0.13780800549915395,BlockFrequencyMean,mase_52,active120,9
GJMJWJX001,6,-0.1667714225615461,BlockFrequencyMean,mase_52,active120,9
GJMJWJXW001,6,-0.6375102974131637,BlockFrequencyMean,mase_52,active120,9
HLGKSLT0001,6,0.6465820094760312,BlockFrequencyMean,mase_52,active120,9
HWZDSKL0001,6,0.3779991168634034,BlockFrequencyMean,mase_52,active120,9
HZSN0001,6,-1.0032600146481048,BlockFrequencyMean,mase_52,active120,9
JZJ00011,6,-0.25958498651449974,BlockFrequencyMean,mase_52,active120,9
JZJ00012,6,0.29947077662174465,BlockFrequencyMean,mase_52,active120,9
JZJ0002,6,-0.5973956856282191,BlockFrequencyMean,mase_52,active120,9
JZJ0003,6,0.5379949334558498,BlockFrequencyMean,mase_52,active120,9
JZJ0005,4,-0.4495813672111313,BlockFrequencyMean,mase_52,active120,9
JZJ0008,4,0.713862065354001,BlockFrequencyMean,mase_52,active120,9
JZJ0009,6,0.6010957057390734,BlockFrequencyMean,mase_52,active120,9
JZJ0013,6,0.38737109476000725,BlockFrequencyMean,mase_52,active120,9
JZJ0016,6,-0.4968178095729285,BlockFrequencyMean,mase_52,active120,9
JZJ0018,5,-0.6518056453350571,BlockFrequencyMean,mase_52,active120,9
JZJ0019,6,-0.9641829388079023,BlockFrequencyMean,mase_52,active120,9
JZQCQ001,6,1.1116949845782573,BlockFrequencyMean,mase_52,active120,9
JZQCQ003,6,1.0729411297864704,BlockFrequencyMean,mase_52,active120,9
JZQCQ004,6,0.7973529610486132,BlockFrequencyMean,mase_52,active120,9
KFYFQ51mm,1,-0.4148936170212765,BlockFrequencyMean,mase_52,active120,9
KFYFQ54mm,1,-0.4285714285714285,BlockFrequencyMean,mase_52,active120,9
KFYFQ58mm,1,0.3244274809160306,BlockFrequencyMean,mase_52,active120,9
KZCWBG001,6,0.3469305477131564,BlockFrequencyMean,mase_52,active120,9
LRKF0001,5,0.1571428571428572,BlockFrequencyMean,mase_52,active120,9
LTKF0019,6,0.39034642187081214,BlockFrequencyMean,mase_52,active120,9
LTKF0020,6,-0.340962744414772,BlockFrequencyMean,mase_52,active120,9
LTKF0021,6,-0.20640330126323944,BlockFrequencyMean,mase_52,active120,9
LTKF0022M,6,-0.10121271443964837,BlockFrequencyMean,mase_52,active120,9
LTKF0031,6,0.5505423237701721,BlockFrequencyMean,mase_52,active120,9
LTKF0047,6,0.3864979018427297,BlockFrequencyMean,mase_52,active120,9
LTKF0101,6,-0.2984787879717697,BlockFrequencyMean,mase_52,active120,9
LTKF093,6,1.8579629629629626,BlockFrequencyMean,mase_52,active120,9
LTKF098,5,0.3780405376725588,BlockFrequencyMean,mase_52,active120,9
LTKF098B,1,-0.15833333333333344,BlockFrequencyMean,mase_52,active120,9
LYC0201,6,1.1718388995745181,BlockFrequencyMean,mase_52,active120,9
NNB0002,5,2.7993424908424904,BlockFrequencyMean,mase_52,active120,9
NNBZL01,1,3.9375,BlockFrequencyMean,mase_52,active120,9
QCCXC0004,4,0.7117516629711752,BlockFrequencyMean,mase_52,active120,9
QCCXC0005,6,0.6984537709938167,BlockFrequencyMean,mase_52,active120,9
QCCXC0007,6,0.9500582281409938,BlockFrequencyMean,mase_52,active120,9
QCSSXC0005,6,1.529956140350877,BlockFrequencyMean,mase_52,active120,9
QCSSXC0006,5,1.216006756756757,BlockFrequencyMean,mase_52,active120,9
QCXDS001,6,0.2337238372693652,BlockFrequencyMean,mase_52,active120,9
QFDNZGJK001,1,1.0,BlockFrequencyMean,mase_52,active120,9
QFDNZGJK002,1,7.75,BlockFrequencyMean,mase_52,active120,9
QFSJZ001-1,3,2.2111111111111104,BlockFrequencyMean,mase_52,active120,9
QFSJZ003-1,6,1.2648296732507258,BlockFrequencyMean,mase_52,active120,9
RLHZHMV000AMDE,6,0.2646211717587404,BlockFrequencyMean,mase_52,active120,9
SKZ2FT01,1,1.75,BlockFrequencyMean,mase_52,active120,9
SKZ3FT01,1,1.75,BlockFrequencyMean,mase_52,active120,9
SPH0001,1,-4.9,BlockFrequencyMean,mase_52,active120,9
WSJZS0002,1,-7.872727272727272,BlockFrequencyMean,mase_52,active120,9
WSJZS0004,1,-6.936842105263157,BlockFrequencyMean,mase_52,active120,9
XFTW0001,1,-1.358695652173913,BlockFrequencyMean,mase_52,active120,9
XHP0001,6,0.7701316417090395,BlockFrequencyMean,mase_52,active120,9
XHZXCZP0001,6,0.18234731042108365,BlockFrequencyMean,mase_52,active120,9
XHZXCZP0002,5,0.39190253058488417,BlockFrequencyMean,mase_52,active120,9
XMJ0004,1,0.3999999999999997,BlockFrequencyMean,mase_52,active120,9
XMSH0001,1,-0.5238095238095237,BlockFrequencyMean,mase_52,active120,9
XXGP0002,1,0.42857142857142866,BlockFrequencyMean,mase_52,active120,9
XYJ0001,1,-0.6704545454545455,BlockFrequencyMean,mase_52,active120,9
XYMGPD0001,1,0.25,BlockFrequencyMean,mase_52,active120,9
XYMGPD0002,1,3.875,BlockFrequencyMean,mase_52,active120,9
YBB0001,2,-0.8872549019607843,BlockFrequencyMean,mase_52,active120,9
YDBZ001,6,-0.39472102953839183,BlockFrequencyMean,mase_52,active120,9
YDBZ002,6,0.09851971793469887,BlockFrequencyMean,mase_52,active120,9
YEC0009,1,2.15,BlockFrequencyMean,mase_52,active120,9
YJLZHMV000AMDE,6,0.14672298380631718,BlockFrequencyMean,mase_52,active120,9
YKLLW0005,3,0.3166946778711484,BlockFrequencyMean,mase_52,active120,9
ZBTZ0002,6,-0.24479211872221715,BlockFrequencyMean,mase_52,active120,9
ZJJSJSV001AMDE,6,0.7536291425868891,BlockFrequencyMean,mase_52,active120,9
ZJJYZBV001AMDE,6,0.054381249584501634,BlockFrequencyMean,mase_52,active120,9
ZJJYZSJSV1AMDE,4,0.9491666666666667,BlockFrequencyMean,mase_52,active120,9
ZTD0001,3,-0.3623731459797032,BlockFrequencyMean,mase_52,active120,9
ZTD0003,5,0.88876779171516,BlockFrequencyMean,mase_52,active120,9
xgx0014,1,0.04166666666666663,BlockFrequencyMean,mase_52,active120,9
xgx0015,1,-6.75,BlockFrequencyMean,mase_52,active120,9
xgx0016,1,-0.7638888888888893,BlockFrequencyMean,mase_52,active120,9
xymzd0015,1,-1.125,BlockFrequencyMean,mase_52,active120,9
BLP0001,6,-2.6749999999999994,BlockFrequencyMean,ae,active120,9
BLP0002,5,-0.4800000000000001,BlockFrequencyMean,ae,active120,9
CWW0002,5,-10.670000000000003,BlockFrequencyMean,ae,active120,9
DHZXCZP0001,6,1.25,BlockFrequencyMean,ae,active120,9
DRMJJ0022,6,-6.95,BlockFrequencyMean,ae,active120,9
DRMJJ0023,6,1.3916666666666657,BlockFrequencyMean,ae,active120,9
ETZP0003,5,-9.15,BlockFrequencyMean,ae,active120,9
ETZP0004,6,1.7333333333333332,BlockFrequencyMean,ae,active120,9
FDBLHP0001,6,-1.2833333333333334,BlockFrequencyMean,ae,active120,9
FDBLP0001,6,-11.916666666666666,BlockFrequencyMean,ae,active120,9
FRC0002,5,9.2,BlockFrequencyMean,ae,active120,9
FRC0003,6,-1.2666666666666668,BlockFrequencyMean,ae,active120,9
FRH0001,6,10.040000000000001,BlockFrequencyMean,ae,active120,9
FRH0002,6,10.391666666666667,BlockFrequencyMean,ae,active120,9
FRH0003,6,21.358333333333334,BlockFrequencyMean,ae,active120,9
FRH0004,5,11.84,BlockFrequencyMean,ae,active120,9
FRH0033,6,9.658333333333335,BlockFrequencyMean,ae,active120,9
FRH0034,6,-3.5049999999999994,BlockFrequencyMean,ae,active120,9
FRH0040,6,-0.8166666666666673,BlockFrequencyMean,ae,active120,9
FRH0045,6,-1.1000000000000003,BlockFrequencyMean,ae,active120,9
FRH0046,6,2.0166666666666657,BlockFrequencyMean,ae,active120,9
FRH0048,6,-0.1833333333333312,BlockFrequencyMean,ae,active120,9
FRH0050,6,-3.191666666666665,BlockFrequencyMean,ae,active120,9
FRH0051,6,-0.9250000000000007,BlockFrequencyMean,ae,active120,9
FRH0056,6,-22.2,BlockFrequencyMean,ae,active120,9
FRH0059,6,2.9583333333333326,BlockFrequencyMean,ae,active120,9
FRH0064,5,7.35,BlockFrequencyMean,ae,active120,9
FRH0065,6,1.875,BlockFrequencyMean,ae,active120,9
FRW0005,6,-3.1583333333333337,BlockFrequencyMean,ae,active120,9
FRW0006,6,-7.808333333333334,BlockFrequencyMean,ae,active120,9
FRW0013,4,4.35,BlockFrequencyMean,ae,active120,9
FRW0015,6,-5.766666666666666,BlockFrequencyMean,ae,active120,9
FRW0017,4,4.2,BlockFrequencyMean,ae,active120,9
FRW0024,5,-5.9,BlockFrequencyMean,ae,active120,9
FZLRICBHP0001,6,0.375,BlockFrequencyMean,ae,active120,9
FZLRJ0001,6,-1.866666666666667,BlockFrequencyMean,ae,active120,9
FZLRJ0002,6,-10.258333333333335,BlockFrequencyMean,ae,active120,9
FZLRJ0005,2,1.0,BlockFrequencyMean,ae,active120,9
GJMJSLW001,6,1.05,BlockFrequencyMean,ae,active120,9
GJMJWJX001,6,6.475000000000004,BlockFrequencyMean,ae,active120,9
GJMJWJXW001,6,-32.98333333333334,BlockFrequencyMean,ae,active120,9
HLGKSLT0001,6,2.4249999999999994,BlockFrequencyMean,ae,active120,9
HWZDSKL0001,6,10.049999999999999,BlockFrequencyMean,ae,active120,9
HZSN0001,6,-13.533333333333333,BlockFrequencyMean,ae,active120,9
JZJ00011,6,-0.24166666666666656,BlockFrequencyMean,ae,active120,9
JZJ00012,6,5.491666666666667,BlockFrequencyMean,ae,active120,9
JZJ0002,6,-11.616666666666667,BlockFrequencyMean,ae,active120,9
JZJ0003,6,22.633333333333336,BlockFrequencyMean,ae,active120,9
JZJ0005,4,-0.7999999999999998,BlockFrequencyMean,ae,active120,9
JZJ0008,4,10.0875,BlockFrequencyMean,ae,active120,9
JZJ0009,6,28.649999999999995,BlockFrequencyMean,ae,active120,9
JZJ0013,6,23.26666666666667,BlockFrequencyMean,ae,active120,9
JZJ0016,6,-6.074999999999999,BlockFrequencyMean,ae,active120,9
JZJ0018,5,-4.13,BlockFrequencyMean,ae,active120,9
JZJ0019,6,-13.466666666666667,BlockFrequencyMean,ae,active120,9
JZQCQ001,6,35.275,BlockFrequencyMean,ae,active120,9
JZQCQ003,6,29.65833333333333,BlockFrequencyMean,ae,active120,9
JZQCQ004,6,2.1333333333333333,BlockFrequencyMean,ae,active120,9
KFYFQ51mm,2,-0.5,BlockFrequencyMean,ae,active120,9
KFYFQ54mm,2,5.0,BlockFrequencyMean,ae,active120,9
KFYFQ58mm,2,11.0,BlockFrequencyMean,ae,active120,9
KZCWBG001,6,1.75,BlockFrequencyMean,ae,active120,9
LRKF0001,5,5.01,BlockFrequencyMean,ae,active120,9
LTKF0019,6,0.38333333333333347,BlockFrequencyMean,ae,active120,9
LTKF0020,6,-19.541666666666664,BlockFrequencyMean,ae,active120,9
LTKF0021,6,-4.866666666666667,BlockFrequencyMean,ae,active120,9
LTKF0022M,6,-2.8083333333333336,BlockFrequencyMean,ae,active120,9
LTKF0031,6,9.9,BlockFrequencyMean,ae,active120,9
LTKF0047,6,1.8500000000000003,BlockFrequencyMean,ae,active120,9
LTKF0101,6,-8.924999999999999,BlockFrequencyMean,ae,active120,9
LTKF093,6,-0.05000000000000012,BlockFrequencyMean,ae,active120,9
LTKF098,5,3.909999999999999,BlockFrequencyMean,ae,active120,9
LTKF098B,2,-0.71875,BlockFrequencyMean,ae,active120,9
LYC0201,6,1.358333333333334,BlockFrequencyMean,ae,active120,9
NNB0002,5,26.889999999999997,BlockFrequencyMean,ae,active120,9
NNBZL01,2,-4.625,BlockFrequencyMean,ae,active120,9
QCCXC0004,4,15.55,BlockFrequencyMean,ae,active120,9
QCCXC0005,6,-0.00833333333333286,BlockFrequencyMean,ae,active120,9
QCCXC0007,6,-3.1750000000000007,BlockFrequencyMean,ae,active120,9
QCSSXC0005,6,6.458333333333333,BlockFrequencyMean,ae,active120,9
QCSSXC0006,5,-0.45,BlockFrequencyMean,ae,active120,9
QCXDS001,6,4.283333333333332,BlockFrequencyMean,ae,active120,9
QFDNZGJK001,2,2.375,BlockFrequencyMean,ae,active120,9
QFDNZGJK002,2,-0.875,BlockFrequencyMean,ae,active120,9
QFSJZ001-1,3,-8.366666666666669,BlockFrequencyMean,ae,active120,9
QFSJZ003-1,6,1.1833333333333333,BlockFrequencyMean,ae,active120,9
RLHZHMV000AMDE,6,19.333333333333332,BlockFrequencyMean,ae,active120,9
SKZ2FT01,1,5.25,BlockFrequencyMean,ae,active120,9
SKZ3FT01,1,28.0,BlockFrequencyMean,ae,active120,9
SPH0001,1,-36.75,BlockFrequencyMean,ae,active120,9
WSJZS0002,1,-108.25,BlockFrequencyMean,ae,active120,9
WSJZS0004,1,-197.7,BlockFrequencyMean,ae,active120,9
XFTW0001,1,-31.25,BlockFrequencyMean,ae,active120,9
XHP0001,6,63.333333333333336,BlockFrequencyMean,ae,active120,9
XHZXCZP0001,6,13.0,BlockFrequencyMean,ae,active120,9
XHZXCZP0002,5,-17.02,BlockFrequencyMean,ae,active120,9
XMJ0004,1,12.0,BlockFrequencyMean,ae,active120,9
XMSH0001,2,-11.25,BlockFrequencyMean,ae,active120,9
XXGP0002,2,11.125,BlockFrequencyMean,ae,active120,9
XYJ0001,2,-4.75,BlockFrequencyMean,ae,active120,9
XYMGPD0001,2,8.75,BlockFrequencyMean,ae,active120,9
XYMGPD0002,2,2.5,BlockFrequencyMean,ae,active120,9
YBB0001,2,-3.775,BlockFrequencyMean,ae,active120,9
YDBZ001,6,-3.6,BlockFrequencyMean,ae,active120,9
YDBZ002,6,-0.8249999999999987,BlockFrequencyMean,ae,active120,9
YEC0009,2,4.125,BlockFrequencyMean,ae,active120,9
YJLZHMV000AMDE,6,1.6583333333333339,BlockFrequencyMean,ae,active120,9
YKLLW0005,3,8.466666666666667,BlockFrequencyMean,ae,active120,9
ZBTZ0002,6,-0.691666666666667,BlockFrequencyMean,ae,active120,9
ZJJSJSV001AMDE,6,8.416666666666666,BlockFrequencyMean,ae,active120,9
ZJJYZBV001AMDE,6,-0.37500000000000017,BlockFrequencyMean,ae,active120,9
ZJJYZSJSV1AMDE,4,10.2,BlockFrequencyMean,ae,active120,9
ZTD0001,3,-0.4166666666666667,BlockFrequencyMean,ae,active120,9
ZTD0003,5,2.34,BlockFrequencyMean,ae,active120,9
xgx0014,2,0.75,BlockFrequencyMean,ae,active120,9
xgx0015,2,-4.875,BlockFrequencyMean,ae,active120,9
xgx0016,2,-4.5,BlockFrequencyMean,ae,active120,9
xymzd0015,2,-0.75,BlockFrequencyMean,ae,active120,9
BLP0001,6,1.3383818191339796,MatchedHistoryMean,mase_52,active120,9
BLP0002,5,0.38419204561257103,MatchedHistoryMean,mase_52,active120,9
CWW0002,5,-0.23529305663447184,MatchedHistoryMean,mase_52,active120,9
DHZXCZP0001,6,0.022048901386566715,MatchedHistoryMean,mase_52,active120,9
DRMJJ0022,6,-0.4719350697611568,MatchedHistoryMean,mase_52,active120,9
DRMJJ0023,6,0.14478042621335305,MatchedHistoryMean,mase_52,active120,9
ETZP0003,5,0.4248926237161538,MatchedHistoryMean,mase_52,active120,9
ETZP0004,6,0.514825305329181,MatchedHistoryMean,mase_52,active120,9
FDBLHP0001,6,0.9982902825144198,MatchedHistoryMean,mase_52,active120,9
FDBLP0001,6,-0.7475034714020702,MatchedHistoryMean,mase_52,active120,9
FRC0002,5,0.6285108225108225,MatchedHistoryMean,mase_52,active120,9
FRC0003,6,-0.21511141688518154,MatchedHistoryMean,mase_52,active120,9
FRH0001,6,0.51633959911252,MatchedHistoryMean,mase_52,active120,9
FRH0002,6,0.8496627721523682,MatchedHistoryMean,mase_52,active120,9
FRH0003,6,0.579068805629363,MatchedHistoryMean,mase_52,active120,9
FRH0004,5,0.8150710285882699,MatchedHistoryMean,mase_52,active120,9
FRH0033,6,0.8315648749815224,MatchedHistoryMean,mase_52,active120,9
FRH0034,6,-0.42789881394205437,MatchedHistoryMean,mase_52,active120,9
FRH0040,6,-0.18911012870715946,MatchedHistoryMean,mase_52,active120,9
FRH0045,6,0.10511857368207128,MatchedHistoryMean,mase_52,active120,9
FRH0046,6,1.463206562753976,MatchedHistoryMean,mase_52,active120,9
FRH0048,6,-0.1132456896382219,MatchedHistoryMean,mase_52,active120,9
FRH0050,6,-0.3320632822139962,MatchedHistoryMean,mase_52,active120,9
FRH0051,6,-0.34047200412323275,MatchedHistoryMean,mase_52,active120,9
FRH0056,6,-0.6762567487919601,MatchedHistoryMean,mase_52,active120,9
FRH0059,6,-0.006711445739125336,MatchedHistoryMean,mase_52,active120,9
FRH0064,5,0.8994917582417585,MatchedHistoryMean,mase_52,active120,9
FRH0065,6,1.4383397408955225,MatchedHistoryMean,mase_52,active120,9
FRW0005,6,-0.22412975724840142,MatchedHistoryMean,mase_52,active120,9
FRW0006,6,-0.20591163605694587,MatchedHistoryMean,mase_52,active120,9
FRW0013,4,0.6242487770789658,MatchedHistoryMean,mase_52,active120,9
FRW0015,6,-0.1447905621230934,MatchedHistoryMean,mase_52,active120,9
FRW0017,4,0.5,MatchedHistoryMean,mase_52,active120,9
FRW0024,5,0.6379429342587236,MatchedHistoryMean,mase_52,active120,9
FZLRICBHP0001,6,0.09405539993775291,MatchedHistoryMean,mase_52,active120,9
FZLRJ0001,6,-0.22096047284275758,MatchedHistoryMean,mase_52,active120,9
FZLRJ0002,6,-0.7194165265754116,MatchedHistoryMean,mase_52,active120,9
FZLRJ0005,1,3.0,MatchedHistoryMean,mase_52,active120,9
GJMJSLW001,6,-0.13780800549915395,MatchedHistoryMean,mase_52,active120,9
GJMJWJX001,6,-0.1667714225615461,MatchedHistoryMean,mase_52,active120,9
GJMJWJXW001,6,-0.6375102974131637,MatchedHistoryMean,mase_52,active120,9
HLGKSLT0001,6,0.6465820094760312,MatchedHistoryMean,mase_52,active120,9
HWZDSKL0001,6,0.3779991168634034,MatchedHistoryMean,mase_52,active120,9
HZSN0001,6,-1.0032600146481048,MatchedHistoryMean,mase_52,active120,9
JZJ00011,6,-0.25958498651449974,MatchedHistoryMean,mase_52,active120,9
JZJ00012,6,0.29947077662174465,MatchedHistoryMean,mase_52,active120,9
JZJ0002,6,-0.5973956856282191,MatchedHistoryMean,mase_52,active120,9
JZJ0003,6,0.5379949334558498,MatchedHistoryMean,mase_52,active120,9
JZJ0005,4,-0.4495813672111313,MatchedHistoryMean,mase_52,active120,9
JZJ0008,4,0.713862065354001,MatchedHistoryMean,mase_52,active120,9
JZJ0009,6,0.6010957057390734,MatchedHistoryMean,mase_52,active120,9
JZJ0013,6,0.38737109476000725,MatchedHistoryMean,mase_52,active120,9
JZJ0016,6,-0.4968178095729285,MatchedHistoryMean,mase_52,active120,9
JZJ0018,5,-0.6518056453350571,MatchedHistoryMean,mase_52,active120,9
JZJ0019,6,-0.9641829388079023,MatchedHistoryMean,mase_52,active120,9
JZQCQ001,6,1.1116949845782573,MatchedHistoryMean,mase_52,active120,9
JZQCQ003,6,1.0729411297864704,MatchedHistoryMean,mase_52,active120,9
JZQCQ004,6,0.7973529610486132,MatchedHistoryMean,mase_52,active120,9
KFYFQ51mm,1,-0.4148936170212765,MatchedHistoryMean,mase_52,active120,9
KFYFQ54mm,1,-0.4285714285714285,MatchedHistoryMean,mase_52,active120,9
KFYFQ58mm,1,0.3244274809160306,MatchedHistoryMean,mase_52,active120,9
KZCWBG001,6,0.3469305477131564,MatchedHistoryMean,mase_52,active120,9
LRKF0001,5,0.15714285714285714,MatchedHistoryMean,mase_52,active120,9
LTKF0019,6,0.39034642187081214,MatchedHistoryMean,mase_52,active120,9
LTKF0020,6,-0.340962744414772,MatchedHistoryMean,mase_52,active120,9
LTKF0021,6,-0.20640330126323944,MatchedHistoryMean,mase_52,active120,9
LTKF0022M,6,-0.10121271443964837,MatchedHistoryMean,mase_52,active120,9
LTKF0031,6,0.5505423237701721,MatchedHistoryMean,mase_52,active120,9
LTKF0047,6,0.3864979018427297,MatchedHistoryMean,mase_52,active120,9
LTKF0101,6,-0.2984787879717697,MatchedHistoryMean,mase_52,active120,9
LTKF093,6,1.8579629629629626,MatchedHistoryMean,mase_52,active120,9
LTKF098,5,0.3780405376725588,MatchedHistoryMean,mase_52,active120,9
LTKF098B,1,-0.15833333333333344,MatchedHistoryMean,mase_52,active120,9
LYC0201,6,1.1718388995745181,MatchedHistoryMean,mase_52,active120,9
NNB0002,5,2.7993424908424904,MatchedHistoryMean,mase_52,active120,9
NNBZL01,1,3.9375,MatchedHistoryMean,mase_52,active120,9
QCCXC0004,4,0.7117516629711752,MatchedHistoryMean,mase_52,active120,9
QCCXC0005,6,0.6984537709938169,MatchedHistoryMean,mase_52,active120,9
QCCXC0007,6,0.9500582281409938,MatchedHistoryMean,mase_52,active120,9
QCSSXC0005,6,1.529956140350877,MatchedHistoryMean,mase_52,active120,9
QCSSXC0006,5,1.216006756756757,MatchedHistoryMean,mase_52,active120,9
QCXDS001,6,0.23372383726936521,MatchedHistoryMean,mase_52,active120,9
QFDNZGJK001,1,1.0,MatchedHistoryMean,mase_52,active120,9
QFDNZGJK002,1,7.75,MatchedHistoryMean,mase_52,active120,9
QFSJZ001-1,3,2.2111111111111104,MatchedHistoryMean,mase_52,active120,9
QFSJZ003-1,6,1.2648296732507258,MatchedHistoryMean,mase_52,active120,9
RLHZHMV000AMDE,6,0.2646211717587404,MatchedHistoryMean,mase_52,active120,9
SKZ2FT01,1,1.75,MatchedHistoryMean,mase_52,active120,9
SKZ3FT01,1,1.75,MatchedHistoryMean,mase_52,active120,9
SPH0001,1,-4.9,MatchedHistoryMean,mase_52,active120,9
WSJZS0002,1,-7.872727272727272,MatchedHistoryMean,mase_52,active120,9
WSJZS0004,1,-6.936842105263157,MatchedHistoryMean,mase_52,active120,9
XFTW0001,1,-1.358695652173913,MatchedHistoryMean,mase_52,active120,9
XHP0001,6,0.7701316417090395,MatchedHistoryMean,mase_52,active120,9
XHZXCZP0001,6,0.18234731042108365,MatchedHistoryMean,mase_52,active120,9
XHZXCZP0002,5,0.39190253058488417,MatchedHistoryMean,mase_52,active120,9
XMJ0004,1,0.3999999999999997,MatchedHistoryMean,mase_52,active120,9
XMSH0001,1,-0.5238095238095237,MatchedHistoryMean,mase_52,active120,9
XXGP0002,1,0.42857142857142866,MatchedHistoryMean,mase_52,active120,9
XYJ0001,1,-0.6704545454545455,MatchedHistoryMean,mase_52,active120,9
XYMGPD0001,1,0.25,MatchedHistoryMean,mase_52,active120,9
XYMGPD0002,1,3.875,MatchedHistoryMean,mase_52,active120,9
YBB0001,2,-0.8872549019607844,MatchedHistoryMean,mase_52,active120,9
YDBZ001,6,-0.39472102953839183,MatchedHistoryMean,mase_52,active120,9
YDBZ002,6,0.09851971793469887,MatchedHistoryMean,mase_52,active120,9
YEC0009,1,2.15,MatchedHistoryMean,mase_52,active120,9
YJLZHMV000AMDE,6,0.14672298380631718,MatchedHistoryMean,mase_52,active120,9
YKLLW0005,3,0.3166946778711484,MatchedHistoryMean,mase_52,active120,9
ZBTZ0002,6,-0.24479211872221715,MatchedHistoryMean,mase_52,active120,9
ZJJSJSV001AMDE,6,0.7536291425868891,MatchedHistoryMean,mase_52,active120,9
ZJJYZBV001AMDE,6,0.054381249584501634,MatchedHistoryMean,mase_52,active120,9
ZJJYZSJSV1AMDE,4,0.9491666666666667,MatchedHistoryMean,mase_52,active120,9
ZTD0001,3,-0.3623731459797032,MatchedHistoryMean,mase_52,active120,9
ZTD0003,5,0.88876779171516,MatchedHistoryMean,mase_52,active120,9
xgx0014,1,0.04166666666666663,MatchedHistoryMean,mase_52,active120,9
xgx0015,1,-6.75,MatchedHistoryMean,mase_52,active120,9
xgx0016,1,-0.7638888888888893,MatchedHistoryMean,mase_52,active120,9
xymzd0015,1,-1.125,MatchedHistoryMean,mase_52,active120,9
BLP0001,6,-2.6749999999999994,MatchedHistoryMean,ae,active120,9
BLP0002,6,-0.4000000000000001,MatchedHistoryMean,ae,active120,9
CWW0002,6,-8.89166666666667,MatchedHistoryMean,ae,active120,9
DHZXCZP0001,6,1.25,MatchedHistoryMean,ae,active120,9
DRMJJ0022,6,-6.95,MatchedHistoryMean,ae,active120,9
DRMJJ0023,6,1.3916666666666657,MatchedHistoryMean,ae,active120,9
ETZP0003,6,-7.625,MatchedHistoryMean,ae,active120,9
ETZP0004,6,1.7333333333333332,MatchedHistoryMean,ae,active120,9
FDBLHP0001,6,-1.2833333333333334,MatchedHistoryMean,ae,active120,9
FDBLP0001,6,-11.916666666666666,MatchedHistoryMean,ae,active120,9
FRC0002,6,7.666666666666667,MatchedHistoryMean,ae,active120,9
FRC0003,6,-1.2666666666666668,MatchedHistoryMean,ae,active120,9
FRH0001,6,10.040000000000001,MatchedHistoryMean,ae,active120,9
FRH0002,6,10.391666666666667,MatchedHistoryMean,ae,active120,9
FRH0003,6,21.358333333333334,MatchedHistoryMean,ae,active120,9
FRH0004,6,9.866666666666667,MatchedHistoryMean,ae,active120,9
FRH0033,6,9.658333333333335,MatchedHistoryMean,ae,active120,9
FRH0034,6,-3.5049999999999994,MatchedHistoryMean,ae,active120,9
FRH0040,6,-0.8166666666666673,MatchedHistoryMean,ae,active120,9
FRH0045,6,-1.1000000000000003,MatchedHistoryMean,ae,active120,9
FRH0046,6,2.0166666666666657,MatchedHistoryMean,ae,active120,9
FRH0048,6,-0.1833333333333312,MatchedHistoryMean,ae,active120,9
FRH0050,6,-3.191666666666665,MatchedHistoryMean,ae,active120,9
FRH0051,6,-0.9250000000000007,MatchedHistoryMean,ae,active120,9
FRH0056,6,-22.2,MatchedHistoryMean,ae,active120,9
FRH0059,6,2.9583333333333326,MatchedHistoryMean,ae,active120,9
FRH0064,6,6.125,MatchedHistoryMean,ae,active120,9
FRH0065,6,1.875,MatchedHistoryMean,ae,active120,9
FRW0005,6,-3.1583333333333337,MatchedHistoryMean,ae,active120,9
FRW0006,6,-7.808333333333334,MatchedHistoryMean,ae,active120,9
FRW0013,6,2.9,MatchedHistoryMean,ae,active120,9
FRW0015,6,-5.766666666666666,MatchedHistoryMean,ae,active120,9
FRW0017,6,2.8000000000000003,MatchedHistoryMean,ae,active120,9
FRW0024,6,-4.916666666666667,MatchedHistoryMean,ae,active120,9
FZLRICBHP0001,6,0.375,MatchedHistoryMean,ae,active120,9
FZLRJ0001,6,-1.866666666666667,MatchedHistoryMean,ae,active120,9
FZLRJ0002,6,-10.258333333333335,MatchedHistoryMean,ae,active120,9
FZLRJ0005,2,1.0,MatchedHistoryMean,ae,active120,9
GJMJSLW001,6,1.05,MatchedHistoryMean,ae,active120,9
GJMJWJX001,6,6.475000000000004,MatchedHistoryMean,ae,active120,9
GJMJWJXW001,6,-32.98333333333334,MatchedHistoryMean,ae,active120,9
HLGKSLT0001,6,2.4249999999999994,MatchedHistoryMean,ae,active120,9
HWZDSKL0001,6,10.049999999999999,MatchedHistoryMean,ae,active120,9
HZSN0001,6,-13.533333333333333,MatchedHistoryMean,ae,active120,9
JZJ00011,6,-0.24166666666666656,MatchedHistoryMean,ae,active120,9
JZJ00012,6,5.491666666666667,MatchedHistoryMean,ae,active120,9
JZJ0002,6,-11.616666666666667,MatchedHistoryMean,ae,active120,9
JZJ0003,6,22.633333333333336,MatchedHistoryMean,ae,active120,9
JZJ0005,6,-0.5333333333333332,MatchedHistoryMean,ae,active120,9
JZJ0008,6,6.724999999999999,MatchedHistoryMean,ae,active120,9
JZJ0009,6,28.649999999999995,MatchedHistoryMean,ae,active120,9
JZJ0013,6,23.26666666666667,MatchedHistoryMean,ae,active120,9
JZJ0016,6,-6.074999999999999,MatchedHistoryMean,ae,active120,9
JZJ0018,6,-3.4416666666666664,MatchedHistoryMean,ae,active120,9
JZJ0019,6,-13.466666666666667,MatchedHistoryMean,ae,active120,9
JZQCQ001,6,35.275,MatchedHistoryMean,ae,active120,9
JZQCQ003,6,29.65833333333333,MatchedHistoryMean,ae,active120,9
JZQCQ004,6,2.1333333333333333,MatchedHistoryMean,ae,active120,9
KFYFQ51mm,2,-0.5,MatchedHistoryMean,ae,active120,9
KFYFQ54mm,2,5.0,MatchedHistoryMean,ae,active120,9
KFYFQ58mm,2,11.0,MatchedHistoryMean,ae,active120,9
KZCWBG001,6,1.75,MatchedHistoryMean,ae,active120,9
LRKF0001,6,4.175,MatchedHistoryMean,ae,active120,9
LTKF0019,6,0.38333333333333347,MatchedHistoryMean,ae,active120,9
LTKF0020,6,-19.541666666666664,MatchedHistoryMean,ae,active120,9
LTKF0021,6,-4.866666666666667,MatchedHistoryMean,ae,active120,9
LTKF0022M,6,-2.8083333333333336,MatchedHistoryMean,ae,active120,9
LTKF0031,6,9.9,MatchedHistoryMean,ae,active120,9
LTKF0047,6,1.8500000000000003,MatchedHistoryMean,ae,active120,9
LTKF0101,6,-8.924999999999999,MatchedHistoryMean,ae,active120,9
LTKF093,6,-0.05000000000000012,MatchedHistoryMean,ae,active120,9
LTKF098,6,3.2583333333333324,MatchedHistoryMean,ae,active120,9
LTKF098B,2,-0.71875,MatchedHistoryMean,ae,active120,9
LYC0201,6,1.358333333333334,MatchedHistoryMean,ae,active120,9
NNB0002,6,22.40833333333333,MatchedHistoryMean,ae,active120,9
NNBZL01,2,-4.625,MatchedHistoryMean,ae,active120,9
QCCXC0004,6,10.366666666666667,MatchedHistoryMean,ae,active120,9
QCCXC0005,6,-0.00833333333333286,MatchedHistoryMean,ae,active120,9
QCCXC0007,6,-3.1750000000000007,MatchedHistoryMean,ae,active120,9
QCSSXC0005,6,6.458333333333333,MatchedHistoryMean,ae,active120,9
QCSSXC0006,6,-0.375,MatchedHistoryMean,ae,active120,9
QCXDS001,6,4.283333333333332,MatchedHistoryMean,ae,active120,9
QFDNZGJK001,2,2.375,MatchedHistoryMean,ae,active120,9
QFDNZGJK002,2,-0.875,MatchedHistoryMean,ae,active120,9
QFSJZ001-1,6,-4.1833333333333345,MatchedHistoryMean,ae,active120,9
QFSJZ003-1,6,1.1833333333333333,MatchedHistoryMean,ae,active120,9
RLHZHMV000AMDE,6,19.333333333333332,MatchedHistoryMean,ae,active120,9
SKZ2FT01,2,2.625,MatchedHistoryMean,ae,active120,9
SKZ3FT01,2,14.0,MatchedHistoryMean,ae,active120,9
SPH0001,6,-6.125,MatchedHistoryMean,ae,active120,9
WSJZS0002,6,-18.041666666666668,MatchedHistoryMean,ae,active120,9
WSJZS0004,6,-32.949999999999996,MatchedHistoryMean,ae,active120,9
XFTW0001,2,-15.625,MatchedHistoryMean,ae,active120,9
XGX9995,2,0.0,MatchedHistoryMean,ae,active120,9
XHP0001,6,63.333333333333336,MatchedHistoryMean,ae,active120,9
XHZXCZP0001,6,13.0,MatchedHistoryMean,ae,active120,9
XHZXCZP0002,6,-14.183333333333332,MatchedHistoryMean,ae,active120,9
XMJ0004,2,6.0,MatchedHistoryMean,ae,active120,9
XMSH0001,2,-11.25,MatchedHistoryMean,ae,active120,9
XXGP0002,2,11.125,MatchedHistoryMean,ae,active120,9
XYJ0001,2,-4.75,MatchedHistoryMean,ae,active120,9
XYMGPD0001,2,8.75,MatchedHistoryMean,ae,active120,9
XYMGPD0002,2,2.5,MatchedHistoryMean,ae,active120,9
XYMZG0016,2,0.0,MatchedHistoryMean,ae,active120,9
YBB0001,6,-1.2583333333333335,MatchedHistoryMean,ae,active120,9
YDBZ001,6,-3.6,MatchedHistoryMean,ae,active120,9
YDBZ002,6,-0.8249999999999987,MatchedHistoryMean,ae,active120,9
YEC0009,2,4.125,MatchedHistoryMean,ae,active120,9
YJLZHMV000AMDE,6,1.6583333333333339,MatchedHistoryMean,ae,active120,9
YKLLW0005,6,4.233333333333333,MatchedHistoryMean,ae,active120,9
ZBTZ0002,6,-0.691666666666667,MatchedHistoryMean,ae,active120,9
ZJJSJSV001AMDE,6,8.416666666666666,MatchedHistoryMean,ae,active120,9
ZJJYZBV001AMDE,6,-0.37500000000000017,MatchedHistoryMean,ae,active120,9
ZJJYZSJSV1AMDE,6,6.8,MatchedHistoryMean,ae,active120,9
ZTD0001,6,-0.20833333333333334,MatchedHistoryMean,ae,active120,9
ZTD0003,6,1.95,MatchedHistoryMean,ae,active120,9
xgx0014,2,0.75,MatchedHistoryMean,ae,active120,9
xgx0015,2,-4.875,MatchedHistoryMean,ae,active120,9
xgx0016,2,-4.5,MatchedHistoryMean,ae,active120,9
xymzd0015,2,-0.75,MatchedHistoryMean,ae,active120,9
BLP0001,6,1.4089652481359496,LaplaceMean,mase_52,active120,9
BLP0002,5,0.3662209044374253,LaplaceMean,mase_52,active120,9
CWW0002,5,-0.3840428192315478,LaplaceMean,mase_52,active120,9
DHZXCZP0001,6,-0.055895459497321796,LaplaceMean,mase_52,active120,9
DRMJJ0022,6,-0.512450029841334,LaplaceMean,mase_52,active120,9
DRMJJ0023,6,0.03542215857764645,LaplaceMean,mase_52,active120,9
ETZP0003,5,0.34491396558623394,LaplaceMean,mase_52,active120,9
ETZP0004,6,0.42953676998527507,LaplaceMean,mase_52,active120,9
FDBLHP0001,6,0.9006014220453865,LaplaceMean,mase_52,active120,9
FDBLP0001,6,-0.7340431790126344,LaplaceMean,mase_52,active120,9
FRC0002,5,0.6824237270665842,LaplaceMean,mase_52,active120,9
FRC0003,6,-0.22807357324987731,LaplaceMean,mase_52,active120,9
FRH0001,6,0.45153033344990695,LaplaceMean,mase_52,active120,9
FRH0002,6,0.8244990630204828,LaplaceMean,mase_52,active120,9
FRH0003,6,0.4910397199070797,LaplaceMean,mase_52,active120,9
FRH0004,5,0.8555563976253631,LaplaceMean,mase_52,active120,9
FRH0033,6,0.447168868974154,LaplaceMean,mase_52,active120,9
FRH0034,6,-0.5385104785403173,LaplaceMean,mase_52,active120,9
FRH0040,6,-0.13498321380460462,LaplaceMean,mase_52,active120,9
FRH0045,6,0.09262834349579667,LaplaceMean,mase_52,active120,9
FRH0046,6,1.659471220828979,LaplaceMean,mase_52,active120,9
FRH0048,6,0.04041188211802818,LaplaceMean,mase_52,active120,9
FRH0050,6,-0.261392183525975,LaplaceMean,mase_52,active120,9
FRH0051,6,-0.9381205718823381,LaplaceMean,mase_52,active120,9
FRH0056,6,-0.561332397489339,LaplaceMean,mase_52,active120,9
FRH0059,6,-0.09551446985447783,LaplaceMean,mase_52,active120,9
FRH0064,5,0.6916232775161347,LaplaceMean,mase_52,active120,9
FRH0065,6,1.323719229561014,LaplaceMean,mase_52,active120,9
FRW0005,6,-0.3503850322397537,LaplaceMean,mase_52,active120,9
FRW0006,6,-0.3507917669101747,LaplaceMean,mase_52,active120,9
FRW0013,4,0.7144520980998967,LaplaceMean,mase_52,active120,9
FRW0015,6,-0.25657896151712695,LaplaceMean,mase_52,active120,9
FRW0017,4,0.7142857142857142,LaplaceMean,mase_52,active120,9
FRW0024,5,0.5816499123266041,LaplaceMean,mase_52,active120,9
FZLRICBHP0001,6,0.10444844604508467,LaplaceMean,mase_52,active120,9
FZLRJ0001,6,-0.24090807340359988,LaplaceMean,mase_52,active120,9
FZLRJ0002,6,-0.640761010568364,LaplaceMean,mase_52,active120,9
FZLRJ0005,1,3.375,LaplaceMean,mase_52,active120,9
GJMJSLW001,6,-0.100940257130771,LaplaceMean,mase_52,active120,9
GJMJWJX001,6,-0.19065432696484427,LaplaceMean,mase_52,active120,9
GJMJWJXW001,6,-0.7236305387496386,LaplaceMean,mase_52,active120,9
HLGKSLT0001,6,0.561211324412708,LaplaceMean,mase_52,active120,9
HWZDSKL0001,6,0.3418855123209082,LaplaceMean,mase_52,active120,9
HZSN0001,6,-1.019035124235769,LaplaceMean,mase_52,active120,9
JZJ00011,6,-0.37542319536125673,LaplaceMean,mase_52,active120,9
JZJ00012,6,0.12450193864750825,LaplaceMean,mase_52,active120,9
JZJ0002,6,-0.6021245026130003,LaplaceMean,mase_52,active120,9
JZJ0003,6,0.41037942310853354,LaplaceMean,mase_52,active120,9
JZJ0005,4,-0.5848895226572178,LaplaceMean,mase_52,active120,9
JZJ0008,4,0.566025233407146,LaplaceMean,mase_52,active120,9
JZJ0009,6,0.7346468174539615,LaplaceMean,mase_52,active120,9
JZJ0013,6,0.2342526649815,LaplaceMean,mase_52,active120,9
JZJ0016,6,-0.4241898898266898,LaplaceMean,mase_52,active120,9
JZJ0018,5,-0.6210766357825183,LaplaceMean,mase_52,active120,9
JZJ0019,6,-1.074647370186683,LaplaceMean,mase_52,active120,9
JZQCQ001,6,0.9939584578581382,LaplaceMean,mase_52,active120,9
JZQCQ003,6,0.93915414531972,LaplaceMean,mase_52,active120,9
JZQCQ004,6,0.7021689662994013,LaplaceMean,mase_52,active120,9
KFYFQ51mm,1,-0.8856382978723404,LaplaceMean,mase_52,active120,9
KFYFQ54mm,1,-0.1607142857142856,LaplaceMean,mase_52,active120,9
KFYFQ58mm,1,0.5696564885496185,LaplaceMean,mase_52,active120,9
KZCWBG001,6,0.3510470275066548,LaplaceMean,mase_52,active120,9
LRKF0001,5,0.27142857142857146,LaplaceMean,mase_52,active120,9
LTKF0019,6,-0.008258701229084805,LaplaceMean,mase_52,active120,9
LTKF0020,6,-0.09490958085611695,LaplaceMean,mase_52,active120,9
LTKF0021,6,-0.48028497759899785,LaplaceMean,mase_52,active120,9
LTKF0022M,6,-0.14333305865335882,LaplaceMean,mase_52,active120,9
LTKF0031,6,0.47030469068142366,LaplaceMean,mase_52,active120,9
LTKF0047,6,0.3615126606198036,LaplaceMean,mase_52,active120,9
LTKF0101,6,-0.2680311360171828,LaplaceMean,mase_52,active120,9
LTKF093,6,1.9800264550264561,LaplaceMean,mase_52,active120,9
LTKF098,5,0.37444999978013194,LaplaceMean,mase_52,active120,9
LTKF098B,1,-1.0,LaplaceMean,mase_52,active120,9
LYC0201,6,1.1230421476356085,LaplaceMean,mase_52,active120,9
NNB0002,5,2.7161773940345366,LaplaceMean,mase_52,active120,9
NNBZL01,1,2.8125,LaplaceMean,mase_52,active120,9
QCCXC0004,4,0.9054482103262591,LaplaceMean,mase_52,active120,9
QCCXC0005,6,0.5682546068946853,LaplaceMean,mase_52,active120,9
QCCXC0007,6,0.8040843694730855,LaplaceMean,mase_52,active120,9
QCSSXC0005,6,1.487385129490393,LaplaceMean,mase_52,active120,9
QCSSXC0006,5,1.1190106177606178,LaplaceMean,mase_52,active120,9
QCXDS001,6,0.15307710017621395,LaplaceMean,mase_52,active120,9
QFDNZGJK001,1,0.75,LaplaceMean,mase_52,active120,9
QFDNZGJK002,1,5.25,LaplaceMean,mase_52,active120,9
QFSJZ001-1,3,2.052028218694886,LaplaceMean,mase_52,active120,9
QFSJZ003-1,6,1.1586939376413057,LaplaceMean,mase_52,active120,9
RLHZHMV000AMDE,6,0.15522117498319343,LaplaceMean,mase_52,active120,9
SKZ2FT01,1,1.75,LaplaceMean,mase_52,active120,9
SKZ3FT01,1,1.75,LaplaceMean,mase_52,active120,9
SPH0001,1,-4.557142857142857,LaplaceMean,mase_52,active120,9
WSJZS0002,1,-7.52987012987013,LaplaceMean,mase_52,active120,9
WSJZS0004,1,-6.593984962406013,LaplaceMean,mase_52,active120,9
XFTW0001,1,-1.358695652173913,LaplaceMean,mase_52,active120,9
XHP0001,6,0.7681990146468832,LaplaceMean,mase_52,active120,9
XHZXCZP0001,6,0.09693626588704428,LaplaceMean,mase_52,active120,9
XHZXCZP0002,5,0.3711464483229198,LaplaceMean,mase_52,active120,9
XMJ0004,1,0.3999999999999997,LaplaceMean,mase_52,active120,9
XMSH0001,1,-0.0892857142857143,LaplaceMean,mase_52,active120,9
XXGP0002,1,0.2984693877551021,LaplaceMean,mase_52,active120,9
XYJ0001,1,-0.47727272727272735,LaplaceMean,mase_52,active120,9
XYMGPD0001,1,0.25,LaplaceMean,mase_52,active120,9
XYMGPD0002,1,2.625,LaplaceMean,mase_52,active120,9
YBB0001,2,-1.0063025210084036,LaplaceMean,mase_52,active120,9
YDBZ001,6,-0.4401816873103371,LaplaceMean,mase_52,active120,9
YDBZ002,6,0.07851363778711186,LaplaceMean,mase_52,active120,9
YEC0009,1,1.275,LaplaceMean,mase_52,active120,9
YJLZHMV000AMDE,6,-0.06674285370713935,LaplaceMean,mase_52,active120,9
YKLLW0005,3,0.4504268374016272,LaplaceMean,mase_52,active120,9
ZBTZ0002,6,-0.22228154120315077,LaplaceMean,mase_52,active120,9
ZJJSJSV001AMDE,6,0.7710292769447699,LaplaceMean,mase_52,active120,9
ZJJYZBV001AMDE,6,0.009863409271074652,LaplaceMean,mase_52,active120,9
ZJJYZSJSV1AMDE,4,1.088392857142857,LaplaceMean,mase_52,active120,9
ZTD0001,3,-0.31772053083528484,LaplaceMean,mase_52,active120,9
ZTD0003,5,0.7270185819057999,LaplaceMean,mase_52,active120,9
xgx0014,1,0.3124999999999999,LaplaceMean,mase_52,active120,9
xgx0015,1,-3.375,LaplaceMean,mase_52,active120,9
xgx0016,1,-0.5416666666666672,LaplaceMean,mase_52,active120,9
xymzd0015,1,0.5625,LaplaceMean,mase_52,active120,9
BLP0001,6,0.11398809523809739,LaplaceMean,ae,active120,9
BLP0002,5,-0.0876190476190473,LaplaceMean,ae,active120,9
CWW0002,5,-17.41380952380953,LaplaceMean,ae,active120,9
DHZXCZP0001,6,0.4948412698412694,LaplaceMean,ae,active120,9
DRMJJ0022,6,-7.287698412698412,LaplaceMean,ae,active120,9
DRMJJ0023,6,-0.5498015873015891,LaplaceMean,ae,active120,9
ETZP0003,5,-9.708095238095238,LaplaceMean,ae,active120,9
ETZP0004,6,1.042460317460317,LaplaceMean,ae,active120,9
FDBLHP0001,6,-1.637301587301587,LaplaceMean,ae,active120,9
FDBLP0001,6,-11.578571428571424,LaplaceMean,ae,active120,9
FRC0002,5,8.704761904761906,LaplaceMean,ae,active120,9
FRC0003,6,-1.4682539682539681,LaplaceMean,ae,active120,9
FRH0001,6,8.593650793650793,LaplaceMean,ae,active120,9
FRH0002,6,10.261111111111111,LaplaceMean,ae,active120,9
FRH0003,6,17.525396825396825,LaplaceMean,ae,active120,9
FRH0004,5,11.604761904761904,LaplaceMean,ae,active120,9
FRH0033,6,4.713095238095235,LaplaceMean,ae,active120,9
FRH0034,6,-4.510238095238095,LaplaceMean,ae,active120,9
FRH0040,6,-0.8115079365079366,LaplaceMean,ae,active120,9
FRH0045,6,-1.6428571428571435,LaplaceMean,ae,active120,9
FRH0046,6,2.383333333333333,LaplaceMean,ae,active120,9
FRH0048,6,0.5166666666666684,LaplaceMean,ae,active120,9
FRH0050,6,-4.110714285714286,LaplaceMean,ae,active120,9
FRH0051,6,-5.558333333333334,LaplaceMean,ae,active120,9
FRH0056,6,-18.47619047619047,LaplaceMean,ae,active120,9
FRH0059,6,0.8630952380952364,LaplaceMean,ae,active120,9
FRH0064,5,5.646190476190476,LaplaceMean,ae,active120,9
FRH0065,6,1.4142857142857144,LaplaceMean,ae,active120,9
FRW0005,6,-4.996428571428571,LaplaceMean,ae,active120,9
FRW0006,6,-13.475,LaplaceMean,ae,active120,9
FRW0013,4,4.333333333333333,LaplaceMean,ae,active120,9
FRW0015,6,-8.630952380952378,LaplaceMean,ae,active120,9
FRW0017,4,6.0,LaplaceMean,ae,active120,9
FRW0024,5,-6.000000000000001,LaplaceMean,ae,active120,9
FZLRICBHP0001,6,0.4464285714285712,LaplaceMean,ae,active120,9
FZLRJ0001,6,-2.0321428571428566,LaplaceMean,ae,active120,9
FZLRJ0002,6,-8.59365079365079,LaplaceMean,ae,active120,9
FZLRJ0005,2,1.354166666666667,LaplaceMean,ae,active120,9
GJMJSLW001,6,1.8452380952380967,LaplaceMean,ae,active120,9
GJMJWJX001,6,2.5226190476190453,LaplaceMean,ae,active120,9
GJMJWJXW001,6,-40.392857142857125,LaplaceMean,ae,active120,9
HLGKSLT0001,6,0.7976190476190461,LaplaceMean,ae,active120,9
HWZDSKL0001,6,9.380952380952378,LaplaceMean,ae,active120,9
HZSN0001,6,-15.78095238095238,LaplaceMean,ae,active120,9
JZJ00011,6,-0.911507936507936,LaplaceMean,ae,active120,9
JZJ00012,6,2.9472222222222215,LaplaceMean,ae,active120,9
JZJ0002,6,-12.583730158730157,LaplaceMean,ae,active120,9
JZJ0003,6,18.344841269841268,LaplaceMean,ae,active120,9
JZJ0005,4,-1.6309523809523814,LaplaceMean,ae,active120,9
JZJ0008,4,7.875000000000002,LaplaceMean,ae,active120,9
JZJ0009,6,37.219047619047615,LaplaceMean,ae,active120,9
JZJ0013,6,16.7952380952381,LaplaceMean,ae,active120,9
JZJ0016,6,-5.189285714285713,LaplaceMean,ae,active120,9
JZJ0018,5,-3.988095238095238,LaplaceMean,ae,active120,9
JZJ0019,6,-14.401190476190477,LaplaceMean,ae,active120,9
JZQCQ001,6,28.02976190476191,LaplaceMean,ae,active120,9
JZQCQ003,6,21.19325396825397,LaplaceMean,ae,active120,9
JZQCQ004,6,1.6182539682539685,LaplaceMean,ae,active120,9
KFYFQ51mm,2,-3.364583333333332,LaplaceMean,ae,active120,9
KFYFQ54mm,2,13.020833333333336,LaplaceMean,ae,active120,9
KFYFQ58mm,2,23.03125,LaplaceMean,ae,active120,9
KZCWBG001,6,1.7059523809523807,LaplaceMean,ae,active120,9
LRKF0001,5,6.45,LaplaceMean,ae,active120,9
LTKF0019,6,-0.764285714285715,LaplaceMean,ae,active120,9
LTKF0020,6,-3.69523809523808,LaplaceMean,ae,active120,9
LTKF0021,6,-8.08531746031746,LaplaceMean,ae,active120,9
LTKF0022M,6,-3.9126984126984126,LaplaceMean,ae,active120,9
LTKF0031,6,8.398412698412695,LaplaceMean,ae,active120,9
LTKF0047,6,1.611111111111111,LaplaceMean,ae,active120,9
LTKF0101,6,-6.787301587301585,LaplaceMean,ae,active120,9
LTKF093,6,-0.14801587301587205,LaplaceMean,ae,active120,9
LTKF098,5,3.8247619047619046,LaplaceMean,ae,active120,9
LTKF098B,2,-8.708333333333336,LaplaceMean,ae,active120,9
LYC0201,6,1.478174603174603,LaplaceMean,ae,active120,9
NNB0002,5,26.22285714285714,LaplaceMean,ae,active120,9
NNBZL01,2,-7.541666666666666,LaplaceMean,ae,active120,9
QCCXC0004,4,18.142857142857142,LaplaceMean,ae,active120,9
QCCXC0005,6,-1.0138888888888886,LaplaceMean,ae,active120,9
QCCXC0007,6,-4.995238095238099,LaplaceMean,ae,active120,9
QCSSXC0005,6,6.323015873015874,LaplaceMean,ae,active120,9
QCSSXC0006,5,-0.7814285714285703,LaplaceMean,ae,active120,9
QCXDS001,6,2.871031746031742,LaplaceMean,ae,active120,9
QFDNZGJK001,2,-1.375,LaplaceMean,ae,active120,9
QFDNZGJK002,2,-1.875,LaplaceMean,ae,active120,9
QFSJZ001-1,3,-8.6984126984127,LaplaceMean,ae,active120,9
QFSJZ003-1,6,0.8857142857142856,LaplaceMean,ae,active120,9
RLHZHMV000AMDE,6,13.357142857142856,LaplaceMean,ae,active120,9
SKZ2FT01,1,5.25,LaplaceMean,ae,active120,9
SKZ3FT01,1,28.0,LaplaceMean,ae,active120,9
SPH0001,1,-34.17857142857143,LaplaceMean,ae,active120,9
WSJZS0002,1,-103.53571428571429,LaplaceMean,ae,active120,9
WSJZS0004,1,-187.92857142857144,LaplaceMean,ae,active120,9
XFTW0001,1,-31.25,LaplaceMean,ae,active120,9
XHP0001,6,67.49007936507935,LaplaceMean,ae,active120,9
XHZXCZP0001,6,7.039285714285714,LaplaceMean,ae,active120,9
XHZXCZP0002,5,-16.470476190476187,LaplaceMean,ae,active120,9
XMJ0004,1,12.0,LaplaceMean,ae,active120,9
XMSH0001,2,-14.520833333333336,LaplaceMean,ae,active120,9
XXGP0002,2,8.104166666666668,LaplaceMean,ae,active120,9
XYJ0001,2,-1.625,LaplaceMean,ae,active120,9
XYMGPD0001,2,3.4166666666666643,LaplaceMean,ae,active120,9
XYMGPD0002,2,2.75,LaplaceMean,ae,active120,9
YBB0001,2,-4.267857142857143,LaplaceMean,ae,active120,9
YDBZ001,6,-4.253968253968254,LaplaceMean,ae,active120,9
YDBZ002,6,-1.0446428571428577,LaplaceMean,ae,active120,9
YEC0009,2,0.2708333333333339,LaplaceMean,ae,active120,9
YJLZHMV000AMDE,6,0.10595238095238102,LaplaceMean,ae,active120,9
YKLLW0005,3,10.761904761904761,LaplaceMean,ae,active120,9
ZBTZ0002,6,-0.2678571428571435,LaplaceMean,ae,active120,9
ZJJSJSV001AMDE,6,7.829365079365079,LaplaceMean,ae,active120,9
ZJJYZBV001AMDE,6,-0.7420634920634925,LaplaceMean,ae,active120,9
ZJJYZSJSV1AMDE,4,11.464285714285715,LaplaceMean,ae,active120,9
ZTD0001,3,-0.6071428571428564,LaplaceMean,ae,active120,9
ZTD0003,5,1.2000000000000004,LaplaceMean,ae,active120,9
xgx0014,2,-0.791666666666667,LaplaceMean,ae,active120,9
xgx0015,2,-1.854166666666666,LaplaceMean,ae,active120,9
xgx0016,2,-6.666666666666668,LaplaceMean,ae,active120,9
xymzd0015,2,-0.20833333333333393,LaplaceMean,ae,active120,9
BLP0001,6,0.6572820739699498,LegacyPXQ,mase_52,active120,9
BLP0002,5,-0.39057249268137884,LegacyPXQ,mase_52,active120,9
CWW0002,5,-1.4185058083871172,LegacyPXQ,mase_52,active120,9
DHZXCZP0001,6,0.32832104073326146,LegacyPXQ,mase_52,active120,9
DRMJJ0022,6,-0.24364783250330602,LegacyPXQ,mase_52,active120,9
DRMJJ0023,6,-0.22343306303304902,LegacyPXQ,mase_52,active120,9
ETZP0003,5,0.5774603174603176,LegacyPXQ,mase_52,active120,9
ETZP0004,6,-0.051699472472419426,LegacyPXQ,mase_52,active120,9
FDBLHP0001,6,0.9190468535296121,LegacyPXQ,mase_52,active120,9
FDBLP0001,6,-0.36244293278245615,LegacyPXQ,mase_52,active120,9
FRC0002,5,0.03,LegacyPXQ,mase_52,active120,9
FRC0003,6,-0.31702439584345893,LegacyPXQ,mase_52,active120,9
FRH0001,6,-0.2529401486446454,LegacyPXQ,mase_52,active120,9
FRH0002,6,-0.08683191850594207,LegacyPXQ,mase_52,active120,9
FRH0003,6,-0.00603156822163519,LegacyPXQ,mase_52,active120,9
FRH0004,5,0.18717948717948718,LegacyPXQ,mase_52,active120,9
FRH0033,6,0.6518968150264975,LegacyPXQ,mase_52,active120,9
FRH0034,6,-0.5575852546797869,LegacyPXQ,mase_52,active120,9
FRH0040,6,-0.490590689503733,LegacyPXQ,mase_52,active120,9
FRH0045,6,-0.1379146722658173,LegacyPXQ,mase_52,active120,9
FRH0046,6,1.168936277202748,LegacyPXQ,mase_52,active120,9
FRH0048,6,-0.22589284973294255,LegacyPXQ,mase_52,active120,9
FRH0050,6,-0.41718181210807415,LegacyPXQ,mase_52,active120,9
FRH0051,6,-0.01720981874922317,LegacyPXQ,mase_52,active120,9
FRH0056,6,-0.5539637447447948,LegacyPXQ,mase_52,active120,9
FRH0059,6,0.27204250451708845,LegacyPXQ,mase_52,active120,9
FRH0064,5,0.11988858363858346,LegacyPXQ,mase_52,active120,9
FRH0065,6,1.2448536179520309,LegacyPXQ,mase_52,active120,9
FRW0005,6,-0.3339622781394509,LegacyPXQ,mase_52,active120,9
FRW0006,6,-0.3247469512523342,LegacyPXQ,mase_52,active120,9
FRW0013,4,0.0,LegacyPXQ,mase_52,active120,9
FRW0015,6,-0.30766118864397207,LegacyPXQ,mase_52,active120,9
FRW0017,4,0.0,LegacyPXQ,mase_52,active120,9
FRW0024,5,0.5564306642998313,LegacyPXQ,mase_52,active120,9
FZLRICBHP0001,6,0.39965604475408395,LegacyPXQ,mase_52,active120,9
FZLRJ0001,6,0.12736321522369864,LegacyPXQ,mase_52,active120,9
FZLRJ0002,6,-0.33606995173359194,LegacyPXQ,mase_52,active120,9
FZLRJ0005,1,3.0,LegacyPXQ,mase_52,active120,9
GJMJSLW001,6,-0.314225095177665,LegacyPXQ,mase_52,active120,9
GJMJWJX001,6,-0.5326623848611586,LegacyPXQ,mase_52,active120,9
GJMJWJXW001,6,-0.6381973049430979,LegacyPXQ,mase_52,active120,9
HLGKSLT0001,6,0.09313763542668928,LegacyPXQ,mase_52,active120,9
HWZDSKL0001,6,0.7584099755985164,LegacyPXQ,mase_52,active120,9
HZSN0001,6,-1.274412548244219,LegacyPXQ,mase_52,active120,9
JZJ00011,6,-0.8986079386392621,LegacyPXQ,mase_52,active120,9
JZJ00012,6,0.2647903714036211,LegacyPXQ,mase_52,active120,9
JZJ0002,6,-0.38638735527525053,LegacyPXQ,mase_52,active120,9
JZJ0003,6,0.3014472498262432,LegacyPXQ,mase_52,active120,9
JZJ0005,4,-0.9550812650354986,LegacyPXQ,mase_52,active120,9
JZJ0008,4,0.05488308643057499,LegacyPXQ,mase_52,active120,9
JZJ0009,6,0.19398372467062608,LegacyPXQ,mase_52,active120,9
JZJ0013,6,-0.027172837996157422,LegacyPXQ,mase_52,active120,9
JZJ0016,6,-0.29752714189256424,LegacyPXQ,mase_52,active120,9
JZJ0018,5,0.0752962723550958,LegacyPXQ,mase_52,active120,9
JZJ0019,6,-0.6903236193583515,LegacyPXQ,mase_52,active120,9
JZQCQ001,6,0.5624046575621753,LegacyPXQ,mase_52,active120,9
JZQCQ003,6,0.5759614819571296,LegacyPXQ,mase_52,active120,9
JZQCQ004,6,0.4351184145120073,LegacyPXQ,mase_52,active120,9
KFYFQ51mm,1,-0.03023516237402002,LegacyPXQ,mase_52,active120,9
KFYFQ54mm,1,-0.7857142857142857,LegacyPXQ,mase_52,active120,9
KFYFQ58mm,1,0.3469465648854963,LegacyPXQ,mase_52,active120,9
KZCWBG001,6,0.5667473589212718,LegacyPXQ,mase_52,active120,9
LRKF0001,5,0.19714285714285715,LegacyPXQ,mase_52,active120,9
LTKF0019,6,1.5748517609996933,LegacyPXQ,mase_52,active120,9
LTKF0020,6,-0.3891870031882178,LegacyPXQ,mase_52,active120,9
LTKF0021,6,0.29436020055369494,LegacyPXQ,mase_52,active120,9
LTKF0022M,6,-0.1283965311912573,LegacyPXQ,mase_52,active120,9
LTKF0031,6,0.3465483395480898,LegacyPXQ,mase_52,active120,9
LTKF0047,6,0.16084041135611352,LegacyPXQ,mase_52,active120,9
LTKF0101,6,-0.0800510996621802,LegacyPXQ,mase_52,active120,9
LTKF093,6,1.3035225885225892,LegacyPXQ,mase_52,active120,9
LTKF098,5,0.2170287788242297,LegacyPXQ,mase_52,active120,9
LTKF098B,1,-0.146052631578947,LegacyPXQ,mase_52,active120,9
LYC0201,6,0.9117401207181963,LegacyPXQ,mase_52,active120,9
NNB0002,5,1.9159441873915561,LegacyPXQ,mase_52,active120,9
NNBZL01,1,6.1875,LegacyPXQ,mase_52,active120,9
QCCXC0004,4,8.846153846153847,LegacyPXQ,mase_52,active120,9
QCCXC0005,6,-0.7876439669678025,LegacyPXQ,mase_52,active120,9
QCCXC0007,6,-0.07677461340637404,LegacyPXQ,mase_52,active120,9
QCSSXC0005,6,1.3817462143120036,LegacyPXQ,mase_52,active120,9
QCSSXC0006,5,1.1140782581223756,LegacyPXQ,mase_52,active120,9
QCXDS001,6,-0.4256697695504159,LegacyPXQ,mase_52,active120,9
QFDNZGJK001,1,0.5,LegacyPXQ,mase_52,active120,9
QFDNZGJK002,1,7.75,LegacyPXQ,mase_52,active120,9
QFSJZ001-1,3,0.971604938271605,LegacyPXQ,mase_52,active120,9
QFSJZ003-1,6,-0.3753024753024756,LegacyPXQ,mase_52,active120,9
RLHZHMV000AMDE,6,0.3471046919995788,LegacyPXQ,mase_52,active120,9
SKZ2FT01,1,1.25,LegacyPXQ,mase_52,active120,9
SKZ3FT01,1,1.25,LegacyPXQ,mase_52,active120,9
SPH0001,1,-1.7000000000000002,LegacyPXQ,mase_52,active120,9
WSJZS0002,1,-4.672727272727271,LegacyPXQ,mase_52,active120,9
WSJZS0004,1,-3.7368421052631566,LegacyPXQ,mase_52,active120,9
XFTW0001,1,-0.8586956521739131,LegacyPXQ,mase_52,active120,9
XHP0001,6,0.4655747677842225,LegacyPXQ,mase_52,active120,9
XHZXCZP0001,6,0.03679612579737934,LegacyPXQ,mase_52,active120,9
XHZXCZP0002,5,0.276919302151136,LegacyPXQ,mase_52,active120,9
XMJ0004,1,-0.10000000000000009,LegacyPXQ,mase_52,active120,9
XMSH0001,1,-0.3306878306878306,LegacyPXQ,mase_52,active120,9
XXGP0002,1,0.8002915451895043,LegacyPXQ,mase_52,active120,9
XYJ0001,1,-0.7563131313131315,LegacyPXQ,mase_52,active120,9
XYMGPD0001,1,0.0,LegacyPXQ,mase_52,active120,9
XYMGPD0002,1,4.329545454545454,LegacyPXQ,mase_52,active120,9
YBB0001,2,-0.84640522875817,LegacyPXQ,mase_52,active120,9
YDBZ001,6,-0.6058045268987394,LegacyPXQ,mase_52,active120,9
YDBZ002,6,0.11381176752803808,LegacyPXQ,mase_52,active120,9
YEC0009,1,1.831818181818182,LegacyPXQ,mase_52,active120,9
YJLZHMV000AMDE,6,0.13706771947020177,LegacyPXQ,mase_52,active120,9
YKLLW0005,3,1.2309723889555821,LegacyPXQ,mase_52,active120,9
ZBTZ0002,6,-0.856314322245279,LegacyPXQ,mase_52,active120,9
ZJJSJSV001AMDE,6,0.2609631668193566,LegacyPXQ,mase_52,active120,9
ZJJYZBV001AMDE,6,0.2167041707970084,LegacyPXQ,mase_52,active120,9
ZJJYZSJSV1AMDE,4,0.0,LegacyPXQ,mase_52,active120,9
ZTD0001,3,0.5417041974419022,LegacyPXQ,mase_52,active120,9
ZTD0003,5,-0.05958350744728458,LegacyPXQ,mase_52,active120,9
xgx0014,1,0.34999999999999976,LegacyPXQ,mase_52,active120,9
xgx0015,1,-8.75,LegacyPXQ,mase_52,active120,9
xgx0016,1,-0.5625000000000004,LegacyPXQ,mase_52,active120,9
xymzd0015,1,-1.7999999999999998,LegacyPXQ,mase_52,active120,9
BLP0001,6,-2.9948370594922302,LegacyPXQ,ae,active120,9
BLP0002,5,-2.311196581196582,LegacyPXQ,ae,active120,9
CWW0002,5,-28.070454545454545,LegacyPXQ,ae,active120,9
DHZXCZP0001,6,4.994074074074073,LegacyPXQ,ae,active120,9
DRMJJ0022,6,-3.993898613463832,LegacyPXQ,ae,active120,9
DRMJJ0023,6,-2.5303285674231955,LegacyPXQ,ae,active120,9
ETZP0003,5,-3.7388888888888885,LegacyPXQ,ae,active120,9
ETZP0004,6,-0.18369565217391326,LegacyPXQ,ae,active120,9
FDBLHP0001,6,1.8808080808080805,LegacyPXQ,ae,active120,9
FDBLP0001,6,-5.76068272005772,LegacyPXQ,ae,active120,9
FRC0002,6,0.6875,LegacyPXQ,ae,active120,9
FRC0003,6,-2.322991205491205,LegacyPXQ,ae,active120,9
FRH0001,6,-3.6096601874827674,LegacyPXQ,ae,active120,9
FRH0002,6,-0.0254032258064516,LegacyPXQ,ae,active120,9
FRH0003,6,3.5289163565479345,LegacyPXQ,ae,active120,9
FRH0004,6,2.5347222222222228,LegacyPXQ,ae,active120,9
FRH0033,6,6.280162668100853,LegacyPXQ,ae,active120,9
FRH0034,6,-4.7319815724729875,LegacyPXQ,ae,active120,9
FRH0040,6,-4.377840909090909,LegacyPXQ,ae,active120,9
FRH0045,6,-4.303030303030302,LegacyPXQ,ae,active120,9
FRH0046,6,-0.011430565208617812,LegacyPXQ,ae,active120,9
FRH0048,6,-2.210686992476615,LegacyPXQ,ae,active120,9
FRH0050,6,-6.752689773452186,LegacyPXQ,ae,active120,9
FRH0051,6,-0.8589922781464713,LegacyPXQ,ae,active120,9
FRH0056,6,-18.304040404040403,LegacyPXQ,ae,active120,9
FRH0059,6,6.741405759962564,LegacyPXQ,ae,active120,9
FRH0064,5,1.4476190476190456,LegacyPXQ,ae,active120,9
FRH0065,6,2.9695515817360145,LegacyPXQ,ae,active120,9
FRW0005,6,-4.760726399581077,LegacyPXQ,ae,active120,9
FRW0006,6,-11.734007111295108,LegacyPXQ,ae,active120,9
FRW0013,6,0.0,LegacyPXQ,ae,active120,9
FRW0015,6,-12.462745098039216,LegacyPXQ,ae,active120,9
FRW0017,6,0.0,LegacyPXQ,ae,active120,9
FRW0024,5,-1.9460066249539907,LegacyPXQ,ae,active120,9
FZLRICBHP0001,6,1.9592083842083838,LegacyPXQ,ae,active120,9
FZLRJ0001,6,1.5580829664163016,LegacyPXQ,ae,active120,9
FZLRJ0002,6,-6.777329527329527,LegacyPXQ,ae,active120,9
FZLRJ0005,2,1.0,LegacyPXQ,ae,active120,9
GJMJSLW001,6,-5.75,LegacyPXQ,ae,active120,9
GJMJWJX001,6,-22.50769154091522,LegacyPXQ,ae,active120,9
GJMJWJXW001,6,-56.357551487414206,LegacyPXQ,ae,active120,9
HLGKSLT0001,6,0.009145704108159217,LegacyPXQ,ae,active120,9
HWZDSKL0001,6,15.638888888888886,LegacyPXQ,ae,active120,9
HZSN0001,6,-14.914208213502567,LegacyPXQ,ae,active120,9
JZJ00011,6,-3.0571083505866117,LegacyPXQ,ae,active120,9
JZJ00012,6,5.20630099271815,LegacyPXQ,ae,active120,9
JZJ0002,6,-2.826843186659692,LegacyPXQ,ae,active120,9
JZJ0003,6,9.83757025206634,LegacyPXQ,ae,active120,9
JZJ0005,4,-5.155518394648829,LegacyPXQ,ae,active120,9
JZJ0008,4,2.937160326086955,LegacyPXQ,ae,active120,9
JZJ0009,6,8.92728718842651,LegacyPXQ,ae,active120,9
JZJ0013,6,-2.2673676741262923,LegacyPXQ,ae,active120,9
JZJ0016,6,-3.589533130267926,LegacyPXQ,ae,active120,9
JZJ0018,5,1.183333333333333,LegacyPXQ,ae,active120,9
JZJ0019,6,-8.749367762995812,LegacyPXQ,ae,active120,9
JZQCQ001,6,20.123467741935485,LegacyPXQ,ae,active120,9
JZQCQ003,6,24.10842607313195,LegacyPXQ,ae,active120,9
JZQCQ004,6,1.22422723475355,LegacyPXQ,ae,active120,9
KFYFQ51mm,2,0.5911654135338402,LegacyPXQ,ae,active120,9
KFYFQ54mm,2,-1.25,LegacyPXQ,ae,active120,9
KFYFQ58mm,2,9.41931818181818,LegacyPXQ,ae,active120,9
KZCWBG001,6,2.3585702341137114,LegacyPXQ,ae,active120,9
LRKF0001,6,1.7250000000000003,LegacyPXQ,ae,active120,9
LTKF0019,6,2.9677164622816794,LegacyPXQ,ae,active120,9
LTKF0020,6,-23.97142540795991,LegacyPXQ,ae,active120,9
LTKF0021,6,1.6274038461538467,LegacyPXQ,ae,active120,9
LTKF0022M,6,-1.166844669999495,LegacyPXQ,ae,active120,9
LTKF0031,6,6.882763297484551,LegacyPXQ,ae,active120,9
LTKF0047,6,1.2379298941798942,LegacyPXQ,ae,active120,9
LTKF0101,6,-0.3132275132275109,LegacyPXQ,ae,active120,9
LTKF093,6,-1.1265771265771252,LegacyPXQ,ae,active120,9
LTKF098,5,1.5583358320839586,LegacyPXQ,ae,active120,9
LTKF098B,2,-0.7726973684210519,LegacyPXQ,ae,active120,9
LYC0201,6,2.502174239016346,LegacyPXQ,ae,active120,9
NNB0002,5,30.26466165413534,LegacyPXQ,ae,active120,9
NNBZL01,2,-0.125,LegacyPXQ,ae,active120,9
QCCXC0004,6,1.4743589743589745,LegacyPXQ,ae,active120,9
QCCXC0005,6,-6.6226068033571535,LegacyPXQ,ae,active120,9
QCCXC0007,6,-14.304937022042287,LegacyPXQ,ae,active120,9
QCSSXC0005,6,5.892636530136531,LegacyPXQ,ae,active120,9
QCSSXC0006,5,-0.68393665158371,LegacyPXQ,ae,active120,9
QCXDS001,6,-7.801470588235294,LegacyPXQ,ae,active120,9
QFDNZGJK001,2,-0.1250000000000009,LegacyPXQ,ae,active120,9
QFDNZGJK002,2,-0.875,LegacyPXQ,ae,active120,9
QFSJZ001-1,3,-4.922222222222222,LegacyPXQ,ae,active120,9
QFSJZ003-1,6,-3.0773809523809526,LegacyPXQ,ae,active120,9
RLHZHMV000AMDE,6,20.99297822336689,LegacyPXQ,ae,active120,9
SKZ2FT01,1,3.75,LegacyPXQ,ae,active120,9
SKZ3FT01,1,20.0,LegacyPXQ,ae,active120,9
SPH0001,1,-12.75,LegacyPXQ,ae,active120,9
WSJZS0002,1,-64.25,LegacyPXQ,ae,active120,9
WSJZS0004,1,-106.5,LegacyPXQ,ae,active120,9
XFTW0001,1,-19.75,LegacyPXQ,ae,active120,9
XHP0001,6,36.898463125882465,LegacyPXQ,ae,active120,9
XHZXCZP0001,6,9.78356928356928,LegacyPXQ,ae,active120,9
XHZXCZP0002,5,-13.013486631016042,LegacyPXQ,ae,active120,9
XMJ0004,1,-3.0,LegacyPXQ,ae,active120,9
XMSH0001,2,-9.222222222222221,LegacyPXQ,ae,active120,9
XXGP0002,2,20.232142857142854,LegacyPXQ,ae,active120,9
XYJ0001,2,-5.694444444444445,LegacyPXQ,ae,active120,9
XYMGPD0001,2,3.5999999999999996,LegacyPXQ,ae,active120,9
XYMGPD0002,2,2.954545454545454,LegacyPXQ,ae,active120,9
YBB0001,2,-3.25,LegacyPXQ,ae,active120,9
YDBZ001,6,-7.5103668261563,LegacyPXQ,ae,active120,9
YDBZ002,6,1.767565359477124,LegacyPXQ,ae,active120,9
YEC0009,2,3.329545454545455,LegacyPXQ,ae,active120,9
YJLZHMV000AMDE,6,1.501616733531628,LegacyPXQ,ae,active120,9
YKLLW0005,3,19.9047619047619,LegacyPXQ,ae,active120,9
ZBTZ0002,6,0.924999999999999,LegacyPXQ,ae,active120,9
ZJJSJSV001AMDE,6,3.0179425837320575,LegacyPXQ,ae,active120,9
ZJJYZBV001AMDE,6,-0.19022046741780674,LegacyPXQ,ae,active120,9
ZJJYZSJSV1AMDE,6,0.0,LegacyPXQ,ae,active120,9
ZTD0001,3,2.07051282051282,LegacyPXQ,ae,active120,9
ZTD0003,5,1.3670071105365218,LegacyPXQ,ae,active120,9
xgx0014,2,3.3857142857142843,LegacyPXQ,ae,active120,9
xgx0015,2,-5.160714285714285,LegacyPXQ,ae,active120,9
xgx0016,2,-3.4875000000000007,LegacyPXQ,ae,active120,9
xymzd0015,2,-2.314285714285714,LegacyPXQ,ae,active120,9
BLP0001,6,-4.0606258524486005,Naive,mase_52,active120,9
BLP0002,5,-1.3107738840216938,Naive,mase_52,active120,9
CWW0002,5,-1.2322359129018021,Naive,mase_52,active120,9
DHZXCZP0001,6,0.29809743664907823,Naive,mase_52,active120,9
DRMJJ0022,6,-0.16304347826086954,Naive,mase_52,active120,9
DRMJJ0023,6,0.4098600332594235,Naive,mase_52,active120,9
ETZP0003,5,-5.270793650793651,Naive,mase_52,active120,9
ETZP0004,6,0.45344932844932834,Naive,mase_52,active120,9
FDBLHP0001,6,-1.5987853143025557,Naive,mase_52,active120,9
FDBLP0001,6,-0.7635501993069372,Naive,mase_52,active120,9
FRC0002,5,0.0,Naive,mase_52,active120,9
FRC0003,6,0.21440179372789184,Naive,mase_52,active120,9
FRH0001,6,-0.5684214994950442,Naive,mase_52,active120,9
FRH0002,6,-0.2036842105263158,Naive,mase_52,active120,9
FRH0003,6,-0.09951499608291518,Naive,mase_52,active120,9
FRH0004,5,-0.11076923076923077,Naive,mase_52,active120,9
FRH0033,6,0.7948255460714092,Naive,mase_52,active120,9
FRH0034,6,-0.17293352915748575,Naive,mase_52,active120,9
FRH0040,6,-0.3333333333333333,Naive,mase_52,active120,9
FRH0045,6,0.36641221374045796,Naive,mase_52,active120,9
FRH0046,6,0.1909907262277951,Naive,mase_52,active120,9
FRH0048,6,0.9838960365747297,Naive,mase_52,active120,9
FRH0050,6,1.5472222222222223,Naive,mase_52,active120,9
FRH0051,6,-0.409868275027269,Naive,mase_52,active120,9
FRH0056,6,0.7526537604002391,Naive,mase_52,active120,9
FRH0059,6,0.3994663376839429,Naive,mase_52,active120,9
FRH0064,5,0.42531593406593415,Naive,mase_52,active120,9
FRH0065,6,-3.4930962793031757,Naive,mase_52,active120,9
FRW0005,6,-0.10992798162289681,Naive,mase_52,active120,9
FRW0006,6,-0.20893122143826948,Naive,mase_52,active120,9
FRW0013,4,0.0,Naive,mase_52,active120,9
FRW0015,6,-0.5153547671840354,Naive,mase_52,active120,9
FRW0017,4,0.0,Naive,mase_52,active120,9
FRW0024,5,-0.6670271833429728,Naive,mase_52,active120,9
FZLRICBHP0001,6,0.08823529411764712,Naive,mase_52,active120,9
FZLRJ0001,6,-0.3405686452961203,Naive,mase_52,active120,9
FZLRJ0002,6,-0.43062381765175045,Naive,mase_52,active120,9
FZLRJ0005,1,-13.5,Naive,mase_52,active120,9
GJMJSLW001,6,3.3720851840101527,Naive,mase_52,active120,9
GJMJWJX001,6,0.08402807508961758,Naive,mase_52,active120,9
GJMJWJXW001,6,-0.38665381465811394,Naive,mase_52,active120,9
HLGKSLT0001,6,-0.35532536384118857,Naive,mase_52,active120,9
HWZDSKL0001,6,-0.09098038744940808,Naive,mase_52,active120,9
HZSN0001,6,0.9097566426028219,Naive,mase_52,active120,9
JZJ00011,6,1.4396654970564706,Naive,mase_52,active120,9
JZJ00012,6,1.0506027248395082,Naive,mase_52,active120,9
JZJ0002,6,-0.608834424683308,Naive,mase_52,active120,9
JZJ0003,6,0.1539130930398744,Naive,mase_52,active120,9
JZJ0005,4,-0.48473684210526324,Naive,mase_52,active120,9
JZJ0008,4,-0.5720826351068286,Naive,mase_52,active120,9
JZJ0009,6,-0.2621029502750131,Naive,mase_52,active120,9
JZJ0013,6,-0.28377597906519664,Naive,mase_52,active120,9
JZJ0016,6,0.17356748846110548,Naive,mase_52,active120,9
JZJ0018,5,-0.06428571428571432,Naive,mase_52,active120,9
JZJ0019,6,-0.1260042347247431,Naive,mase_52,active120,9
JZQCQ001,6,-0.39233163506504315,Naive,mase_52,active120,9
JZQCQ003,6,0.5679643863533437,Naive,mase_52,active120,9
JZQCQ004,6,1.139685314685315,Naive,mase_52,active120,9
KFYFQ51mm,1,-0.8936170212765957,Naive,mase_52,active120,9
KFYFQ54mm,1,0.6428571428571426,Naive,mase_52,active120,9
KFYFQ58mm,1,0.7557251908396948,Naive,mase_52,active120,9
KZCWBG001,6,1.0706876215571868,Naive,mase_52,active120,9
LRKF0001,5,-0.6428571428571429,Naive,mase_52,active120,9
LTKF0019,6,0.9892421602787457,Naive,mase_52,active120,9
LTKF0020,6,0.03723685590796305,Naive,mase_52,active120,9
LTKF0021,6,0.37231059106567393,Naive,mase_52,active120,9
LTKF0022M,6,-0.5764056289050625,Naive,mase_52,active120,9
LTKF0031,6,0.17996510559801693,Naive,mase_52,active120,9
LTKF0047,6,0.4482758620689657,Naive,mase_52,active120,9
LTKF0101,6,-0.47347222190236976,Naive,mase_52,active120,9
LTKF093,6,3.7483333333333335,Naive,mase_52,active120,9
LTKF098,5,0.4315974810977023,Naive,mase_52,active120,9
LTKF098B,1,0.07499999999999996,Naive,mase_52,active120,9
LYC0201,6,-4.574342833828758,Naive,mase_52,active120,9
NNB0002,5,-0.8703296703296708,Naive,mase_52,active120,9
NNBZL01,1,-0.0625,Naive,mase_52,active120,9
QCCXC0004,4,0.0,Naive,mase_52,active120,9
QCCXC0005,6,1.0586617044282949,Naive,mase_52,active120,9
QCCXC0007,6,0.5218246342918945,Naive,mase_52,active120,9
QCSSXC0005,6,0.9405701754385966,Naive,mase_52,active120,9
QCSSXC0006,5,0.22462837837837846,Naive,mase_52,active120,9
QCXDS001,6,1.536986301369863,Naive,mase_52,active120,9
QFDNZGJK001,1,0.0,Naive,mase_52,active120,9
QFDNZGJK002,1,-2.25,Naive,mase_52,active120,9
QFSJZ001-1,3,2.8333333333333335,Naive,mase_52,active120,9
QFSJZ003-1,6,2.2537684537684526,Naive,mase_52,active120,9
RLHZHMV000AMDE,6,0.44504188789476573,Naive,mase_52,active120,9
SKZ2FT01,1,-6.75,Naive,mase_52,active120,9
SKZ3FT01,1,1.8125,Naive,mase_52,active120,9
SPH0001,1,-5.7,Naive,mase_52,active120,9
WSJZS0002,1,-6.054545454545454,Naive,mase_52,active120,9
WSJZS0004,1,2.684210526315792,Naive,mase_52,active120,9
XFTW0001,1,0.8804347826086958,Naive,mase_52,active120,9
XHP0001,6,1.2139038466602747,Naive,mase_52,active120,9
XHZXCZP0001,6,-0.029538716778567082,Naive,mase_52,active120,9
XHZXCZP0002,5,-5.093061840120663,Naive,mase_52,active120,9
XMJ0004,1,0.8999999999999995,Naive,mase_52,active120,9
XMSH0001,1,3.2142857142857144,Naive,mase_52,active120,9
XXGP0002,1,-0.0918367346938775,Naive,mase_52,active120,9
XYJ0001,1,0.10227272727272718,Naive,mase_52,active120,9
XYMGPD0001,1,0.0,Naive,mase_52,active120,9
XYMGPD0002,1,-1.125,Naive,mase_52,active120,9
YBB0001,2,2.3676470588235294,Naive,mase_52,active120,9
YDBZ001,6,0.24720831728917977,Naive,mase_52,active120,9
YDBZ002,6,0.08774008102085,Naive,mase_52,active120,9
YEC0009,1,-1.35,Naive,mase_52,active120,9
YJLZHMV000AMDE,6,0.30538419913419906,Naive,mase_52,active120,9
YKLLW0005,3,0.0,Naive,mase_52,active120,9
ZBTZ0002,6,-2.5000000000000004,Naive,mase_52,active120,9
ZJJSJSV001AMDE,6,-0.06166730110392082,Naive,mase_52,active120,9
ZJJYZBV001AMDE,6,0.39826839826839827,Naive,mase_52,active120,9
ZJJYZSJSV1AMDE,4,0.0,Naive,mase_52,active120,9
ZTD0001,3,-0.9984387197501952,Naive,mase_52,active120,9
ZTD0003,5,2.726560011823169,Naive,mase_52,active120,9
xgx0014,1,1.2083333333333335,Naive,mase_52,active120,9
xgx0015,1,6.75,Naive,mase_52,active120,9
xgx0016,1,0.12499999999999978,Naive,mase_52,active120,9
xymzd0015,1,3.375,Naive,mase_52,active120,9
BLP0001,6,10.5,Naive,ae,active120,9
BLP0002,6,1.3333333333333333,Naive,ae,active120,9
CWW0002,6,-34.791666666666664,Naive,ae,active120,9
DHZXCZP0001,6,2.5833333333333335,Naive,ae,active120,9
DRMJJ0022,6,-4.5,Naive,ae,active120,9
DRMJJ0023,6,6.75,Naive,ae,active120,9
ETZP0003,6,8.541666666666666,Naive,ae,active120,9
ETZP0004,6,-0.9166666666666666,Naive,ae,active120,9
FDBLHP0001,6,-2.5833333333333335,Naive,ae,active120,9
FDBLP0001,6,-9.0,Naive,ae,active120,9
FRC0002,6,0.0,Naive,ae,active120,9
FRC0003,6,2.0,Naive,ae,active120,9
FRH0001,6,-8.666666666666666,Naive,ae,active120,9
FRH0002,6,-0.375,Naive,ae,active120,9
FRH0003,6,-3.0416666666666665,Naive,ae,active120,9
FRH0004,6,-1.5,Naive,ae,active120,9
FRH0033,6,8.208333333333334,Naive,ae,active120,9
FRH0034,6,-1.5416666666666667,Naive,ae,active120,9
FRH0040,6,-3.75,Naive,ae,active120,9
FRH0045,6,12.0,Naive,ae,active120,9
FRH0046,6,-1.9166666666666667,Naive,ae,active120,9
FRH0048,6,12.25,Naive,ae,active120,9
FRH0050,6,7.708333333333333,Naive,ae,active120,9
FRH0051,6,0.5416666666666666,Naive,ae,active120,9
FRH0056,6,25.5,Naive,ae,active120,9
FRH0059,6,4.625,Naive,ae,active120,9
FRH0064,6,3.125,Naive,ae,active120,9
FRH0065,6,1.0416666666666667,Naive,ae,active120,9
FRW0005,6,-3.625,Naive,ae,active120,9
FRW0006,6,-7.375000000000003,Naive,ae,active120,9
FRW0013,6,0.0,Naive,ae,active120,9
FRW0015,6,-18.0,Naive,ae,active120,9
FRW0017,6,0.0,Naive,ae,active120,9
FRW0024,6,-0.08333333333333333,Naive,ae,active120,9
FZLRICBHP0001,6,0.375,Naive,ae,active120,9
FZLRJ0001,6,-4.333333333333333,Naive,ae,active120,9
FZLRJ0002,6,-4.125,Naive,ae,active120,9
FZLRJ0005,2,-6.75,Naive,ae,active120,9
GJMJSLW001,6,107.25,Naive,ae,active120,9
GJMJWJX001,6,-0.7916666666666666,Naive,ae,active120,9
GJMJWJXW001,6,-41.25,Naive,ae,active120,9
HLGKSLT0001,6,-0.5416666666666666,Naive,ae,active120,9
HWZDSKL0001,6,-1.5833333333333333,Naive,ae,active120,9
HZSN0001,6,1.5,Naive,ae,active120,9
JZJ00011,6,7.291666666666667,Naive,ae,active120,9
JZJ00012,6,16.125,Naive,ae,active120,9
JZJ0002,6,-8.416666666666666,Naive,ae,active120,9
JZJ0003,6,7.166666666666667,Naive,ae,active120,9
JZJ0005,6,-3.0,Naive,ae,active120,9
JZJ0008,6,-7.541666666666667,Naive,ae,active120,9
JZJ0009,6,-13.25,Naive,ae,active120,9
JZJ0013,6,-19.166666666666668,Naive,ae,active120,9
JZJ0016,6,1.9583333333333333,Naive,ae,active120,9
JZJ0018,6,-0.375,Naive,ae,active120,9
JZJ0019,6,-2.85,Naive,ae,active120,9
JZQCQ001,6,-26.625,Naive,ae,active120,9
JZQCQ003,6,35.625,Naive,ae,active120,9
JZQCQ004,6,0.0,Naive,ae,active120,9
KFYFQ51mm,2,1.875,Naive,ae,active120,9
KFYFQ54mm,2,29.25,Naive,ae,active120,9
KFYFQ58mm,2,32.625,Naive,ae,active120,9
KZCWBG001,6,5.75,Naive,ae,active120,9
LRKF0001,6,-5.625,Naive,ae,active120,9
LTKF0019,6,2.25,Naive,ae,active120,9
LTKF0020,6,6.291666666666667,Naive,ae,active120,9
LTKF0021,6,4.999999999999999,Naive,ae,active120,9
LTKF0022M,6,-7.375,Naive,ae,active120,9
LTKF0031,6,3.3333333333333335,Naive,ae,active120,9
LTKF0047,6,0.75,Naive,ae,active120,9
LTKF0101,6,-11.625,Naive,ae,active120,9
LTKF093,6,16.916666666666668,Naive,ae,active120,9
LTKF098,6,6.291666666666667,Naive,ae,active120,9
LTKF098B,2,12.65625,Naive,ae,active120,9
LYC0201,6,1.2916666666666667,Naive,ae,active120,9
NNB0002,6,13.375,Naive,ae,active120,9
NNBZL01,2,49.375,Naive,ae,active120,9
QCCXC0004,6,0.0,Naive,ae,active120,9
QCCXC0005,6,1.125,Naive,ae,active120,9
QCCXC0007,6,-6.041666666666667,Naive,ae,active120,9
QCSSXC0005,6,0.2916666666666667,Naive,ae,active120,9
QCSSXC0006,6,-6.875,Naive,ae,active120,9
QCXDS001,6,21.75,Naive,ae,active120,9
QFDNZGJK001,2,12.375,Naive,ae,active120,9
QFDNZGJK002,2,10.125,Naive,ae,active120,9
QFSJZ001-1,6,5.25,Naive,ae,active120,9
QFSJZ003-1,6,1.0833333333333333,Naive,ae,active120,9
RLHZHMV000AMDE,6,12.0,Naive,ae,active120,9
SKZ2FT01,2,-10.125,Naive,ae,active120,9
SKZ3FT01,2,14.5,Naive,ae,active120,9
SPH0001,6,-7.125,Naive,ae,active120,9
WSJZS0002,6,-13.875,Naive,ae,active120,9
WSJZS0004,6,12.75,Naive,ae,active120,9
XFTW0001,2,10.125,Naive,ae,active120,9
XGX9995,2,0.0,Naive,ae,active120,9
XHP0001,6,105.5,Naive,ae,active120,9
XHZXCZP0001,6,-5.833333333333333,Naive,ae,active120,9
XHZXCZP0002,6,0.0,Naive,ae,active120,9
XMJ0004,2,13.5,Naive,ae,active120,9
XMSH0001,2,30.5,Naive,ae,active120,9
XXGP0002,2,-5.625,Naive,ae,active120,9
XYJ0001,2,2.25,Naive,ae,active120,9
XYMGPD0001,2,-2.25,Naive,ae,active120,9
XYMGPD0002,2,4.5,Naive,ae,active120,9
XYMZG0016,2,0.0,Naive,ae,active120,9
YBB0001,6,3.375,Naive,ae,active120,9
YDBZ001,6,3.0,Naive,ae,active120,9
YDBZ002,6,2.9583333333333335,Naive,ae,active120,9
YEC0009,2,0.375,Naive,ae,active120,9
YJLZHMV000AMDE,6,1.7916666666666667,Naive,ae,active120,9
YKLLW0005,6,0.0,Naive,ae,active120,9
ZBTZ0002,6,-5.625,Naive,ae,active120,9
ZJJSJSV001AMDE,6,-0.75,Naive,ae,active120,9
ZJJYZBV001AMDE,6,2.125,Naive,ae,active120,9
ZJJYZSJSV1AMDE,6,0.0,Naive,ae,active120,9
ZTD0001,6,-4.041666666666667,Naive,ae,active120,9
ZTD0003,6,9.75,Naive,ae,active120,9
xgx0014,2,7.25,Naive,ae,active120,9
xgx0015,2,3.875,Naive,ae,active120,9
xgx0016,2,9.0,Naive,ae,active120,9
xymzd0015,2,6.75,Naive,ae,active120,9
BLP0001,6,2.177333653014468,FullHistoryMean,mase_52,active120,9
BLP0002,5,0.9180211173890772,FullHistoryMean,mase_52,active120,9
CWW0002,5,0.32457754860297877,FullHistoryMean,mase_52,active120,9
DHZXCZP0001,6,-0.019798044053487535,FullHistoryMean,mase_52,active120,9
DRMJJ0022,6,-0.29664953940316235,FullHistoryMean,mase_52,active120,9
DRMJJ0023,6,-0.049817391515816205,FullHistoryMean,mase_52,active120,9
ETZP0003,5,0.4050110673640089,FullHistoryMean,mase_52,active120,9
ETZP0004,6,0.5102314208903357,FullHistoryMean,mase_52,active120,9
FDBLHP0001,6,1.1033657051760504,FullHistoryMean,mase_52,active120,9
FDBLP0001,6,-0.5296044730134162,FullHistoryMean,mase_52,active120,9
FRC0002,5,3.360795918367347,FullHistoryMean,mase_52,active120,9
FRC0003,6,-0.2887959212434448,FullHistoryMean,mase_52,active120,9
FRH0001,6,0.4468186358352946,FullHistoryMean,mase_52,active120,9
FRH0002,6,0.7647314433605743,FullHistoryMean,mase_52,active120,9
FRH0003,6,0.5512074177285305,FullHistoryMean,mase_52,active120,9
FRH0004,5,0.8188685107995454,FullHistoryMean,mase_52,active120,9
FRH0033,6,0.7785837137192817,FullHistoryMean,mase_52,active120,9
FRH0034,6,-0.357475572394615,FullHistoryMean,mase_52,active120,9
FRH0040,6,-0.19448814764827485,FullHistoryMean,mase_52,active120,9
FRH0045,6,0.03196076908776424,FullHistoryMean,mase_52,active120,9
FRH0046,6,2.1768352999171965,FullHistoryMean,mase_52,active120,9
FRH0048,6,0.61708378634717,FullHistoryMean,mase_52,active120,9
FRH0050,6,-0.19775872667200003,FullHistoryMean,mase_52,active120,9
FRH0051,6,-0.9060266120290312,FullHistoryMean,mase_52,active120,9
FRH0056,6,-0.18546920166638473,FullHistoryMean,mase_52,active120,9
FRH0059,6,0.2959244436036094,FullHistoryMean,mase_52,active120,9
FRH0064,5,0.4151749639249642,FullHistoryMean,mase_52,active120,9
FRH0065,6,1.5511322445321511,FullHistoryMean,mase_52,active120,9
FRW0005,6,-0.26699816254742686,FullHistoryMean,mase_52,active120,9
FRW0006,6,-0.40200747055016306,FullHistoryMean,mase_52,active120,9
FRW0013,4,3.97704152940002,FullHistoryMean,mase_52,active120,9
FRW0015,6,-0.37950063442162363,FullHistoryMean,mase_52,active120,9
FRW0017,4,0.37976190476190474,FullHistoryMean,mase_52,active120,9
FRW0024,5,0.8037737283601947,FullHistoryMean,mase_52,active120,9
FZLRICBHP0001,6,0.07048600153175326,FullHistoryMean,mase_52,active120,9
FZLRJ0001,6,-0.2277376889086431,FullHistoryMean,mase_52,active120,9
FZLRJ0002,6,-0.2859358700174603,FullHistoryMean,mase_52,active120,9
FZLRJ0005,1,3.0,FullHistoryMean,mase_52,active120,9
GJMJSLW001,6,-0.23186098696803156,FullHistoryMean,mase_52,active120,9
GJMJWJX001,6,-0.22132910971527267,FullHistoryMean,mase_52,active120,9
GJMJWJXW001,6,-0.704230512358413,FullHistoryMean,mase_52,active120,9
HLGKSLT0001,6,0.6613486191451347,FullHistoryMean,mase_52,active120,9
HWZDSKL0001,6,0.11204789495732786,FullHistoryMean,mase_52,active120,9
HZSN0001,6,-0.9211688528880061,FullHistoryMean,mase_52,active120,9
JZJ00011,6,-0.11292771837722575,FullHistoryMean,mase_52,active120,9
JZJ00012,6,-0.13720963230689587,FullHistoryMean,mase_52,active120,9
JZJ0002,6,-0.1530088525980439,FullHistoryMean,mase_52,active120,9
JZJ0003,6,0.6573553186285258,FullHistoryMean,mase_52,active120,9
JZJ0005,4,-0.6011000681781082,FullHistoryMean,mase_52,active120,9
JZJ0008,4,0.8287885770143832,FullHistoryMean,mase_52,active120,9
JZJ0009,6,1.380033329020298,FullHistoryMean,mase_52,active120,9
JZJ0013,6,0.26180593667655605,FullHistoryMean,mase_52,active120,9
JZJ0016,6,-0.26689528602537255,FullHistoryMean,mase_52,active120,9
JZJ0018,5,-0.7627421698462423,FullHistoryMean,mase_52,active120,9
JZJ0019,6,-0.725204105751205,FullHistoryMean,mase_52,active120,9
JZQCQ001,6,0.9259087998030623,FullHistoryMean,mase_52,active120,9
JZQCQ003,6,0.864192144911053,FullHistoryMean,mase_52,active120,9
JZQCQ004,6,0.7663041467389292,FullHistoryMean,mase_52,active120,9
KFYFQ51mm,1,-0.4148936170212765,FullHistoryMean,mase_52,active120,9
KFYFQ54mm,1,-0.4285714285714285,FullHistoryMean,mase_52,active120,9
KFYFQ58mm,1,0.3244274809160306,FullHistoryMean,mase_52,active120,9
KZCWBG001,6,0.46761895109721197,FullHistoryMean,mase_52,active120,9
LRKF0001,5,0.01619047619047618,FullHistoryMean,mase_52,active120,9
LTKF0019,6,-0.015011222807390015,FullHistoryMean,mase_52,active120,9
LTKF0020,6,0.7293435402140963,FullHistoryMean,mase_52,active120,9
LTKF0021,6,-0.3279794250191414,FullHistoryMean,mase_52,active120,9
LTKF0022M,6,0.03941165597974645,FullHistoryMean,mase_52,active120,9
LTKF0031,6,0.28972969229649975,FullHistoryMean,mase_52,active120,9
LTKF0047,6,-0.13891628805421843,FullHistoryMean,mase_52,active120,9
LTKF0101,6,-0.10182932756508899,FullHistoryMean,mase_52,active120,9
LTKF093,6,3.3414790764790765,FullHistoryMean,mase_52,active120,9
LTKF098,5,0.74815674668837,FullHistoryMean,mase_52,active120,9
LTKF098B,1,-0.15833333333333344,FullHistoryMean,mase_52,active120,9
LYC0201,6,1.350891139324432,FullHistoryMean,mase_52,active120,9
NNB0002,5,3.065769390865545,FullHistoryMean,mase_52,active120,9
NNBZL01,1,3.9375,FullHistoryMean,mase_52,active120,9
QCCXC0004,4,8.504270932319711,FullHistoryMean,mase_52,active120,9
QCCXC0005,6,0.5914924341697797,FullHistoryMean,mase_52,active120,9
QCCXC0007,6,0.7547143777030071,FullHistoryMean,mase_52,active120,9
QCSSXC0005,6,1.5196202311333888,FullHistoryMean,mase_52,active120,9
QCSSXC0006,5,1.2827901115401117,FullHistoryMean,mase_52,active120,9
QCXDS001,6,-0.005786197865166247,FullHistoryMean,mase_52,active120,9
QFDNZGJK001,1,1.0,FullHistoryMean,mase_52,active120,9
QFDNZGJK002,1,7.75,FullHistoryMean,mase_52,active120,9
QFSJZ001-1,3,2.300823045267489,FullHistoryMean,mase_52,active120,9
QFSJZ003-1,6,1.3362629573155884,FullHistoryMean,mase_52,active120,9
RLHZHMV000AMDE,6,-0.08764395824838023,FullHistoryMean,mase_52,active120,9
SKZ2FT01,1,1.75,FullHistoryMean,mase_52,active120,9
SKZ3FT01,1,1.75,FullHistoryMean,mase_52,active120,9
SPH0001,1,-5.3,FullHistoryMean,mase_52,active120,9
WSJZS0002,1,-8.272727272727272,FullHistoryMean,mase_52,active120,9
WSJZS0004,1,-7.336842105263156,FullHistoryMean,mase_52,active120,9
XFTW0001,1,-1.358695652173913,FullHistoryMean,mase_52,active120,9
XHP0001,6,1.0794220401309078,FullHistoryMean,mase_52,active120,9
XHZXCZP0001,6,-0.14182540823705156,FullHistoryMean,mase_52,active120,9
XHZXCZP0002,5,0.6848019779784474,FullHistoryMean,mase_52,active120,9
XMJ0004,1,0.3999999999999997,FullHistoryMean,mase_52,active120,9
XMSH0001,1,-0.5238095238095237,FullHistoryMean,mase_52,active120,9
XXGP0002,1,0.42857142857142866,FullHistoryMean,mase_52,active120,9
XYJ0001,1,-0.6704545454545455,FullHistoryMean,mase_52,active120,9
XYMGPD0001,1,0.25,FullHistoryMean,mase_52,active120,9
XYMGPD0002,1,3.875,FullHistoryMean,mase_52,active120,9
YBB0001,2,-0.6983660130718956,FullHistoryMean,mase_52,active120,9
YDBZ001,6,-0.5308455339963843,FullHistoryMean,mase_52,active120,9
YDBZ002,6,0.02512655249283748,FullHistoryMean,mase_52,active120,9
YEC0009,1,2.15,FullHistoryMean,mase_52,active120,9
YJLZHMV000AMDE,6,-0.3280096116405641,FullHistoryMean,mase_52,active120,9
YKLLW0005,3,0.08816370992841575,FullHistoryMean,mase_52,active120,9
ZBTZ0002,6,-0.8377175483199726,FullHistoryMean,mase_52,active120,9
ZJJSJSV001AMDE,6,2.105535489760842,FullHistoryMean,mase_52,active120,9
ZJJYZBV001AMDE,6,0.14592483096548126,FullHistoryMean,mase_52,active120,9
ZJJYZSJSV1AMDE,4,0.8550396825396825,FullHistoryMean,mase_52,active120,9
ZTD0001,3,-0.3234652414980282,FullHistoryMean,mase_52,active120,9
ZTD0003,5,0.9801026149898334,FullHistoryMean,mase_52,active120,9
xgx0014,1,0.04166666666666663,FullHistoryMean,mase_52,active120,9
xgx0015,1,-6.75,FullHistoryMean,mase_52,active120,9
xgx0016,1,-0.7638888888888893,FullHistoryMean,mase_52,active120,9
xymzd0015,1,-1.125,FullHistoryMean,mase_52,active120,9
BLP0001,6,12.43427984052984,FullHistoryMean,ae,active120,9
BLP0002,6,3.13474580974581,FullHistoryMean,ae,active120,9
CWW0002,6,5.856099456099453,FullHistoryMean,ae,active120,9
DHZXCZP0001,6,-0.16320068820068837,FullHistoryMean,ae,active120,9
DRMJJ0022,6,-5.42112517112517,FullHistoryMean,ae,active120,9
DRMJJ0023,6,-3.5739538239538233,FullHistoryMean,ae,active120,9
ETZP0003,6,-8.59292651792652,FullHistoryMean,ae,active120,9
ETZP0004,6,-0.11608946608946609,FullHistoryMean,ae,active120,9
FDBLHP0001,6,-1.1213869463869464,FullHistoryMean,ae,active120,9
FDBLP0001,6,-8.75880277130277,FullHistoryMean,ae,active120,9
FRC0002,6,9.301984126984127,FullHistoryMean,ae,active120,9
FRC0003,6,-1.7864043364043365,FullHistoryMean,ae,active120,9
FRH0001,6,8.205489417989417,FullHistoryMean,ae,active120,9
FRH0002,6,9.596759259259258,FullHistoryMean,ae,active120,9
FRH0003,6,15.391335978835977,FullHistoryMean,ae,active120,9
FRH0004,6,10.197949735449734,FullHistoryMean,ae,active120,9
FRH0033,6,8.227020664520664,FullHistoryMean,ae,active120,9
FRH0034,6,-2.840316165316166,FullHistoryMean,ae,active120,9
FRH0040,6,-2.5708333333333333,FullHistoryMean,ae,active120,9
FRH0045,6,-3.5698412698412696,FullHistoryMean,ae,active120,9
FRH0046,6,6.370232545232544,FullHistoryMean,ae,active120,9
FRH0048,6,6.846244496244496,FullHistoryMean,ae,active120,9
FRH0050,6,-5.54928774928775,FullHistoryMean,ae,active120,9
FRH0051,6,-4.867132867132867,FullHistoryMean,ae,active120,9
FRH0056,6,-4.957321382321383,FullHistoryMean,ae,active120,9
FRH0059,6,5.458947533947534,FullHistoryMean,ae,active120,9
FRH0064,6,2.048615273615274,FullHistoryMean,ae,active120,9
FRH0065,6,2.2252728752728754,FullHistoryMean,ae,active120,9
FRW0005,6,-3.5804436304436305,FullHistoryMean,ae,active120,9
FRW0006,6,-14.706446331446331,FullHistoryMean,ae,active120,9
FRW0013,6,4.0872354497354495,FullHistoryMean,ae,active120,9
FRW0015,6,-9.984006734006734,FullHistoryMean,ae,active120,9
FRW0017,6,2.959722222222222,FullHistoryMean,ae,active120,9
FRW0024,6,-3.2319846819846823,FullHistoryMean,ae,active120,9
FZLRICBHP0001,6,0.10632423132423134,FullHistoryMean,ae,active120,9
FZLRJ0001,6,-2.118944943944944,FullHistoryMean,ae,active120,9
FZLRJ0002,6,-2.775034225034227,FullHistoryMean,ae,active120,9
FZLRJ0005,2,1.0,FullHistoryMean,ae,active120,9
GJMJSLW001,6,-5.727711640211639,FullHistoryMean,ae,active120,9
GJMJWJX001,6,0.4177331927331925,FullHistoryMean,ae,active120,9
GJMJWJXW001,6,-51.03920338920339,FullHistoryMean,ae,active120,9
HLGKSLT0001,6,0.18500666000665986,FullHistoryMean,ae,active120,9
HWZDSKL0001,6,3.4820133570133565,FullHistoryMean,ae,active120,9
HZSN0001,6,-14.294883357383357,FullHistoryMean,ae,active120,9
JZJ00011,6,0.02312594812594811,FullHistoryMean,ae,active120,9
JZJ00012,6,-1.466307766307766,FullHistoryMean,ae,active120,9
JZJ0002,6,1.3833786583786605,FullHistoryMean,ae,active120,9
JZJ0003,6,31.988212713212718,FullHistoryMean,ae,active120,9
JZJ0005,6,-1.998677248677249,FullHistoryMean,ae,active120,9
JZJ0008,6,7.473412698412695,FullHistoryMean,ae,active120,9
JZJ0009,6,81.24347134347136,FullHistoryMean,ae,active120,9
JZJ0013,6,22.86215821215821,FullHistoryMean,ae,active120,9
JZJ0016,6,-3.3306415806415806,FullHistoryMean,ae,active120,9
JZJ0018,6,-4.664316239316239,FullHistoryMean,ae,active120,9
JZJ0019,6,-9.0116896991897,FullHistoryMean,ae,active120,9
JZQCQ001,6,16.19332010582011,FullHistoryMean,ae,active120,9
JZQCQ003,6,7.94814814814814,FullHistoryMean,ae,active120,9
JZQCQ004,6,0.8602513227513225,FullHistoryMean,ae,active120,9
KFYFQ51mm,2,-0.5,FullHistoryMean,ae,active120,9
KFYFQ54mm,2,5.0,FullHistoryMean,ae,active120,9
KFYFQ58mm,2,11.0,FullHistoryMean,ae,active120,9
KZCWBG001,6,1.9132423132423133,FullHistoryMean,ae,active120,9
LRKF0001,6,3.254166666666667,FullHistoryMean,ae,active120,9
LTKF0019,6,-0.032625707625707524,FullHistoryMean,ae,active120,9
LTKF0020,6,49.03805916305916,FullHistoryMean,ae,active120,9
LTKF0021,6,-4.313018463018462,FullHistoryMean,ae,active120,9
LTKF0022M,6,-3.1637815887815903,FullHistoryMean,ae,active120,9
LTKF0031,6,5.281253006253006,FullHistoryMean,ae,active120,9
LTKF0047,6,-0.3643190143190141,FullHistoryMean,ae,active120,9
LTKF0101,6,2.0700651200651214,FullHistoryMean,ae,active120,9
LTKF093,6,2.7646103896103895,FullHistoryMean,ae,active120,9
LTKF098,6,8.158014208014208,FullHistoryMean,ae,active120,9
LTKF098B,2,-0.71875,FullHistoryMean,ae,active120,9
LYC0201,6,2.27978872978873,FullHistoryMean,ae,active120,9
NNB0002,6,22.328221778221785,FullHistoryMean,ae,active120,9
NNBZL01,2,-4.625,FullHistoryMean,ae,active120,9
QCCXC0004,6,9.818969918969918,FullHistoryMean,ae,active120,9
QCCXC0005,6,-2.389417989417989,FullHistoryMean,ae,active120,9
QCCXC0007,6,-6.8398809523809545,FullHistoryMean,ae,active120,9
QCSSXC0005,6,5.908531746031746,FullHistoryMean,ae,active120,9
QCSSXC0006,6,-0.8363756613756598,FullHistoryMean,ae,active120,9
QCXDS001,6,-2.0734126984126977,FullHistoryMean,ae,active120,9
QFDNZGJK001,2,2.375,FullHistoryMean,ae,active120,9
QFDNZGJK002,2,-0.875,FullHistoryMean,ae,active120,9
QFSJZ001-1,6,-4.757407407407407,FullHistoryMean,ae,active120,9
QFSJZ003-1,6,0.7296758796758791,FullHistoryMean,ae,active120,9
RLHZHMV000AMDE,6,-2.0484108484108483,FullHistoryMean,ae,active120,9
SKZ2FT01,2,2.625,FullHistoryMean,ae,active120,9
SKZ3FT01,2,14.0,FullHistoryMean,ae,active120,9
SPH0001,6,-6.625,FullHistoryMean,ae,active120,9
WSJZS0002,6,-18.958333333333332,FullHistoryMean,ae,active120,9
WSJZS0004,6,-34.85,FullHistoryMean,ae,active120,9
XFTW0001,2,-15.625,FullHistoryMean,ae,active120,9
XGX9995,2,0.0,FullHistoryMean,ae,active120,9
XHP0001,6,94.69743034743034,FullHistoryMean,ae,active120,9
XHZXCZP0001,6,-9.481700706700707,FullHistoryMean,ae,active120,9
XHZXCZP0002,6,-10.708613608613609,FullHistoryMean,ae,active120,9
XMJ0004,2,6.0,FullHistoryMean,ae,active120,9
XMSH0001,2,-11.25,FullHistoryMean,ae,active120,9
XXGP0002,2,11.125,FullHistoryMean,ae,active120,9
XYJ0001,2,-4.75,FullHistoryMean,ae,active120,9
XYMGPD0001,2,8.75,FullHistoryMean,ae,active120,9
XYMGPD0002,2,2.5,FullHistoryMean,ae,active120,9
XYMZG0016,2,0.0,FullHistoryMean,ae,active120,9
YBB0001,6,-0.9898148148148148,FullHistoryMean,ae,active120,9
YDBZ001,6,-5.962594812594812,FullHistoryMean,ae,active120,9
YDBZ002,6,-1.3674348799348799,FullHistoryMean,ae,active120,9
YEC0009,2,4.125,FullHistoryMean,ae,active120,9
YJLZHMV000AMDE,6,-2.166519591519591,FullHistoryMean,ae,active120,9
YKLLW0005,6,1.5629629629629627,FullHistoryMean,ae,active120,9
ZBTZ0002,6,-3.093094868094868,FullHistoryMean,ae,active120,9
ZJJSJSV001AMDE,6,7.7976190476190474,FullHistoryMean,ae,active120,9
ZJJYZBV001AMDE,6,-0.8587962962962964,FullHistoryMean,ae,active120,9
ZJJYZSJSV1AMDE,6,8.174470899470899,FullHistoryMean,ae,active120,9
ZTD0001,6,0.6712454212454215,FullHistoryMean,ae,active120,9
ZTD0003,6,0.8792624042624047,FullHistoryMean,ae,active120,9
xgx0014,2,0.75,FullHistoryMean,ae,active120,9
xgx0015,2,-4.875,FullHistoryMean,ae,active120,9
xgx0016,2,-4.5,FullHistoryMean,ae,active120,9
xymzd0015,2,-0.75,FullHistoryMean,ae,active120,9
BLP0001,4,1.7429469956033221,BlockFrequencyMean,mase_52,active120,13
BLP0002,4,2.59375,BlockFrequencyMean,mase_52,active120,13
CWW0002,4,2.900602603966864,BlockFrequencyMean,mase_52,active120,13
DHZXCZP0001,4,-1.028615494978479,BlockFrequencyMean,mase_52,active120,13
DRMJJ0022,5,0.10561904761904758,BlockFrequencyMean,mase_52,active120,13
DRMJJ0023,5,-0.13234435117309473,BlockFrequencyMean,mase_52,active120,13
ETZP0003,3,-0.9026722391084094,BlockFrequencyMean,mase_52,active120,13
ETZP0004,4,1.2791263440860214,BlockFrequencyMean,mase_52,active120,13
FDBLHP0001,4,-0.5741813696172249,BlockFrequencyMean,mase_52,active120,13
FDBLP0001,5,-0.06915553106488606,BlockFrequencyMean,mase_52,active120,13
FRC0002,6,0.4171191210125637,BlockFrequencyMean,mase_52,active120,13
FRC0003,6,-0.06566485323886645,BlockFrequencyMean,mase_52,active120,13
FRH0001,6,1.5776263618010844,BlockFrequencyMean,mase_52,active120,13
FRH0002,6,0.9950725579380552,BlockFrequencyMean,mase_52,active120,13
FRH0003,6,0.787407887925668,BlockFrequencyMean,mase_52,active120,13
FRH0004,6,0.9202264841584342,BlockFrequencyMean,mase_52,active120,13
FRH0033,6,0.28908532551438415,BlockFrequencyMean,mase_52,active120,13
FRH0034,6,0.7184417951926741,BlockFrequencyMean,mase_52,active120,13
FRH0040,6,0.9457509881422909,BlockFrequencyMean,mase_52,active120,13
FRH0045,5,-0.6088501624686288,BlockFrequencyMean,mase_52,active120,13
FRH0046,6,-1.0000256410256412,BlockFrequencyMean,mase_52,active120,13
FRH0048,6,-1.1516121769191252,BlockFrequencyMean,mase_52,active120,13
FRH0050,6,0.8033653846153846,BlockFrequencyMean,mase_52,active120,13
FRH0051,6,-0.11767810314685301,BlockFrequencyMean,mase_52,active120,13
FRH0056,6,-0.5253615379501019,BlockFrequencyMean,mase_52,active120,13
FRH0059,6,-0.3719119608267059,BlockFrequencyMean,mase_52,active120,13
FRH0064,4,2.956567608386638,BlockFrequencyMean,mase_52,active120,13
FRH0065,4,-1.5387054069119286,BlockFrequencyMean,mase_52,active120,13
FRW0005,6,0.13712748650797071,BlockFrequencyMean,mase_52,active120,13
FRW0006,6,0.09248684804211532,BlockFrequencyMean,mase_52,active120,13
FRW0013,5,0.6333395989974937,BlockFrequencyMean,mase_52,active120,13
FRW0015,6,-0.3982136297611296,BlockFrequencyMean,mase_52,active120,13
FRW0017,4,-0.4642857142857143,BlockFrequencyMean,mase_52,active120,13
FRW0024,3,-1.262152777777778,BlockFrequencyMean,mase_52,active120,13
FZLRICBHP0001,5,-0.6949358974358975,BlockFrequencyMean,mase_52,active120,13
FZLRJ0001,4,-0.6386647727272728,BlockFrequencyMean,mase_52,active120,13
FZLRJ0002,5,1.4417659756630719,BlockFrequencyMean,mase_52,active120,13
GJMJSLW001,4,-1.4563640392772723,BlockFrequencyMean,mase_52,active120,13
GJMJWJX001,6,0.40192483474387414,BlockFrequencyMean,mase_52,active120,13
GJMJWJXW001,6,0.5744073191581988,BlockFrequencyMean,mase_52,active120,13
HLGKSLT0001,5,0.06852334100295535,BlockFrequencyMean,mase_52,active120,13
HWZDSKL0001,5,-1.0687137871095904,BlockFrequencyMean,mase_52,active120,13
HZSN0001,6,0.5822435573467413,BlockFrequencyMean,mase_52,active120,13
JZJ00011,4,-0.8738404598010594,BlockFrequencyMean,mase_52,active120,13
JZJ00012,5,-0.6080523760823651,BlockFrequencyMean,mase_52,active120,13
JZJ0002,6,1.2919726730028998,BlockFrequencyMean,mase_52,active120,13
JZJ0003,6,1.8538950433336379,BlockFrequencyMean,mase_52,active120,13
JZJ0005,3,3.002941176470588,BlockFrequencyMean,mase_52,active120,13
JZJ0008,3,3.1079277551346602,BlockFrequencyMean,mase_52,active120,13
JZJ0009,6,0.11981254872480222,BlockFrequencyMean,mase_52,active120,13
JZJ0013,6,0.5655143248846514,BlockFrequencyMean,mase_52,active120,13
JZJ0016,6,-0.4452562071298261,BlockFrequencyMean,mase_52,active120,13
JZJ0018,4,2.176026785714286,BlockFrequencyMean,mase_52,active120,13
JZJ0019,4,-0.5257032534481183,BlockFrequencyMean,mase_52,active120,13
JZQCQ001,4,1.4104365135202896,BlockFrequencyMean,mase_52,active120,13
JZQCQ003,4,1.4903095413672311,BlockFrequencyMean,mase_52,active120,13
JZQCQ004,4,2.1170758928571427,BlockFrequencyMean,mase_52,active120,13
KZCWBG001,4,0.03632703081232494,BlockFrequencyMean,mase_52,active120,13
LRKF0001,5,1.627793715846995,BlockFrequencyMean,mase_52,active120,13
LTKF0019,5,0.4738179754660485,BlockFrequencyMean,mase_52,active120,13
LTKF0020,6,2.2911896559627296,BlockFrequencyMean,mase_52,active120,13
LTKF0021,5,0.3288212072020718,BlockFrequencyMean,mase_52,active120,13
LTKF0022M,5,0.7844742077341895,BlockFrequencyMean,mase_52,active120,13
LTKF0031,5,-0.0815637065637066,BlockFrequencyMean,mase_52,active120,13
LTKF0047,5,1.440312843540964,BlockFrequencyMean,mase_52,active120,13
LTKF0101,5,-0.3138795057907805,BlockFrequencyMean,mase_52,active120,13
LTKF093,4,1.1396520146520146,BlockFrequencyMean,mase_52,active120,13
LTKF098,4,1.1847827763668555,BlockFrequencyMean,mase_52,active120,13
LYC0201,4,2.343082264957265,BlockFrequencyMean,mase_52,active120,13
NNB0002,4,-0.5970329294129805,BlockFrequencyMean,mase_52,active120,13
QCCXC0004,6,1.3215015172735762,BlockFrequencyMean,mase_52,active120,13
QCCXC0005,4,1.6165280793045038,BlockFrequencyMean,mase_52,active120,13
QCCXC0007,4,1.7913134429908344,BlockFrequencyMean,mase_52,active120,13
QCSSXC0005,4,1.0022407170294494,BlockFrequencyMean,mase_52,active120,13
QCSSXC0006,4,3.3978365384615383,BlockFrequencyMean,mase_52,active120,13
QCXDS001,4,0.8219201928411838,BlockFrequencyMean,mase_52,active120,13
QFSJZ001-1,2,5.413043478260869,BlockFrequencyMean,mase_52,active120,13
QFSJZ003-1,4,0.1568599407726477,BlockFrequencyMean,mase_52,active120,13
RLHZHMV000AMDE,6,0.80027636999308,BlockFrequencyMean,mase_52,active120,13
SPH0001,1,-0.1363636363636367,BlockFrequencyMean,mase_52,active120,13
WSJZS0002,1,9.0,BlockFrequencyMean,mase_52,active120,13
WSJZS0004,1,9.0,BlockFrequencyMean,mase_52,active120,13
XHP0001,4,0.36373542235061274,BlockFrequencyMean,mase_52,active120,13
XHZXCZP0001,6,0.12333775685636593,BlockFrequencyMean,mase_52,active120,13
XHZXCZP0002,3,-1.495356505670957,BlockFrequencyMean,mase_52,active120,13
YBB0001,1,-2.075,BlockFrequencyMean,mase_52,active120,13
YDBZ001,6,-0.7323391909814324,BlockFrequencyMean,mase_52,active120,13
YDBZ002,6,-0.9335654806131474,BlockFrequencyMean,mase_52,active120,13
YJLZHMV000AMDE,6,0.38927797608071435,BlockFrequencyMean,mase_52,active120,13
YKLLW0005,2,0.29826680672268907,BlockFrequencyMean,mase_52,active120,13
ZBTZ0002,4,0.16173396915584415,BlockFrequencyMean,mase_52,active120,13
ZJJSJSV001AMDE,5,0.8802742946708463,BlockFrequencyMean,mase_52,active120,13
ZJJYZBV001AMDE,5,-0.670208435926504,BlockFrequencyMean,mase_52,active120,13
ZJJYZSJSV1AMDE,4,0.48563218390804597,BlockFrequencyMean,mase_52,active120,13
ZTD0001,2,0.43490783410138245,BlockFrequencyMean,mase_52,active120,13
ZTD0003,3,1.0045859538784068,BlockFrequencyMean,mase_52,active120,13
BLP0001,4,4.65625,BlockFrequencyMean,ae,active120,13
BLP0002,4,2.4375,BlockFrequencyMean,ae,active120,13
CWW0002,4,46.375,BlockFrequencyMean,ae,active120,13
DHZXCZP0001,4,-12.5625,BlockFrequencyMean,ae,active120,13
DRMJJ0022,5,-3.125,BlockFrequencyMean,ae,active120,13
DRMJJ0023,5,6.4,BlockFrequencyMean,ae,active120,13
ETZP0003,3,-4.5,BlockFrequencyMean,ae,active120,13
ETZP0004,4,9.5625,BlockFrequencyMean,ae,active120,13
FDBLHP0001,4,-3.375,BlockFrequencyMean,ae,active120,13
FDBLP0001,5,-44.6875,BlockFrequencyMean,ae,active120,13
FRC0002,6,5.319444444444444,BlockFrequencyMean,ae,active120,13
FRC0003,6,-0.5833333333333334,BlockFrequencyMean,ae,active120,13
FRH0001,6,21.23611111111111,BlockFrequencyMean,ae,active120,13
FRH0002,6,14.111111111111112,BlockFrequencyMean,ae,active120,13
FRH0003,6,35.31944444444445,BlockFrequencyMean,ae,active120,13
FRH0004,6,11.847222222222223,BlockFrequencyMean,ae,active120,13
FRH0033,6,4.479166666666667,BlockFrequencyMean,ae,active120,13
FRH0034,6,2.7583333333333333,BlockFrequencyMean,ae,active120,13
FRH0040,6,4.73611111111111,BlockFrequencyMean,ae,active120,13
FRH0045,5,-9.316666666666666,BlockFrequencyMean,ae,active120,13
FRH0046,6,1.8333333333333333,BlockFrequencyMean,ae,active120,13
FRH0048,6,-18.09027777777778,BlockFrequencyMean,ae,active120,13
FRH0050,6,5.875,BlockFrequencyMean,ae,active120,13
FRH0051,6,-4.708333333333333,BlockFrequencyMean,ae,active120,13
FRH0056,6,-15.833333333333334,BlockFrequencyMean,ae,active120,13
FRH0059,6,7.125,BlockFrequencyMean,ae,active120,13
FRH0064,4,17.6875,BlockFrequencyMean,ae,active120,13
FRH0065,4,-8.3125,BlockFrequencyMean,ae,active120,13
FRW0005,6,1.0833333333333333,BlockFrequencyMean,ae,active120,13
FRW0006,6,1.6041666666666667,BlockFrequencyMean,ae,active120,13
FRW0013,5,5.883333333333333,BlockFrequencyMean,ae,active120,13
FRW0015,6,-16.083333333333332,BlockFrequencyMean,ae,active120,13
FRW0017,4,-4.875,BlockFrequencyMean,ae,active120,13
FRW0024,3,-10.0,BlockFrequencyMean,ae,active120,13
FZLRICBHP0001,5,-2.5,BlockFrequencyMean,ae,active120,13
FZLRJ0001,4,-8.75,BlockFrequencyMean,ae,active120,13
FZLRJ0002,5,2.05,BlockFrequencyMean,ae,active120,13
GJMJSLW001,4,-74.875,BlockFrequencyMean,ae,active120,13
GJMJWJX001,6,50.020833333333336,BlockFrequencyMean,ae,active120,13
GJMJWJXW001,6,119.125,BlockFrequencyMean,ae,active120,13
HLGKSLT0001,5,-2.55,BlockFrequencyMean,ae,active120,13
HWZDSKL0001,5,-19.95,BlockFrequencyMean,ae,active120,13
HZSN0001,6,-0.9583333333333334,BlockFrequencyMean,ae,active120,13
JZJ00011,4,-6.6875,BlockFrequencyMean,ae,active120,13
JZJ00012,5,-15.4,BlockFrequencyMean,ae,active120,13
JZJ0002,6,2.0833333333333335,BlockFrequencyMean,ae,active120,13
JZJ0003,6,33.0,BlockFrequencyMean,ae,active120,13
JZJ0005,3,16.27777777777778,BlockFrequencyMean,ae,active120,13
JZJ0008,3,23.166666666666668,BlockFrequencyMean,ae,active120,13
JZJ0009,6,5.5,BlockFrequencyMean,ae,active120,13
JZJ0013,6,41.541666666666664,BlockFrequencyMean,ae,active120,13
JZJ0016,6,-6.697916666666667,BlockFrequencyMean,ae,active120,13
JZJ0018,4,0.5,BlockFrequencyMean,ae,active120,13
JZJ0019,4,-16.109375,BlockFrequencyMean,ae,active120,13
JZQCQ001,4,110.875,BlockFrequencyMean,ae,active120,13
JZQCQ003,4,97.4375,BlockFrequencyMean,ae,active120,13
JZQCQ004,4,10.4375,BlockFrequencyMean,ae,active120,13
KFYFQ51mm,1,-27.5,BlockFrequencyMean,ae,active120,13
KFYFQ54mm,1,-61.25,BlockFrequencyMean,ae,active120,13
KFYFQ58mm,1,6.75,BlockFrequencyMean,ae,active120,13
KZCWBG001,4,-0.1875,BlockFrequencyMean,ae,active120,13
LRKF0001,5,13.666666666666668,BlockFrequencyMean,ae,active120,13
LTKF0019,5,2.0,BlockFrequencyMean,ae,active120,13
LTKF0020,6,67.375,BlockFrequencyMean,ae,active120,13
LTKF0021,5,2.05,BlockFrequencyMean,ae,active120,13
LTKF0022M,5,-0.7,BlockFrequencyMean,ae,active120,13
LTKF0031,5,-0.5,BlockFrequencyMean,ae,active120,13
LTKF0047,5,3.65,BlockFrequencyMean,ae,active120,13
LTKF0101,5,-6.6,BlockFrequencyMean,ae,active120,13
LTKF093,4,3.6875,BlockFrequencyMean,ae,active120,13
LTKF098,4,-35.828125,BlockFrequencyMean,ae,active120,13
LTKF098B,1,0.75,BlockFrequencyMean,ae,active120,13
LYC0201,4,2.875,BlockFrequencyMean,ae,active120,13
NNB0002,4,-47.59375,BlockFrequencyMean,ae,active120,13
NNBZL01,1,2.5,BlockFrequencyMean,ae,active120,13
QCCXC0004,6,26.041666666666668,BlockFrequencyMean,ae,active120,13
QCCXC0005,4,11.875,BlockFrequencyMean,ae,active120,13
QCCXC0007,4,24.375,BlockFrequencyMean,ae,active120,13
QCSSXC0005,4,-23.5,BlockFrequencyMean,ae,active120,13
QCSSXC0006,4,7.4375,BlockFrequencyMean,ae,active120,13
QCXDS001,4,27.0625,BlockFrequencyMean,ae,active120,13
QFDNZGJK001,1,13.5,BlockFrequencyMean,ae,active120,13
QFDNZGJK002,1,-14.0,BlockFrequencyMean,ae,active120,13
QFSJZ001-1,2,13.0,BlockFrequencyMean,ae,active120,13
QFSJZ003-1,4,-0.875,BlockFrequencyMean,ae,active120,13
RLHZHMV000AMDE,6,23.625,BlockFrequencyMean,ae,active120,13
SPH0001,1,-0.5,BlockFrequencyMean,ae,active120,13
WSJZS0002,1,6.0,BlockFrequencyMean,ae,active120,13
WSJZS0004,1,48.0,BlockFrequencyMean,ae,active120,13
XFTW0001,1,9.0,BlockFrequencyMean,ae,active120,13
XHP0001,4,-54.3125,BlockFrequencyMean,ae,active120,13
XHZXCZP0001,6,20.75,BlockFrequencyMean,ae,active120,13
XHZXCZP0002,3,-8.875,BlockFrequencyMean,ae,active120,13
XMJ0004,1,40.5,BlockFrequencyMean,ae,active120,13
XMSH0001,1,-47.0,BlockFrequencyMean,ae,active120,13
XXGP0002,1,-74.5,BlockFrequencyMean,ae,active120,13
XYJ0001,1,-38.5,BlockFrequencyMean,ae,active120,13
XYMGPD0001,1,21.0,BlockFrequencyMean,ae,active120,13
XYMGPD0002,1,-10.25,BlockFrequencyMean,ae,active120,13
YBB0001,1,-20.75,BlockFrequencyMean,ae,active120,13
YDBZ001,6,-5.125,BlockFrequencyMean,ae,active120,13
YDBZ002,6,-15.59375,BlockFrequencyMean,ae,active120,13
YEC0009,1,-8.0,BlockFrequencyMean,ae,active120,13
YJLZHMV000AMDE,6,3.4166666666666665,BlockFrequencyMean,ae,active120,13
YKLLW0005,2,9.25,BlockFrequencyMean,ae,active120,13
ZBTZ0002,4,1.625,BlockFrequencyMean,ae,active120,13
ZJJSJSV001AMDE,5,15.35,BlockFrequencyMean,ae,active120,13
ZJJYZBV001AMDE,5,-8.983333333333333,BlockFrequencyMean,ae,active120,13
ZJJYZSJSV1AMDE,4,14.083333333333332,BlockFrequencyMean,ae,active120,13
ZTD0001,2,4.375,BlockFrequencyMean,ae,active120,13
ZTD0003,3,3.1666666666666665,BlockFrequencyMean,ae,active120,13
xgx0014,1,-11.75,BlockFrequencyMean,ae,active120,13
xgx0015,1,8.25,BlockFrequencyMean,ae,active120,13
xgx0016,1,-11.75,BlockFrequencyMean,ae,active120,13
xymzd0015,1,-7.0,BlockFrequencyMean,ae,active120,13
BLP0001,4,1.7429469956033221,MatchedHistoryMean,mase_52,active120,13
BLP0002,4,2.59375,MatchedHistoryMean,mase_52,active120,13
CWW0002,4,2.900602603966864,MatchedHistoryMean,mase_52,active120,13
DHZXCZP0001,4,-1.028615494978479,MatchedHistoryMean,mase_52,active120,13
DRMJJ0022,5,0.10561904761904758,MatchedHistoryMean,mase_52,active120,13
DRMJJ0023,5,-0.13234435117309473,MatchedHistoryMean,mase_52,active120,13
ETZP0003,3,-0.9026722391084094,MatchedHistoryMean,mase_52,active120,13
ETZP0004,4,1.2791263440860214,MatchedHistoryMean,mase_52,active120,13
FDBLHP0001,4,-0.5741813696172249,MatchedHistoryMean,mase_52,active120,13
FDBLP0001,5,-0.06915553106488606,MatchedHistoryMean,mase_52,active120,13
FRC0002,6,0.4171191210125637,MatchedHistoryMean,mase_52,active120,13
FRC0003,6,-0.06566485323886645,MatchedHistoryMean,mase_52,active120,13
FRH0001,6,1.5776263618010844,MatchedHistoryMean,mase_52,active120,13
FRH0002,6,0.9950725579380549,MatchedHistoryMean,mase_52,active120,13
FRH0003,6,0.787407887925668,MatchedHistoryMean,mase_52,active120,13
FRH0004,6,0.9202264841584342,MatchedHistoryMean,mase_52,active120,13
FRH0033,6,0.28908532551438415,MatchedHistoryMean,mase_52,active120,13
FRH0034,6,0.7184417951926741,MatchedHistoryMean,mase_52,active120,13
FRH0040,6,0.9457509881422909,MatchedHistoryMean,mase_52,active120,13
FRH0045,5,-0.6088501624686288,MatchedHistoryMean,mase_52,active120,13
FRH0046,6,-1.0000256410256412,MatchedHistoryMean,mase_52,active120,13
FRH0048,6,-1.1516121769191252,MatchedHistoryMean,mase_52,active120,13
FRH0050,6,0.8033653846153846,MatchedHistoryMean,mase_52,active120,13
FRH0051,6,-0.11767810314685301,MatchedHistoryMean,mase_52,active120,13
FRH0056,6,-0.5253615379501019,MatchedHistoryMean,mase_52,active120,13
FRH0059,6,-0.3719119608267059,MatchedHistoryMean,mase_52,active120,13
FRH0064,4,2.956567608386638,MatchedHistoryMean,mase_52,active120,13
FRH0065,4,-1.5387054069119286,MatchedHistoryMean,mase_52,active120,13
FRW0005,6,0.13712748650797071,MatchedHistoryMean,mase_52,active120,13
FRW0006,6,0.09248684804211532,MatchedHistoryMean,mase_52,active120,13
FRW0013,5,0.6333395989974937,MatchedHistoryMean,mase_52,active120,13
FRW0015,6,-0.3982136297611296,MatchedHistoryMean,mase_52,active120,13
FRW0017,4,-0.4642857142857143,MatchedHistoryMean,mase_52,active120,13
FRW0024,3,-1.262152777777778,MatchedHistoryMean,mase_52,active120,13
FZLRICBHP0001,5,-0.6949358974358975,MatchedHistoryMean,mase_52,active120,13
FZLRJ0001,4,-0.6386647727272728,MatchedHistoryMean,mase_52,active120,13
FZLRJ0002,5,1.4417659756630719,MatchedHistoryMean,mase_52,active120,13
GJMJSLW001,4,-1.4563640392772723,MatchedHistoryMean,mase_52,active120,13
GJMJWJX001,6,0.40192483474387414,MatchedHistoryMean,mase_52,active120,13
GJMJWJXW001,6,0.5744073191581988,MatchedHistoryMean,mase_52,active120,13
HLGKSLT0001,5,0.06852334100295535,MatchedHistoryMean,mase_52,active120,13
HWZDSKL0001,5,-1.0687137871095904,MatchedHistoryMean,mase_52,active120,13
HZSN0001,6,0.5822435573467413,MatchedHistoryMean,mase_52,active120,13
JZJ00011,4,-0.8738404598010594,MatchedHistoryMean,mase_52,active120,13
JZJ00012,5,-0.6080523760823651,MatchedHistoryMean,mase_52,active120,13
JZJ0002,6,1.2919726730028998,MatchedHistoryMean,mase_52,active120,13
JZJ0003,6,1.8538950433336379,MatchedHistoryMean,mase_52,active120,13
JZJ0005,3,3.002941176470588,MatchedHistoryMean,mase_52,active120,13
JZJ0008,3,3.1079277551346602,MatchedHistoryMean,mase_52,active120,13
JZJ0009,6,0.11981254872480222,MatchedHistoryMean,mase_52,active120,13
JZJ0013,6,0.5655143248846514,MatchedHistoryMean,mase_52,active120,13
JZJ0016,6,-0.4452562071298261,MatchedHistoryMean,mase_52,active120,13
JZJ0018,4,2.176026785714286,MatchedHistoryMean,mase_52,active120,13
JZJ0019,4,-0.5257032534481183,MatchedHistoryMean,mase_52,active120,13
JZQCQ001,4,1.4104365135202896,MatchedHistoryMean,mase_52,active120,13
JZQCQ003,4,1.4903095413672311,MatchedHistoryMean,mase_52,active120,13
JZQCQ004,4,2.1170758928571427,MatchedHistoryMean,mase_52,active120,13
KZCWBG001,4,0.03632703081232494,MatchedHistoryMean,mase_52,active120,13
LRKF0001,5,1.627793715846995,MatchedHistoryMean,mase_52,active120,13
LTKF0019,5,0.4738179754660485,MatchedHistoryMean,mase_52,active120,13
LTKF0020,6,2.2911896559627296,MatchedHistoryMean,mase_52,active120,13
LTKF0021,5,0.3288212072020718,MatchedHistoryMean,mase_52,active120,13
LTKF0022M,5,0.7844742077341895,MatchedHistoryMean,mase_52,active120,13
LTKF0031,5,-0.0815637065637066,MatchedHistoryMean,mase_52,active120,13
LTKF0047,5,1.440312843540964,MatchedHistoryMean,mase_52,active120,13
LTKF0101,5,-0.3138795057907805,MatchedHistoryMean,mase_52,active120,13
LTKF093,4,1.1396520146520146,MatchedHistoryMean,mase_52,active120,13
LTKF098,4,1.1847827763668555,MatchedHistoryMean,mase_52,active120,13
LYC0201,4,2.343082264957265,MatchedHistoryMean,mase_52,active120,13
NNB0002,4,-0.5970329294129805,MatchedHistoryMean,mase_52,active120,13
QCCXC0004,6,1.3215015172735762,MatchedHistoryMean,mase_52,active120,13
QCCXC0005,4,1.6165280793045038,MatchedHistoryMean,mase_52,active120,13
QCCXC0007,4,1.7913134429908344,MatchedHistoryMean,mase_52,active120,13
QCSSXC0005,4,1.0022407170294494,MatchedHistoryMean,mase_52,active120,13
QCSSXC0006,4,3.3978365384615383,MatchedHistoryMean,mase_52,active120,13
QCXDS001,4,0.8219201928411838,MatchedHistoryMean,mase_52,active120,13
QFSJZ001-1,2,5.413043478260869,MatchedHistoryMean,mase_52,active120,13
QFSJZ003-1,4,0.1568599407726477,MatchedHistoryMean,mase_52,active120,13
RLHZHMV000AMDE,6,0.80027636999308,MatchedHistoryMean,mase_52,active120,13
SPH0001,1,-0.1363636363636367,MatchedHistoryMean,mase_52,active120,13
WSJZS0002,1,9.0,MatchedHistoryMean,mase_52,active120,13
WSJZS0004,1,9.0,MatchedHistoryMean,mase_52,active120,13
XHP0001,4,0.36373542235061274,MatchedHistoryMean,mase_52,active120,13
XHZXCZP0001,6,0.12333775685636593,MatchedHistoryMean,mase_52,active120,13
XHZXCZP0002,3,-1.495356505670957,MatchedHistoryMean,mase_52,active120,13
YBB0001,1,-2.075,MatchedHistoryMean,mase_52,active120,13
YDBZ001,6,-0.7323391909814324,MatchedHistoryMean,mase_52,active120,13
YDBZ002,6,-0.9335654806131474,MatchedHistoryMean,mase_52,active120,13
YJLZHMV000AMDE,6,0.38927797608071435,MatchedHistoryMean,mase_52,active120,13
YKLLW0005,2,0.29826680672268907,MatchedHistoryMean,mase_52,active120,13
ZBTZ0002,4,0.16173396915584415,MatchedHistoryMean,mase_52,active120,13
ZJJSJSV001AMDE,5,0.8802742946708463,MatchedHistoryMean,mase_52,active120,13
ZJJYZBV001AMDE,5,-0.670208435926504,MatchedHistoryMean,mase_52,active120,13
ZJJYZSJSV1AMDE,4,0.48563218390804597,MatchedHistoryMean,mase_52,active120,13
ZTD0001,2,0.43490783410138245,MatchedHistoryMean,mase_52,active120,13
ZTD0003,3,1.0045859538784068,MatchedHistoryMean,mase_52,active120,13
BLP0001,6,3.1041666666666665,MatchedHistoryMean,ae,active120,13
BLP0002,6,1.625,MatchedHistoryMean,ae,active120,13
CWW0002,6,30.916666666666668,MatchedHistoryMean,ae,active120,13
DHZXCZP0001,6,-8.375,MatchedHistoryMean,ae,active120,13
DRMJJ0022,6,-2.6041666666666665,MatchedHistoryMean,ae,active120,13
DRMJJ0023,6,5.333333333333333,MatchedHistoryMean,ae,active120,13
ETZP0003,6,-2.25,MatchedHistoryMean,ae,active120,13
ETZP0004,6,6.375,MatchedHistoryMean,ae,active120,13
FDBLHP0001,6,-2.25,MatchedHistoryMean,ae,active120,13
FDBLP0001,6,-37.239583333333336,MatchedHistoryMean,ae,active120,13
FRC0002,6,5.319444444444445,MatchedHistoryMean,ae,active120,13
FRC0003,6,-0.5833333333333334,MatchedHistoryMean,ae,active120,13
FRH0001,6,21.23611111111111,MatchedHistoryMean,ae,active120,13
FRH0002,6,14.111111111111109,MatchedHistoryMean,ae,active120,13
FRH0003,6,35.31944444444445,MatchedHistoryMean,ae,active120,13
FRH0004,6,11.847222222222223,MatchedHistoryMean,ae,active120,13
FRH0033,6,4.479166666666667,MatchedHistoryMean,ae,active120,13
FRH0034,6,2.7583333333333333,MatchedHistoryMean,ae,active120,13
FRH0040,6,4.73611111111111,MatchedHistoryMean,ae,active120,13
FRH0045,6,-7.763888888888888,MatchedHistoryMean,ae,active120,13
FRH0046,6,1.8333333333333333,MatchedHistoryMean,ae,active120,13
FRH0048,6,-18.09027777777778,MatchedHistoryMean,ae,active120,13
FRH0050,6,5.875,MatchedHistoryMean,ae,active120,13
FRH0051,6,-4.708333333333333,MatchedHistoryMean,ae,active120,13
FRH0056,6,-15.833333333333334,MatchedHistoryMean,ae,active120,13
FRH0059,6,7.125,MatchedHistoryMean,ae,active120,13
FRH0064,6,11.791666666666666,MatchedHistoryMean,ae,active120,13
FRH0065,6,-5.541666666666667,MatchedHistoryMean,ae,active120,13
FRW0005,6,1.0833333333333333,MatchedHistoryMean,ae,active120,13
FRW0006,6,1.6041666666666667,MatchedHistoryMean,ae,active120,13
FRW0013,6,4.902777777777778,MatchedHistoryMean,ae,active120,13
FRW0015,6,-16.083333333333332,MatchedHistoryMean,ae,active120,13
FRW0017,6,-3.25,MatchedHistoryMean,ae,active120,13
FRW0024,6,-5.0,MatchedHistoryMean,ae,active120,13
FZLRICBHP0001,6,-2.0833333333333335,MatchedHistoryMean,ae,active120,13
FZLRJ0001,6,-5.833333333333333,MatchedHistoryMean,ae,active120,13
FZLRJ0002,6,1.7083333333333333,MatchedHistoryMean,ae,active120,13
FZLRJ0005,1,0.0,MatchedHistoryMean,ae,active120,13
GJMJSLW001,6,-49.916666666666664,MatchedHistoryMean,ae,active120,13
GJMJWJX001,6,50.020833333333336,MatchedHistoryMean,ae,active120,13
GJMJWJXW001,6,119.125,MatchedHistoryMean,ae,active120,13
HLGKSLT0001,6,-2.125,MatchedHistoryMean,ae,active120,13
HWZDSKL0001,6,-16.625,MatchedHistoryMean,ae,active120,13
HZSN0001,6,-0.9583333333333334,MatchedHistoryMean,ae,active120,13
JZJ00011,6,-4.458333333333333,MatchedHistoryMean,ae,active120,13
JZJ00012,6,-12.833333333333334,MatchedHistoryMean,ae,active120,13
JZJ0002,6,2.0833333333333335,MatchedHistoryMean,ae,active120,13
JZJ0003,6,33.0,MatchedHistoryMean,ae,active120,13
JZJ0005,6,8.13888888888889,MatchedHistoryMean,ae,active120,13
JZJ0008,6,11.583333333333334,MatchedHistoryMean,ae,active120,13
JZJ0009,6,5.5,MatchedHistoryMean,ae,active120,13
JZJ0013,6,41.541666666666664,MatchedHistoryMean,ae,active120,13
JZJ0016,6,-6.697916666666667,MatchedHistoryMean,ae,active120,13
JZJ0018,6,0.3333333333333333,MatchedHistoryMean,ae,active120,13
JZJ0019,6,-10.739583333333334,MatchedHistoryMean,ae,active120,13
JZQCQ001,6,73.91666666666667,MatchedHistoryMean,ae,active120,13
JZQCQ003,6,64.95833333333333,MatchedHistoryMean,ae,active120,13
JZQCQ004,6,6.958333333333333,MatchedHistoryMean,ae,active120,13
KFYFQ51mm,1,-27.5,MatchedHistoryMean,ae,active120,13
KFYFQ54mm,1,-61.25,MatchedHistoryMean,ae,active120,13
KFYFQ58mm,1,6.75,MatchedHistoryMean,ae,active120,13
KZCWBG001,6,-0.125,MatchedHistoryMean,ae,active120,13
LRKF0001,6,11.388888888888891,MatchedHistoryMean,ae,active120,13
LTKF0019,6,1.6666666666666667,MatchedHistoryMean,ae,active120,13
LTKF0020,6,67.375,MatchedHistoryMean,ae,active120,13
LTKF0021,6,1.7083333333333333,MatchedHistoryMean,ae,active120,13
LTKF0022M,6,-0.5833333333333334,MatchedHistoryMean,ae,active120,13
LTKF0031,6,-0.4166666666666667,MatchedHistoryMean,ae,active120,13
LTKF0047,6,3.0416666666666665,MatchedHistoryMean,ae,active120,13
LTKF0101,6,-5.5,MatchedHistoryMean,ae,active120,13
LTKF093,6,2.4583333333333335,MatchedHistoryMean,ae,active120,13
LTKF098,6,-23.885416666666668,MatchedHistoryMean,ae,active120,13
LTKF098B,1,0.75,MatchedHistoryMean,ae,active120,13
LYC0201,6,1.9166666666666667,MatchedHistoryMean,ae,active120,13
NNB0002,6,-31.729166666666668,MatchedHistoryMean,ae,active120,13
NNBZL01,1,2.5,MatchedHistoryMean,ae,active120,13
QCCXC0004,6,26.041666666666668,MatchedHistoryMean,ae,active120,13
QCCXC0005,6,7.916666666666667,MatchedHistoryMean,ae,active120,13
QCCXC0007,6,16.25,MatchedHistoryMean,ae,active120,13
QCSSXC0005,6,-15.666666666666666,MatchedHistoryMean,ae,active120,13
QCSSXC0006,6,4.958333333333333,MatchedHistoryMean,ae,active120,13
QCXDS001,6,18.041666666666668,MatchedHistoryMean,ae,active120,13
QFDNZGJK001,1,13.5,MatchedHistoryMean,ae,active120,13
QFDNZGJK002,1,-14.0,MatchedHistoryMean,ae,active120,13
QFSJZ001-1,6,4.333333333333333,MatchedHistoryMean,ae,active120,13
QFSJZ003-1,6,-0.5833333333333334,MatchedHistoryMean,ae,active120,13
RLHZHMV000AMDE,6,23.625,MatchedHistoryMean,ae,active120,13
SKZ2FT01,1,0.0,MatchedHistoryMean,ae,active120,13
SKZ3FT01,1,0.0,MatchedHistoryMean,ae,active120,13
SPH0001,6,-0.08333333333333333,MatchedHistoryMean,ae,active120,13
WSJZS0002,6,1.0,MatchedHistoryMean,ae,active120,13
WSJZS0004,6,8.0,MatchedHistoryMean,ae,active120,13
XFTW0001,1,9.0,MatchedHistoryMean,ae,active120,13
XGX9995,1,0.0,MatchedHistoryMean,ae,active120,13
XHP0001,6,-36.208333333333336,MatchedHistoryMean,ae,active120,13
XHZXCZP0001,6,20.75,MatchedHistoryMean,ae,active120,13
XHZXCZP0002,6,-4.4375,MatchedHistoryMean,ae,active120,13
XMJ0004,1,40.5,MatchedHistoryMean,ae,active120,13
XMSH0001,1,-47.0,MatchedHistoryMean,ae,active120,13
XXGP0002,1,-74.5,MatchedHistoryMean,ae,active120,13
XYJ0001,1,-38.5,MatchedHistoryMean,ae,active120,13
XYMGPD0001,1,21.0,MatchedHistoryMean,ae,active120,13
XYMGPD0002,1,-10.25,MatchedHistoryMean,ae,active120,13
XYMZG0016,1,0.0,MatchedHistoryMean,ae,active120,13
YBB0001,6,-3.4583333333333335,MatchedHistoryMean,ae,active120,13
YDBZ001,6,-5.125,MatchedHistoryMean,ae,active120,13
YDBZ002,6,-15.59375,MatchedHistoryMean,ae,active120,13
YEC0009,1,-8.0,MatchedHistoryMean,ae,active120,13
YJLZHMV000AMDE,6,3.4166666666666665,MatchedHistoryMean,ae,active120,13
YKLLW0005,6,3.0833333333333335,MatchedHistoryMean,ae,active120,13
ZBTZ0002,6,1.0833333333333333,MatchedHistoryMean,ae,active120,13
ZJJSJSV001AMDE,6,12.791666666666666,MatchedHistoryMean,ae,active120,13
ZJJYZBV001AMDE,6,-7.486111111111111,MatchedHistoryMean,ae,active120,13
ZJJYZSJSV1AMDE,6,9.388888888888888,MatchedHistoryMean,ae,active120,13
ZTD0001,6,1.4583333333333333,MatchedHistoryMean,ae,active120,13
ZTD0003,6,1.5833333333333333,MatchedHistoryMean,ae,active120,13
xgx0014,1,-11.75,MatchedHistoryMean,ae,active120,13
xgx0015,1,8.25,MatchedHistoryMean,ae,active120,13
xgx0016,1,-11.75,MatchedHistoryMean,ae,active120,13
xymzd0015,1,-7.0,MatchedHistoryMean,ae,active120,13
BLP0001,4,1.8052256350757208,LaplaceMean,mase_52,active120,13
BLP0002,4,2.532335069444448,LaplaceMean,mase_52,active120,13
CWW0002,4,2.8024435223648054,LaplaceMean,mase_52,active120,13
DHZXCZP0001,4,-1.1001922923641,LaplaceMean,mase_52,active120,13
DRMJJ0022,5,0.027452380952380985,LaplaceMean,mase_52,active120,13
DRMJJ0023,5,-0.30021824745384607,LaplaceMean,mase_52,active120,13
ETZP0003,3,-1.0238306315433976,LaplaceMean,mase_52,active120,13
ETZP0004,4,1.142043010752688,LaplaceMean,mase_52,active120,13
FDBLHP0001,4,-0.7226188696172244,LaplaceMean,mase_52,active120,13
FDBLP0001,5,-0.07064326037792287,LaplaceMean,mase_52,active120,13
FRC0002,6,0.41432365716358,LaplaceMean,mase_52,active120,13
FRC0003,6,-0.12985316857849757,LaplaceMean,mase_52,active120,13
FRH0001,6,1.4793904875288935,LaplaceMean,mase_52,active120,13
FRH0002,6,0.945819989789288,LaplaceMean,mase_52,active120,13
FRH0003,6,0.7490081225403339,LaplaceMean,mase_52,active120,13
FRH0004,6,0.9344017630679738,LaplaceMean,mase_52,active120,13
FRH0033,6,-0.0543284787298798,LaplaceMean,mase_52,active120,13
FRH0034,6,0.5481389449444642,LaplaceMean,mase_52,active120,13
FRH0040,6,0.956610793929634,LaplaceMean,mase_52,active120,13
FRH0045,5,-0.6049595849610299,LaplaceMean,mase_52,active120,13
FRH0046,6,-0.9132278693528693,LaplaceMean,mase_52,active120,13
FRH0048,6,-1.031504243705618,LaplaceMean,mase_52,active120,13
FRH0050,6,1.0552960927960928,LaplaceMean,mase_52,active120,13
FRH0051,6,-0.3801329038774534,LaplaceMean,mase_52,active120,13
FRH0056,6,-0.39385401196297276,LaplaceMean,mase_52,active120,13
FRH0059,6,-0.3943924543829347,LaplaceMean,mase_52,active120,13
FRH0064,4,2.806107113243307,LaplaceMean,mase_52,active120,13
FRH0065,4,-1.6620447788926047,LaplaceMean,mase_52,active120,13
FRW0005,6,0.0073981388929986,LaplaceMean,mase_52,active120,13
FRW0006,6,0.016297310773179974,LaplaceMean,mase_52,active120,13
FRW0013,5,0.6629887218045112,LaplaceMean,mase_52,active120,13
FRW0015,6,-0.4120737011437356,LaplaceMean,mase_52,active120,13
FRW0017,4,-0.305952380952381,LaplaceMean,mase_52,active120,13
FRW0024,3,-1.3651620370370372,LaplaceMean,mase_52,active120,13
FZLRICBHP0001,5,-0.6415865384615385,LaplaceMean,mase_52,active120,13
FZLRJ0001,4,-0.6011016414141415,LaplaceMean,mase_52,active120,13
FZLRJ0002,5,1.4775543300058291,LaplaceMean,mase_52,active120,13
GJMJSLW001,4,-1.3938640392772723,LaplaceMean,mase_52,active120,13
GJMJWJX001,6,0.38019978048537745,LaplaceMean,mase_52,active120,13
GJMJWJXW001,6,0.5744073191581988,LaplaceMean,mase_52,active120,13
HLGKSLT0001,5,-0.03514829005933547,LaplaceMean,mase_52,active120,13
HWZDSKL0001,5,-1.1541983673159695,LaplaceMean,mase_52,active120,13
HZSN0001,6,0.40151538958290134,LaplaceMean,mase_52,active120,13
JZJ00011,4,-1.0465289317415596,LaplaceMean,mase_52,active120,13
JZJ00012,5,-0.7886157228152889,LaplaceMean,mase_52,active120,13
JZJ0002,6,1.279558828296614,LaplaceMean,mase_52,active120,13
JZJ0003,6,1.6273354136020692,LaplaceMean,mase_52,active120,13
JZJ0005,3,2.8665032679738562,LaplaceMean,mase_52,active120,13
JZJ0008,3,2.985188737046805,LaplaceMean,mase_52,active120,13
JZJ0009,6,0.26098313392625117,LaplaceMean,mase_52,active120,13
JZJ0013,6,0.4999532756242205,LaplaceMean,mase_52,active120,13
JZJ0016,6,-0.4418725231853242,LaplaceMean,mase_52,active120,13
JZJ0018,4,2.07078373015873,LaplaceMean,mase_52,active120,13
JZJ0019,4,-0.6622956802739212,LaplaceMean,mase_52,active120,13
JZQCQ001,4,1.2951061400099728,LaplaceMean,mase_52,active120,13
JZQCQ003,4,1.3814070752100438,LaplaceMean,mase_52,active120,13
JZQCQ004,4,2.0258556547619047,LaplaceMean,mase_52,active120,13
KZCWBG001,4,0.043067226890756205,LaplaceMean,mase_52,active120,13
LRKF0001,5,1.6511270491803285,LaplaceMean,mase_52,active120,13
LTKF0019,5,0.21470638542773432,LaplaceMean,mase_52,active120,13
LTKF0020,6,2.543449393224049,LaplaceMean,mase_52,active120,13
LTKF0021,5,0.131123556260507,LaplaceMean,mase_52,active120,13
LTKF0022M,5,0.699976325096561,LaplaceMean,mase_52,active120,13
LTKF0031,5,-0.30517386328462276,LaplaceMean,mase_52,active120,13
LTKF0047,5,1.3860108566708278,LaplaceMean,mase_52,active120,13
LTKF0101,5,-0.14486185352739334,LaplaceMean,mase_52,active120,13
LTKF093,4,1.2273923992673994,LaplaceMean,mase_52,active120,13
LTKF098,4,1.12646733727696,LaplaceMean,mase_52,active120,13
LYC0201,4,2.2936995489078824,LaplaceMean,mase_52,active120,13
NNB0002,4,-0.6869453092703593,LaplaceMean,mase_52,active120,13
QCCXC0004,6,1.3631681839402428,LaplaceMean,mase_52,active120,13
QCCXC0005,4,1.496705533191197,LaplaceMean,mase_52,active120,13
QCCXC0007,4,1.6956909894639693,LaplaceMean,mase_52,active120,13
QCSSXC0005,4,0.9406076611182248,LaplaceMean,mase_52,active120,13
QCSSXC0006,4,3.4082532051282057,LaplaceMean,mase_52,active120,13
QCXDS001,4,0.7195343793539717,LaplaceMean,mase_52,active120,13
QFSJZ001-1,2,5.288043478260871,LaplaceMean,mase_52,active120,13
QFSJZ003-1,4,-0.02317915152330957,LaplaceMean,mase_52,active120,13
RLHZHMV000AMDE,6,0.7658443415623025,LaplaceMean,mase_52,active120,13
SPH0001,1,-0.3863636363636349,LaplaceMean,mase_52,active120,13
WSJZS0002,1,8.750000000000014,LaplaceMean,mase_52,active120,13
WSJZS0004,1,8.750000000000004,LaplaceMean,mase_52,active120,13
XHP0001,4,0.40310368520301865,LaplaceMean,mase_52,active120,13
XHZXCZP0001,6,0.11395894894692397,LaplaceMean,mase_52,active120,13
XHZXCZP0002,3,-1.5191660294804807,LaplaceMean,mase_52,active120,13
YBB0001,1,-1.925,LaplaceMean,mase_52,active120,13
YDBZ001,6,-0.7837844590754074,LaplaceMean,mase_52,active120,13
YDBZ002,6,-1.0086518473171304,LaplaceMean,mase_52,active120,13
YJLZHMV000AMDE,6,0.29616324978267167,LaplaceMean,mase_52,active120,13
YKLLW0005,2,0.42326680672268907,LaplaceMean,mase_52,active120,13
ZBTZ0002,4,0.24802658279220777,LaplaceMean,mase_52,active120,13
ZJJSJSV001AMDE,5,0.8216327063740858,LaplaceMean,mase_52,active120,13
ZJJYZBV001AMDE,5,-0.7030279135979554,LaplaceMean,mase_52,active120,13
ZJJYZSJSV1AMDE,4,0.6439655172413794,LaplaceMean,mase_52,active120,13
ZTD0001,2,0.30990783410138245,LaplaceMean,mase_52,active120,13
ZTD0003,3,0.8899109014675052,LaplaceMean,mase_52,active120,13
BLP0001,4,7.973958333333332,LaplaceMean,ae,active120,13
BLP0002,4,2.7083333333333335,LaplaceMean,ae,active120,13
CWW0002,4,41.42361111111113,LaplaceMean,ae,active120,13
DHZXCZP0001,4,-13.819444444444445,LaplaceMean,ae,active120,13
DRMJJ0022,5,-3.1597222222222223,LaplaceMean,ae,active120,13
DRMJJ0023,5,3.6500000000000012,LaplaceMean,ae,active120,13
ETZP0003,3,-5.537037037037038,LaplaceMean,ae,active120,13
ETZP0004,4,8.649305555555555,LaplaceMean,ae,active120,13
FDBLHP0001,4,-4.291666666666666,LaplaceMean,ae,active120,13
FDBLP0001,5,-42.26736111111112,LaplaceMean,ae,active120,13
FRC0002,6,4.5361111111111105,LaplaceMean,ae,active120,13
FRC0003,6,-1.0509259259259263,LaplaceMean,ae,active120,13
FRH0001,6,20.415277777777778,LaplaceMean,ae,active120,13
FRH0002,6,13.484722222222222,LaplaceMean,ae,active120,13
FRH0003,6,31.909259259259258,LaplaceMean,ae,active120,13
FRH0004,6,11.839814814814815,LaplaceMean,ae,active120,13
FRH0033,6,-3.1562499999999964,LaplaceMean,ae,active120,13
FRH0034,6,1.7013888888888893,LaplaceMean,ae,active120,13
FRH0040,6,4.269907407407406,LaplaceMean,ae,active120,13
FRH0045,5,-9.75666666666667,LaplaceMean,ae,active120,13
FRH0046,6,1.4004629629629595,LaplaceMean,ae,active120,13
FRH0048,6,-15.758101851851853,LaplaceMean,ae,active120,13
FRH0050,6,6.166666666666667,LaplaceMean,ae,active120,13
FRH0051,6,-8.627314814814815,LaplaceMean,ae,active120,13
FRH0056,6,-11.888888888888891,LaplaceMean,ae,active120,13
FRH0059,6,3.363425925925925,LaplaceMean,ae,active120,13
FRH0064,4,15.878472222222221,LaplaceMean,ae,active120,13
FRH0065,4,-8.86111111111111,LaplaceMean,ae,active120,13
FRW0005,6,-0.38425925925925836,LaplaceMean,ae,active120,13
FRW0006,6,0.028935185185185713,LaplaceMean,ae,active120,13
FRW0013,5,6.006666666666666,LaplaceMean,ae,active120,13
FRW0015,6,-16.83101851851852,LaplaceMean,ae,active120,13
FRW0017,4,-3.2125000000000004,LaplaceMean,ae,active120,13
FRW0024,3,-10.759259259259258,LaplaceMean,ae,active120,13
FZLRICBHP0001,5,-2.1055555555555556,LaplaceMean,ae,active120,13
FZLRJ0001,4,-8.42361111111111,LaplaceMean,ae,active120,13
FZLRJ0002,5,4.258333333333328,LaplaceMean,ae,active120,13
GJMJSLW001,4,-71.16666666666667,LaplaceMean,ae,active120,13
GJMJWJX001,6,48.7037037037037,LaplaceMean,ae,active120,13
GJMJWJXW001,6,119.125,LaplaceMean,ae,active120,13
HLGKSLT0001,5,-4.166666666666666,LaplaceMean,ae,active120,13
HWZDSKL0001,5,-22.0,LaplaceMean,ae,active120,13
HZSN0001,6,-4.979166666666667,LaplaceMean,ae,active120,13
JZJ00011,4,-7.538194444444444,LaplaceMean,ae,active120,13
JZJ00012,5,-19.694444444444446,LaplaceMean,ae,active120,13
JZJ0002,6,5.513888888888886,LaplaceMean,ae,active120,13
JZJ0003,6,27.539351851851848,LaplaceMean,ae,active120,13
JZJ0005,3,15.425925925925926,LaplaceMean,ae,active120,13
JZJ0008,3,20.88888888888889,LaplaceMean,ae,active120,13
JZJ0009,6,23.82638888888889,LaplaceMean,ae,active120,13
JZJ0013,6,37.32175925925925,LaplaceMean,ae,active120,13
JZJ0016,6,-6.544560185185187,LaplaceMean,ae,active120,13
JZJ0018,4,-0.24305555555555713,LaplaceMean,ae,active120,13
JZJ0019,4,-18.27690972222222,LaplaceMean,ae,active120,13
JZQCQ001,4,100.54861111111111,LaplaceMean,ae,active120,13
JZQCQ003,4,86.43055555555556,LaplaceMean,ae,active120,13
JZQCQ004,4,9.927083333333334,LaplaceMean,ae,active120,13
KFYFQ51mm,1,-25.33333333333333,LaplaceMean,ae,active120,13
KFYFQ54mm,1,-39.58333333333333,LaplaceMean,ae,active120,13
KFYFQ58mm,1,36.08333333333334,LaplaceMean,ae,active120,13
KZCWBG001,4,-0.003472222222223431,LaplaceMean,ae,active120,13
LRKF0001,5,14.656666666666666,LaplaceMean,ae,active120,13
LTKF0019,5,0.39444444444444465,LaplaceMean,ae,active120,13
LTKF0020,6,86.41435185185185,LaplaceMean,ae,active120,13
LTKF0021,5,-1.94166666666667,LaplaceMean,ae,active120,13
LTKF0022M,5,-1.7527777777777778,LaplaceMean,ae,active120,13
LTKF0031,5,-5.7638888888888875,LaplaceMean,ae,active120,13
LTKF0047,5,3.3388888888888886,LaplaceMean,ae,active120,13
LTKF0101,5,-1.566666666666667,LaplaceMean,ae,active120,13
LTKF093,4,4.357638888888889,LaplaceMean,ae,active120,13
LTKF098,4,-35.46006944444444,LaplaceMean,ae,active120,13
LTKF098B,1,-10.25,LaplaceMean,ae,active120,13
LYC0201,4,3.0486111111111107,LaplaceMean,ae,active120,13
NNB0002,4,-50.869791666666664,LaplaceMean,ae,active120,13
NNBZL01,1,-9.166666666666671,LaplaceMean,ae,active120,13
QCCXC0004,6,26.472222222222225,LaplaceMean,ae,active120,13
QCCXC0005,4,10.913194444444446,LaplaceMean,ae,active120,13
QCCXC0007,4,22.75694444444445,LaplaceMean,ae,active120,13
QCSSXC0005,4,-24.413194444444443,LaplaceMean,ae,active120,13
QCSSXC0006,4,8.041666666666668,LaplaceMean,ae,active120,13
QCXDS001,4,24.166666666666668,LaplaceMean,ae,active120,13
QFDNZGJK001,1,6.833333333333332,LaplaceMean,ae,active120,13
QFDNZGJK002,1,-26.66666666666667,LaplaceMean,ae,active120,13
QFSJZ001-1,2,12.833333333333334,LaplaceMean,ae,active120,13
QFSJZ003-1,4,-1.8784722222222214,LaplaceMean,ae,active120,13
RLHZHMV000AMDE,6,18.409722222222225,LaplaceMean,ae,active120,13
SPH0001,1,-1.416666666666666,LaplaceMean,ae,active120,13
WSJZS0002,1,5.833333333333336,LaplaceMean,ae,active120,13
WSJZS0004,1,46.666666666666686,LaplaceMean,ae,active120,13
XFTW0001,1,10.333333333333332,LaplaceMean,ae,active120,13
XHP0001,4,-46.07291666666666,LaplaceMean,ae,active120,13
XHZXCZP0001,6,17.65740740740741,LaplaceMean,ae,active120,13
XHZXCZP0002,3,-8.583333333333332,LaplaceMean,ae,active120,13
XMJ0004,1,46.5,LaplaceMean,ae,active120,13
XMSH0001,1,-31.33333333333333,LaplaceMean,ae,active120,13
XXGP0002,1,-90.83333333333334,LaplaceMean,ae,active120,13
XYJ0001,1,-45.5,LaplaceMean,ae,active120,13
XYMGPD0001,1,11.333333333333329,LaplaceMean,ae,active120,13
XYMGPD0002,1,-16.583333333333336,LaplaceMean,ae,active120,13
YBB0001,1,-19.25,LaplaceMean,ae,active120,13
YDBZ001,6,-5.95138888888889,LaplaceMean,ae,active120,13
YDBZ002,6,-16.316550925925924,LaplaceMean,ae,active120,13
YEC0009,1,-18.333333333333336,LaplaceMean,ae,active120,13
YJLZHMV000AMDE,6,1.7291666666666672,LaplaceMean,ae,active120,13
YKLLW0005,2,11.75,LaplaceMean,ae,active120,13
ZBTZ0002,4,2.3749999999999996,LaplaceMean,ae,active120,13
ZJJSJSV001AMDE,5,14.23,LaplaceMean,ae,active120,13
ZJJYZBV001AMDE,5,-9.713333333333335,LaplaceMean,ae,active120,13
ZJJYZSJSV1AMDE,4,18.674999999999997,LaplaceMean,ae,active120,13
ZTD0001,2,3.5,LaplaceMean,ae,active120,13
ZTD0003,3,2.064814814814815,LaplaceMean,ae,active120,13
xgx0014,1,-6.75,LaplaceMean,ae,active120,13
xgx0015,1,15.25,LaplaceMean,ae,active120,13
xgx0016,1,-2.4166666666666643,LaplaceMean,ae,active120,13
xymzd0015,1,-4.666666666666664,LaplaceMean,ae,active120,13
BLP0001,4,0.8615843321887788,LegacyPXQ,mase_52,active120,13
BLP0002,4,1.8892299107142856,LegacyPXQ,mase_52,active120,13
CWW0002,4,1.7062942166422752,LegacyPXQ,mase_52,active120,13
DHZXCZP0001,4,-0.8024019293211508,LegacyPXQ,mase_52,active120,13
DRMJJ0022,5,-0.38086164900742936,LegacyPXQ,mase_52,active120,13
DRMJJ0023,5,-0.6506737443922884,LegacyPXQ,mase_52,active120,13
ETZP0003,3,-0.9217451874366772,LegacyPXQ,mase_52,active120,13
ETZP0004,4,0.3696935709767782,LegacyPXQ,mase_52,active120,13
FDBLHP0001,4,-0.7182603169856459,LegacyPXQ,mase_52,active120,13
FDBLP0001,5,-0.5512833831972767,LegacyPXQ,mase_52,active120,13
FRC0002,6,0.021156625865336325,LegacyPXQ,mase_52,active120,13
FRC0003,6,0.15674999799177422,LegacyPXQ,mase_52,active120,13
FRH0001,6,0.3890668858975148,LegacyPXQ,mase_52,active120,13
FRH0002,6,0.10060161979021627,LegacyPXQ,mase_52,active120,13
FRH0003,6,0.33836955193899176,LegacyPXQ,mase_52,active120,13
FRH0004,6,0.30055010604453863,LegacyPXQ,mase_52,active120,13
FRH0033,6,-0.1735338135082786,LegacyPXQ,mase_52,active120,13
FRH0034,6,0.5992092055037327,LegacyPXQ,mase_52,active120,13
FRH0040,6,0.8631222340461454,LegacyPXQ,mase_52,active120,13
FRH0045,5,-0.419928424355329,LegacyPXQ,mase_52,active120,13
FRH0046,6,-0.7715833800702222,LegacyPXQ,mase_52,active120,13
FRH0048,6,-1.3135129978767408,LegacyPXQ,mase_52,active120,13
FRH0050,6,0.47314725156443455,LegacyPXQ,mase_52,active120,13
FRH0051,6,-0.2511678071331428,LegacyPXQ,mase_52,active120,13
FRH0056,6,-0.7722551034693045,LegacyPXQ,mase_52,active120,13
FRH0059,6,-0.028253118985124132,LegacyPXQ,mase_52,active120,13
FRH0064,4,2.1665104536839612,LegacyPXQ,mase_52,active120,13
FRH0065,4,-2.1758742376549276,LegacyPXQ,mase_52,active120,13
FRW0005,6,-0.2505902846900929,LegacyPXQ,mase_52,active120,13
FRW0006,6,0.08189258028786439,LegacyPXQ,mase_52,active120,13
FRW0013,5,0.2985167464114832,LegacyPXQ,mase_52,active120,13
FRW0015,6,-0.20917868477343457,LegacyPXQ,mase_52,active120,13
FRW0017,4,-0.5059523809523809,LegacyPXQ,mase_52,active120,13
FRW0024,3,-1.741246600621601,LegacyPXQ,mase_52,active120,13
FZLRICBHP0001,5,-0.8163484432234431,LegacyPXQ,mase_52,active120,13
FZLRJ0001,4,0.0539313811188812,LegacyPXQ,mase_52,active120,13
FZLRJ0002,5,1.36444697481698,LegacyPXQ,mase_52,active120,13
GJMJSLW001,4,-1.1434051500825697,LegacyPXQ,mase_52,active120,13
GJMJWJX001,6,0.7227545578171716,LegacyPXQ,mase_52,active120,13
GJMJWJXW001,6,1.0238203108744857,LegacyPXQ,mase_52,active120,13
HLGKSLT0001,5,-0.30631251089738865,LegacyPXQ,mase_52,active120,13
HWZDSKL0001,5,-0.9384805504967708,LegacyPXQ,mase_52,active120,13
HZSN0001,6,-0.013557866643138775,LegacyPXQ,mase_52,active120,13
JZJ00011,4,-1.4884165106793632,LegacyPXQ,mase_52,active120,13
JZJ00012,5,-0.9349979165413929,LegacyPXQ,mase_52,active120,13
JZJ0002,6,0.8017526947785792,LegacyPXQ,mase_52,active120,13
JZJ0003,6,0.8698072632167301,LegacyPXQ,mase_52,active120,13
JZJ0005,3,2.0047580988917306,LegacyPXQ,mase_52,active120,13
JZJ0008,3,2.6801275245173595,LegacyPXQ,mase_52,active120,13
JZJ0009,6,0.2320433028457949,LegacyPXQ,mase_52,active120,13
JZJ0013,6,0.3730777171719413,LegacyPXQ,mase_52,active120,13
JZJ0016,6,0.0115904290933491,LegacyPXQ,mase_52,active120,13
JZJ0018,4,2.10578125,LegacyPXQ,mase_52,active120,13
JZJ0019,4,-1.0531136394775298,LegacyPXQ,mase_52,active120,13
JZQCQ001,4,1.0200213768855064,LegacyPXQ,mase_52,active120,13
JZQCQ003,4,1.20818071627403,LegacyPXQ,mase_52,active120,13
JZQCQ004,4,1.2336289943609022,LegacyPXQ,mase_52,active120,13
KZCWBG001,4,0.48494397759103647,LegacyPXQ,mase_52,active120,13
LRKF0001,5,1.4577049180327868,LegacyPXQ,mase_52,active120,13
LTKF0019,5,1.342768838697676,LegacyPXQ,mase_52,active120,13
LTKF0020,6,1.2690851359328665,LegacyPXQ,mase_52,active120,13
LTKF0021,5,-0.022137912518857817,LegacyPXQ,mase_52,active120,13
LTKF0022M,5,0.29073643915068587,LegacyPXQ,mase_52,active120,13
LTKF0031,5,-0.6307560242708096,LegacyPXQ,mase_52,active120,13
LTKF0047,5,1.27800069371088,LegacyPXQ,mase_52,active120,13
LTKF0101,5,-1.0077382761833789,LegacyPXQ,mase_52,active120,13
LTKF093,4,-0.17369427721401381,LegacyPXQ,mase_52,active120,13
LTKF098,4,1.1937550812358997,LegacyPXQ,mase_52,active120,13
LYC0201,4,2.3082264957264957,LegacyPXQ,mase_52,active120,13
NNB0002,4,-1.7635326544321737,LegacyPXQ,mase_52,active120,13
QCCXC0004,6,4.894803113553114,LegacyPXQ,mase_52,active120,13
QCCXC0005,4,0.49025453355832926,LegacyPXQ,mase_52,active120,13
QCCXC0007,4,1.0324309937778582,LegacyPXQ,mase_52,active120,13
QCSSXC0005,4,-0.009253704042435862,LegacyPXQ,mase_52,active120,13
QCSSXC0006,4,1.7940340909090915,LegacyPXQ,mase_52,active120,13
QCXDS001,4,0.23127801416424548,LegacyPXQ,mase_52,active120,13
QFSJZ001-1,2,3.2875494071146245,LegacyPXQ,mase_52,active120,13
QFSJZ003-1,4,-0.8923281661979937,LegacyPXQ,mase_52,active120,13
RLHZHMV000AMDE,6,0.6862241354760905,LegacyPXQ,mase_52,active120,13
SPH0001,1,-2.3863636363636362,LegacyPXQ,mase_52,active120,13
WSJZS0002,1,6.75,LegacyPXQ,mase_52,active120,13
WSJZS0004,1,6.75,LegacyPXQ,mase_52,active120,13
XHP0001,4,-1.1814919949238272,LegacyPXQ,mase_52,active120,13
XHZXCZP0001,6,0.018391241766003995,LegacyPXQ,mase_52,active120,13
XHZXCZP0002,3,-1.8312673053975466,LegacyPXQ,mase_52,active120,13
YBB0001,1,0.07500000000000018,LegacyPXQ,mase_52,active120,13
YDBZ001,6,-0.3956122941280477,LegacyPXQ,mase_52,active120,13
YDBZ002,6,-1.175385494916574,LegacyPXQ,mase_52,active120,13
YJLZHMV000AMDE,6,0.24427467658901578,LegacyPXQ,mase_52,active120,13
YKLLW0005,2,1.3408838535414167,LegacyPXQ,mase_52,active120,13
ZBTZ0002,4,0.8275010146103896,LegacyPXQ,mase_52,active120,13
ZJJSJSV001AMDE,5,0.39091335313204645,LegacyPXQ,mase_52,active120,13
ZJJYZBV001AMDE,5,-0.12860154729572,LegacyPXQ,mase_52,active120,13
ZJJYZSJSV1AMDE,4,0.44396551724137934,LegacyPXQ,mase_52,active120,13
ZTD0001,2,0.5062211981566825,LegacyPXQ,mase_52,active120,13
ZTD0003,3,0.3406023222060958,LegacyPXQ,mase_52,active120,13
BLP0001,4,-9.50179425837321,LegacyPXQ,ae,active120,13
BLP0002,4,2.0892857142857117,LegacyPXQ,ae,active120,13
CWW0002,4,18.269736842105253,LegacyPXQ,ae,active120,13
DHZXCZP0001,4,-8.383771929824562,LegacyPXQ,ae,active120,13
DRMJJ0022,5,-4.515814151747657,LegacyPXQ,ae,active120,13
DRMJJ0023,5,0.9844155844155879,LegacyPXQ,ae,active120,13
ETZP0003,3,-2.9500000000000006,LegacyPXQ,ae,active120,13
ETZP0004,4,3.2963935574229732,LegacyPXQ,ae,active120,13
FDBLHP0001,4,-2.837499999999999,LegacyPXQ,ae,active120,13
FDBLP0001,5,-45.74795698924731,LegacyPXQ,ae,active120,13
FRC0002,6,0.6394230769230779,LegacyPXQ,ae,active120,13
FRC0003,6,0.9281084656084649,LegacyPXQ,ae,active120,13
FRH0001,6,3.010227272727274,LegacyPXQ,ae,active120,13
FRH0002,6,0.5152777777777781,LegacyPXQ,ae,active120,13
FRH0003,6,16.803272345864247,LegacyPXQ,ae,active120,13
FRH0004,6,1.7763888888888886,LegacyPXQ,ae,active120,13
FRH0033,6,-8.598741990418826,LegacyPXQ,ae,active120,13
FRH0034,6,2.0294312760882565,LegacyPXQ,ae,active120,13
FRH0040,6,3.073450854700854,LegacyPXQ,ae,active120,13
FRH0045,5,-6.071428571428572,LegacyPXQ,ae,active120,13
FRH0046,6,1.7095738082580187,LegacyPXQ,ae,active120,13
FRH0048,6,-22.468890504864735,LegacyPXQ,ae,active120,13
FRH0050,6,3.0679470844331527,LegacyPXQ,ae,active120,13
FRH0051,6,-7.34618270443742,LegacyPXQ,ae,active120,13
FRH0056,6,-22.83733481124376,LegacyPXQ,ae,active120,13
FRH0059,6,14.391935708069433,LegacyPXQ,ae,active120,13
FRH0064,4,13.298148148148151,LegacyPXQ,ae,active120,13
FRH0065,4,-10.137631975867267,LegacyPXQ,ae,active120,13
FRW0005,6,-4.489954320166738,LegacyPXQ,ae,active120,13
FRW0006,6,2.3701239120340176,LegacyPXQ,ae,active120,13
FRW0013,6,2.3257575757575757,LegacyPXQ,ae,active120,13
FRW0015,6,-13.149494949494951,LegacyPXQ,ae,active120,13
FRW0017,5,-4.25,LegacyPXQ,ae,active120,13
FRW0024,3,-10.088578088578087,LegacyPXQ,ae,active120,13
FZLRICBHP0001,5,-2.1544566544566544,LegacyPXQ,ae,active120,13
FZLRJ0001,4,1.6799038461538491,LegacyPXQ,ae,active120,13
FZLRJ0002,5,5.140976688016212,LegacyPXQ,ae,active120,13
FZLRJ0005,1,0.0,LegacyPXQ,ae,active120,13
GJMJSLW001,4,-59.5625,LegacyPXQ,ae,active120,13
GJMJWJX001,6,88.6430508440671,LegacyPXQ,ae,active120,13
GJMJWJXW001,6,180.68648968784836,LegacyPXQ,ae,active120,13
HLGKSLT0001,5,-3.7012409812409808,LegacyPXQ,ae,active120,13
HWZDSKL0001,5,-17.311801242236022,LegacyPXQ,ae,active120,13
HZSN0001,6,-4.42070381176823,LegacyPXQ,ae,active120,13
JZJ00011,4,-11.19715909090909,LegacyPXQ,ae,active120,13
JZJ00012,5,-12.282051282051281,LegacyPXQ,ae,active120,13
JZJ0002,6,-6.923746492084677,LegacyPXQ,ae,active120,13
JZJ0003,6,-15.190883187974356,LegacyPXQ,ae,active120,13
JZJ0005,3,11.684480676328505,LegacyPXQ,ae,active120,13
JZJ0008,3,31.576984126984126,LegacyPXQ,ae,active120,13
JZJ0009,6,-15.288249641220952,LegacyPXQ,ae,active120,13
JZJ0013,6,19.215705596335486,LegacyPXQ,ae,active120,13
JZJ0016,6,0.19664330449271272,LegacyPXQ,ae,active120,13
JZJ0018,4,4.645833333333334,LegacyPXQ,ae,active120,13
JZJ0019,4,-21.780208333333327,LegacyPXQ,ae,active120,13
JZQCQ001,4,90.56195014662757,LegacyPXQ,ae,active120,13
JZQCQ003,4,104.969169006669,LegacyPXQ,ae,active120,13
JZQCQ004,4,7.034429824561403,LegacyPXQ,ae,active120,13
KFYFQ51mm,1,-26.10000000000001,LegacyPXQ,ae,active120,13
KFYFQ54mm,1,-61.25,LegacyPXQ,ae,active120,13
KFYFQ58mm,1,13.5,LegacyPXQ,ae,active120,13
KZCWBG001,4,3.375,LegacyPXQ,ae,active120,13
LRKF0001,5,12.24,LegacyPXQ,ae,active120,13
LTKF0019,5,9.690718954248364,LegacyPXQ,ae,active120,13
LTKF0020,6,23.39643957303529,LegacyPXQ,ae,active120,13
LTKF0021,5,-1.5862582525426796,LegacyPXQ,ae,active120,13
LTKF0022M,5,0.35614420062696084,LegacyPXQ,ae,active120,13
LTKF0031,5,-8.325434173669457,LegacyPXQ,ae,active120,13
LTKF0047,5,3.864738202973497,LegacyPXQ,ae,active120,13
LTKF0101,5,-18.72,LegacyPXQ,ae,active120,13
LTKF093,4,-0.6861483253588503,LegacyPXQ,ae,active120,13
LTKF098,4,-17.0803869047619,LegacyPXQ,ae,active120,13
LTKF098B,1,-0.9423076923076916,LegacyPXQ,ae,active120,13
LYC0201,4,7.229166666666665,LegacyPXQ,ae,active120,13
NNB0002,4,-40.19196428571429,LegacyPXQ,ae,active120,13
NNBZL01,1,2.5,LegacyPXQ,ae,active120,13
QCCXC0004,6,10.057692307692308,LegacyPXQ,ae,active120,13
QCCXC0005,4,4.546232539838677,LegacyPXQ,ae,active120,13
QCCXC0007,4,14.573910021623057,LegacyPXQ,ae,active120,13
QCSSXC0005,4,-19.866190476190475,LegacyPXQ,ae,active120,13
QCSSXC0006,4,3.2651515151515165,LegacyPXQ,ae,active120,13
QCXDS001,4,11.360294117647058,LegacyPXQ,ae,active120,13
QFDNZGJK001,1,13.500000000000004,LegacyPXQ,ae,active120,13
QFDNZGJK002,1,-14.000000000000007,LegacyPXQ,ae,active120,13
QFSJZ001-1,2,3.8295454545454533,LegacyPXQ,ae,active120,13
QFSJZ003-1,4,-5.449589883800411,LegacyPXQ,ae,active120,13
RLHZHMV000AMDE,6,25.46918932467713,LegacyPXQ,ae,active120,13
SPH0001,1,-8.75,LegacyPXQ,ae,active120,13
WSJZS0002,1,4.5,LegacyPXQ,ae,active120,13
WSJZS0004,1,36.0,LegacyPXQ,ae,active120,13
XFTW0001,1,9.0,LegacyPXQ,ae,active120,13
XHP0001,4,-112.453125,LegacyPXQ,ae,active120,13
XHZXCZP0001,6,30.006588801835033,LegacyPXQ,ae,active120,13
XHZXCZP0002,3,-14.02727272727273,LegacyPXQ,ae,active120,13
XMJ0004,1,40.5,LegacyPXQ,ae,active120,13
XMSH0001,1,-46.99999999999999,LegacyPXQ,ae,active120,13
XXGP0002,1,-74.5,LegacyPXQ,ae,active120,13
XYJ0001,1,-38.49999999999999,LegacyPXQ,ae,active120,13
XYMGPD0001,1,18.4,LegacyPXQ,ae,active120,13
XYMGPD0002,1,-10.25,LegacyPXQ,ae,active120,13
YBB0001,1,0.7500000000000036,LegacyPXQ,ae,active120,13
YDBZ001,6,-3.740397479982215,LegacyPXQ,ae,active120,13
YDBZ002,6,-14.091810966810968,LegacyPXQ,ae,active120,13
YEC0009,1,-10.555555555555557,LegacyPXQ,ae,active120,13
YJLZHMV000AMDE,6,1.8145178302501004,LegacyPXQ,ae,active120,13
YKLLW0005,2,28.48214285714286,LegacyPXQ,ae,active120,13
ZBTZ0002,4,8.229166666666666,LegacyPXQ,ae,active120,13
ZJJSJSV001AMDE,5,6.874162679425838,LegacyPXQ,ae,active120,13
ZJJYZBV001AMDE,5,-0.8662717391304341,LegacyPXQ,ae,active120,13
ZJJYZSJSV1AMDE,5,10.3,LegacyPXQ,ae,active120,13
ZTD0001,2,4.100000000000003,LegacyPXQ,ae,active120,13
ZTD0003,3,4.089743589743591,LegacyPXQ,ae,active120,13
xgx0014,1,-15.5,LegacyPXQ,ae,active120,13
xgx0015,1,6.34090909090909,LegacyPXQ,ae,active120,13
xgx0016,1,-11.48333333333333,LegacyPXQ,ae,active120,13
xymzd0015,1,-12.42857142857143,LegacyPXQ,ae,active120,13
BLP0001,4,4.969021739130435,Naive,mase_52,active120,13
BLP0002,4,3.5123697916666665,Naive,mase_52,active120,13
CWW0002,4,-4.963533656083853,Naive,mase_52,active120,13
DHZXCZP0001,4,0.3389418938307031,Naive,mase_52,active120,13
DRMJJ0022,5,0.3655714285714285,Naive,mase_52,active120,13
DRMJJ0023,5,1.7449900735395314,Naive,mase_52,active120,13
ETZP0003,3,2.782738095238095,Naive,mase_52,active120,13
ETZP0004,4,2.262755376344086,Naive,mase_52,active120,13
FDBLHP0001,4,0.11735571172248821,Naive,mase_52,active120,13
FDBLP0001,5,0.8099591455434624,Naive,mase_52,active120,13
FRC0002,6,0.2467320261437909,Naive,mase_52,active120,13
FRC0003,6,1.2230674342105263,Naive,mase_52,active120,13
FRH0001,6,0.23583630421865712,Naive,mase_52,active120,13
FRH0002,6,-0.08899563724125126,Naive,mase_52,active120,13
FRH0003,6,0.2111818631636798,Naive,mase_52,active120,13
FRH0004,6,0.09678773418168966,Naive,mase_52,active120,13
FRH0033,6,-0.14758332343207736,Naive,mase_52,active120,13
FRH0034,6,0.20546874461156062,Naive,mase_52,active120,13
FRH0040,6,0.8985507246376812,Naive,mase_52,active120,13
FRH0045,5,-0.4777968428277283,Naive,mase_52,active120,13
FRH0046,6,-1.3586309523809526,Naive,mase_52,active120,13
FRH0048,6,1.1459600106097418,Naive,mase_52,active120,13
FRH0050,6,4.511607142857143,Naive,mase_52,active120,13
FRH0051,6,1.3520579904591532,Naive,mase_52,active120,13
FRH0056,6,0.11124287171003829,Naive,mase_52,active120,13
FRH0059,6,0.3406259129418638,Naive,mase_52,active120,13
FRH0064,4,7.176659115138593,Naive,mase_52,active120,13
FRH0065,4,3.095491917502787,Naive,mase_52,active120,13
FRW0005,6,0.8430452961301024,Naive,mase_52,active120,13
FRW0006,6,0.49098957736606946,Naive,mase_52,active120,13
FRW0013,5,0.12999999999999998,Naive,mase_52,active120,13
FRW0015,6,0.4352269619907028,Naive,mase_52,active120,13
FRW0017,4,-1.005952380952381,Naive,mase_52,active120,13
FRW0024,3,0.41493055555555536,Naive,mase_52,active120,13
FZLRICBHP0001,5,2.421875,Naive,mase_52,active120,13
FZLRJ0001,4,0.21247159090909085,Naive,mase_52,active120,13
FZLRJ0002,5,1.6453388680413874,Naive,mase_52,active120,13
GJMJSLW001,4,-1.9645365168539324,Naive,mase_52,active120,13
GJMJWJX001,6,-0.08942938732641008,Naive,mase_52,active120,13
GJMJWJXW001,6,0.4675610834475896,Naive,mase_52,active120,13
HLGKSLT0001,5,0.01370351294369072,Naive,mase_52,active120,13
HWZDSKL0001,5,-0.9379136029411764,Naive,mase_52,active120,13
HZSN0001,6,0.06532276075318529,Naive,mase_52,active120,13
JZJ00011,4,-1.267032505419117,Naive,mase_52,active120,13
JZJ00012,5,0.26822595026382645,Naive,mase_52,active120,13
JZJ0002,6,-1.0415447975371335,Naive,mase_52,active120,13
JZJ0003,6,-0.7945175819757565,Naive,mase_52,active120,13
JZJ0005,3,1.0111111111111113,Naive,mase_52,active120,13
JZJ0008,3,3.098006644518272,Naive,mase_52,active120,13
JZJ0009,6,-0.9384668890108668,Naive,mase_52,active120,13
JZJ0013,6,0.032454290948313175,Naive,mase_52,active120,13
JZJ0016,6,-0.2155762944938452,Naive,mase_52,active120,13
JZJ0018,4,-7.296875,Naive,mase_52,active120,13
JZJ0019,4,-0.3256042294635245,Naive,mase_52,active120,13
JZQCQ001,4,0.7560941043083901,Naive,mase_52,active120,13
JZQCQ003,4,0.37254190393871606,Naive,mase_52,active120,13
JZQCQ004,4,3.416852678571429,Naive,mase_52,active120,13
KZCWBG001,4,0.15948879551820722,Naive,mase_52,active120,13
LRKF0001,5,-3.9,Naive,mase_52,active120,13
LTKF0019,5,0.6166825638301299,Naive,mase_52,active120,13
LTKF0020,6,5.179772811225741,Naive,mase_52,active120,13
LTKF0021,5,0.261789747084846,Naive,mase_52,active120,13
LTKF0022M,5,-0.2276156987295827,Naive,mase_52,active120,13
LTKF0031,5,0.3220561311763843,Naive,mase_52,active120,13
LTKF0047,5,1.264285714285714,Naive,mase_52,active120,13
LTKF0101,5,0.6385821050682627,Naive,mase_52,active120,13
LTKF093,4,0.29241071428571414,Naive,mase_52,active120,13
LTKF098,4,-7.200424319925599,Naive,mase_52,active120,13
LYC0201,4,2.298611111111111,Naive,mase_52,active120,13
NNB0002,4,6.602307739510128,Naive,mase_52,active120,13
QCCXC0004,6,0.2976190476190476,Naive,mase_52,active120,13
QCCXC0005,4,1.872446284974396,Naive,mase_52,active120,13
QCCXC0007,4,2.1635933919022174,Naive,mase_52,active120,13
QCSSXC0005,4,1.4632682458386679,Naive,mase_52,active120,13
QCSSXC0006,4,9.366586538461538,Naive,mase_52,active120,13
QCXDS001,4,-0.3657193646689445,Naive,mase_52,active120,13
QFSJZ001-1,2,5.380434782608695,Naive,mase_52,active120,13
QFSJZ003-1,4,2.483939628482972,Naive,mase_52,active120,13
RLHZHMV000AMDE,6,0.98908993803094,Naive,mase_52,active120,13
SPH0001,1,4.431818181818182,Naive,mase_52,active120,13
WSJZS0002,1,-29.25,Naive,mase_52,active120,13
WSJZS0004,1,9.5625,Naive,mase_52,active120,13
XHP0001,4,1.484271351575456,Naive,mase_52,active120,13
XHZXCZP0001,6,-0.015722150426542708,Naive,mase_52,active120,13
XHZXCZP0002,3,0.37979482604817144,Naive,mase_52,active120,13
YBB0001,1,-0.32499999999999996,Naive,mase_52,active120,13
YDBZ001,6,-0.982008652267273,Naive,mase_52,active120,13
YDBZ002,6,-0.3922076067547306,Naive,mase_52,active120,13
YJLZHMV000AMDE,6,0.1936766516951608,Naive,mase_52,active120,13
YKLLW0005,2,-0.19375,Naive,mase_52,active120,13
ZBTZ0002,4,0.275390625,Naive,mase_52,active120,13
ZJJSJSV001AMDE,5,0.19916666666666663,Naive,mase_52,active120,13
ZJJYZBV001AMDE,5,-0.6391396761133603,Naive,mase_52,active120,13
ZJJYZSJSV1AMDE,4,-0.05603448275862068,Naive,mase_52,active120,13
ZTD0001,2,1.1970046082949306,Naive,mase_52,active120,13
ZTD0003,3,0.0,Naive,mase_52,active120,13
BLP0001,6,20.208333333333332,Naive,ae,active120,13
BLP0002,6,7.583333333333333,Naive,ae,active120,13
CWW0002,6,-0.08333333333333333,Naive,ae,active120,13
DHZXCZP0001,6,3.7916666666666665,Naive,ae,active120,13
DRMJJ0022,6,1.4583333333333333,Naive,ae,active120,13
DRMJJ0023,6,16.75,Naive,ae,active120,13
ETZP0003,6,7.708333333333333,Naive,ae,active120,13
ETZP0004,6,14.958333333333334,Naive,ae,active120,13
FDBLHP0001,6,0.5416666666666666,Naive,ae,active120,13
FDBLP0001,6,-18.458333333333332,Naive,ae,active120,13
FRC0002,6,4.333333333333333,Naive,ae,active120,13
FRC0003,6,14.625,Naive,ae,active120,13
FRH0001,6,4.166666666666667,Naive,ae,active120,13
FRH0002,6,-1.0833333333333333,Naive,ae,active120,13
FRH0003,6,-0.9583333333333334,Naive,ae,active120,13
FRH0004,6,2.1666666666666665,Naive,ae,active120,13
FRH0033,6,-2.5,Naive,ae,active120,13
FRH0034,6,0.5833333333333334,Naive,ae,active120,13
FRH0040,6,-2.5833333333333335,Naive,ae,active120,13
FRH0045,6,-9.75,Naive,ae,active120,13
FRH0046,6,-1.875,Naive,ae,active120,13
FRH0048,6,13.875,Naive,ae,active120,13
FRH0050,6,17.583333333333332,Naive,ae,active120,13
FRH0051,6,25.416666666666668,Naive,ae,active120,13
FRH0056,6,6.708333333333333,Naive,ae,active120,13
FRH0059,6,0.7083333333333334,Naive,ae,active120,13
FRH0064,6,18.833333333333332,Naive,ae,active120,13
FRH0065,6,12.5,Naive,ae,active120,13
FRW0005,6,13.541666666666666,Naive,ae,active120,13
FRW0006,6,16.25,Naive,ae,active120,13
FRW0013,6,1.0833333333333333,Naive,ae,active120,13
FRW0015,6,18.958333333333332,Naive,ae,active120,13
FRW0017,6,-7.041666666666667,Naive,ae,active120,13
FRW0024,6,1.3333333333333333,Naive,ae,active120,13
FZLRICBHP0001,6,7.583333333333333,Naive,ae,active120,13
FZLRJ0001,6,2.125,Naive,ae,active120,13
FZLRJ0002,6,2.2916666666666665,Naive,ae,active120,13
FZLRJ0005,2,4.875,Naive,ae,active120,13
GJMJSLW001,6,-77.70833333333333,Naive,ae,active120,13
GJMJWJX001,6,-13.208333333333334,Naive,ae,active120,13
GJMJWJXW001,6,102.20833333333333,Naive,ae,active120,13
HLGKSLT0001,6,4.916666666666667,Naive,ae,active120,13
HWZDSKL0001,6,-16.833333333333332,Naive,ae,active120,13
HZSN0001,6,-4.583333333333333,Naive,ae,active120,13
JZJ00011,6,-5.416666666666667,Naive,ae,active120,13
JZJ00012,6,5.416666666666667,Naive,ae,active120,13
JZJ0002,6,-26.916666666666668,Naive,ae,active120,13
JZJ0003,6,-1.7916666666666667,Naive,ae,active120,13
JZJ0005,6,1.2638888888888893,Naive,ae,active120,13
JZJ0008,6,7.25,Naive,ae,active120,13
JZJ0009,6,-9.458333333333334,Naive,ae,active120,13
JZJ0013,6,11.375,Naive,ae,active120,13
JZJ0016,6,-1.8333333333333333,Naive,ae,active120,13
JZJ0018,6,-3.5,Naive,ae,active120,13
JZJ0019,6,-3.7916666666666665,Naive,ae,active120,13
JZQCQ001,6,27.166666666666668,Naive,ae,active120,13
JZQCQ003,6,8.875,Naive,ae,active120,13
JZQCQ004,6,11.375,Naive,ae,active120,13
KFYFQ51mm,2,-13.125,Naive,ae,active120,13
KFYFQ54mm,2,24.375,Naive,ae,active120,13
KFYFQ58mm,2,56.875,Naive,ae,active120,13
KZCWBG001,6,0.6666666666666666,Naive,ae,active120,13
LRKF0001,6,-3.25,Naive,ae,active120,13
LTKF0019,6,5.583333333333333,Naive,ae,active120,13
LTKF0020,6,120.25,Naive,ae,active120,13
LTKF0021,6,7.833333333333333,Naive,ae,active120,13
LTKF0022M,6,-1.375,Naive,ae,active120,13
LTKF0031,6,6.833333333333333,Naive,ae,active120,13
LTKF0047,6,1.9583333333333333,Naive,ae,active120,13
LTKF0101,6,18.75,Naive,ae,active120,13
LTKF093,6,1.4166666666666667,Naive,ae,active120,13
LTKF098,6,2.3020833333333335,Naive,ae,active120,13
LTKF098B,2,4.875,Naive,ae,active120,13
LYC0201,6,0.5416666666666666,Naive,ae,active120,13
NNB0002,6,-37.375,Naive,ae,active120,13
NNBZL01,2,-9.75,Naive,ae,active120,13
QCCXC0004,6,4.166666666666667,Naive,ae,active120,13
QCCXC0005,6,8.25,Naive,ae,active120,13
QCCXC0007,6,20.583333333333332,Naive,ae,active120,13
QCSSXC0005,6,27.375,Naive,ae,active120,13
QCSSXC0006,6,6.833333333333333,Naive,ae,active120,13
QCXDS001,6,-2.9166666666666665,Naive,ae,active120,13
QFDNZGJK001,2,-3.25,Naive,ae,active120,13
QFDNZGJK002,2,-19.5,Naive,ae,active120,13
QFSJZ001-1,6,3.4583333333333335,Naive,ae,active120,13
QFSJZ003-1,6,4.166666666666667,Naive,ae,active120,13
RLHZHMV000AMDE,6,29.25,Naive,ae,active120,13
SKZ2FT01,2,0.0,Naive,ae,active120,13
SKZ3FT01,2,0.0,Naive,ae,active120,13
SPH0001,6,2.7083333333333335,Naive,ae,active120,13
WSJZS0002,6,-3.25,Naive,ae,active120,13
WSJZS0004,6,8.5,Naive,ae,active120,13
XFTW0001,2,0.5,Naive,ae,active120,13
XGX9995,2,0.0,Naive,ae,active120,13
XHP0001,6,2.2083333333333335,Naive,ae,active120,13
XHZXCZP0001,6,-4.041666666666667,Naive,ae,active120,13
XHZXCZP0002,6,3.25,Naive,ae,active120,13
XMJ0004,2,23.25,Naive,ae,active120,13
XMSH0001,2,0.0,Naive,ae,active120,13
XXGP0002,2,16.25,Naive,ae,active120,13
XYJ0001,2,-11.75,Naive,ae,active120,13
XYMGPD0001,2,-3.0,Naive,ae,active120,13
XYMGPD0002,2,4.875,Naive,ae,active120,13
XYMZG0016,2,0.0,Naive,ae,active120,13
YBB0001,6,-0.5416666666666666,Naive,ae,active120,13
YDBZ001,6,-12.541666666666666,Naive,ae,active120,13
YDBZ002,6,-3.875,Naive,ae,active120,13
YEC0009,2,21.125,Naive,ae,active120,13
YJLZHMV000AMDE,6,2.625,Naive,ae,active120,13
YKLLW0005,6,-1.2916666666666667,Naive,ae,active120,13
ZBTZ0002,6,1.9583333333333333,Naive,ae,active120,13
ZJJSJSV001AMDE,6,2.0833333333333335,Naive,ae,active120,13
ZJJYZBV001AMDE,6,-5.916666666666667,Naive,ae,active120,13
ZJJYZSJSV1AMDE,6,-1.0833333333333333,Naive,ae,active120,13
ZTD0001,6,3.6666666666666665,Naive,ae,active120,13
ZTD0003,6,0.0,Naive,ae,active120,13
xgx0014,2,17.875,Naive,ae,active120,13
xgx0015,2,22.75,Naive,ae,active120,13
xgx0016,2,-0.375,Naive,ae,active120,13
xymzd0015,2,29.25,Naive,ae,active120,13
BLP0001,4,2.362097843534092,FullHistoryMean,mase_52,active120,13
BLP0002,4,2.7881686094576716,FullHistoryMean,mase_52,active120,13
CWW0002,4,3.081029675356233,FullHistoryMean,mase_52,active120,13
DHZXCZP0001,4,-0.9810069515611122,FullHistoryMean,mase_52,active120,13
DRMJJ0022,5,0.4315476190476192,FullHistoryMean,mase_52,active120,13
DRMJJ0023,5,-0.3644182665609611,FullHistoryMean,mase_52,active120,13
ETZP0003,3,-0.7435621411685241,FullHistoryMean,mase_52,active120,13
ETZP0004,4,1.279840629800307,FullHistoryMean,mase_52,active120,13
FDBLHP0001,4,-0.5800456396673498,FullHistoryMean,mase_52,active120,13
FDBLP0001,5,0.14993088833894214,FullHistoryMean,mase_52,active120,13
FRC0002,6,0.7204728710876251,FullHistoryMean,mase_52,active120,13
FRC0003,6,-0.24597291506008614,FullHistoryMean,mase_52,active120,13
FRH0001,6,1.3515843676006163,FullHistoryMean,mase_52,active120,13
FRH0002,6,0.8473699681302019,FullHistoryMean,mase_52,active120,13
FRH0003,6,0.6641776280609396,FullHistoryMean,mase_52,active120,13
FRH0004,6,0.8665494816929208,FullHistoryMean,mase_52,active120,13
FRH0033,6,0.15551255807995865,FullHistoryMean,mase_52,active120,13
FRH0034,6,0.5942269657474742,FullHistoryMean,mase_52,active120,13
FRH0040,6,0.8364075537988566,FullHistoryMean,mase_52,active120,13
FRH0045,5,-0.6542160239307948,FullHistoryMean,mase_52,active120,13
FRH0046,6,-0.6522167277167278,FullHistoryMean,mase_52,active120,13
FRH0048,6,-0.6956326745094809,FullHistoryMean,mase_52,active120,13
FRH0050,6,1.1056974969474969,FullHistoryMean,mase_52,active120,13
FRH0051,6,-0.3554852786102785,FullHistoryMean,mase_52,active120,13
FRH0056,6,0.019463654411088032,FullHistoryMean,mase_52,active120,13
FRH0059,6,0.16093932325072216,FullHistoryMean,mase_52,active120,13
FRH0064,4,2.777618603411514,FullHistoryMean,mase_52,active120,13
FRH0065,4,-1.3607057696731608,FullHistoryMean,mase_52,active120,13
FRW0005,6,-0.006840918733531136,FullHistoryMean,mase_52,active120,13
FRW0006,6,0.000874028669825222,FullHistoryMean,mase_52,active120,13
FRW0013,5,0.6048997493734335,FullHistoryMean,mase_52,active120,13
FRW0015,6,-0.35788009403102733,FullHistoryMean,mase_52,active120,13
FRW0017,4,-0.5455357142857142,FullHistoryMean,mase_52,active120,13
FRW0024,3,-0.7950562169312169,FullHistoryMean,mase_52,active120,13
FZLRICBHP0001,5,-0.43526480463980466,FullHistoryMean,mase_52,active120,13
FZLRJ0001,4,-0.6306921897546899,FullHistoryMean,mase_52,active120,13
FZLRJ0002,5,1.8106314819537548,FullHistoryMean,mase_52,active120,13
GJMJSLW001,4,-1.5938231736369062,FullHistoryMean,mase_52,active120,13
GJMJWJX001,6,0.4462790216475622,FullHistoryMean,mase_52,active120,13
GJMJWJXW001,6,0.6103681427814459,FullHistoryMean,mase_52,active120,13
HLGKSLT0001,5,0.12460583276372734,FullHistoryMean,mase_52,active120,13
HWZDSKL0001,5,-1.2236957820769019,FullHistoryMean,mase_52,active120,13
HZSN0001,6,0.5851668564817151,FullHistoryMean,mase_52,active120,13
JZJ00011,4,-0.982447002118136,FullHistoryMean,mase_52,active120,13
JZJ00012,5,-0.8361224137183942,FullHistoryMean,mase_52,active120,13
JZJ0002,6,1.351764672609397,FullHistoryMean,mase_52,active120,13
JZJ0003,6,1.5994238504176277,FullHistoryMean,mase_52,active120,13
JZJ0005,3,2.956442577030812,FullHistoryMean,mase_52,active120,13
JZJ0008,3,3.1826135105204867,FullHistoryMean,mase_52,active120,13
JZJ0009,6,0.691295964835056,FullHistoryMean,mase_52,active120,13
JZJ0013,6,0.49684185019633403,FullHistoryMean,mase_52,active120,13
JZJ0016,6,-0.41627315967462186,FullHistoryMean,mase_52,active120,13
JZJ0018,4,2.1729049744897977,FullHistoryMean,mase_52,active120,13
JZJ0019,4,-0.022869373443821922,FullHistoryMean,mase_52,active120,13
JZQCQ001,4,1.2860979738690193,FullHistoryMean,mase_52,active120,13
JZQCQ003,4,1.3136958129117842,FullHistoryMean,mase_52,active120,13
JZQCQ004,4,2.1088169642857144,FullHistoryMean,mase_52,active120,13
KZCWBG001,4,0.27502667733760167,FullHistoryMean,mase_52,active120,13
LRKF0001,5,1.5245765027322409,FullHistoryMean,mase_52,active120,13
LTKF0019,5,0.23815363501722536,FullHistoryMean,mase_52,active120,13
LTKF0020,6,3.1573088166594876,FullHistoryMean,mase_52,active120,13
LTKF0021,5,0.1546529273488763,FullHistoryMean,mase_52,active120,13
LTKF0022M,5,0.8844149415315476,FullHistoryMean,mase_52,active120,13
LTKF0031,5,-0.2943962837159039,FullHistoryMean,mase_52,active120,13
LTKF0047,5,1.3692720502835283,FullHistoryMean,mase_52,active120,13
LTKF0101,5,0.4615066384942087,FullHistoryMean,mase_52,active120,13
LTKF093,4,1.8900144993894994,FullHistoryMean,mase_52,active120,13
LTKF098,4,1.3191583405937626,FullHistoryMean,mase_52,active120,13
LYC0201,4,2.368919371523538,FullHistoryMean,mase_52,active120,13
NNB0002,4,-0.48030671048519546,FullHistoryMean,mase_52,active120,13
QCCXC0004,6,7.426905345471522,FullHistoryMean,mase_52,active120,13
QCCXC0005,4,1.5315951196479682,FullHistoryMean,mase_52,active120,13
QCCXC0007,4,1.760405469005786,FullHistoryMean,mase_52,active120,13
QCSSXC0005,4,1.073138832997989,FullHistoryMean,mase_52,active120,13
QCSSXC0006,4,3.648729395604396,FullHistoryMean,mase_52,active120,13
QCXDS001,4,0.6232218467611017,FullHistoryMean,mase_52,active120,13
QFSJZ001-1,2,5.726708074534161,FullHistoryMean,mase_52,active120,13
QFSJZ003-1,4,0.007869738284329436,FullHistoryMean,mase_52,active120,13
RLHZHMV000AMDE,6,0.7745455829392198,FullHistoryMean,mase_52,active120,13
SPH0001,1,0.1850649350649345,FullHistoryMean,mase_52,active120,13
WSJZS0002,1,9.321428571428584,FullHistoryMean,mase_52,active120,13
WSJZS0004,1,9.321428571428573,FullHistoryMean,mase_52,active120,13
XHP0001,4,0.9825287365655083,FullHistoryMean,mase_52,active120,13
XHZXCZP0001,6,0.09287656776856684,FullHistoryMean,mase_52,active120,13
XHZXCZP0002,3,-0.9611303151947665,FullHistoryMean,mase_52,active120,13
YBB0001,1,-1.7535714285714286,FullHistoryMean,mase_52,active120,13
YDBZ001,6,-0.7733034649167655,FullHistoryMean,mase_52,active120,13
YDBZ002,6,-1.0434786318190397,FullHistoryMean,mase_52,active120,13
YJLZHMV000AMDE,6,0.222425857751669,FullHistoryMean,mase_52,active120,13
YKLLW0005,2,0.09088385354141655,FullHistoryMean,mase_52,active120,13
ZBTZ0002,4,0.184278612012987,FullHistoryMean,mase_52,active120,13
ZJJSJSV001AMDE,5,0.7780441110613523,FullHistoryMean,mase_52,active120,13
ZJJYZBV001AMDE,5,-0.5905010709230863,FullHistoryMean,mase_52,active120,13
ZJJYZSJSV1AMDE,4,0.404382183908046,FullHistoryMean,mase_52,active120,13
ZTD0001,2,0.8374615975422427,FullHistoryMean,mase_52,active120,13
ZTD0003,3,1.111270215633423,FullHistoryMean,mase_52,active120,13
BLP0001,6,14.101190476190476,FullHistoryMean,ae,active120,13
BLP0002,6,3.0505952380952372,FullHistoryMean,ae,active120,13
CWW0002,6,32.38525132275132,FullHistoryMean,ae,active120,13
DHZXCZP0001,6,-9.246362433862432,FullHistoryMean,ae,active120,13
DRMJJ0022,6,-1.0171296296296297,FullHistoryMean,ae,active120,13
DRMJJ0023,6,0.06775793650793638,FullHistoryMean,ae,active120,13
ETZP0003,6,-2.253637566137566,FullHistoryMean,ae,active120,13
ETZP0004,6,6.531746031746032,FullHistoryMean,ae,active120,13
FDBLHP0001,6,-2.505952380952381,FullHistoryMean,ae,active120,13
FDBLP0001,6,-29.947371031746034,FullHistoryMean,ae,active120,13
FRC0002,6,5.715873015873016,FullHistoryMean,ae,active120,13
FRC0003,6,-2.0679894179894185,FullHistoryMean,ae,active120,13
FRH0001,6,18.472619047619048,FullHistoryMean,ae,active120,13
FRH0002,6,12.049999999999999,FullHistoryMean,ae,active120,13
FRH0003,6,27.275793650793656,FullHistoryMean,ae,active120,13
FRH0004,6,10.728968253968254,FullHistoryMean,ae,active120,13
FRH0033,6,1.4131283068783091,FullHistoryMean,ae,active120,13
FRH0034,6,2.801785714285714,FullHistoryMean,ae,active120,13
FRH0040,6,2.4611111111111095,FullHistoryMean,ae,active120,13
FRH0045,6,-9.653174603174604,FullHistoryMean,ae,active120,13
FRH0046,6,3.9032407407407406,FullHistoryMean,ae,active120,13
FRH0048,6,-13.061507936507935,FullHistoryMean,ae,active120,13
FRH0050,6,5.836904761904762,FullHistoryMean,ae,active120,13
FRH0051,6,-7.616203703703704,FullHistoryMean,ae,active120,13
FRH0056,6,1.4181878306878322,FullHistoryMean,ae,active120,13
FRH0059,6,6.436838624338623,FullHistoryMean,ae,active120,13
FRH0064,6,8.71957671957672,FullHistoryMean,ae,active120,13
FRH0065,6,-4.871693121693121,FullHistoryMean,ae,active120,13
FRW0005,6,-0.4253306878306873,FullHistoryMean,ae,active120,13
FRW0006,6,-0.4302579365079377,FullHistoryMean,ae,active120,13
FRW0013,6,5.3654761904761905,FullHistoryMean,ae,active120,13
FRW0015,6,-14.264021164021168,FullHistoryMean,ae,active120,13
FRW0017,6,-3.216666666666667,FullHistoryMean,ae,active120,13
FRW0024,6,-2.876322751322751,FullHistoryMean,ae,active120,13
FZLRICBHP0001,6,-0.9890211640211639,FullHistoryMean,ae,active120,13
FZLRJ0001,6,-5.326719576719577,FullHistoryMean,ae,active120,13
FZLRJ0002,6,8.708796296296297,FullHistoryMean,ae,active120,13
FZLRJ0005,1,0.0,FullHistoryMean,ae,active120,13
GJMJSLW001,6,-57.41150793650794,FullHistoryMean,ae,active120,13
GJMJWJX001,6,57.80952380952382,FullHistoryMean,ae,active120,13
GJMJWJXW001,6,126.42500000000001,FullHistoryMean,ae,active120,13
HLGKSLT0001,6,-2.8129629629629633,FullHistoryMean,ae,active120,13
HWZDSKL0001,6,-20.361177248677247,FullHistoryMean,ae,active120,13
HZSN0001,6,-2.5823082010582,FullHistoryMean,ae,active120,13
JZJ00011,6,-4.136574074074075,FullHistoryMean,ae,active120,13
JZJ00012,6,-19.76792328042328,FullHistoryMean,ae,active120,13
JZJ0002,6,11.584920634920636,FullHistoryMean,ae,active120,13
JZJ0003,6,31.81031746031746,FullHistoryMean,ae,active120,13
JZJ0005,6,7.594841269841271,FullHistoryMean,ae,active120,13
JZJ0008,6,11.748412698412698,FullHistoryMean,ae,active120,13
JZJ0009,6,61.46990740740741,FullHistoryMean,ae,active120,13
JZJ0013,6,40.32083333333333,FullHistoryMean,ae,active120,13
JZJ0016,6,-6.071445105820106,FullHistoryMean,ae,active120,13
JZJ0018,6,-0.7559523809523809,FullHistoryMean,ae,active120,13
JZJ0019,6,-4.077050264550266,FullHistoryMean,ae,active120,13
JZQCQ001,6,60.788492063492065,FullHistoryMean,ae,active120,13
JZQCQ003,6,45.30039682539683,FullHistoryMean,ae,active120,13
JZQCQ004,6,6.546428571428572,FullHistoryMean,ae,active120,13
KFYFQ51mm,1,-27.5,FullHistoryMean,ae,active120,13
KFYFQ54mm,1,-61.25,FullHistoryMean,ae,active120,13
KFYFQ58mm,1,6.75,FullHistoryMean,ae,active120,13
KZCWBG001,6,1.0542328042328042,FullHistoryMean,ae,active120,13
LRKF0001,6,8.947222222222223,FullHistoryMean,ae,active120,13
LTKF0019,6,1.364351851851852,FullHistoryMean,ae,active120,13
LTKF0020,6,124.10601851851851,FullHistoryMean,ae,active120,13
LTKF0021,6,0.3896825396825392,FullHistoryMean,ae,active120,13
LTKF0022M,6,0.06051587301587288,FullHistoryMean,ae,active120,13
LTKF0031,6,-5.736441798941798,FullHistoryMean,ae,active120,13
LTKF0047,6,2.0404761904761908,FullHistoryMean,ae,active120,13
LTKF0101,6,11.206150793650798,FullHistoryMean,ae,active120,13
LTKF093,6,4.8809523809523805,FullHistoryMean,ae,active120,13
LTKF098,6,-22.02579365079365,FullHistoryMean,ae,active120,13
LTKF098B,1,0.75,FullHistoryMean,ae,active120,13
LYC0201,6,2.081679894179894,FullHistoryMean,ae,active120,13
NNB0002,6,-38.360780423280424,FullHistoryMean,ae,active120,13
NNBZL01,1,2.5,FullHistoryMean,ae,active120,13
QCCXC0004,6,22.93558201058201,FullHistoryMean,ae,active120,13
QCCXC0005,6,6.980555555555555,FullHistoryMean,ae,active120,13
QCCXC0007,6,15.201984126984128,FullHistoryMean,ae,active120,13
QCSSXC0005,6,-16.979365079365078,FullHistoryMean,ae,active120,13
QCSSXC0006,6,6.086904761904762,FullHistoryMean,ae,active120,13
QCXDS001,6,12.639285714285714,FullHistoryMean,ae,active120,13
QFDNZGJK001,1,13.5,FullHistoryMean,ae,active120,13
QFDNZGJK002,1,-14.0,FullHistoryMean,ae,active120,13
QFSJZ001-1,6,4.871031746031745,FullHistoryMean,ae,active120,13
QFSJZ003-1,6,-1.6230158730158728,FullHistoryMean,ae,active120,13
RLHZHMV000AMDE,6,15.53849206349206,FullHistoryMean,ae,active120,13
SKZ2FT01,1,0.0,FullHistoryMean,ae,active120,13
SKZ3FT01,1,0.0,FullHistoryMean,ae,active120,13
SPH0001,6,0.11309523809523785,FullHistoryMean,ae,active120,13
WSJZS0002,6,1.0357142857142871,FullHistoryMean,ae,active120,13
WSJZS0004,6,8.285714285714286,FullHistoryMean,ae,active120,13
XFTW0001,1,9.0,FullHistoryMean,ae,active120,13
XGX9995,1,0.0,FullHistoryMean,ae,active120,13
XHP0001,6,-11.588293650793657,FullHistoryMean,ae,active120,13
XHZXCZP0001,6,12.384523809523806,FullHistoryMean,ae,active120,13
XHZXCZP0002,6,-1.4454365079365097,FullHistoryMean,ae,active120,13
XMJ0004,1,40.5,FullHistoryMean,ae,active120,13
XMSH0001,1,-47.0,FullHistoryMean,ae,active120,13
XXGP0002,1,-74.5,FullHistoryMean,ae,active120,13
XYJ0001,1,-38.5,FullHistoryMean,ae,active120,13
XYMGPD0001,1,21.0,FullHistoryMean,ae,active120,13
XYMGPD0002,1,-10.25,FullHistoryMean,ae,active120,13
XYMZG0016,1,0.0,FullHistoryMean,ae,active120,13
YBB0001,6,-2.9226190476190474,FullHistoryMean,ae,active120,13
YDBZ001,6,-6.888558201058202,FullHistoryMean,ae,active120,13
YDBZ002,6,-17.392410714285713,FullHistoryMean,ae,active120,13
YEC0009,1,-8.0,FullHistoryMean,ae,active120,13
YJLZHMV000AMDE,6,0.25132275132275095,FullHistoryMean,ae,active120,13
YKLLW0005,6,1.1607142857142856,FullHistoryMean,ae,active120,13
ZBTZ0002,6,1.134920634920635,FullHistoryMean,ae,active120,13
ZJJSJSV001AMDE,6,10.90595238095238,FullHistoryMean,ae,active120,13
ZJJYZBV001AMDE,6,-6.939682539682539,FullHistoryMean,ae,active120,13
ZJJYZSJSV1AMDE,6,9.48095238095238,FullHistoryMean,ae,active120,13
ZTD0001,6,2.636574074074074,FullHistoryMean,ae,active120,13
ZTD0003,6,0.5519179894179894,FullHistoryMean,ae,active120,13
xgx0014,1,-11.75,FullHistoryMean,ae,active120,13
xgx0015,1,8.25,FullHistoryMean,ae,active120,13
xgx0016,1,-11.75,FullHistoryMean,ae,active120,13
xymzd0015,1,-7.0,FullHistoryMean,ae,active120,13
BLJZ0001,3,7.215384615384617,BlockFrequencyMean,mase_52,sparse77,4
BLP0003,6,-0.9664224664224664,BlockFrequencyMean,mase_52,sparse77,4
BLP0004,6,0.06410256410256406,BlockFrequencyMean,mase_52,sparse77,4
CLSSLT0003,6,0.14947724340436888,BlockFrequencyMean,mase_52,sparse77,4
CLSSLT0006,6,0.18695387528278776,BlockFrequencyMean,mase_52,sparse77,4
DRMJJ0020,5,1.5255123014637189,BlockFrequencyMean,mase_52,sparse77,4
DRMJJ0021,6,0.019947314178083413,BlockFrequencyMean,mase_52,sparse77,4
DRMJJ0025,6,-0.1307285307285308,BlockFrequencyMean,mase_52,sparse77,4
DRMJJ0026,6,-0.0527425610442688,BlockFrequencyMean,mase_52,sparse77,4
DRMJJ0027,6,-0.07692307692307694,BlockFrequencyMean,mase_52,sparse77,4
DRMJJ0038,5,0.24971428571428572,BlockFrequencyMean,mase_52,sparse77,4
DRMJJ0039,4,0.46666666666666656,BlockFrequencyMean,mase_52,sparse77,4
FRC0010,6,0.6910538179768949,BlockFrequencyMean,mase_52,sparse77,4
FRH0028,6,0.2711915535444948,BlockFrequencyMean,mase_52,sparse77,4
FRH0029,6,0.3981566820276497,BlockFrequencyMean,mase_52,sparse77,4
FRH0031,6,0.9615384615384617,BlockFrequencyMean,mase_52,sparse77,4
FRH0035,3,1.132867132867133,BlockFrequencyMean,mase_52,sparse77,4
FRH0037,5,1.418901098901099,BlockFrequencyMean,mase_52,sparse77,4
FRH0042,6,1.091908091908092,BlockFrequencyMean,mase_52,sparse77,4
FRH0043,6,-0.35315664727429424,BlockFrequencyMean,mase_52,sparse77,4
FRH0044,6,0.09248036479157751,BlockFrequencyMean,mase_52,sparse77,4
FRH0047,6,0.7558552558552559,BlockFrequencyMean,mase_52,sparse77,4
FRH0049,3,0.7362637362637363,BlockFrequencyMean,mase_52,sparse77,4
FRH0056-1,6,-0.43504273504273505,BlockFrequencyMean,mase_52,sparse77,4
FRH0068,6,0.7232767232767233,BlockFrequencyMean,mase_52,sparse77,4
FRW00011,6,0.11145393068469993,BlockFrequencyMean,mase_52,sparse77,4
FRW00023,2,0.9958333333333331,BlockFrequencyMean,mase_52,sparse77,4
FRW0008,6,-0.0715754833401893,BlockFrequencyMean,mase_52,sparse77,4
FRW0009,6,0.028989096882751902,BlockFrequencyMean,mase_52,sparse77,4
FRW0011,4,0.9903846153846155,BlockFrequencyMean,mase_52,sparse77,4
FRW0014,2,1.1076923076923078,BlockFrequencyMean,mase_52,sparse77,4
FRW0016,6,1.2448224852071008,BlockFrequencyMean,mase_52,sparse77,4
FRW0020,2,0.9230769230769232,BlockFrequencyMean,mase_52,sparse77,4
FRW0023,6,-0.23235653235653234,BlockFrequencyMean,mase_52,sparse77,4
FSTBY001,6,1.5641025641025645,BlockFrequencyMean,mase_52,sparse77,4
FZGLS0001,6,-0.2708180708180705,BlockFrequencyMean,mase_52,sparse77,4
FZGLS0002,6,0.21769512538743307,BlockFrequencyMean,mase_52,sparse77,4
FZLRJ0001double,6,0.3717948717948718,BlockFrequencyMean,mase_52,sparse77,4
FZLRJ0002double,6,0.36263736263736246,BlockFrequencyMean,mase_52,sparse77,4
HSAKSLT0001,6,0.3818681318681317,BlockFrequencyMean,mase_52,sparse77,4
HWZDSKL0002,6,0.30582378846919184,BlockFrequencyMean,mase_52,sparse77,4
JZJ0004,6,0.09261028826246219,BlockFrequencyMean,mase_52,sparse77,4
JZJ0014,6,0.2578431372549019,BlockFrequencyMean,mase_52,sparse77,4
JZJ0017,6,0.47179487179487173,BlockFrequencyMean,mase_52,sparse77,4
KFZ0001,6,0.3384615384615386,BlockFrequencyMean,mase_52,sparse77,4
LTKF0002,5,1.1076923076923078,BlockFrequencyMean,mase_52,sparse77,4
LTKF0005A,6,0.11620879120879124,BlockFrequencyMean,mase_52,sparse77,4
LTKF0008,5,0.822857142857143,BlockFrequencyMean,mase_52,sparse77,4
LTKF0009,5,0.7160839160839162,BlockFrequencyMean,mase_52,sparse77,4
LTKF0022,6,0.4967749641662685,BlockFrequencyMean,mase_52,sparse77,4
LTKF0024A,6,-0.16355409296585754,BlockFrequencyMean,mase_52,sparse77,4
LTKF0058,6,-0.08686019862490453,BlockFrequencyMean,mase_52,sparse77,4
LTKF0102,6,-0.1179270014115749,BlockFrequencyMean,mase_52,sparse77,4
LTKF0106,6,-0.2346542346542347,BlockFrequencyMean,mase_52,sparse77,4
LTKF0111,6,0.09345981653673945,BlockFrequencyMean,mase_52,sparse77,4
LYC0203,6,-0.7407336253490101,BlockFrequencyMean,mase_52,sparse77,4
QCXXC0001,6,0.1625766657339267,BlockFrequencyMean,mase_52,sparse77,4
QCXXC0002,6,0.6731056383230296,BlockFrequencyMean,mase_52,sparse77,4
QFSJZ002-1,6,0.23048807917228967,BlockFrequencyMean,mase_52,sparse77,4
QFSJZ003,6,0.2005494505494505,BlockFrequencyMean,mase_52,sparse77,4
SLT0003,6,0.976844181459566,BlockFrequencyMean,mase_52,sparse77,4
SLT0004,6,0.5308358308358309,BlockFrequencyMean,mase_52,sparse77,4
SRPDZS0002,6,-1.3846153846153848,BlockFrequencyMean,mase_52,sparse77,4
XGX9992,1,4.166666666666666,BlockFrequencyMean,mase_52,sparse77,4
XGX9993,1,4.166666666666666,BlockFrequencyMean,mase_52,sparse77,4
XYMLRY00001,5,-0.25433566433566435,BlockFrequencyMean,mase_52,sparse77,4
YDBZLV0001AMDE,6,1.3760683760683763,BlockFrequencyMean,mase_52,sparse77,4
YDBZWV0001AMDE,6,0.8750000000000001,BlockFrequencyMean,mase_52,sparse77,4
YJX0024,6,0.7252747252747254,BlockFrequencyMean,mase_52,sparse77,4
YJX0025,6,0.3,BlockFrequencyMean,mase_52,sparse77,4
YXBLJ0001,6,-0.002801120448179243,BlockFrequencyMean,mase_52,sparse77,4
ZBTZ0003,6,-0.14406406287211246,BlockFrequencyMean,mase_52,sparse77,4
ZJJSJBV001AMDE,6,0.045928430543815145,BlockFrequencyMean,mase_52,sparse77,4
ZJJYZSJBV1AMDE,6,1.3194444444444444,BlockFrequencyMean,mase_52,sparse77,4
ZJJYZSJSV2AMDE,5,1.2384615384615385,BlockFrequencyMean,mase_52,sparse77,4
xgx0013,4,0.5520833333333335,BlockFrequencyMean,mase_52,sparse77,4
zxy0002,2,0.21111111111111103,BlockFrequencyMean,mase_52,sparse77,4
BLJZ0001,3,1.6410256410256412,BlockFrequencyMean,ae,sparse77,4
BLP0003,6,-1.0512820512820513,BlockFrequencyMean,ae,sparse77,4
BLP0004,6,0.19230769230769232,BlockFrequencyMean,ae,sparse77,4
CLSSLT0003,6,0.32051282051282054,BlockFrequencyMean,ae,sparse77,4
CLSSLT0006,6,0.4487179487179487,BlockFrequencyMean,ae,sparse77,4
DRMJJ0020,5,0.06153846153846172,BlockFrequencyMean,ae,sparse77,4
DRMJJ0021,6,0.07692307692307698,BlockFrequencyMean,ae,sparse77,4
DRMJJ0025,6,-0.26923076923076933,BlockFrequencyMean,ae,sparse77,4
DRMJJ0026,6,-0.08974358974358972,BlockFrequencyMean,ae,sparse77,4
DRMJJ0027,6,-0.19230769230769237,BlockFrequencyMean,ae,sparse77,4
DRMJJ0038,5,0.41,BlockFrequencyMean,ae,sparse77,4
DRMJJ0039,6,0.5361111111111111,BlockFrequencyMean,ae,sparse77,4
FRC0010,6,0.6025641025641026,BlockFrequencyMean,ae,sparse77,4
FRH0028,6,0.3717948717948718,BlockFrequencyMean,ae,sparse77,4
FRH0029,6,1.2179487179487178,BlockFrequencyMean,ae,sparse77,4
FRH0031,6,0.6410256410256411,BlockFrequencyMean,ae,sparse77,4
FRH0035,3,1.0769230769230769,BlockFrequencyMean,ae,sparse77,4
FRH0037,5,0.5076923076923077,BlockFrequencyMean,ae,sparse77,4
FRH0042,6,1.0897435897435896,BlockFrequencyMean,ae,sparse77,4
FRH0043,6,-0.43589743589743596,BlockFrequencyMean,ae,sparse77,4
FRH0044,6,0.1923076923076923,BlockFrequencyMean,ae,sparse77,4
FRH0047,6,2.076923076923077,BlockFrequencyMean,ae,sparse77,4
FRH0049,3,0.6410256410256411,BlockFrequencyMean,ae,sparse77,4
FRH0056-1,6,-0.5000000000000001,BlockFrequencyMean,ae,sparse77,4
FRH0068,6,1.3846153846153844,BlockFrequencyMean,ae,sparse77,4
FRW00011,6,0.17948717948717952,BlockFrequencyMean,ae,sparse77,4
FRW00023,2,0.7833333333333332,BlockFrequencyMean,ae,sparse77,4
FRW0008,6,0.11538461538461535,BlockFrequencyMean,ae,sparse77,4
FRW0009,6,0.11538461538461535,BlockFrequencyMean,ae,sparse77,4
FRW0011,4,0.38461538461538464,BlockFrequencyMean,ae,sparse77,4
FRW0014,2,0.34615384615384615,BlockFrequencyMean,ae,sparse77,4
FRW0016,6,0.794871794871795,BlockFrequencyMean,ae,sparse77,4
FRW0020,2,0.19230769230769224,BlockFrequencyMean,ae,sparse77,4
FRW0023,6,-0.11538461538461542,BlockFrequencyMean,ae,sparse77,4
FSTBY001,6,0.44871794871794884,BlockFrequencyMean,ae,sparse77,4
FZGLS0001,6,-0.1282051282051282,BlockFrequencyMean,ae,sparse77,4
FZGLS0002,6,0.21794871794871795,BlockFrequencyMean,ae,sparse77,4
FZLRJ0001double,6,0.08974358974358972,BlockFrequencyMean,ae,sparse77,4
FZLRJ0002double,6,0.2435897435897436,BlockFrequencyMean,ae,sparse77,4
HSAKSLT0001,6,0.34615384615384626,BlockFrequencyMean,ae,sparse77,4
HWZDSKL0002,6,0.3974358974358975,BlockFrequencyMean,ae,sparse77,4
JZJ0004,6,0.47435897435897445,BlockFrequencyMean,ae,sparse77,4
JZJ0014,6,0.28205128205128194,BlockFrequencyMean,ae,sparse77,4
JZJ0017,6,0.4102564102564103,BlockFrequencyMean,ae,sparse77,4
KFZ0001,6,0.1923076923076923,BlockFrequencyMean,ae,sparse77,4
LTKF0002,5,0.5538461538461539,BlockFrequencyMean,ae,sparse77,4
LTKF0005A,6,0.1666666666666667,BlockFrequencyMean,ae,sparse77,4
LTKF0008,5,0.7846153846153847,BlockFrequencyMean,ae,sparse77,4
LTKF0009,5,1.0923076923076924,BlockFrequencyMean,ae,sparse77,4
LTKF0022,6,1.1666666666666667,BlockFrequencyMean,ae,sparse77,4
LTKF0024A,6,-0.1282051282051282,BlockFrequencyMean,ae,sparse77,4
LTKF0058,6,-0.07692307692307683,BlockFrequencyMean,ae,sparse77,4
LTKF0102,6,-0.11538461538461542,BlockFrequencyMean,ae,sparse77,4
LTKF0106,6,-0.19230769230769232,BlockFrequencyMean,ae,sparse77,4
LTKF0111,6,-0.05128205128205147,BlockFrequencyMean,ae,sparse77,4
LYC0203,6,-1.1153846153846154,BlockFrequencyMean,ae,sparse77,4
QCXXC0001,6,0.7435897435897436,BlockFrequencyMean,ae,sparse77,4
QCXXC0002,6,1.2051282051282053,BlockFrequencyMean,ae,sparse77,4
QFSJZ002-1,6,0.2948717948717948,BlockFrequencyMean,ae,sparse77,4
QFSJZ003,6,0.14102564102564102,BlockFrequencyMean,ae,sparse77,4
SLT0003,6,2.256410256410257,BlockFrequencyMean,ae,sparse77,4
SLT0004,6,0.9743589743589745,BlockFrequencyMean,ae,sparse77,4
SRPDZS0002,6,-0.5512820512820513,BlockFrequencyMean,ae,sparse77,4
XGX9992,1,3.333333333333333,BlockFrequencyMean,ae,sparse77,4
XGX9993,1,3.333333333333333,BlockFrequencyMean,ae,sparse77,4
XYMLRY00001,6,-0.4527777777777778,BlockFrequencyMean,ae,sparse77,4
YDBZLV0001AMDE,6,0.923076923076923,BlockFrequencyMean,ae,sparse77,4
YDBZWV0001AMDE,6,1.153846153846154,BlockFrequencyMean,ae,sparse77,4
YJX0024,6,0.8461538461538463,BlockFrequencyMean,ae,sparse77,4
YJX0025,6,0.2692307692307692,BlockFrequencyMean,ae,sparse77,4
YXBLJ0001,6,-0.01282051282051285,BlockFrequencyMean,ae,sparse77,4
ZBTZ0003,6,-0.16666666666666663,BlockFrequencyMean,ae,sparse77,4
ZJJSJBV001AMDE,6,-0.038461538461538436,BlockFrequencyMean,ae,sparse77,4
ZJJYZSJBV1AMDE,6,1.3333333333333333,BlockFrequencyMean,ae,sparse77,4
ZJJYZSJSV2AMDE,5,1.0000000000000002,BlockFrequencyMean,ae,sparse77,4
xgx0013,4,1.4791666666666667,BlockFrequencyMean,ae,sparse77,4
zxy0002,2,-0.43333333333333346,BlockFrequencyMean,ae,sparse77,4
BLJZ0001,3,7.215384615384617,MatchedHistoryMean,mase_52,sparse77,4
BLP0003,6,-0.9664224664224664,MatchedHistoryMean,mase_52,sparse77,4
BLP0004,6,0.06410256410256406,MatchedHistoryMean,mase_52,sparse77,4
CLSSLT0003,6,0.1494772434043689,MatchedHistoryMean,mase_52,sparse77,4
CLSSLT0006,6,0.18695387528278776,MatchedHistoryMean,mase_52,sparse77,4
DRMJJ0020,5,1.5255123014637189,MatchedHistoryMean,mase_52,sparse77,4
DRMJJ0021,6,0.019947314178083413,MatchedHistoryMean,mase_52,sparse77,4
DRMJJ0025,6,-0.1307285307285308,MatchedHistoryMean,mase_52,sparse77,4
DRMJJ0026,6,-0.0527425610442688,MatchedHistoryMean,mase_52,sparse77,4
DRMJJ0027,6,-0.07692307692307694,MatchedHistoryMean,mase_52,sparse77,4
DRMJJ0038,5,0.24971428571428572,MatchedHistoryMean,mase_52,sparse77,4
DRMJJ0039,4,0.46666666666666656,MatchedHistoryMean,mase_52,sparse77,4
FRC0010,6,0.6910538179768949,MatchedHistoryMean,mase_52,sparse77,4
FRH0028,6,0.27119155354449476,MatchedHistoryMean,mase_52,sparse77,4
FRH0029,6,0.3981566820276497,MatchedHistoryMean,mase_52,sparse77,4
FRH0031,6,0.9615384615384617,MatchedHistoryMean,mase_52,sparse77,4
FRH0035,3,1.132867132867133,MatchedHistoryMean,mase_52,sparse77,4
FRH0037,5,1.418901098901099,MatchedHistoryMean,mase_52,sparse77,4
FRH0042,6,1.091908091908092,MatchedHistoryMean,mase_52,sparse77,4
FRH0043,6,-0.35315664727429424,MatchedHistoryMean,mase_52,sparse77,4
FRH0044,6,0.09248036479157755,MatchedHistoryMean,mase_52,sparse77,4
FRH0047,6,0.7558552558552559,MatchedHistoryMean,mase_52,sparse77,4
FRH0049,3,0.7362637362637363,MatchedHistoryMean,mase_52,sparse77,4
FRH0056-1,6,-0.435042735042735,MatchedHistoryMean,mase_52,sparse77,4
FRH0068,6,0.7232767232767233,MatchedHistoryMean,mase_52,sparse77,4
FRW00011,6,0.11145393068469993,MatchedHistoryMean,mase_52,sparse77,4
FRW00023,2,0.9958333333333331,MatchedHistoryMean,mase_52,sparse77,4
FRW0008,6,-0.07157548334018922,MatchedHistoryMean,mase_52,sparse77,4
FRW0009,6,0.028989096882751902,MatchedHistoryMean,mase_52,sparse77,4
FRW0011,4,0.9903846153846154,MatchedHistoryMean,mase_52,sparse77,4
FRW0014,2,1.1076923076923078,MatchedHistoryMean,mase_52,sparse77,4
FRW0016,6,1.2448224852071006,MatchedHistoryMean,mase_52,sparse77,4
FRW0020,2,0.9230769230769232,MatchedHistoryMean,mase_52,sparse77,4
FRW0023,6,-0.23235653235653234,MatchedHistoryMean,mase_52,sparse77,4
FSTBY001,6,1.5641025641025645,MatchedHistoryMean,mase_52,sparse77,4
FZGLS0001,6,-0.27081807081807047,MatchedHistoryMean,mase_52,sparse77,4
FZGLS0002,6,0.21769512538743307,MatchedHistoryMean,mase_52,sparse77,4
FZLRJ0001double,6,0.3717948717948718,MatchedHistoryMean,mase_52,sparse77,4
FZLRJ0002double,6,0.36263736263736246,MatchedHistoryMean,mase_52,sparse77,4
HSAKSLT0001,6,0.3818681318681317,MatchedHistoryMean,mase_52,sparse77,4
HWZDSKL0002,6,0.30582378846919184,MatchedHistoryMean,mase_52,sparse77,4
JZJ0004,6,0.09261028826246219,MatchedHistoryMean,mase_52,sparse77,4
JZJ0014,6,0.25784313725490193,MatchedHistoryMean,mase_52,sparse77,4
JZJ0017,6,0.47179487179487173,MatchedHistoryMean,mase_52,sparse77,4
KFZ0001,6,0.3384615384615386,MatchedHistoryMean,mase_52,sparse77,4
LTKF0002,5,1.1076923076923078,MatchedHistoryMean,mase_52,sparse77,4
LTKF0005A,6,0.1162087912087912,MatchedHistoryMean,mase_52,sparse77,4
LTKF0008,5,0.8228571428571427,MatchedHistoryMean,mase_52,sparse77,4
LTKF0009,5,0.7160839160839161,MatchedHistoryMean,mase_52,sparse77,4
LTKF0022,6,0.4967749641662685,MatchedHistoryMean,mase_52,sparse77,4
LTKF0024A,6,-0.16355409296585754,MatchedHistoryMean,mase_52,sparse77,4
LTKF0058,6,-0.08686019862490453,MatchedHistoryMean,mase_52,sparse77,4
LTKF0102,6,-0.1179270014115749,MatchedHistoryMean,mase_52,sparse77,4
LTKF0106,6,-0.23465423465423463,MatchedHistoryMean,mase_52,sparse77,4
LTKF0111,6,0.09345981653673945,MatchedHistoryMean,mase_52,sparse77,4
LYC0203,6,-0.7407336253490101,MatchedHistoryMean,mase_52,sparse77,4
QCXXC0001,6,0.16257666573392673,MatchedHistoryMean,mase_52,sparse77,4
QCXXC0002,6,0.6731056383230296,MatchedHistoryMean,mase_52,sparse77,4
QFSJZ002-1,6,0.23048807917228972,MatchedHistoryMean,mase_52,sparse77,4
QFSJZ003,6,0.2005494505494505,MatchedHistoryMean,mase_52,sparse77,4
SLT0003,6,0.976844181459566,MatchedHistoryMean,mase_52,sparse77,4
SLT0004,6,0.5308358308358309,MatchedHistoryMean,mase_52,sparse77,4
SRPDZS0002,6,-1.3846153846153848,MatchedHistoryMean,mase_52,sparse77,4
XGX9992,1,4.166666666666666,MatchedHistoryMean,mase_52,sparse77,4
XGX9993,1,4.166666666666666,MatchedHistoryMean,mase_52,sparse77,4
XYMLRY00001,5,-0.25433566433566435,MatchedHistoryMean,mase_52,sparse77,4
YDBZLV0001AMDE,6,1.3760683760683763,MatchedHistoryMean,mase_52,sparse77,4
YDBZWV0001AMDE,6,0.875,MatchedHistoryMean,mase_52,sparse77,4
YJX0024,6,0.7252747252747253,MatchedHistoryMean,mase_52,sparse77,4
YJX0025,6,0.3,MatchedHistoryMean,mase_52,sparse77,4
YXBLJ0001,6,-0.002801120448179243,MatchedHistoryMean,mase_52,sparse77,4
ZBTZ0003,6,-0.14406406287211243,MatchedHistoryMean,mase_52,sparse77,4
ZJJSJBV001AMDE,6,0.0459284305438151,MatchedHistoryMean,mase_52,sparse77,4
ZJJYZSJBV1AMDE,6,1.3194444444444444,MatchedHistoryMean,mase_52,sparse77,4
ZJJYZSJSV2AMDE,5,1.2384615384615385,MatchedHistoryMean,mase_52,sparse77,4
xgx0013,4,0.5520833333333335,MatchedHistoryMean,mase_52,sparse77,4
zxy0002,2,0.21111111111111103,MatchedHistoryMean,mase_52,sparse77,4
BLJZ0001,6,0.8205128205128206,MatchedHistoryMean,ae,sparse77,4
BLP0003,6,-1.0512820512820513,MatchedHistoryMean,ae,sparse77,4
BLP0004,6,0.19230769230769232,MatchedHistoryMean,ae,sparse77,4
CLSSLT0003,6,0.3205128205128206,MatchedHistoryMean,ae,sparse77,4
CLSSLT0006,6,0.4487179487179487,MatchedHistoryMean,ae,sparse77,4
DRMJJ0020,6,0.0512820512820514,MatchedHistoryMean,ae,sparse77,4
DRMJJ0021,6,0.07692307692307698,MatchedHistoryMean,ae,sparse77,4
DRMJJ0025,6,-0.26923076923076933,MatchedHistoryMean,ae,sparse77,4
DRMJJ0026,6,-0.08974358974358972,MatchedHistoryMean,ae,sparse77,4
DRMJJ0027,6,-0.19230769230769237,MatchedHistoryMean,ae,sparse77,4
DRMJJ0038,6,0.3416666666666666,MatchedHistoryMean,ae,sparse77,4
DRMJJ0039,6,0.5361111111111111,MatchedHistoryMean,ae,sparse77,4
FRC0010,6,0.6025641025641025,MatchedHistoryMean,ae,sparse77,4
FRH0028,6,0.3717948717948718,MatchedHistoryMean,ae,sparse77,4
FRH0029,6,1.2179487179487178,MatchedHistoryMean,ae,sparse77,4
FRH0031,6,0.6410256410256411,MatchedHistoryMean,ae,sparse77,4
FRH0035,6,0.5384615384615384,MatchedHistoryMean,ae,sparse77,4
FRH0037,6,0.4230769230769231,MatchedHistoryMean,ae,sparse77,4
FRH0042,6,1.0897435897435896,MatchedHistoryMean,ae,sparse77,4
FRH0043,6,-0.43589743589743596,MatchedHistoryMean,ae,sparse77,4
FRH0044,6,0.19230769230769237,MatchedHistoryMean,ae,sparse77,4
FRH0047,6,2.076923076923077,MatchedHistoryMean,ae,sparse77,4
FRH0049,6,0.3205128205128205,MatchedHistoryMean,ae,sparse77,4
FRH0056-1,6,-0.5,MatchedHistoryMean,ae,sparse77,4
FRH0068,6,1.3846153846153844,MatchedHistoryMean,ae,sparse77,4
FRW00011,6,0.17948717948717952,MatchedHistoryMean,ae,sparse77,4
FRW00023,6,0.26111111111111107,MatchedHistoryMean,ae,sparse77,4
FRW0008,6,0.11538461538461535,MatchedHistoryMean,ae,sparse77,4
FRW0009,6,0.11538461538461535,MatchedHistoryMean,ae,sparse77,4
FRW0011,6,0.2564102564102564,MatchedHistoryMean,ae,sparse77,4
FRW0014,6,0.11538461538461538,MatchedHistoryMean,ae,sparse77,4
FRW0016,6,0.7948717948717948,MatchedHistoryMean,ae,sparse77,4
FRW0020,6,0.06410256410256408,MatchedHistoryMean,ae,sparse77,4
FRW0023,6,-0.11538461538461542,MatchedHistoryMean,ae,sparse77,4
FSTBY001,6,0.44871794871794884,MatchedHistoryMean,ae,sparse77,4
FZGLS0001,6,-0.12820512820512822,MatchedHistoryMean,ae,sparse77,4
FZGLS0002,6,0.21794871794871795,MatchedHistoryMean,ae,sparse77,4
FZLRJ0001double,6,0.08974358974358969,MatchedHistoryMean,ae,sparse77,4
FZLRJ0002double,6,0.2435897435897436,MatchedHistoryMean,ae,sparse77,4
HSAKSLT0001,6,0.34615384615384626,MatchedHistoryMean,ae,sparse77,4
HWZDSKL0002,6,0.3974358974358975,MatchedHistoryMean,ae,sparse77,4
JZJ0004,6,0.47435897435897445,MatchedHistoryMean,ae,sparse77,4
JZJ0014,6,0.282051282051282,MatchedHistoryMean,ae,sparse77,4
JZJ0017,6,0.4102564102564103,MatchedHistoryMean,ae,sparse77,4
KFZ0001,6,0.1923076923076923,MatchedHistoryMean,ae,sparse77,4
LTKF0002,6,0.4615384615384615,MatchedHistoryMean,ae,sparse77,4
LTKF0005A,6,0.16666666666666666,MatchedHistoryMean,ae,sparse77,4
LTKF0008,6,0.6538461538461539,MatchedHistoryMean,ae,sparse77,4
LTKF0009,6,0.91025641025641,MatchedHistoryMean,ae,sparse77,4
LTKF0022,6,1.1666666666666667,MatchedHistoryMean,ae,sparse77,4
LTKF0024A,6,-0.1282051282051282,MatchedHistoryMean,ae,sparse77,4
LTKF0058,6,-0.07692307692307691,MatchedHistoryMean,ae,sparse77,4
LTKF0102,6,-0.11538461538461542,MatchedHistoryMean,ae,sparse77,4
LTKF0106,6,-0.19230769230769232,MatchedHistoryMean,ae,sparse77,4
LTKF0111,6,-0.05128205128205147,MatchedHistoryMean,ae,sparse77,4
LYC0203,6,-1.1153846153846154,MatchedHistoryMean,ae,sparse77,4
QCXXC0001,6,0.7435897435897436,MatchedHistoryMean,ae,sparse77,4
QCXXC0002,6,1.205128205128205,MatchedHistoryMean,ae,sparse77,4
QFSJZ002-1,6,0.2948717948717949,MatchedHistoryMean,ae,sparse77,4
QFSJZ003,6,0.14102564102564102,MatchedHistoryMean,ae,sparse77,4
SLT0003,6,2.256410256410257,MatchedHistoryMean,ae,sparse77,4
SLT0004,6,0.9743589743589745,MatchedHistoryMean,ae,sparse77,4
SRPDZS0002,6,-0.5512820512820513,MatchedHistoryMean,ae,sparse77,4
XGX9992,6,0.5555555555555555,MatchedHistoryMean,ae,sparse77,4
XGX9993,6,0.5555555555555555,MatchedHistoryMean,ae,sparse77,4
XYMLRY00001,6,-0.4527777777777778,MatchedHistoryMean,ae,sparse77,4
YDBZLV0001AMDE,6,0.923076923076923,MatchedHistoryMean,ae,sparse77,4
YDBZWV0001AMDE,6,1.1538461538461535,MatchedHistoryMean,ae,sparse77,4
YJX0024,6,0.8461538461538461,MatchedHistoryMean,ae,sparse77,4
YJX0025,6,0.2692307692307692,MatchedHistoryMean,ae,sparse77,4
YXBLJ0001,6,-0.01282051282051285,MatchedHistoryMean,ae,sparse77,4
ZBTZ0003,6,-0.1666666666666666,MatchedHistoryMean,ae,sparse77,4
ZJJSJBV001AMDE,6,-0.03846153846153849,MatchedHistoryMean,ae,sparse77,4
ZJJYZSJBV1AMDE,6,1.3333333333333333,MatchedHistoryMean,ae,sparse77,4
ZJJYZSJSV2AMDE,6,0.8333333333333334,MatchedHistoryMean,ae,sparse77,4
xgx0013,6,0.9861111111111112,MatchedHistoryMean,ae,sparse77,4
zxy0002,6,-0.1444444444444445,MatchedHistoryMean,ae,sparse77,4
BLJZ0001,3,6.797777777777779,LaplaceMean,mase_52,sparse77,4
BLP0003,6,-0.9824149659863943,LaplaceMean,mase_52,sparse77,4
BLP0004,6,0.17777777777777784,LaplaceMean,mase_52,sparse77,4
CLSSLT0003,6,0.13463198594777537,LaplaceMean,mase_52,sparse77,4
CLSSLT0006,6,0.12072327842442783,LaplaceMean,mase_52,sparse77,4
DRMJJ0020,5,1.3061929824561402,LaplaceMean,mase_52,sparse77,4
DRMJJ0021,6,0.018088184338184377,LaplaceMean,mase_52,sparse77,4
DRMJJ0025,6,-0.14306535371350193,LaplaceMean,mase_52,sparse77,4
DRMJJ0026,6,-0.04277371163519172,LaplaceMean,mase_52,sparse77,4
DRMJJ0027,6,-0.011111111111111257,LaplaceMean,mase_52,sparse77,4
DRMJJ0038,5,0.23742857142857146,LaplaceMean,mase_52,sparse77,4
DRMJJ0039,4,0.2254092261904762,LaplaceMean,mase_52,sparse77,4
FRC0010,6,0.7928400488400489,LaplaceMean,mase_52,sparse77,4
FRH0028,6,0.26790255496137855,LaplaceMean,mase_52,sparse77,4
FRH0029,6,0.38033282130056306,LaplaceMean,mase_52,sparse77,4
FRH0031,6,1.0422222222222224,LaplaceMean,mase_52,sparse77,4
FRH0035,3,1.5393939393939393,LaplaceMean,mase_52,sparse77,4
FRH0037,5,1.7409523809523813,LaplaceMean,mase_52,sparse77,4
FRH0042,6,1.1383838383838385,LaplaceMean,mase_52,sparse77,4
FRH0043,6,-0.32563025210084034,LaplaceMean,mase_52,sparse77,4
FRH0044,6,0.09724383222198905,LaplaceMean,mase_52,sparse77,4
FRH0047,6,0.8037085137085137,LaplaceMean,mase_52,sparse77,4
FRH0049,3,1.0904761904761904,LaplaceMean,mase_52,sparse77,4
FRH0056-1,6,-0.4522222222222221,LaplaceMean,mase_52,sparse77,4
FRH0068,6,0.7442231842231841,LaplaceMean,mase_52,sparse77,4
FRW00011,6,0.12772893772893776,LaplaceMean,mase_52,sparse77,4
FRW00023,2,0.7593005952380951,LaplaceMean,mase_52,sparse77,4
FRW0008,6,-0.06659536541889481,LaplaceMean,mase_52,sparse77,4
FRW0009,6,0.029372378223006396,LaplaceMean,mase_52,sparse77,4
FRW0011,4,1.3194444444444444,LaplaceMean,mase_52,sparse77,4
FRW0014,2,1.6400000000000001,LaplaceMean,mase_52,sparse77,4
FRW0016,6,1.4346153846153848,LaplaceMean,mase_52,sparse77,4
FRW0020,2,1.4000000000000001,LaplaceMean,mase_52,sparse77,4
FRW0023,6,-0.2314126984126985,LaplaceMean,mase_52,sparse77,4
FSTBY001,6,1.6222222222222225,LaplaceMean,mase_52,sparse77,4
FZGLS0001,6,-0.3007936507936506,LaplaceMean,mase_52,sparse77,4
FZGLS0002,6,0.217924297924298,LaplaceMean,mase_52,sparse77,4
FZLRJ0001double,6,0.4033333333333334,LaplaceMean,mase_52,sparse77,4
FZLRJ0002double,6,0.34150793650793654,LaplaceMean,mase_52,sparse77,4
HSAKSLT0001,6,0.44761904761904764,LaplaceMean,mase_52,sparse77,4
HWZDSKL0002,6,0.3091582897680459,LaplaceMean,mase_52,sparse77,4
JZJ0004,6,0.08470866607512574,LaplaceMean,mase_52,sparse77,4
JZJ0014,6,0.2399527959331881,LaplaceMean,mase_52,sparse77,4
JZJ0017,6,0.464021164021164,LaplaceMean,mase_52,sparse77,4
KFZ0001,6,0.3266666666666667,LaplaceMean,mase_52,sparse77,4
LTKF0002,5,1.5200000000000002,LaplaceMean,mase_52,sparse77,4
LTKF0005A,6,0.10433248299319726,LaplaceMean,mase_52,sparse77,4
LTKF0008,5,1.149714285714286,LaplaceMean,mase_52,sparse77,4
LTKF0009,5,1.010909090909091,LaplaceMean,mase_52,sparse77,4
LTKF0022,6,0.5134575569358177,LaplaceMean,mase_52,sparse77,4
LTKF0024A,6,-0.1550197776080129,LaplaceMean,mase_52,sparse77,4
LTKF0058,6,-0.13794109158815035,LaplaceMean,mase_52,sparse77,4
LTKF0102,6,-0.09662028634805399,LaplaceMean,mase_52,sparse77,4
LTKF0106,6,-0.19595959595959597,LaplaceMean,mase_52,sparse77,4
LTKF0111,6,0.0847409087091624,LaplaceMean,mase_52,sparse77,4
LYC0203,6,-0.7458349675016342,LaplaceMean,mase_52,sparse77,4
QCXXC0001,6,0.14958099392389024,LaplaceMean,mase_52,sparse77,4
QCXXC0002,6,0.6544528096702009,LaplaceMean,mase_52,sparse77,4
QFSJZ002-1,6,0.23969704353476287,LaplaceMean,mase_52,sparse77,4
QFSJZ003,6,0.20476190476190478,LaplaceMean,mase_52,sparse77,4
SLT0003,6,0.918075628075628,LaplaceMean,mase_52,sparse77,4
SLT0004,6,0.5917388167388166,LaplaceMean,mase_52,sparse77,4
SRPDZS0002,6,-1.2,LaplaceMean,mase_52,sparse77,4
XGX9992,1,3.75,LaplaceMean,mase_52,sparse77,4
XGX9993,1,3.75,LaplaceMean,mase_52,sparse77,4
XYMLRY00001,5,-0.2791325341325341,LaplaceMean,mase_52,sparse77,4
YDBZLV0001AMDE,6,1.472888888888889,LaplaceMean,mase_52,sparse77,4
YDBZWV0001AMDE,6,0.9479166666666666,LaplaceMean,mase_52,sparse77,4
YJX0024,6,0.9428571428571427,LaplaceMean,mase_52,sparse77,4
YJX0025,6,0.3333333333333333,LaplaceMean,mase_52,sparse77,4
YXBLJ0001,6,0.01035792094615634,LaplaceMean,mase_52,sparse77,4
ZBTZ0003,6,-0.13974062607499146,LaplaceMean,mase_52,sparse77,4
ZJJSJBV001AMDE,6,0.054550845979417284,LaplaceMean,mase_52,sparse77,4
ZJJYZSJBV1AMDE,6,1.3532539682539682,LaplaceMean,mase_52,sparse77,4
ZJJYZSJSV2AMDE,5,1.5146666666666666,LaplaceMean,mase_52,sparse77,4
xgx0013,4,0.5422619047619053,LaplaceMean,mase_52,sparse77,4
zxy0002,2,-0.029761904761904434,LaplaceMean,mase_52,sparse77,4
BLJZ0001,3,1.5518518518518516,LaplaceMean,ae,sparse77,4
BLP0003,6,-1.0641666666666667,LaplaceMean,ae,sparse77,4
BLP0004,6,0.3,LaplaceMean,ae,sparse77,4
CLSSLT0003,6,0.28630952380952385,LaplaceMean,ae,sparse77,4
CLSSLT0006,6,0.3022485539152206,LaplaceMean,ae,sparse77,4
DRMJJ0020,5,-4.4408920985006264e-17,LaplaceMean,ae,sparse77,4
DRMJJ0021,6,0.07444444444444454,LaplaceMean,ae,sparse77,4
DRMJJ0025,6,-0.3012345679012346,LaplaceMean,ae,sparse77,4
DRMJJ0026,6,-0.06830687830687839,LaplaceMean,ae,sparse77,4
DRMJJ0027,6,-0.11851851851851873,LaplaceMean,ae,sparse77,4
DRMJJ0038,5,0.3828571428571429,LaplaceMean,ae,sparse77,4
DRMJJ0039,6,0.5313988095238096,LaplaceMean,ae,sparse77,4
FRC0010,6,0.68,LaplaceMean,ae,sparse77,4
FRH0028,6,0.37481481481481477,LaplaceMean,ae,sparse77,4
FRH0029,6,1.1648148148148145,LaplaceMean,ae,sparse77,4
FRH0031,6,0.688888888888889,LaplaceMean,ae,sparse77,4
FRH0035,3,1.4111111111111112,LaplaceMean,ae,sparse77,4
FRH0037,5,0.5657777777777777,LaplaceMean,ae,sparse77,4
FRH0042,6,1.1346296296296297,LaplaceMean,ae,sparse77,4
FRH0043,6,-0.38888888888888884,LaplaceMean,ae,sparse77,4
FRH0044,6,0.19627384960718297,LaplaceMean,ae,sparse77,4
FRH0047,6,2.1983333333333333,LaplaceMean,ae,sparse77,4
FRH0049,3,0.9111111111111111,LaplaceMean,ae,sparse77,4
FRH0056-1,6,-0.515,LaplaceMean,ae,sparse77,4
FRH0068,6,1.4196296296296296,LaplaceMean,ae,sparse77,4
FRW00011,6,0.20000000000000004,LaplaceMean,ae,sparse77,4
FRW00023,2,0.6026785714285714,LaplaceMean,ae,sparse77,4
FRW0008,6,0.11777777777777776,LaplaceMean,ae,sparse77,4
FRW0009,6,0.12817620650953987,LaplaceMean,ae,sparse77,4
FRW0011,4,0.46944444444444444,LaplaceMean,ae,sparse77,4
FRW0014,2,0.48333333333333334,LaplaceMean,ae,sparse77,4
FRW0016,6,0.8703703703703703,LaplaceMean,ae,sparse77,4
FRW0020,2,0.2833333333333333,LaplaceMean,ae,sparse77,4
FRW0023,6,-0.11296296296296299,LaplaceMean,ae,sparse77,4
FSTBY001,6,0.4518518518518519,LaplaceMean,ae,sparse77,4
FZGLS0001,6,-0.14444444444444446,LaplaceMean,ae,sparse77,4
FZGLS0002,6,0.2172222222222223,LaplaceMean,ae,sparse77,4
FZLRJ0001double,6,0.11666666666666665,LaplaceMean,ae,sparse77,4
FZLRJ0002double,6,0.23164021164021173,LaplaceMean,ae,sparse77,4
HSAKSLT0001,6,0.4166666666666667,LaplaceMean,ae,sparse77,4
HWZDSKL0002,6,0.39513227513227506,LaplaceMean,ae,sparse77,4
JZJ0004,6,0.45582010582010596,LaplaceMean,ae,sparse77,4
JZJ0014,6,0.2600308641975309,LaplaceMean,ae,sparse77,4
JZJ0017,6,0.40396825396825403,LaplaceMean,ae,sparse77,4
KFZ0001,6,0.18888888888888888,LaplaceMean,ae,sparse77,4
LTKF0002,5,0.7466666666666667,LaplaceMean,ae,sparse77,4
LTKF0005A,6,0.1509920634920636,LaplaceMean,ae,sparse77,4
LTKF0008,5,1.0666666666666669,LaplaceMean,ae,sparse77,4
LTKF0009,5,1.4933333333333334,LaplaceMean,ae,sparse77,4
LTKF0022,6,1.2083333333333333,LaplaceMean,ae,sparse77,4
LTKF0024A,6,-0.11925925925925925,LaplaceMean,ae,sparse77,4
LTKF0058,6,-0.1298148148148149,LaplaceMean,ae,sparse77,4
LTKF0102,6,-0.05407407407407394,LaplaceMean,ae,sparse77,4
LTKF0106,6,-0.16111111111111112,LaplaceMean,ae,sparse77,4
LTKF0111,6,-0.05275132275132285,LaplaceMean,ae,sparse77,4
LYC0203,6,-1.122716049382716,LaplaceMean,ae,sparse77,4
QCXXC0001,6,0.6864638447971779,LaplaceMean,ae,sparse77,4
QCXXC0002,6,1.1706349206349207,LaplaceMean,ae,sparse77,4
QFSJZ002-1,6,0.3075925925925927,LaplaceMean,ae,sparse77,4
QFSJZ003,6,0.1436507936507936,LaplaceMean,ae,sparse77,4
SLT0003,6,2.1173400673400677,LaplaceMean,ae,sparse77,4
SLT0004,6,1.083333333333333,LaplaceMean,ae,sparse77,4
SRPDZS0002,6,-0.3666666666666667,LaplaceMean,ae,sparse77,4
XGX9992,1,3.0,LaplaceMean,ae,sparse77,4
XGX9993,1,3.0,LaplaceMean,ae,sparse77,4
XYMLRY00001,6,-0.33915343915343904,LaplaceMean,ae,sparse77,4
YDBZLV0001AMDE,6,0.9785185185185186,LaplaceMean,ae,sparse77,4
YDBZWV0001AMDE,6,1.25,LaplaceMean,ae,sparse77,4
YJX0024,6,1.1,LaplaceMean,ae,sparse77,4
YJX0025,6,0.3,LaplaceMean,ae,sparse77,4
YXBLJ0001,6,-0.00015873015873009896,LaplaceMean,ae,sparse77,4
ZBTZ0003,6,-0.15814814814814818,LaplaceMean,ae,sparse77,4
ZJJSJBV001AMDE,6,-0.031058201058201045,LaplaceMean,ae,sparse77,4
ZJJYZSJBV1AMDE,6,1.344431216931217,LaplaceMean,ae,sparse77,4
ZJJYZSJSV2AMDE,5,1.126,LaplaceMean,ae,sparse77,4
xgx0013,4,1.4571428571428573,LaplaceMean,ae,sparse77,4
zxy0002,2,-0.5178571428571428,LaplaceMean,ae,sparse77,4
BLJZ0001,3,0.016666666666666757,LegacyPXQ,mase_52,sparse77,4
BLP0003,6,0.23490267902032594,LegacyPXQ,mase_52,sparse77,4
BLP0004,6,0.1333333333333333,LegacyPXQ,mase_52,sparse77,4
CLSSLT0003,6,0.11844611528822058,LegacyPXQ,mase_52,sparse77,4
CLSSLT0006,6,0.08909124417291385,LegacyPXQ,mase_52,sparse77,4
DRMJJ0020,5,-0.36310931174089073,LegacyPXQ,mase_52,sparse77,4
DRMJJ0021,6,0.09446589446589448,LegacyPXQ,mase_52,sparse77,4
DRMJJ0025,6,-0.09865841073271413,LegacyPXQ,mase_52,sparse77,4
DRMJJ0026,6,0.41077188940092163,LegacyPXQ,mase_52,sparse77,4
DRMJJ0027,6,0.06666666666666665,LegacyPXQ,mase_52,sparse77,4
DRMJJ0038,5,-0.040000000000000015,LegacyPXQ,mase_52,sparse77,4
DRMJJ0039,4,0.27500000000000013,LegacyPXQ,mase_52,sparse77,4
FRC0010,6,0.0,LegacyPXQ,mase_52,sparse77,4
FRH0028,6,0.40252159605100785,LegacyPXQ,mase_52,sparse77,4
FRH0029,6,-0.04812791229341021,LegacyPXQ,mase_52,sparse77,4
FRH0031,6,0.0,LegacyPXQ,mase_52,sparse77,4
FRH0035,3,0.0,LegacyPXQ,mase_52,sparse77,4
FRH0037,5,0.0,LegacyPXQ,mase_52,sparse77,4
FRH0042,6,0.0,LegacyPXQ,mase_52,sparse77,4
FRH0043,6,-0.20630676513029456,LegacyPXQ,mase_52,sparse77,4
FRH0044,6,-0.09681276285922547,LegacyPXQ,mase_52,sparse77,4
FRH0047,6,0.0,LegacyPXQ,mase_52,sparse77,4
FRH0049,3,0.0,LegacyPXQ,mase_52,sparse77,4
FRH0056-1,6,-0.15632515632515628,LegacyPXQ,mase_52,sparse77,4
FRH0068,6,0.3755450898308042,LegacyPXQ,mase_52,sparse77,4
FRW00011,6,0.13406593406593406,LegacyPXQ,mase_52,sparse77,4
FRW00023,2,-0.8333333333333331,LegacyPXQ,mase_52,sparse77,4
FRW0008,6,-0.08281130634071825,LegacyPXQ,mase_52,sparse77,4
FRW0009,6,-0.09535166992622755,LegacyPXQ,mase_52,sparse77,4
FRW0011,4,0.0,LegacyPXQ,mase_52,sparse77,4
FRW0014,2,0.0,LegacyPXQ,mase_52,sparse77,4
FRW0016,6,0.0,LegacyPXQ,mase_52,sparse77,4
FRW0020,2,0.0,LegacyPXQ,mase_52,sparse77,4
FRW0023,6,0.0,LegacyPXQ,mase_52,sparse77,4
FSTBY001,6,0.0,LegacyPXQ,mase_52,sparse77,4
FZGLS0001,6,-0.06137566137566138,LegacyPXQ,mase_52,sparse77,4
FZGLS0002,6,0.0,LegacyPXQ,mase_52,sparse77,4
FZLRJ0001double,6,0.0,LegacyPXQ,mase_52,sparse77,4
FZLRJ0002double,6,-0.2531746031746036,LegacyPXQ,mase_52,sparse77,4
HSAKSLT0001,6,0.02976190476190473,LegacyPXQ,mase_52,sparse77,4
HWZDSKL0002,6,0.042424242424242364,LegacyPXQ,mase_52,sparse77,4
JZJ0004,6,-0.2039337474120083,LegacyPXQ,mase_52,sparse77,4
JZJ0014,6,0.2584313725490196,LegacyPXQ,mase_52,sparse77,4
JZJ0017,6,-0.021880341880341787,LegacyPXQ,mase_52,sparse77,4
KFZ0001,6,0.0,LegacyPXQ,mase_52,sparse77,4
LTKF0002,5,0.0,LegacyPXQ,mase_52,sparse77,4
LTKF0005A,6,0.16833166833166838,LegacyPXQ,mase_52,sparse77,4
LTKF0008,5,0.0,LegacyPXQ,mase_52,sparse77,4
LTKF0009,5,0.0,LegacyPXQ,mase_52,sparse77,4
LTKF0022,6,0.3828502415458938,LegacyPXQ,mase_52,sparse77,4
LTKF0024A,6,-0.03426704014939299,LegacyPXQ,mase_52,sparse77,4
LTKF0058,6,0.20432900432900428,LegacyPXQ,mase_52,sparse77,4
LTKF0102,6,-0.017755595886267257,LegacyPXQ,mase_52,sparse77,4
LTKF0106,6,0.23905723905723908,LegacyPXQ,mase_52,sparse77,4
LTKF0111,6,-0.13282088282088278,LegacyPXQ,mase_52,sparse77,4
LYC0203,6,-0.12234907949193664,LegacyPXQ,mase_52,sparse77,4
QCXXC0001,6,0.012054061660585305,LegacyPXQ,mase_52,sparse77,4
QCXXC0002,6,0.07971014492753624,LegacyPXQ,mase_52,sparse77,4
QFSJZ002-1,6,-0.00770866560340247,LegacyPXQ,mase_52,sparse77,4
QFSJZ003,6,0.06349206349206349,LegacyPXQ,mase_52,sparse77,4
SLT0003,6,0.13438735177865616,LegacyPXQ,mase_52,sparse77,4
SLT0004,6,0.14,LegacyPXQ,mase_52,sparse77,4
SRPDZS0002,6,-0.1714285714285714,LegacyPXQ,mase_52,sparse77,4
XGX9992,1,0.0,LegacyPXQ,mase_52,sparse77,4
XGX9993,1,0.0,LegacyPXQ,mase_52,sparse77,4
XYMLRY00001,5,-0.136002331002331,LegacyPXQ,mase_52,sparse77,4
YDBZLV0001AMDE,6,0.0,LegacyPXQ,mase_52,sparse77,4
YDBZWV0001AMDE,6,0.0,LegacyPXQ,mase_52,sparse77,4
YJX0024,6,0.0,LegacyPXQ,mase_52,sparse77,4
YJX0025,6,-0.2428571428571428,LegacyPXQ,mase_52,sparse77,4
YXBLJ0001,6,0.04217571644042231,LegacyPXQ,mase_52,sparse77,4
ZBTZ0003,6,0.012039903680770514,LegacyPXQ,mase_52,sparse77,4
ZJJSJBV001AMDE,6,0.32755871579400986,LegacyPXQ,mase_52,sparse77,4
ZJJYZSJBV1AMDE,6,0.0,LegacyPXQ,mase_52,sparse77,4
ZJJYZSJSV2AMDE,5,0.0,LegacyPXQ,mase_52,sparse77,4
xgx0013,4,0.2250000000000001,LegacyPXQ,mase_52,sparse77,4
zxy0002,2,0.0,LegacyPXQ,mase_52,sparse77,4
BLJZ0001,3,0.02777777777777783,LegacyPXQ,ae,sparse77,4
BLP0003,6,0.03028442146089194,LegacyPXQ,ae,sparse77,4
BLP0004,6,0.10000000000000002,LegacyPXQ,ae,sparse77,4
CLSSLT0003,6,0.3385964912280703,LegacyPXQ,ae,sparse77,4
CLSSLT0006,6,0.18517822333611803,LegacyPXQ,ae,sparse77,4
DRMJJ0020,5,-0.41000000000000014,LegacyPXQ,ae,sparse77,4
DRMJJ0021,6,0.29920634920634925,LegacyPXQ,ae,sparse77,4
DRMJJ0025,6,-0.1826539387684898,LegacyPXQ,ae,sparse77,4
DRMJJ0026,6,1.1035714285714284,LegacyPXQ,ae,sparse77,4
DRMJJ0027,6,0.08333333333333333,LegacyPXQ,ae,sparse77,4
DRMJJ0038,5,-0.1,LegacyPXQ,ae,sparse77,4
DRMJJ0039,6,0.21666666666666679,LegacyPXQ,ae,sparse77,4
FRC0010,6,0.0,LegacyPXQ,ae,sparse77,4
FRH0028,6,0.420448717948718,LegacyPXQ,ae,sparse77,4
FRH0029,6,-0.11025176514306952,LegacyPXQ,ae,sparse77,4
FRH0031,6,0.0,LegacyPXQ,ae,sparse77,4
FRH0035,6,0.0,LegacyPXQ,ae,sparse77,4
FRH0037,6,0.0,LegacyPXQ,ae,sparse77,4
FRH0042,6,0.0,LegacyPXQ,ae,sparse77,4
FRH0043,6,-0.27904040404040403,LegacyPXQ,ae,sparse77,4
FRH0044,6,-0.15086288652908575,LegacyPXQ,ae,sparse77,4
FRH0047,6,0.0,LegacyPXQ,ae,sparse77,4
FRH0049,6,0.0,LegacyPXQ,ae,sparse77,4
FRH0056-1,6,-0.12734487734487734,LegacyPXQ,ae,sparse77,4
FRH0068,6,0.588827838827839,LegacyPXQ,ae,sparse77,4
FRW00011,6,0.15476190476190477,LegacyPXQ,ae,sparse77,4
FRW00023,2,-0.6666666666666665,LegacyPXQ,ae,sparse77,4
FRW0008,6,-0.05238095238095242,LegacyPXQ,ae,sparse77,4
FRW0009,6,-0.3084324009324008,LegacyPXQ,ae,sparse77,4
FRW0011,6,0.0,LegacyPXQ,ae,sparse77,4
FRW0014,6,0.0,LegacyPXQ,ae,sparse77,4
FRW0016,6,0.0,LegacyPXQ,ae,sparse77,4
FRW0020,6,0.0,LegacyPXQ,ae,sparse77,4
FRW0023,6,0.0,LegacyPXQ,ae,sparse77,4
FSTBY001,6,0.0,LegacyPXQ,ae,sparse77,4
FZGLS0001,6,-0.022222222222222227,LegacyPXQ,ae,sparse77,4
FZGLS0002,6,0.0,LegacyPXQ,ae,sparse77,4
FZLRJ0001double,6,0.0,LegacyPXQ,ae,sparse77,4
FZLRJ0002double,6,-0.15925925925925932,LegacyPXQ,ae,sparse77,4
HSAKSLT0001,6,0.027777777777777752,LegacyPXQ,ae,sparse77,4
HWZDSKL0002,6,0.10606060606060597,LegacyPXQ,ae,sparse77,4
JZJ0004,6,-0.4007936507936507,LegacyPXQ,ae,sparse77,4
JZJ0014,6,0.3361111111111111,LegacyPXQ,ae,sparse77,4
JZJ0017,6,-0.018233618233618132,LegacyPXQ,ae,sparse77,4
KFZ0001,6,0.0,LegacyPXQ,ae,sparse77,4
LTKF0002,6,0.0,LegacyPXQ,ae,sparse77,4
LTKF0005A,6,0.18448218448218448,LegacyPXQ,ae,sparse77,4
LTKF0008,6,0.0,LegacyPXQ,ae,sparse77,4
LTKF0009,6,0.0,LegacyPXQ,ae,sparse77,4
LTKF0022,6,0.763888888888889,LegacyPXQ,ae,sparse77,4
LTKF0024A,6,-0.026587301587301604,LegacyPXQ,ae,sparse77,4
LTKF0058,6,0.32070707070707066,LegacyPXQ,ae,sparse77,4
LTKF0102,6,-0.052777777777777736,LegacyPXQ,ae,sparse77,4
LTKF0106,6,0.19444444444444445,LegacyPXQ,ae,sparse77,4
LTKF0111,6,-0.4377224627224628,LegacyPXQ,ae,sparse77,4
LYC0203,6,-0.3203463203463203,LegacyPXQ,ae,sparse77,4
QCXXC0001,6,0.08698830409356706,LegacyPXQ,ae,sparse77,4
QCXXC0002,6,0.1527777777777778,LegacyPXQ,ae,sparse77,4
QFSJZ002-1,6,-0.007575757575757569,LegacyPXQ,ae,sparse77,4
QFSJZ003,6,0.03935185185185186,LegacyPXQ,ae,sparse77,4
SLT0003,6,0.33596837944664043,LegacyPXQ,ae,sparse77,4
SLT0004,6,0.2333333333333333,LegacyPXQ,ae,sparse77,4
SRPDZS0002,6,-0.09999999999999994,LegacyPXQ,ae,sparse77,4
XGX9992,1,0.0,LegacyPXQ,ae,sparse77,4
XGX9993,1,0.0,LegacyPXQ,ae,sparse77,4
XYMLRY00001,6,-0.2486111111111111,LegacyPXQ,ae,sparse77,4
YDBZLV0001AMDE,6,0.0,LegacyPXQ,ae,sparse77,4
YDBZWV0001AMDE,6,0.0,LegacyPXQ,ae,sparse77,4
YJX0024,6,0.0,LegacyPXQ,ae,sparse77,4
YJX0025,6,-0.15,LegacyPXQ,ae,sparse77,4
YXBLJ0001,6,0.0011217948717948307,LegacyPXQ,ae,sparse77,4
ZBTZ0003,6,0.009259259259259264,LegacyPXQ,ae,sparse77,4
ZJJSJBV001AMDE,6,0.3587768440709618,LegacyPXQ,ae,sparse77,4
ZJJYZSJBV1AMDE,6,0.0,LegacyPXQ,ae,sparse77,4
ZJJYZSJSV2AMDE,6,0.0,LegacyPXQ,ae,sparse77,4
xgx0013,4,0.3250000000000002,LegacyPXQ,ae,sparse77,4
zxy0002,2,0.0,LegacyPXQ,ae,sparse77,4
BLJZ0001,3,6.3999999999999995,Naive,mase_52,sparse77,4
BLP0003,6,0.6190476190476191,Naive,mase_52,sparse77,4
BLP0004,6,-0.6666666666666666,Naive,mase_52,sparse77,4
CLSSLT0003,6,0.09523809523809525,Naive,mase_52,sparse77,4
CLSSLT0006,6,0.8536361467395951,Naive,mase_52,sparse77,4
DRMJJ0020,5,1.5906072874493926,Naive,mase_52,sparse77,4
DRMJJ0021,6,0.11688611688611683,Naive,mase_52,sparse77,4
DRMJJ0025,6,-0.24603174603174605,Naive,mase_52,sparse77,4
DRMJJ0026,6,0.2361751152073733,Naive,mase_52,sparse77,4
DRMJJ0027,6,0.1333333333333334,Naive,mase_52,sparse77,4
DRMJJ0038,5,0.5485714285714286,Naive,mase_52,sparse77,4
DRMJJ0039,4,-0.15,Naive,mase_52,sparse77,4
FRC0010,6,0.0,Naive,mase_52,sparse77,4
FRH0028,6,0.9732620320855615,Naive,mase_52,sparse77,4
FRH0029,6,0.2359447004608295,Naive,mase_52,sparse77,4
FRH0031,6,0.0,Naive,mase_52,sparse77,4
FRH0035,3,0.0,Naive,mase_52,sparse77,4
FRH0037,5,0.0,Naive,mase_52,sparse77,4
FRH0042,6,0.0,Naive,mase_52,sparse77,4
FRH0043,6,-0.6834733893557422,Naive,mase_52,sparse77,4
FRH0044,6,0.26133515607199814,Naive,mase_52,sparse77,4
FRH0047,6,0.0,Naive,mase_52,sparse77,4
FRH0049,3,0.0,Naive,mase_52,sparse77,4
FRH0056-1,6,-0.888888888888889,Naive,mase_52,sparse77,4
FRH0068,6,-0.3174603174603175,Naive,mase_52,sparse77,4
FRW00011,6,-0.2871794871794872,Naive,mase_52,sparse77,4
FRW00023,2,-0.5833333333333334,Naive,mase_52,sparse77,4
FRW0008,6,-0.07486631016042782,Naive,mase_52,sparse77,4
FRW0009,6,0.12498563552448372,Naive,mase_52,sparse77,4
FRW0011,4,0.0,Naive,mase_52,sparse77,4
FRW0014,2,0.0,Naive,mase_52,sparse77,4
FRW0016,6,0.0,Naive,mase_52,sparse77,4
FRW0020,2,0.0,Naive,mase_52,sparse77,4
FRW0023,6,0.6349206349206349,Naive,mase_52,sparse77,4
FSTBY001,6,-0.3333333333333333,Naive,mase_52,sparse77,4
FZGLS0001,6,0.15873015873015872,Naive,mase_52,sparse77,4
FZGLS0002,6,0.0,Naive,mase_52,sparse77,4
FZLRJ0001double,6,0.26666666666666666,Naive,mase_52,sparse77,4
FZLRJ0002double,6,-0.2142857142857144,Naive,mase_52,sparse77,4
HSAKSLT0001,6,0.8571428571428571,Naive,mase_52,sparse77,4
HWZDSKL0002,6,-0.13333333333333333,Naive,mase_52,sparse77,4
JZJ0004,6,0.6397515527950309,Naive,mase_52,sparse77,4
JZJ0014,6,0.08627450980392148,Naive,mase_52,sparse77,4
JZJ0017,6,-3.700743415417188e-17,Naive,mase_52,sparse77,4
KFZ0001,6,0.0,Naive,mase_52,sparse77,4
LTKF0002,5,0.0,Naive,mase_52,sparse77,4
LTKF0005A,6,0.3214285714285714,Naive,mase_52,sparse77,4
LTKF0008,5,0.0,Naive,mase_52,sparse77,4
LTKF0009,5,0.0,Naive,mase_52,sparse77,4
LTKF0022,6,0.2608695652173913,Naive,mase_52,sparse77,4
LTKF0024A,6,-0.5815126050420166,Naive,mase_52,sparse77,4
LTKF0058,6,0.2728291316526611,Naive,mase_52,sparse77,4
LTKF0102,6,0.10889292196007265,Naive,mase_52,sparse77,4
LTKF0106,6,0.32323232323232337,Naive,mase_52,sparse77,4
LTKF0111,6,0.40482295482295466,Naive,mase_52,sparse77,4
LYC0203,6,-0.4070929070929072,Naive,mase_52,sparse77,4
QCXXC0001,6,-0.32456323337679266,Naive,mase_52,sparse77,4
QCXXC0002,6,-0.08695652173913043,Naive,mase_52,sparse77,4
QFSJZ002-1,6,0.5614035087719298,Naive,mase_52,sparse77,4
QFSJZ003,6,-0.5357142857142857,Naive,mase_52,sparse77,4
SLT0003,6,-0.06666666666666667,Naive,mase_52,sparse77,4
SLT0004,6,-0.19999999999999998,Naive,mase_52,sparse77,4
SRPDZS0002,6,0.2857142857142856,Naive,mase_52,sparse77,4
XGX9992,1,0.0,Naive,mase_52,sparse77,4
XGX9993,1,0.0,Naive,mase_52,sparse77,4
XYMLRY00001,5,0.05034965034965033,Naive,mase_52,sparse77,4
YDBZLV0001AMDE,6,0.0,Naive,mase_52,sparse77,4
YDBZWV0001AMDE,6,0.0,Naive,mase_52,sparse77,4
YJX0024,6,0.0,Naive,mase_52,sparse77,4
YJX0025,6,1.7857142857142856,Naive,mase_52,sparse77,4
YXBLJ0001,6,0.45098039215686275,Naive,mase_52,sparse77,4
ZBTZ0003,6,0.5139318885448917,Naive,mase_52,sparse77,4
ZJJSJBV001AMDE,6,0.39999999999999997,Naive,mase_52,sparse77,4
ZJJYZSJBV1AMDE,6,0.0,Naive,mase_52,sparse77,4
ZJJYZSJSV2AMDE,5,0.0,Naive,mase_52,sparse77,4
xgx0013,4,1.1666666666666665,Naive,mase_52,sparse77,4
zxy0002,2,2.8333333333333335,Naive,mase_52,sparse77,4
BLJZ0001,6,0.6666666666666666,Naive,ae,sparse77,4
BLP0003,6,0.16666666666666666,Naive,ae,sparse77,4
BLP0004,6,-0.5,Naive,ae,sparse77,4
CLSSLT0003,6,0.16666666666666666,Naive,ae,sparse77,4
CLSSLT0006,6,1.8333333333333333,Naive,ae,sparse77,4
DRMJJ0020,6,-0.16666666666666666,Naive,ae,sparse77,4
DRMJJ0021,6,0.3333333333333333,Naive,ae,sparse77,4
DRMJJ0025,6,-0.5,Naive,ae,sparse77,4
DRMJJ0026,6,0.6666666666666666,Naive,ae,sparse77,4
DRMJJ0027,6,0.16666666666666666,Naive,ae,sparse77,4
DRMJJ0038,6,0.8333333333333334,Naive,ae,sparse77,4
DRMJJ0039,6,0.5,Naive,ae,sparse77,4
FRC0010,6,0.0,Naive,ae,sparse77,4
FRH0028,6,0.8333333333333334,Naive,ae,sparse77,4
FRH0029,6,0.6666666666666666,Naive,ae,sparse77,4
FRH0031,6,0.0,Naive,ae,sparse77,4
FRH0035,6,0.0,Naive,ae,sparse77,4
FRH0037,6,0.0,Naive,ae,sparse77,4
FRH0042,6,0.0,Naive,ae,sparse77,4
FRH0043,6,-1.0,Naive,ae,sparse77,4
FRH0044,6,0.5,Naive,ae,sparse77,4
FRH0047,6,0.0,Naive,ae,sparse77,4
FRH0049,6,0.0,Naive,ae,sparse77,4
FRH0056-1,6,-0.6666666666666666,Naive,ae,sparse77,4
FRH0068,6,-0.5,Naive,ae,sparse77,4
FRW00011,6,-0.3333333333333333,Naive,ae,sparse77,4
FRW00023,6,-0.16666666666666666,Naive,ae,sparse77,4
FRW0008,6,0.16666666666666666,Naive,ae,sparse77,4
FRW0009,6,0.3333333333333333,Naive,ae,sparse77,4
FRW0011,6,0.0,Naive,ae,sparse77,4
FRW0014,6,0.0,Naive,ae,sparse77,4
FRW0016,6,0.0,Naive,ae,sparse77,4
FRW0020,6,0.0,Naive,ae,sparse77,4
FRW0023,6,0.3333333333333333,Naive,ae,sparse77,4
FSTBY001,6,-0.16666666666666666,Naive,ae,sparse77,4
FZGLS0001,6,0.16666666666666666,Naive,ae,sparse77,4
FZGLS0002,6,0.0,Naive,ae,sparse77,4
FZLRJ0001double,6,0.0,Naive,ae,sparse77,4
FZLRJ0002double,6,-0.16666666666666666,Naive,ae,sparse77,4
HSAKSLT0001,6,0.5,Naive,ae,sparse77,4
HWZDSKL0002,6,-0.3333333333333333,Naive,ae,sparse77,4
JZJ0004,6,1.1666666666666667,Naive,ae,sparse77,4
JZJ0014,6,0.16666666666666666,Naive,ae,sparse77,4
JZJ0017,6,0.0,Naive,ae,sparse77,4
KFZ0001,6,0.0,Naive,ae,sparse77,4
LTKF0002,6,0.0,Naive,ae,sparse77,4
LTKF0005A,6,0.3333333333333333,Naive,ae,sparse77,4
LTKF0008,6,0.0,Naive,ae,sparse77,4
LTKF0009,6,0.0,Naive,ae,sparse77,4
LTKF0022,6,0.5,Naive,ae,sparse77,4
LTKF0024A,6,-0.8333333333333334,Naive,ae,sparse77,4
LTKF0058,6,0.3333333333333333,Naive,ae,sparse77,4
LTKF0102,6,0.5,Naive,ae,sparse77,4
LTKF0106,6,0.3333333333333333,Naive,ae,sparse77,4
LTKF0111,6,1.8333333333333333,Naive,ae,sparse77,4
LYC0203,6,-0.5,Naive,ae,sparse77,4
QCXXC0001,6,-1.3333333333333333,Naive,ae,sparse77,4
QCXXC0002,6,-0.16666666666666666,Naive,ae,sparse77,4
QFSJZ002-1,6,0.8333333333333334,Naive,ae,sparse77,4
QFSJZ003,6,-0.3333333333333333,Naive,ae,sparse77,4
SLT0003,6,-0.16666666666666666,Naive,ae,sparse77,4
SLT0004,6,-0.3333333333333333,Naive,ae,sparse77,4
SRPDZS0002,6,0.16666666666666666,Naive,ae,sparse77,4
XGX9992,6,0.0,Naive,ae,sparse77,4
XGX9993,6,0.0,Naive,ae,sparse77,4
XYMLRY00001,6,-0.16666666666666666,Naive,ae,sparse77,4
YDBZLV0001AMDE,6,0.0,Naive,ae,sparse77,4
YDBZWV0001AMDE,6,0.0,Naive,ae,sparse77,4
YJX0024,6,0.0,Naive,ae,sparse77,4
YJX0025,6,1.1666666666666667,Naive,ae,sparse77,4
YXBLJ0001,6,0.8333333333333334,Naive,ae,sparse77,4
ZBTZ0003,6,0.8333333333333334,Naive,ae,sparse77,4
ZJJSJBV001AMDE,6,0.5,Naive,ae,sparse77,4
ZJJYZSJBV1AMDE,6,0.0,Naive,ae,sparse77,4
ZJJYZSJSV2AMDE,6,0.0,Naive,ae,sparse77,4
xgx0013,6,1.8333333333333333,Naive,ae,sparse77,4
zxy0002,6,0.3333333333333333,Naive,ae,sparse77,4
BLJZ0001,3,7.761753623188407,FullHistoryMean,mase_52,sparse77,4
BLP0003,6,-0.9777690704881631,FullHistoryMean,mase_52,sparse77,4
BLP0004,6,-0.34203492931593593,FullHistoryMean,mase_52,sparse77,4
CLSSLT0003,6,-0.037974572551964327,FullHistoryMean,mase_52,sparse77,4
CLSSLT0006,6,0.10187869439696183,FullHistoryMean,mase_52,sparse77,4
DRMJJ0020,5,1.6253637072309843,FullHistoryMean,mase_52,sparse77,4
DRMJJ0021,6,-0.21270456930530626,FullHistoryMean,mase_52,sparse77,4
DRMJJ0025,6,-0.06791350079355273,FullHistoryMean,mase_52,sparse77,4
DRMJJ0026,6,-0.2639187704497199,FullHistoryMean,mase_52,sparse77,4
DRMJJ0027,6,-0.25291135261009196,FullHistoryMean,mase_52,sparse77,4
DRMJJ0038,5,0.24971428571428572,FullHistoryMean,mase_52,sparse77,4
DRMJJ0039,4,0.46666666666666656,FullHistoryMean,mase_52,sparse77,4
FRC0010,6,0.5898692068800765,FullHistoryMean,mase_52,sparse77,4
FRH0028,6,0.2758939134742497,FullHistoryMean,mase_52,sparse77,4
FRH0029,6,0.21019461183556554,FullHistoryMean,mase_52,sparse77,4
FRH0031,6,0.827750799924713,FullHistoryMean,mase_52,sparse77,4
FRH0035,3,1.3582251082251082,FullHistoryMean,mase_52,sparse77,4
FRH0037,5,3.3752601435831253,FullHistoryMean,mase_52,sparse77,4
FRH0042,6,0.7159997490432274,FullHistoryMean,mase_52,sparse77,4
FRH0043,6,-0.4622366368542676,FullHistoryMean,mase_52,sparse77,4
FRH0044,6,0.12579960458969278,FullHistoryMean,mase_52,sparse77,4
FRH0047,6,0.578288317962231,FullHistoryMean,mase_52,sparse77,4
FRH0049,3,0.5613275613275612,FullHistoryMean,mase_52,sparse77,4
FRH0056-1,6,-0.4526549479498743,FullHistoryMean,mase_52,sparse77,4
FRH0068,6,0.020401484242370083,FullHistoryMean,mase_52,sparse77,4
FRW00011,6,-0.06213598771828593,FullHistoryMean,mase_52,sparse77,4
FRW00023,2,0.9958333333333331,FullHistoryMean,mase_52,sparse77,4
FRW0008,6,-0.06594489960566656,FullHistoryMean,mase_52,sparse77,4
FRW0009,6,0.2994706738369772,FullHistoryMean,mase_52,sparse77,4
FRW0011,4,1.6566817240730285,FullHistoryMean,mase_52,sparse77,4
FRW0014,2,2.0285714285714285,FullHistoryMean,mase_52,sparse77,4
FRW0016,6,1.3928199517873432,FullHistoryMean,mase_52,sparse77,4
FRW0020,2,1.2142857142857144,FullHistoryMean,mase_52,sparse77,4
FRW0023,6,-0.3198119317995094,FullHistoryMean,mase_52,sparse77,4
FSTBY001,6,1.635056662017174,FullHistoryMean,mase_52,sparse77,4
FZGLS0001,6,-0.28416785111028703,FullHistoryMean,mase_52,sparse77,4
FZGLS0002,6,0.0980477335872219,FullHistoryMean,mase_52,sparse77,4
FZLRJ0001double,6,0.28292105867189293,FullHistoryMean,mase_52,sparse77,4
FZLRJ0002double,6,-0.002257284696105718,FullHistoryMean,mase_52,sparse77,4
HSAKSLT0001,6,0.1487563523433088,FullHistoryMean,mase_52,sparse77,4
HWZDSKL0002,6,0.3167371443138555,FullHistoryMean,mase_52,sparse77,4
JZJ0004,6,-0.13436023948446307,FullHistoryMean,mase_52,sparse77,4
JZJ0014,6,0.015598375262435507,FullHistoryMean,mase_52,sparse77,4
JZJ0017,6,0.5937108986469387,FullHistoryMean,mase_52,sparse77,4
KFZ0001,6,0.1641426689252776,FullHistoryMean,mase_52,sparse77,4
LTKF0002,5,0.7520722755505365,FullHistoryMean,mase_52,sparse77,4
LTKF0005A,6,-0.04173792046462852,FullHistoryMean,mase_52,sparse77,4
LTKF0008,5,0.5417213842058561,FullHistoryMean,mase_52,sparse77,4
LTKF0009,5,0.4574405831322827,FullHistoryMean,mase_52,sparse77,4
LTKF0022,6,0.2400801493192797,FullHistoryMean,mase_52,sparse77,4
LTKF0024A,6,-0.357375840981979,FullHistoryMean,mase_52,sparse77,4
LTKF0058,6,-0.038656683397470575,FullHistoryMean,mase_52,sparse77,4
LTKF0102,6,-0.3770747568618742,FullHistoryMean,mase_52,sparse77,4
LTKF0106,6,-0.324284912692557,FullHistoryMean,mase_52,sparse77,4
LTKF0111,6,0.5664777788926149,FullHistoryMean,mase_52,sparse77,4
LYC0203,6,-0.7740438273669644,FullHistoryMean,mase_52,sparse77,4
QCXXC0001,6,-0.029130678460190813,FullHistoryMean,mase_52,sparse77,4
QCXXC0002,6,0.294973492690884,FullHistoryMean,mase_52,sparse77,4
QFSJZ002-1,6,0.02830803216172924,FullHistoryMean,mase_52,sparse77,4
QFSJZ003,6,-0.1987626794321733,FullHistoryMean,mase_52,sparse77,4
SLT0003,6,0.3489595314530427,FullHistoryMean,mase_52,sparse77,4
SLT0004,6,0.12341306625233207,FullHistoryMean,mase_52,sparse77,4
SRPDZS0002,6,-1.6363216907316287,FullHistoryMean,mase_52,sparse77,4
XGX9992,1,4.166666666666666,FullHistoryMean,mase_52,sparse77,4
XGX9993,1,4.166666666666666,FullHistoryMean,mase_52,sparse77,4
XYMLRY00001,5,-0.25433566433566435,FullHistoryMean,mase_52,sparse77,4
YDBZLV0001AMDE,6,0.886150762281197,FullHistoryMean,mase_52,sparse77,4
YDBZWV0001AMDE,6,0.5079097261434218,FullHistoryMean,mase_52,sparse77,4
YJX0024,6,0.421486246672582,FullHistoryMean,mase_52,sparse77,4
YJX0025,6,0.06819725202333889,FullHistoryMean,mase_52,sparse77,4
YXBLJ0001,6,-0.16934026947820283,FullHistoryMean,mase_52,sparse77,4
ZBTZ0003,6,-0.23932657671372773,FullHistoryMean,mase_52,sparse77,4
ZJJSJBV001AMDE,6,0.3927951999691129,FullHistoryMean,mase_52,sparse77,4
ZJJYZSJBV1AMDE,6,1.9837071805006588,FullHistoryMean,mase_52,sparse77,4
ZJJYZSJSV2AMDE,5,2.98300395256917,FullHistoryMean,mase_52,sparse77,4
xgx0013,4,0.5520833333333335,FullHistoryMean,mase_52,sparse77,4
zxy0002,2,0.21111111111111103,FullHistoryMean,mase_52,sparse77,4
BLJZ0001,6,0.9046980676328502,FullHistoryMean,ae,sparse77,4
BLP0003,6,-1.1252403280246717,FullHistoryMean,ae,sparse77,4
BLP0004,6,-0.19388678116778782,FullHistoryMean,ae,sparse77,4
CLSSLT0003,6,-0.1132411968618865,FullHistoryMean,ae,sparse77,4
CLSSLT0006,6,0.17506377726182135,FullHistoryMean,ae,sparse77,4
DRMJJ0020,6,-0.06882222849614163,FullHistoryMean,ae,sparse77,4
DRMJJ0021,6,-0.655687659029335,FullHistoryMean,ae,sparse77,4
DRMJJ0025,6,-0.1630756751573863,FullHistoryMean,ae,sparse77,4
DRMJJ0026,6,-0.6434179756853098,FullHistoryMean,ae,sparse77,4
DRMJJ0027,6,-0.36216314472478733,FullHistoryMean,ae,sparse77,4
DRMJJ0038,6,0.3416666666666666,FullHistoryMean,ae,sparse77,4
DRMJJ0039,6,0.5361111111111111,FullHistoryMean,ae,sparse77,4
FRC0010,6,0.49173395445134577,FullHistoryMean,ae,sparse77,4
FRH0028,6,0.37351959874090945,FullHistoryMean,ae,sparse77,4
FRH0029,6,0.6484445385532341,FullHistoryMean,ae,sparse77,4
FRH0031,6,0.5364370412196499,FullHistoryMean,ae,sparse77,4
FRH0035,6,1.117577169207604,FullHistoryMean,ae,sparse77,4
FRH0037,6,0.5811401279879541,FullHistoryMean,ae,sparse77,4
FRH0042,6,0.7152493882928667,FullHistoryMean,ae,sparse77,4
FRH0043,6,-0.6235665350781684,FullHistoryMean,ae,sparse77,4
FRH0044,6,0.22223881792036224,FullHistoryMean,ae,sparse77,4
FRH0047,6,1.5646080368906456,FullHistoryMean,ae,sparse77,4
FRH0049,6,0.4470308676830415,FullHistoryMean,ae,sparse77,4
FRH0056-1,6,-0.6070112563832439,FullHistoryMean,ae,sparse77,4
FRH0068,6,0.1468586433976219,FullHistoryMean,ae,sparse77,4
FRW00011,6,-0.04542944977727589,FullHistoryMean,ae,sparse77,4
FRW00023,6,0.26111111111111107,FullHistoryMean,ae,sparse77,4
FRW0008,6,0.15267966268615152,FullHistoryMean,ae,sparse77,4
FRW0009,6,0.8273681393003788,FullHistoryMean,ae,sparse77,4
FRW0011,6,0.3576246941464332,FullHistoryMean,ae,sparse77,4
FRW0014,6,0.4470308676830415,FullHistoryMean,ae,sparse77,4
FRW0016,6,0.6705463015245624,FullHistoryMean,ae,sparse77,4
FRW0020,6,0.22351543384152076,FullHistoryMean,ae,sparse77,4
FRW0023,6,-0.18116255724951377,FullHistoryMean,ae,sparse77,4
FSTBY001,6,0.4807307698344035,FullHistoryMean,ae,sparse77,4
FZGLS0001,6,-0.15420197314084047,FullHistoryMean,ae,sparse77,4
FZGLS0002,6,0.09639517158983228,FullHistoryMean,ae,sparse77,4
FZLRJ0001double,6,0.03332134176127499,FullHistoryMean,ae,sparse77,4
FZLRJ0002double,6,-0.004913074590030504,FullHistoryMean,ae,sparse77,4
HSAKSLT0001,6,0.11899444758140408,FullHistoryMean,ae,sparse77,4
HWZDSKL0002,6,0.3073524705581157,FullHistoryMean,ae,sparse77,4
JZJ0004,6,-0.11575616412572938,FullHistoryMean,ae,sparse77,4
JZJ0014,6,0.008648155014487957,FullHistoryMean,ae,sparse77,4
JZJ0017,6,0.5027837735638069,FullHistoryMean,ae,sparse77,4
KFZ0001,6,0.09758359997490433,FullHistoryMean,ae,sparse77,4
LTKF0002,6,0.3576246941464332,FullHistoryMean,ae,sparse77,4
LTKF0005A,6,-0.048677771503858436,FullHistoryMean,ae,sparse77,4
LTKF0008,6,0.49173395445134577,FullHistoryMean,ae,sparse77,4
LTKF0009,6,0.6705463015245624,FullHistoryMean,ae,sparse77,4
LTKF0022,6,0.567577169207604,FullHistoryMean,ae,sparse77,4
LTKF0024A,6,-0.4758330196373674,FullHistoryMean,ae,sparse77,4
LTKF0058,6,-0.09903367302097367,FullHistoryMean,ae,sparse77,4
LTKF0102,6,-0.8833924574237887,FullHistoryMean,ae,sparse77,4
LTKF0106,6,-0.26710146537501006,FullHistoryMean,ae,sparse77,4
LTKF0111,6,0.9709699734959282,FullHistoryMean,ae,sparse77,4
LYC0203,6,-1.1539862535876626,FullHistoryMean,ae,sparse77,4
QCXXC0001,6,-0.1387776836689881,FullHistoryMean,ae,sparse77,4
QCXXC0002,6,0.5198376623376623,FullHistoryMean,ae,sparse77,4
QFSJZ002-1,6,0.0139984560544442,FullHistoryMean,ae,sparse77,4
QFSJZ003,6,-0.11663543708176638,FullHistoryMean,ae,sparse77,4
SLT0003,6,0.7863051955631674,FullHistoryMean,ae,sparse77,4
SLT0004,6,0.24488052446084518,FullHistoryMean,ae,sparse77,4
SRPDZS0002,6,-0.8090419725202334,FullHistoryMean,ae,sparse77,4
XGX9992,6,0.5555555555555555,FullHistoryMean,ae,sparse77,4
XGX9993,6,0.5555555555555555,FullHistoryMean,ae,sparse77,4
XYMLRY00001,6,-0.4527777777777778,FullHistoryMean,ae,sparse77,4
YDBZLV0001AMDE,6,0.5811401279879541,FullHistoryMean,ae,sparse77,4
YDBZWV0001AMDE,6,0.6705463015245624,FullHistoryMean,ae,sparse77,4
YJX0024,6,0.49173395445134577,FullHistoryMean,ae,sparse77,4
YJX0025,6,0.07429136081309991,FullHistoryMean,ae,sparse77,4
YXBLJ0001,6,-0.17765931502374774,FullHistoryMean,ae,sparse77,4
ZBTZ0003,6,-0.3394749187319636,FullHistoryMean,ae,sparse77,4
ZJJSJBV001AMDE,6,0.292902471924211,FullHistoryMean,ae,sparse77,4
ZJJYZSJBV1AMDE,6,1.5646080368906456,FullHistoryMean,ae,sparse77,4
ZJJYZSJSV2AMDE,6,0.9387648221343873,FullHistoryMean,ae,sparse77,4
xgx0013,6,0.9861111111111112,FullHistoryMean,ae,sparse77,4
zxy0002,6,-0.1444444444444445,FullHistoryMean,ae,sparse77,4
BLJZ0001,1,5.95,BlockFrequencyMean,mase_52,sparse77,9
BLP0003,4,-0.4976648351648352,BlockFrequencyMean,mase_52,sparse77,9
BLP0004,4,1.085,BlockFrequencyMean,mase_52,sparse77,9
CLSSLT0003,6,-0.2504236096147861,BlockFrequencyMean,mase_52,sparse77,9
CLSSLT0006,6,1.347993265993266,BlockFrequencyMean,mase_52,sparse77,9
DRMJJ0020,2,0.594117647058824,BlockFrequencyMean,mase_52,sparse77,9
DRMJJ0021,6,0.8627933177933179,BlockFrequencyMean,mase_52,sparse77,9
DRMJJ0025,6,-0.9307850319615024,BlockFrequencyMean,mase_52,sparse77,9
DRMJJ0026,5,1.0334538054538054,BlockFrequencyMean,mase_52,sparse77,9
DRMJJ0027,5,1.417142857142857,BlockFrequencyMean,mase_52,sparse77,9
DRMJJ0038,1,0.0,BlockFrequencyMean,mase_52,sparse77,9
DRMJJ0039,1,0.9,BlockFrequencyMean,mase_52,sparse77,9
FRC0010,6,0.541005291005291,BlockFrequencyMean,mase_52,sparse77,9
FRH0028,6,0.4230565730565731,BlockFrequencyMean,mase_52,sparse77,9
FRH0029,6,0.44496216646754294,BlockFrequencyMean,mase_52,sparse77,9
FRH0031,6,0.5711111111111111,BlockFrequencyMean,mase_52,sparse77,9
FRH0035,4,0.9417582417582417,BlockFrequencyMean,mase_52,sparse77,9
FRH0037,5,0.7985714285714286,BlockFrequencyMean,mase_52,sparse77,9
FRH0042,6,-0.4264550264550265,BlockFrequencyMean,mase_52,sparse77,9
FRH0043,6,0.20409035409035411,BlockFrequencyMean,mase_52,sparse77,9
FRH0044,6,-0.7335437710437711,BlockFrequencyMean,mase_52,sparse77,9
FRH0047,6,1.1689119703825586,BlockFrequencyMean,mase_52,sparse77,9
FRH0049,4,0.5398692810457516,BlockFrequencyMean,mase_52,sparse77,9
FRH0056-1,4,-0.665,BlockFrequencyMean,mase_52,sparse77,9
FRH0068,4,-0.44761904761904775,BlockFrequencyMean,mase_52,sparse77,9
FRW00011,5,1.4257777777777778,BlockFrequencyMean,mase_52,sparse77,9
FRW00023,1,1.25,BlockFrequencyMean,mase_52,sparse77,9
FRW0008,5,-1.1433333333333333,BlockFrequencyMean,mase_52,sparse77,9
FRW0009,6,-0.5584927851978151,BlockFrequencyMean,mase_52,sparse77,9
FRW0011,4,0.5516483516483517,BlockFrequencyMean,mase_52,sparse77,9
FRW0014,4,0.7,BlockFrequencyMean,mase_52,sparse77,9
FRW0016,6,0.945945165945166,BlockFrequencyMean,mase_52,sparse77,9
FRW0020,4,0.8666666666666667,BlockFrequencyMean,mase_52,sparse77,9
FRW0023,6,-0.605,BlockFrequencyMean,mase_52,sparse77,9
FSTBY001,3,-2.0444444444444443,BlockFrequencyMean,mase_52,sparse77,9
FZGLS0001,3,-0.22222222222222224,BlockFrequencyMean,mase_52,sparse77,9
FZGLS0002,6,-0.9128571428571428,BlockFrequencyMean,mase_52,sparse77,9
FZLRJ0001double,6,-0.4833333333333334,BlockFrequencyMean,mase_52,sparse77,9
FZLRJ0002double,6,-0.5050000000000001,BlockFrequencyMean,mase_52,sparse77,9
HSAKSLT0001,3,0.8333333333333334,BlockFrequencyMean,mase_52,sparse77,9
HWZDSKL0002,6,-0.0868308556234253,BlockFrequencyMean,mase_52,sparse77,9
JZJ0004,5,0.8871717171717171,BlockFrequencyMean,mase_52,sparse77,9
JZJ0014,6,-0.42317460317460337,BlockFrequencyMean,mase_52,sparse77,9
JZJ0017,6,-0.16721260221260226,BlockFrequencyMean,mase_52,sparse77,9
KFZ0001,5,-1.1813333333333333,BlockFrequencyMean,mase_52,sparse77,9
LTKF0002,5,0.6241758241758243,BlockFrequencyMean,mase_52,sparse77,9
LTKF0005A,6,2.3871428571428575,BlockFrequencyMean,mase_52,sparse77,9
LTKF0008,5,-0.2581818181818182,BlockFrequencyMean,mase_52,sparse77,9
LTKF0009,5,-0.040000000000000015,BlockFrequencyMean,mase_52,sparse77,9
LTKF0022,4,0.9730462519936209,BlockFrequencyMean,mase_52,sparse77,9
LTKF0024A,4,-0.8128433717984802,BlockFrequencyMean,mase_52,sparse77,9
LTKF0058,4,1.1047619047619044,BlockFrequencyMean,mase_52,sparse77,9
LTKF0102,5,-1.1237138300296194,BlockFrequencyMean,mase_52,sparse77,9
LTKF0106,4,-2.3777777777777778,BlockFrequencyMean,mase_52,sparse77,9
LTKF0111,5,1.616923076923077,BlockFrequencyMean,mase_52,sparse77,9
LYC0203,5,-1.0012156862745099,BlockFrequencyMean,mase_52,sparse77,9
QCXXC0001,6,-0.44003787878787876,BlockFrequencyMean,mase_52,sparse77,9
QCXXC0002,6,0.4296103896103898,BlockFrequencyMean,mase_52,sparse77,9
QFSJZ002-1,6,-0.5648036758563076,BlockFrequencyMean,mase_52,sparse77,9
QFSJZ003,6,1.1833333333333333,BlockFrequencyMean,mase_52,sparse77,9
SLT0003,6,0.20157860337117292,BlockFrequencyMean,mase_52,sparse77,9
SLT0004,6,-1.8793513957307058,BlockFrequencyMean,mase_52,sparse77,9
SRPDZS0002,3,3.266666666666666,BlockFrequencyMean,mase_52,sparse77,9
XYMLRY00001,1,-1.375,BlockFrequencyMean,mase_52,sparse77,9
YDBZLV0001AMDE,6,1.024404761904762,BlockFrequencyMean,mase_52,sparse77,9
YDBZWV0001AMDE,5,0.8400000000000001,BlockFrequencyMean,mase_52,sparse77,9
YJX0024,4,1.6785714285714286,BlockFrequencyMean,mase_52,sparse77,9
YJX0025,4,-1.7466666666666668,BlockFrequencyMean,mase_52,sparse77,9
YXBLJ0001,4,0.1857894736842107,BlockFrequencyMean,mase_52,sparse77,9
ZBTZ0003,6,-0.25972222222222224,BlockFrequencyMean,mase_52,sparse77,9
ZJJSJBV001AMDE,6,-0.15078477078477073,BlockFrequencyMean,mase_52,sparse77,9
ZJJYZSJBV1AMDE,6,0.9710325476992144,BlockFrequencyMean,mase_52,sparse77,9
ZJJYZSJSV2AMDE,5,0.8685194805194806,BlockFrequencyMean,mase_52,sparse77,9
xgx0013,1,1.3,BlockFrequencyMean,mase_52,sparse77,9
zxy0002,1,1.75,BlockFrequencyMean,mase_52,sparse77,9
BLJZ0001,1,5.95,BlockFrequencyMean,ae,sparse77,9
BLP0003,4,-2.2125,BlockFrequencyMean,ae,sparse77,9
BLP0004,4,0.625,BlockFrequencyMean,ae,sparse77,9
CLSSLT0003,6,-1.0916666666666666,BlockFrequencyMean,ae,sparse77,9
CLSSLT0006,6,1.45,BlockFrequencyMean,ae,sparse77,9
DRMJJ0020,2,-1.6749999999999998,BlockFrequencyMean,ae,sparse77,9
DRMJJ0021,6,0.5916666666666669,BlockFrequencyMean,ae,sparse77,9
DRMJJ0025,6,-3.4916666666666667,BlockFrequencyMean,ae,sparse77,9
DRMJJ0026,5,-0.9200000000000002,BlockFrequencyMean,ae,sparse77,9
DRMJJ0027,5,0.48000000000000015,BlockFrequencyMean,ae,sparse77,9
DRMJJ0038,2,-0.375,BlockFrequencyMean,ae,sparse77,9
DRMJJ0039,2,0.125,BlockFrequencyMean,ae,sparse77,9
FRC0010,6,1.2666666666666666,BlockFrequencyMean,ae,sparse77,9
FRH0028,6,2.591666666666667,BlockFrequencyMean,ae,sparse77,9
FRH0029,6,1.2,BlockFrequencyMean,ae,sparse77,9
FRH0031,6,1.2083333333333333,BlockFrequencyMean,ae,sparse77,9
FRH0035,4,4.4,BlockFrequencyMean,ae,sparse77,9
FRH0037,5,2.04,BlockFrequencyMean,ae,sparse77,9
FRH0042,6,-0.3583333333333332,BlockFrequencyMean,ae,sparse77,9
FRH0043,6,0.3083333333333333,BlockFrequencyMean,ae,sparse77,9
FRH0044,6,-1.7083333333333333,BlockFrequencyMean,ae,sparse77,9
FRH0047,6,4.508333333333334,BlockFrequencyMean,ae,sparse77,9
FRH0049,4,1.95,BlockFrequencyMean,ae,sparse77,9
FRH0056-1,4,-1.1374999999999997,BlockFrequencyMean,ae,sparse77,9
FRH0068,4,-0.6125000000000003,BlockFrequencyMean,ae,sparse77,9
FRW00011,5,0.9199999999999999,BlockFrequencyMean,ae,sparse77,9
FRW00023,1,3.75,BlockFrequencyMean,ae,sparse77,9
FRW0008,5,-1.5899999999999999,BlockFrequencyMean,ae,sparse77,9
FRW0009,6,-1.6416666666666668,BlockFrequencyMean,ae,sparse77,9
FRW0011,4,1.55,BlockFrequencyMean,ae,sparse77,9
FRW0014,4,1.6,BlockFrequencyMean,ae,sparse77,9
FRW0016,6,1.8416666666666668,BlockFrequencyMean,ae,sparse77,9
FRW0020,4,0.85,BlockFrequencyMean,ae,sparse77,9
FRW0023,6,-0.45,BlockFrequencyMean,ae,sparse77,9
FSTBY001,3,-0.1333333333333334,BlockFrequencyMean,ae,sparse77,9
FZGLS0001,3,-0.6166666666666667,BlockFrequencyMean,ae,sparse77,9
FZGLS0002,6,-0.9666666666666667,BlockFrequencyMean,ae,sparse77,9
FZLRJ0001double,6,-0.17500000000000002,BlockFrequencyMean,ae,sparse77,9
FZLRJ0002double,6,-1.1083333333333334,BlockFrequencyMean,ae,sparse77,9
HSAKSLT0001,3,1.0000000000000002,BlockFrequencyMean,ae,sparse77,9
HWZDSKL0002,6,-0.05000000000000001,BlockFrequencyMean,ae,sparse77,9
JZJ0004,5,3.0100000000000002,BlockFrequencyMean,ae,sparse77,9
JZJ0014,6,-1.2000000000000002,BlockFrequencyMean,ae,sparse77,9
JZJ0017,6,-0.39166666666666683,BlockFrequencyMean,ae,sparse77,9
KFZ0001,5,-0.7899999999999998,BlockFrequencyMean,ae,sparse77,9
LTKF0002,5,1.56,BlockFrequencyMean,ae,sparse77,9
LTKF0005A,6,0.9833333333333334,BlockFrequencyMean,ae,sparse77,9
LTKF0008,5,-0.05,BlockFrequencyMean,ae,sparse77,9
LTKF0009,5,0.75,BlockFrequencyMean,ae,sparse77,9
LTKF0022,4,-3.925,BlockFrequencyMean,ae,sparse77,9
LTKF0024A,4,-2.375,BlockFrequencyMean,ae,sparse77,9
LTKF0058,4,-0.5625000000000001,BlockFrequencyMean,ae,sparse77,9
LTKF0102,5,-2.55,BlockFrequencyMean,ae,sparse77,9
LTKF0106,4,-2.7624999999999997,BlockFrequencyMean,ae,sparse77,9
LTKF0111,5,-1.4900000000000004,BlockFrequencyMean,ae,sparse77,9
LYC0203,5,-2.81,BlockFrequencyMean,ae,sparse77,9
QCXXC0001,6,-1.1500000000000001,BlockFrequencyMean,ae,sparse77,9
QCXXC0002,6,1.0250000000000001,BlockFrequencyMean,ae,sparse77,9
QFSJZ002-1,6,-1.2916666666666667,BlockFrequencyMean,ae,sparse77,9
QFSJZ003,6,0.15000000000000002,BlockFrequencyMean,ae,sparse77,9
SLT0003,6,0.2854166666666667,BlockFrequencyMean,ae,sparse77,9
SLT0004,6,-1.6166666666666665,BlockFrequencyMean,ae,sparse77,9
SRPDZS0002,3,2.433333333333333,BlockFrequencyMean,ae,sparse77,9
XYMLRY00001,2,-4.625,BlockFrequencyMean,ae,sparse77,9
YDBZLV0001AMDE,6,2.1999999999999997,BlockFrequencyMean,ae,sparse77,9
YDBZWV0001AMDE,5,2.6399999999999997,BlockFrequencyMean,ae,sparse77,9
YJX0024,4,2.7,BlockFrequencyMean,ae,sparse77,9
YJX0025,4,-1.4125,BlockFrequencyMean,ae,sparse77,9
YXBLJ0001,4,-1.3624999999999998,BlockFrequencyMean,ae,sparse77,9
ZBTZ0003,6,-0.7916666666666666,BlockFrequencyMean,ae,sparse77,9
ZJJSJBV001AMDE,6,0.1666666666666667,BlockFrequencyMean,ae,sparse77,9
ZJJYZSJBV1AMDE,6,3.391666666666667,BlockFrequencyMean,ae,sparse77,9
ZJJYZSJSV2AMDE,5,3.15,BlockFrequencyMean,ae,sparse77,9
xgx0013,1,6.5,BlockFrequencyMean,ae,sparse77,9
zxy0002,1,1.75,BlockFrequencyMean,ae,sparse77,9
BLJZ0001,1,5.95,MatchedHistoryMean,mase_52,sparse77,9
BLP0003,4,-0.4976648351648352,MatchedHistoryMean,mase_52,sparse77,9
BLP0004,4,1.085,MatchedHistoryMean,mase_52,sparse77,9
CLSSLT0003,6,-0.2504236096147861,MatchedHistoryMean,mase_52,sparse77,9
CLSSLT0006,6,1.347993265993266,MatchedHistoryMean,mase_52,sparse77,9
DRMJJ0020,2,0.594117647058824,MatchedHistoryMean,mase_52,sparse77,9
DRMJJ0021,6,0.8627933177933179,MatchedHistoryMean,mase_52,sparse77,9
DRMJJ0025,6,-0.9307850319615024,MatchedHistoryMean,mase_52,sparse77,9
DRMJJ0026,5,1.0334538054538054,MatchedHistoryMean,mase_52,sparse77,9
DRMJJ0027,5,1.417142857142857,MatchedHistoryMean,mase_52,sparse77,9
DRMJJ0038,1,0.0,MatchedHistoryMean,mase_52,sparse77,9
DRMJJ0039,1,0.9,MatchedHistoryMean,mase_52,sparse77,9
FRC0010,6,0.541005291005291,MatchedHistoryMean,mase_52,sparse77,9
FRH0028,6,0.4230565730565731,MatchedHistoryMean,mase_52,sparse77,9
FRH0029,6,0.44496216646754294,MatchedHistoryMean,mase_52,sparse77,9
FRH0031,6,0.5711111111111111,MatchedHistoryMean,mase_52,sparse77,9
FRH0035,4,0.9417582417582417,MatchedHistoryMean,mase_52,sparse77,9
FRH0037,5,0.7985714285714286,MatchedHistoryMean,mase_52,sparse77,9
FRH0042,6,-0.4264550264550266,MatchedHistoryMean,mase_52,sparse77,9
FRH0043,6,0.20409035409035411,MatchedHistoryMean,mase_52,sparse77,9
FRH0044,6,-0.7335437710437711,MatchedHistoryMean,mase_52,sparse77,9
FRH0047,6,1.1689119703825586,MatchedHistoryMean,mase_52,sparse77,9
FRH0049,4,0.5398692810457516,MatchedHistoryMean,mase_52,sparse77,9
FRH0056-1,4,-0.665,MatchedHistoryMean,mase_52,sparse77,9
FRH0068,4,-0.44761904761904775,MatchedHistoryMean,mase_52,sparse77,9
FRW00011,5,1.4257777777777778,MatchedHistoryMean,mase_52,sparse77,9
FRW00023,1,1.25,MatchedHistoryMean,mase_52,sparse77,9
FRW0008,5,-1.1433333333333333,MatchedHistoryMean,mase_52,sparse77,9
FRW0009,6,-0.5584927851978151,MatchedHistoryMean,mase_52,sparse77,9
FRW0011,4,0.5516483516483517,MatchedHistoryMean,mase_52,sparse77,9
FRW0014,4,0.7,MatchedHistoryMean,mase_52,sparse77,9
FRW0016,6,0.945945165945166,MatchedHistoryMean,mase_52,sparse77,9
FRW0020,4,0.8666666666666667,MatchedHistoryMean,mase_52,sparse77,9
FRW0023,6,-0.605,MatchedHistoryMean,mase_52,sparse77,9
FSTBY001,3,-2.0444444444444443,MatchedHistoryMean,mase_52,sparse77,9
FZGLS0001,3,-0.22222222222222224,MatchedHistoryMean,mase_52,sparse77,9
FZGLS0002,6,-0.9128571428571428,MatchedHistoryMean,mase_52,sparse77,9
FZLRJ0001double,6,-0.4833333333333334,MatchedHistoryMean,mase_52,sparse77,9
FZLRJ0002double,6,-0.5050000000000001,MatchedHistoryMean,mase_52,sparse77,9
HSAKSLT0001,3,0.8333333333333334,MatchedHistoryMean,mase_52,sparse77,9
HWZDSKL0002,6,-0.0868308556234253,MatchedHistoryMean,mase_52,sparse77,9
JZJ0004,5,0.8871717171717168,MatchedHistoryMean,mase_52,sparse77,9
JZJ0014,6,-0.42317460317460337,MatchedHistoryMean,mase_52,sparse77,9
JZJ0017,6,-0.16721260221260226,MatchedHistoryMean,mase_52,sparse77,9
KFZ0001,5,-1.1813333333333333,MatchedHistoryMean,mase_52,sparse77,9
LTKF0002,5,0.6241758241758242,MatchedHistoryMean,mase_52,sparse77,9
LTKF0005A,6,2.3871428571428575,MatchedHistoryMean,mase_52,sparse77,9
LTKF0008,5,-0.2581818181818182,MatchedHistoryMean,mase_52,sparse77,9
LTKF0009,5,-0.040000000000000015,MatchedHistoryMean,mase_52,sparse77,9
LTKF0022,4,0.9730462519936209,MatchedHistoryMean,mase_52,sparse77,9
LTKF0024A,4,-0.8128433717984802,MatchedHistoryMean,mase_52,sparse77,9
LTKF0058,4,1.1047619047619044,MatchedHistoryMean,mase_52,sparse77,9
LTKF0102,5,-1.1237138300296194,MatchedHistoryMean,mase_52,sparse77,9
LTKF0106,4,-2.3777777777777778,MatchedHistoryMean,mase_52,sparse77,9
LTKF0111,5,1.616923076923077,MatchedHistoryMean,mase_52,sparse77,9
LYC0203,5,-1.0012156862745099,MatchedHistoryMean,mase_52,sparse77,9
QCXXC0001,6,-0.44003787878787876,MatchedHistoryMean,mase_52,sparse77,9
QCXXC0002,6,0.4296103896103898,MatchedHistoryMean,mase_52,sparse77,9
QFSJZ002-1,6,-0.5648036758563076,MatchedHistoryMean,mase_52,sparse77,9
QFSJZ003,6,1.1833333333333333,MatchedHistoryMean,mase_52,sparse77,9
SLT0003,6,0.20157860337117292,MatchedHistoryMean,mase_52,sparse77,9
SLT0004,6,-1.8793513957307058,MatchedHistoryMean,mase_52,sparse77,9
SRPDZS0002,3,3.266666666666666,MatchedHistoryMean,mase_52,sparse77,9
XYMLRY00001,1,-1.375,MatchedHistoryMean,mase_52,sparse77,9
YDBZLV0001AMDE,6,1.024404761904762,MatchedHistoryMean,mase_52,sparse77,9
YDBZWV0001AMDE,5,0.8400000000000001,MatchedHistoryMean,mase_52,sparse77,9
YJX0024,4,1.6785714285714286,MatchedHistoryMean,mase_52,sparse77,9
YJX0025,4,-1.7466666666666668,MatchedHistoryMean,mase_52,sparse77,9
YXBLJ0001,4,0.1857894736842107,MatchedHistoryMean,mase_52,sparse77,9
ZBTZ0003,6,-0.25972222222222224,MatchedHistoryMean,mase_52,sparse77,9
ZJJSJBV001AMDE,6,-0.15078477078477073,MatchedHistoryMean,mase_52,sparse77,9
ZJJYZSJBV1AMDE,6,0.9710325476992144,MatchedHistoryMean,mase_52,sparse77,9
ZJJYZSJSV2AMDE,5,0.8685194805194806,MatchedHistoryMean,mase_52,sparse77,9
xgx0013,1,1.3,MatchedHistoryMean,mase_52,sparse77,9
zxy0002,1,1.75,MatchedHistoryMean,mase_52,sparse77,9
BLJZ0001,6,0.9916666666666667,MatchedHistoryMean,ae,sparse77,9
BLP0003,6,-1.4749999999999999,MatchedHistoryMean,ae,sparse77,9
BLP0004,6,0.4166666666666667,MatchedHistoryMean,ae,sparse77,9
CLSSLT0003,6,-1.0916666666666666,MatchedHistoryMean,ae,sparse77,9
CLSSLT0006,6,1.45,MatchedHistoryMean,ae,sparse77,9
DRMJJ0020,6,-0.5583333333333332,MatchedHistoryMean,ae,sparse77,9
DRMJJ0021,6,0.5916666666666669,MatchedHistoryMean,ae,sparse77,9
DRMJJ0025,6,-3.4916666666666667,MatchedHistoryMean,ae,sparse77,9
DRMJJ0026,6,-0.7666666666666667,MatchedHistoryMean,ae,sparse77,9
DRMJJ0027,6,0.40000000000000013,MatchedHistoryMean,ae,sparse77,9
DRMJJ0038,2,-0.375,MatchedHistoryMean,ae,sparse77,9
DRMJJ0039,2,0.125,MatchedHistoryMean,ae,sparse77,9
FRC0010,6,1.2666666666666666,MatchedHistoryMean,ae,sparse77,9
FRH0028,6,2.591666666666667,MatchedHistoryMean,ae,sparse77,9
FRH0029,6,1.2,MatchedHistoryMean,ae,sparse77,9
FRH0031,6,1.2083333333333333,MatchedHistoryMean,ae,sparse77,9
FRH0035,6,2.9333333333333336,MatchedHistoryMean,ae,sparse77,9
FRH0037,6,1.7000000000000002,MatchedHistoryMean,ae,sparse77,9
FRH0042,6,-0.35833333333333345,MatchedHistoryMean,ae,sparse77,9
FRH0043,6,0.3083333333333333,MatchedHistoryMean,ae,sparse77,9
FRH0044,6,-1.7083333333333333,MatchedHistoryMean,ae,sparse77,9
FRH0047,6,4.508333333333334,MatchedHistoryMean,ae,sparse77,9
FRH0049,6,1.3,MatchedHistoryMean,ae,sparse77,9
FRH0056-1,6,-0.7583333333333332,MatchedHistoryMean,ae,sparse77,9
FRH0068,6,-0.4083333333333335,MatchedHistoryMean,ae,sparse77,9
FRW00011,6,0.7666666666666667,MatchedHistoryMean,ae,sparse77,9
FRW00023,2,1.875,MatchedHistoryMean,ae,sparse77,9
FRW0008,6,-1.325,MatchedHistoryMean,ae,sparse77,9
FRW0009,6,-1.6416666666666668,MatchedHistoryMean,ae,sparse77,9
FRW0011,6,1.0333333333333334,MatchedHistoryMean,ae,sparse77,9
FRW0014,6,1.0666666666666667,MatchedHistoryMean,ae,sparse77,9
FRW0016,6,1.8416666666666668,MatchedHistoryMean,ae,sparse77,9
FRW0020,6,0.5666666666666667,MatchedHistoryMean,ae,sparse77,9
FRW0023,6,-0.45,MatchedHistoryMean,ae,sparse77,9
FSTBY001,6,-0.0666666666666667,MatchedHistoryMean,ae,sparse77,9
FZGLS0001,6,-0.30833333333333335,MatchedHistoryMean,ae,sparse77,9
FZGLS0002,6,-0.9666666666666667,MatchedHistoryMean,ae,sparse77,9
FZLRJ0001double,6,-0.17500000000000002,MatchedHistoryMean,ae,sparse77,9
FZLRJ0002double,6,-1.1083333333333334,MatchedHistoryMean,ae,sparse77,9
HSAKSLT0001,6,0.5000000000000001,MatchedHistoryMean,ae,sparse77,9
HWZDSKL0002,6,-0.05000000000000001,MatchedHistoryMean,ae,sparse77,9
JZJ0004,6,2.5083333333333333,MatchedHistoryMean,ae,sparse77,9
JZJ0014,6,-1.2000000000000002,MatchedHistoryMean,ae,sparse77,9
JZJ0017,6,-0.39166666666666683,MatchedHistoryMean,ae,sparse77,9
KFZ0001,6,-0.6583333333333333,MatchedHistoryMean,ae,sparse77,9
LTKF0002,6,1.3,MatchedHistoryMean,ae,sparse77,9
LTKF0005A,6,0.9833333333333334,MatchedHistoryMean,ae,sparse77,9
LTKF0008,6,-0.041666666666666664,MatchedHistoryMean,ae,sparse77,9
LTKF0009,6,0.625,MatchedHistoryMean,ae,sparse77,9
LTKF0022,6,-2.6166666666666667,MatchedHistoryMean,ae,sparse77,9
LTKF0024A,6,-1.5833333333333333,MatchedHistoryMean,ae,sparse77,9
LTKF0058,6,-0.37500000000000006,MatchedHistoryMean,ae,sparse77,9
LTKF0102,6,-2.125,MatchedHistoryMean,ae,sparse77,9
LTKF0106,6,-1.8416666666666666,MatchedHistoryMean,ae,sparse77,9
LTKF0111,6,-1.241666666666667,MatchedHistoryMean,ae,sparse77,9
LYC0203,6,-2.341666666666667,MatchedHistoryMean,ae,sparse77,9
QCXXC0001,6,-1.1500000000000001,MatchedHistoryMean,ae,sparse77,9
QCXXC0002,6,1.0250000000000001,MatchedHistoryMean,ae,sparse77,9
QFSJZ002-1,6,-1.2916666666666667,MatchedHistoryMean,ae,sparse77,9
QFSJZ003,6,0.15000000000000002,MatchedHistoryMean,ae,sparse77,9
SLT0003,6,0.2854166666666667,MatchedHistoryMean,ae,sparse77,9
SLT0004,6,-1.6166666666666665,MatchedHistoryMean,ae,sparse77,9
SRPDZS0002,6,1.2166666666666666,MatchedHistoryMean,ae,sparse77,9
XGX9992,2,0.0,MatchedHistoryMean,ae,sparse77,9
XGX9993,2,0.0,MatchedHistoryMean,ae,sparse77,9
XYMLRY00001,2,-4.625,MatchedHistoryMean,ae,sparse77,9
YDBZLV0001AMDE,6,2.1999999999999997,MatchedHistoryMean,ae,sparse77,9
YDBZWV0001AMDE,6,2.1999999999999997,MatchedHistoryMean,ae,sparse77,9
YJX0024,6,1.8,MatchedHistoryMean,ae,sparse77,9
YJX0025,6,-0.9416666666666668,MatchedHistoryMean,ae,sparse77,9
YXBLJ0001,6,-0.9083333333333332,MatchedHistoryMean,ae,sparse77,9
ZBTZ0003,6,-0.7916666666666666,MatchedHistoryMean,ae,sparse77,9
ZJJSJBV001AMDE,6,0.16666666666666655,MatchedHistoryMean,ae,sparse77,9
ZJJYZSJBV1AMDE,6,3.391666666666667,MatchedHistoryMean,ae,sparse77,9
ZJJYZSJSV2AMDE,6,2.625,MatchedHistoryMean,ae,sparse77,9
xgx0013,2,3.25,MatchedHistoryMean,ae,sparse77,9
zxy0002,2,0.875,MatchedHistoryMean,ae,sparse77,9
BLJZ0001,1,5.607142857142858,LaplaceMean,mase_52,sparse77,9
BLP0003,4,-0.5897762951334379,LaplaceMean,mase_52,sparse77,9
BLP0004,4,0.9500000000000002,LaplaceMean,mase_52,sparse77,9
CLSSLT0003,6,-0.3252037780924336,LaplaceMean,mase_52,sparse77,9
CLSSLT0006,6,1.1601234567901235,LaplaceMean,mase_52,sparse77,9
DRMJJ0020,2,0.45966386554621774,LaplaceMean,mase_52,sparse77,9
DRMJJ0021,6,0.7752997002997005,LaplaceMean,mase_52,sparse77,9
DRMJJ0025,6,-0.9150111326581913,LaplaceMean,mase_52,sparse77,9
DRMJJ0026,5,0.8958881330309904,LaplaceMean,mase_52,sparse77,9
DRMJJ0027,5,1.335321821036107,LaplaceMean,mase_52,sparse77,9
DRMJJ0038,1,-1.125,LaplaceMean,mase_52,sparse77,9
DRMJJ0039,1,0.675,LaplaceMean,mase_52,sparse77,9
FRC0010,6,0.5722159234063996,LaplaceMean,mase_52,sparse77,9
FRH0028,6,0.3450797059171445,LaplaceMean,mase_52,sparse77,9
FRH0029,6,0.4036702375095797,LaplaceMean,mase_52,sparse77,9
FRH0031,6,0.5266666666666667,LaplaceMean,mase_52,sparse77,9
FRH0035,4,1.0804552590266876,LaplaceMean,mase_52,sparse77,9
FRH0037,5,0.8605442176870748,LaplaceMean,mase_52,sparse77,9
FRH0042,6,-0.4227765180146133,LaplaceMean,mase_52,sparse77,9
FRH0043,6,0.19048213691070834,LaplaceMean,mase_52,sparse77,9
FRH0044,6,-0.7556457431457432,LaplaceMean,mase_52,sparse77,9
FRH0047,6,1.1427561001090414,LaplaceMean,mase_52,sparse77,9
FRH0049,4,0.649859943977591,LaplaceMean,mase_52,sparse77,9
FRH0056-1,4,-0.8083333333333331,LaplaceMean,mase_52,sparse77,9
FRH0068,4,-0.5336968120581568,LaplaceMean,mase_52,sparse77,9
FRW00011,5,1.2801587301587305,LaplaceMean,mase_52,sparse77,9
FRW00023,1,1.25,LaplaceMean,mase_52,sparse77,9
FRW0008,5,-1.1,LaplaceMean,mase_52,sparse77,9
FRW0009,6,-0.5038695832600352,LaplaceMean,mase_52,sparse77,9
FRW0011,4,0.6624803767660911,LaplaceMean,mase_52,sparse77,9
FRW0014,4,0.8214285714285714,LaplaceMean,mase_52,sparse77,9
FRW0016,6,0.9765615337043908,LaplaceMean,mase_52,sparse77,9
FRW0020,4,1.0,LaplaceMean,mase_52,sparse77,9
FRW0023,6,-0.6234126984126984,LaplaceMean,mase_52,sparse77,9
FSTBY001,3,-2.0000000000000004,LaplaceMean,mase_52,sparse77,9
FZGLS0001,3,-0.37037037037037024,LaplaceMean,mase_52,sparse77,9
FZGLS0002,6,-0.9268707482993198,LaplaceMean,mase_52,sparse77,9
FZLRJ0001double,6,-0.4166666666666667,LaplaceMean,mase_52,sparse77,9
FZLRJ0002double,6,-0.5226190476190476,LaplaceMean,mase_52,sparse77,9
HSAKSLT0001,3,0.761904761904762,LaplaceMean,mase_52,sparse77,9
HWZDSKL0002,6,-0.16888429340441724,LaplaceMean,mase_52,sparse77,9
JZJ0004,5,0.751352813852814,LaplaceMean,mase_52,sparse77,9
JZJ0014,6,-0.500918145035792,LaplaceMean,mase_52,sparse77,9
JZJ0017,6,-0.20348610824801305,LaplaceMean,mase_52,sparse77,9
KFZ0001,5,-1.3031746031746032,LaplaceMean,mase_52,sparse77,9
LTKF0002,5,0.7259026687598116,LaplaceMean,mase_52,sparse77,9
LTKF0005A,6,2.2864512471655334,LaplaceMean,mase_52,sparse77,9
LTKF0008,5,-0.01818181818181821,LaplaceMean,mase_52,sparse77,9
LTKF0009,5,0.19999999999999996,LaplaceMean,mase_52,sparse77,9
LTKF0022,4,0.858813700918965,LaplaceMean,mase_52,sparse77,9
LTKF0024A,4,-0.9171360888853151,LaplaceMean,mase_52,sparse77,9
LTKF0058,4,0.9625850340136053,LaplaceMean,mase_52,sparse77,9
LTKF0102,5,-1.085469517950721,LaplaceMean,mase_52,sparse77,9
LTKF0106,4,-2.297619047619048,LaplaceMean,mase_52,sparse77,9
LTKF0111,5,1.5959965524671407,LaplaceMean,mase_52,sparse77,9
LYC0203,5,-1.0140896358543416,LaplaceMean,mase_52,sparse77,9
QCXXC0001,6,-0.5597069836293974,LaplaceMean,mase_52,sparse77,9
QCXXC0002,6,0.2309755720470006,LaplaceMean,mase_52,sparse77,9
QFSJZ002-1,6,-0.6271750805585391,LaplaceMean,mase_52,sparse77,9
QFSJZ003,6,1.069047619047619,LaplaceMean,mase_52,sparse77,9
SLT0003,6,0.10912398643667974,LaplaceMean,mase_52,sparse77,9
SLT0004,6,-1.857655993431856,LaplaceMean,mase_52,sparse77,9
SRPDZS0002,3,3.1904761904761902,LaplaceMean,mase_52,sparse77,9
XYMLRY00001,1,-0.875,LaplaceMean,mase_52,sparse77,9
YDBZLV0001AMDE,6,1.0752551020408163,LaplaceMean,mase_52,sparse77,9
YDBZWV0001AMDE,5,0.8238095238095238,LaplaceMean,mase_52,sparse77,9
YJX0024,4,1.6377551020408165,LaplaceMean,mase_52,sparse77,9
YJX0025,4,-1.875,LaplaceMean,mase_52,sparse77,9
YXBLJ0001,4,0.08972431077694248,LaplaceMean,mase_52,sparse77,9
ZBTZ0003,6,-0.27890211640211643,LaplaceMean,mase_52,sparse77,9
ZJJSJBV001AMDE,6,-0.19845000678334004,LaplaceMean,mase_52,sparse77,9
ZJJYZSJBV1AMDE,6,0.8898108064774731,LaplaceMean,mase_52,sparse77,9
ZJJYZSJSV2AMDE,5,0.9301298701298701,LaplaceMean,mase_52,sparse77,9
xgx0013,1,1.3,LaplaceMean,mase_52,sparse77,9
zxy0002,1,1.75,LaplaceMean,mase_52,sparse77,9
BLJZ0001,1,5.607142857142858,LaplaceMean,ae,sparse77,9
BLP0003,4,-2.2857142857142856,LaplaceMean,ae,sparse77,9
BLP0004,4,0.5178571428571429,LaplaceMean,ae,sparse77,9
CLSSLT0003,6,-1.291666666666667,LaplaceMean,ae,sparse77,9
CLSSLT0006,6,0.7793650793650796,LaplaceMean,ae,sparse77,9
DRMJJ0020,2,-1.7321428571428577,LaplaceMean,ae,sparse77,9
DRMJJ0021,6,0.2996031746031747,LaplaceMean,ae,sparse77,9
DRMJJ0025,6,-3.4166666666666665,LaplaceMean,ae,sparse77,9
DRMJJ0026,5,-1.3823809523809525,LaplaceMean,ae,sparse77,9
DRMJJ0027,5,0.3595238095238096,LaplaceMean,ae,sparse77,9
DRMJJ0038,2,-0.2708333333333335,LaplaceMean,ae,sparse77,9
DRMJJ0039,2,-1.604166666666667,LaplaceMean,ae,sparse77,9
FRC0010,6,1.26984126984127,LaplaceMean,ae,sparse77,9
FRH0028,6,2.130952380952381,LaplaceMean,ae,sparse77,9
FRH0029,6,0.7595238095238095,LaplaceMean,ae,sparse77,9
FRH0031,6,1.1325396825396823,LaplaceMean,ae,sparse77,9
FRH0035,4,4.946428571428571,LaplaceMean,ae,sparse77,9
FRH0037,5,2.0285714285714285,LaplaceMean,ae,sparse77,9
FRH0042,6,-0.35515873015873006,LaplaceMean,ae,sparse77,9
FRH0043,6,0.27579365079365087,LaplaceMean,ae,sparse77,9
FRH0044,6,-1.7083333333333333,LaplaceMean,ae,sparse77,9
FRH0047,6,4.35515873015873,LaplaceMean,ae,sparse77,9
FRH0049,4,2.25,LaplaceMean,ae,sparse77,9
FRH0056-1,4,-1.2797619047619047,LaplaceMean,ae,sparse77,9
FRH0068,4,-0.9613095238095242,LaplaceMean,ae,sparse77,9
FRW00011,5,0.7714285714285716,LaplaceMean,ae,sparse77,9
FRW00023,1,3.75,LaplaceMean,ae,sparse77,9
FRW0008,5,-1.5833333333333335,LaplaceMean,ae,sparse77,9
FRW0009,6,-1.40515873015873,LaplaceMean,ae,sparse77,9
FRW0011,4,1.7857142857142856,LaplaceMean,ae,sparse77,9
FRW0014,4,1.75,LaplaceMean,ae,sparse77,9
FRW0016,6,1.8035714285714286,LaplaceMean,ae,sparse77,9
FRW0020,4,0.9464285714285714,LaplaceMean,ae,sparse77,9
FRW0023,6,-0.47023809523809534,LaplaceMean,ae,sparse77,9
FSTBY001,3,-0.14285714285714293,LaplaceMean,ae,sparse77,9
FZGLS0001,3,-0.7103174603174605,LaplaceMean,ae,sparse77,9
FZGLS0002,6,-1.0297619047619049,LaplaceMean,ae,sparse77,9
FZLRJ0001double,6,-0.125,LaplaceMean,ae,sparse77,9
FZLRJ0002double,6,-1.1250000000000002,LaplaceMean,ae,sparse77,9
HSAKSLT0001,3,1.0,LaplaceMean,ae,sparse77,9
HWZDSKL0002,6,-0.3238095238095238,LaplaceMean,ae,sparse77,9
JZJ0004,5,2.7642857142857147,LaplaceMean,ae,sparse77,9
JZJ0014,6,-1.3373015873015872,LaplaceMean,ae,sparse77,9
JZJ0017,6,-0.4960317460317461,LaplaceMean,ae,sparse77,9
KFZ0001,5,-0.8595238095238097,LaplaceMean,ae,sparse77,9
LTKF0002,5,1.7714285714285716,LaplaceMean,ae,sparse77,9
LTKF0005A,6,0.8813492063492064,LaplaceMean,ae,sparse77,9
LTKF0008,5,0.8928571428571427,LaplaceMean,ae,sparse77,9
LTKF0009,5,2.0357142857142856,LaplaceMean,ae,sparse77,9
LTKF0022,4,-4.136904761904761,LaplaceMean,ae,sparse77,9
LTKF0024A,4,-2.7113095238095237,LaplaceMean,ae,sparse77,9
LTKF0058,4,-0.6994047619047618,LaplaceMean,ae,sparse77,9
LTKF0102,5,-2.5928571428571425,LaplaceMean,ae,sparse77,9
LTKF0106,4,-2.6875,LaplaceMean,ae,sparse77,9
LTKF0111,5,-1.2223809523809523,LaplaceMean,ae,sparse77,9
LYC0203,5,-2.776190476190476,LaplaceMean,ae,sparse77,9
QCXXC0001,6,-1.5956349206349205,LaplaceMean,ae,sparse77,9
QCXXC0002,6,0.5976190476190476,LaplaceMean,ae,sparse77,9
QFSJZ002-1,6,-1.371031746031746,LaplaceMean,ae,sparse77,9
QFSJZ003,6,0.03174603174603171,LaplaceMean,ae,sparse77,9
SLT0003,6,-0.09037698412698407,LaplaceMean,ae,sparse77,9
SLT0004,6,-1.6924603174603174,LaplaceMean,ae,sparse77,9
SRPDZS0002,3,2.4523809523809526,LaplaceMean,ae,sparse77,9
XYMLRY00001,2,-2.625,LaplaceMean,ae,sparse77,9
YDBZLV0001AMDE,6,2.3095238095238093,LaplaceMean,ae,sparse77,9
YDBZWV0001AMDE,5,2.657142857142857,LaplaceMean,ae,sparse77,9
YJX0024,4,2.732142857142857,LaplaceMean,ae,sparse77,9
YJX0025,4,-1.5327380952380953,LaplaceMean,ae,sparse77,9
YXBLJ0001,4,-1.589285714285714,LaplaceMean,ae,sparse77,9
ZBTZ0003,6,-0.8432539682539683,LaplaceMean,ae,sparse77,9
ZJJSJBV001AMDE,6,-0.03968253968253962,LaplaceMean,ae,sparse77,9
ZJJYZSJBV1AMDE,6,2.948412698412698,LaplaceMean,ae,sparse77,9
ZJJYZSJSV2AMDE,5,3.2214285714285715,LaplaceMean,ae,sparse77,9
xgx0013,1,6.5,LaplaceMean,ae,sparse77,9
zxy0002,1,1.75,LaplaceMean,ae,sparse77,9
BLJZ0001,1,2.75,LegacyPXQ,mase_52,sparse77,9
BLP0003,4,-0.6560394276053617,LegacyPXQ,mase_52,sparse77,9
BLP0004,4,0.21999999999999997,LegacyPXQ,mase_52,sparse77,9
CLSSLT0003,6,0.27585832916162395,LegacyPXQ,mase_52,sparse77,9
CLSSLT0006,6,0.7905876476464712,LegacyPXQ,mase_52,sparse77,9
DRMJJ0020,2,0.12352941176470567,LegacyPXQ,mase_52,sparse77,9
DRMJJ0021,6,0.7136580086580087,LegacyPXQ,mase_52,sparse77,9
DRMJJ0025,6,-0.29317219765399044,LegacyPXQ,mase_52,sparse77,9
DRMJJ0026,5,0.7806095613787922,LegacyPXQ,mase_52,sparse77,9
DRMJJ0027,5,1.2864468864468865,LegacyPXQ,mase_52,sparse77,9
DRMJJ0038,1,1.5,LegacyPXQ,mase_52,sparse77,9
DRMJJ0039,1,0.6,LegacyPXQ,mase_52,sparse77,9
FRC0010,6,-0.0071428571428571175,LegacyPXQ,mase_52,sparse77,9
FRH0028,6,0.4012637925681404,LegacyPXQ,mase_52,sparse77,9
FRH0029,6,0.10567565823732816,LegacyPXQ,mase_52,sparse77,9
FRH0031,6,0.7968253968253967,LegacyPXQ,mase_52,sparse77,9
FRH0035,4,0.0,LegacyPXQ,mase_52,sparse77,9
FRH0037,5,0.14857142857142855,LegacyPXQ,mase_52,sparse77,9
FRH0042,6,-0.24894179894179905,LegacyPXQ,mase_52,sparse77,9
FRH0043,6,0.6925608061971699,LegacyPXQ,mase_52,sparse77,9
FRH0044,6,-0.09466826482955522,LegacyPXQ,mase_52,sparse77,9
FRH0047,6,0.49551282051282053,LegacyPXQ,mase_52,sparse77,9
FRH0049,4,0.0,LegacyPXQ,mase_52,sparse77,9
FRH0056-1,4,-1.5240277777777778,LegacyPXQ,mase_52,sparse77,9
FRH0068,4,-0.36721734148204727,LegacyPXQ,mase_52,sparse77,9
FRW00011,5,0.22031746031746033,LegacyPXQ,mase_52,sparse77,9
FRW00023,1,0.75,LegacyPXQ,mase_52,sparse77,9
FRW0008,5,-0.48571428571428577,LegacyPXQ,mase_52,sparse77,9
FRW0009,6,0.18595088959539086,LegacyPXQ,mase_52,sparse77,9
FRW0011,4,0.0,LegacyPXQ,mase_52,sparse77,9
FRW0014,4,0.0,LegacyPXQ,mase_52,sparse77,9
FRW0016,6,0.32154882154882153,LegacyPXQ,mase_52,sparse77,9
FRW0020,4,0.0,LegacyPXQ,mase_52,sparse77,9
FRW0023,6,-0.4583333333333334,LegacyPXQ,mase_52,sparse77,9
FSTBY001,3,-1.111111111111111,LegacyPXQ,mase_52,sparse77,9
FZGLS0001,3,0.3333333333333333,LegacyPXQ,mase_52,sparse77,9
FZGLS0002,6,-0.2595238095238095,LegacyPXQ,mase_52,sparse77,9
FZLRJ0001double,6,0.13888888888888887,LegacyPXQ,mase_52,sparse77,9
FZLRJ0002double,6,-0.23101851851851854,LegacyPXQ,mase_52,sparse77,9
HSAKSLT0001,3,0.5,LegacyPXQ,mase_52,sparse77,9
HWZDSKL0002,6,-0.23602079382265148,LegacyPXQ,mase_52,sparse77,9
JZJ0004,5,-0.33872053872053864,LegacyPXQ,mase_52,sparse77,9
JZJ0014,6,-0.546937441643324,LegacyPXQ,mase_52,sparse77,9
JZJ0017,6,-0.10092592592592615,LegacyPXQ,mase_52,sparse77,9
KFZ0001,5,-1.6666666666666665,LegacyPXQ,mase_52,sparse77,9
LTKF0002,5,0.7619047619047618,LegacyPXQ,mase_52,sparse77,9
LTKF0005A,6,1.7586691086691084,LegacyPXQ,mase_52,sparse77,9
LTKF0008,5,-0.018181818181818167,LegacyPXQ,mase_52,sparse77,9
LTKF0009,5,0.2,LegacyPXQ,mase_52,sparse77,9
LTKF0022,4,0.7920748841801473,LegacyPXQ,mase_52,sparse77,9
LTKF0024A,4,-0.4840774318560698,LegacyPXQ,mase_52,sparse77,9
LTKF0058,4,-0.21071428571428608,LegacyPXQ,mase_52,sparse77,9
LTKF0102,5,-0.40724766461608564,LegacyPXQ,mase_52,sparse77,9
LTKF0106,4,-1.3703703703703705,LegacyPXQ,mase_52,sparse77,9
LTKF0111,5,0.13846153846153864,LegacyPXQ,mase_52,sparse77,9
LYC0203,5,-0.39098084921614334,LegacyPXQ,mase_52,sparse77,9
QCXXC0001,6,-0.5988999745465263,LegacyPXQ,mase_52,sparse77,9
QCXXC0002,6,-0.3934343434343435,LegacyPXQ,mase_52,sparse77,9
QFSJZ002-1,6,-0.7379180273917116,LegacyPXQ,mase_52,sparse77,9
QFSJZ003,6,0.8789329805996472,LegacyPXQ,mase_52,sparse77,9
SLT0003,6,-0.6906900634649995,LegacyPXQ,mase_52,sparse77,9
SLT0004,6,-1.0068378261266193,LegacyPXQ,mase_52,sparse77,9
SRPDZS0002,3,2.733333333333333,LegacyPXQ,mase_52,sparse77,9
XYMLRY00001,1,-1.375,LegacyPXQ,mase_52,sparse77,9
YDBZLV0001AMDE,6,0.3177910052910053,LegacyPXQ,mase_52,sparse77,9
YDBZWV0001AMDE,5,0.33333333333333337,LegacyPXQ,mase_52,sparse77,9
YJX0024,4,1.192857142857143,LegacyPXQ,mase_52,sparse77,9
YJX0025,4,-1.9266666666666665,LegacyPXQ,mase_52,sparse77,9
YXBLJ0001,4,-0.13462765304870586,LegacyPXQ,mase_52,sparse77,9
ZBTZ0003,6,-0.05363756613756626,LegacyPXQ,mase_52,sparse77,9
ZJJSJBV001AMDE,6,0.2481402937543289,LegacyPXQ,mase_52,sparse77,9
ZJJYZSJBV1AMDE,6,0.22057112712570803,LegacyPXQ,mase_52,sparse77,9
ZJJYZSJSV2AMDE,5,0.2406593406593407,LegacyPXQ,mase_52,sparse77,9
xgx0013,1,0.8,LegacyPXQ,mase_52,sparse77,9
zxy0002,1,1.25,LegacyPXQ,mase_52,sparse77,9
BLJZ0001,1,2.75,LegacyPXQ,ae,sparse77,9
BLP0003,4,-1.4506868131868136,LegacyPXQ,ae,sparse77,9
BLP0004,4,0.025000000000000022,LegacyPXQ,ae,sparse77,9
CLSSLT0003,6,0.2669799498746865,LegacyPXQ,ae,sparse77,9
CLSSLT0006,6,1.0249515190691663,LegacyPXQ,ae,sparse77,9
DRMJJ0020,2,1.125,LegacyPXQ,ae,sparse77,9
DRMJJ0021,6,1.2234126984126983,LegacyPXQ,ae,sparse77,9
DRMJJ0025,6,-1.0356873518638228,LegacyPXQ,ae,sparse77,9
DRMJJ0026,5,0.33769230769230774,LegacyPXQ,ae,sparse77,9
DRMJJ0027,5,0.9952380952380953,LegacyPXQ,ae,sparse77,9
DRMJJ0038,2,0.375,LegacyPXQ,ae,sparse77,9
DRMJJ0039,2,-0.6250000000000004,LegacyPXQ,ae,sparse77,9
FRC0010,6,0.28750000000000003,LegacyPXQ,ae,sparse77,9
FRH0028,6,0.22603754940711449,LegacyPXQ,ae,sparse77,9
FRH0029,6,0.031056906056906513,LegacyPXQ,ae,sparse77,9
FRH0031,6,0.9404761904761904,LegacyPXQ,ae,sparse77,9
FRH0035,6,0.0,LegacyPXQ,ae,sparse77,9
FRH0037,6,0.43333333333333335,LegacyPXQ,ae,sparse77,9
FRH0042,6,-0.3972222222222222,LegacyPXQ,ae,sparse77,9
FRH0043,6,0.9292929292929294,LegacyPXQ,ae,sparse77,9
FRH0044,6,-0.44266629427919774,LegacyPXQ,ae,sparse77,9
FRH0047,6,1.8044871794871795,LegacyPXQ,ae,sparse77,9
FRH0049,6,0.0,LegacyPXQ,ae,sparse77,9
FRH0056-1,4,-1.3916666666666666,LegacyPXQ,ae,sparse77,9
FRH0068,4,-0.5316558441558439,LegacyPXQ,ae,sparse77,9
FRW00011,5,0.25238095238095226,LegacyPXQ,ae,sparse77,9
FRW00023,1,2.25,LegacyPXQ,ae,sparse77,9
FRW0008,5,-1.1452380952380952,LegacyPXQ,ae,sparse77,9
FRW0009,6,0.6109908609908613,LegacyPXQ,ae,sparse77,9
FRW0011,6,0.0,LegacyPXQ,ae,sparse77,9
FRW0014,6,0.0,LegacyPXQ,ae,sparse77,9
FRW0016,6,0.875,LegacyPXQ,ae,sparse77,9
FRW0020,6,0.0,LegacyPXQ,ae,sparse77,9
FRW0023,6,-0.4166666666666667,LegacyPXQ,ae,sparse77,9
FSTBY001,3,0.0,LegacyPXQ,ae,sparse77,9
FZGLS0001,3,0.08333333333333333,LegacyPXQ,ae,sparse77,9
FZGLS0002,6,-0.5,LegacyPXQ,ae,sparse77,9
FZLRJ0001double,6,0.125,LegacyPXQ,ae,sparse77,9
FZLRJ0002double,6,-0.6759259259259259,LegacyPXQ,ae,sparse77,9
HSAKSLT0001,3,1.0,LegacyPXQ,ae,sparse77,9
HWZDSKL0002,6,-0.4029341029341032,LegacyPXQ,ae,sparse77,9
JZJ0004,5,0.8833333333333335,LegacyPXQ,ae,sparse77,9
JZJ0014,6,-0.2916666666666668,LegacyPXQ,ae,sparse77,9
JZJ0017,6,-0.27830687830687856,LegacyPXQ,ae,sparse77,9
KFZ0001,5,-0.95,LegacyPXQ,ae,sparse77,9
LTKF0002,6,1.111111111111111,LegacyPXQ,ae,sparse77,9
LTKF0005A,6,1.145299145299145,LegacyPXQ,ae,sparse77,9
LTKF0008,6,-0.041666666666666664,LegacyPXQ,ae,sparse77,9
LTKF0009,6,0.625,LegacyPXQ,ae,sparse77,9
LTKF0022,4,-1.2351190476190474,LegacyPXQ,ae,sparse77,9
LTKF0024A,4,-1.4896853146853153,LegacyPXQ,ae,sparse77,9
LTKF0058,4,-1.73125,LegacyPXQ,ae,sparse77,9
LTKF0102,5,-0.47428571428571437,LegacyPXQ,ae,sparse77,9
LTKF0106,4,-1.5208333333333335,LegacyPXQ,ae,sparse77,9
LTKF0111,5,-1.8242081447963798,LegacyPXQ,ae,sparse77,9
LYC0203,5,-1.1997280497280496,LegacyPXQ,ae,sparse77,9
QCXXC0001,6,-1.0045551670551671,LegacyPXQ,ae,sparse77,9
QCXXC0002,6,-0.6484126984126984,LegacyPXQ,ae,sparse77,9
QFSJZ002-1,6,-0.7327441077441078,LegacyPXQ,ae,sparse77,9
QFSJZ003,6,0.3036375661375661,LegacyPXQ,ae,sparse77,9
SLT0003,6,-1.77890499194847,LegacyPXQ,ae,sparse77,9
SLT0004,6,-0.8162037037037037,LegacyPXQ,ae,sparse77,9
SRPDZS0002,3,2.433333333333333,LegacyPXQ,ae,sparse77,9
XYMLRY00001,2,-4.625,LegacyPXQ,ae,sparse77,9
YDBZLV0001AMDE,6,0.6296296296296297,LegacyPXQ,ae,sparse77,9
YDBZWV0001AMDE,5,1.0,LegacyPXQ,ae,sparse77,9
YJX0024,4,1.9000000000000001,LegacyPXQ,ae,sparse77,9
YJX0025,4,-1.6791666666666665,LegacyPXQ,ae,sparse77,9
YXBLJ0001,4,-1.5229895104895104,LegacyPXQ,ae,sparse77,9
ZBTZ0003,6,-0.23478835978835985,LegacyPXQ,ae,sparse77,9
ZJJSJBV001AMDE,6,1.093673285778549,LegacyPXQ,ae,sparse77,9
ZJJYZSJBV1AMDE,6,1.176230506822612,LegacyPXQ,ae,sparse77,9
ZJJYZSJSV2AMDE,6,0.701923076923077,LegacyPXQ,ae,sparse77,9
xgx0013,1,4.0,LegacyPXQ,ae,sparse77,9
zxy0002,1,1.25,LegacyPXQ,ae,sparse77,9
BLJZ0001,1,10.75,Naive,mase_52,sparse77,9
BLP0003,4,0.07211538461538464,Naive,mase_52,sparse77,9
BLP0004,4,6.0,Naive,mase_52,sparse77,9
CLSSLT0003,6,0.1457457983193277,Naive,mase_52,sparse77,9
CLSSLT0006,6,1.3482491582491585,Naive,mase_52,sparse77,9
DRMJJ0020,2,3.6529411764705877,Naive,mase_52,sparse77,9
DRMJJ0021,6,0.7987373737373739,Naive,mase_52,sparse77,9
DRMJJ0025,6,-0.5330532212885154,Naive,mase_52,sparse77,9
DRMJJ0026,5,2.6405128205128205,Naive,mase_52,sparse77,9
DRMJJ0027,5,2.697435897435897,Naive,mase_52,sparse77,9
DRMJJ0038,1,-4.5,Naive,mase_52,sparse77,9
DRMJJ0039,1,0.0,Naive,mase_52,sparse77,9
FRC0010,6,0.0,Naive,mase_52,sparse77,9
FRH0028,6,0.044871794871794886,Naive,mase_52,sparse77,9
FRH0029,6,0.19034132171387083,Naive,mase_52,sparse77,9
FRH0031,6,0.5000000000000001,Naive,mase_52,sparse77,9
FRH0035,4,0.0,Naive,mase_52,sparse77,9
FRH0037,5,0.0,Naive,mase_52,sparse77,9
FRH0042,6,0.24999999999999986,Naive,mase_52,sparse77,9
FRH0043,6,0.25,Naive,mase_52,sparse77,9
FRH0044,6,0.3844696969696968,Naive,mase_52,sparse77,9
FRH0047,6,1.455128205128205,Naive,mase_52,sparse77,9
FRH0049,4,0.0,Naive,mase_52,sparse77,9
FRH0056-1,4,2.975,Naive,mase_52,sparse77,9
FRH0068,4,-0.4611344537815127,Naive,mase_52,sparse77,9
FRW00011,5,2.2800000000000002,Naive,mase_52,sparse77,9
FRW00023,1,6.75,Naive,mase_52,sparse77,9
FRW0008,5,-0.85,Naive,mase_52,sparse77,9
FRW0009,6,-0.23680514569261382,Naive,mase_52,sparse77,9
FRW0011,4,0.0,Naive,mase_52,sparse77,9
FRW0014,4,0.0,Naive,mase_52,sparse77,9
FRW0016,6,0.16666666666666666,Naive,mase_52,sparse77,9
FRW0020,4,0.0,Naive,mase_52,sparse77,9
FRW0023,6,-0.313888888888889,Naive,mase_52,sparse77,9
FSTBY001,3,-1.9999999999999998,Naive,mase_52,sparse77,9
FZGLS0001,3,0.0,Naive,mase_52,sparse77,9
FZGLS0002,6,-0.9261904761904763,Naive,mase_52,sparse77,9
FZLRJ0001double,6,-0.75,Naive,mase_52,sparse77,9
FZLRJ0002double,6,-0.5416666666666666,Naive,mase_52,sparse77,9
HSAKSLT0001,3,-0.8333333333333334,Naive,mase_52,sparse77,9
HWZDSKL0002,6,1.5,Naive,mase_52,sparse77,9
JZJ0004,5,1.1818181818181819,Naive,mase_52,sparse77,9
JZJ0014,6,-0.037815126050420256,Naive,mase_52,sparse77,9
JZJ0017,6,0.5178571428571429,Naive,mase_52,sparse77,9
KFZ0001,5,0.8,Naive,mase_52,sparse77,9
LTKF0002,5,0.0,Naive,mase_52,sparse77,9
LTKF0005A,6,4.197619047619048,Naive,mase_52,sparse77,9
LTKF0008,5,-0.8181818181818181,Naive,mase_52,sparse77,9
LTKF0009,5,-0.6,Naive,mase_52,sparse77,9
LTKF0022,4,1.5215311004784688,Naive,mase_52,sparse77,9
LTKF0024A,4,-0.28852026456515617,Naive,mase_52,sparse77,9
LTKF0058,4,1.0714285714285712,Naive,mase_52,sparse77,9
LTKF0102,5,0.437142857142857,Naive,mase_52,sparse77,9
LTKF0106,4,-2.2777777777777777,Naive,mase_52,sparse77,9
LTKF0111,5,2.4782805429864254,Naive,mase_52,sparse77,9
LYC0203,5,0.8255555555555556,Naive,mase_52,sparse77,9
QCXXC0001,6,1.2874804075235111,Naive,mase_52,sparse77,9
QCXXC0002,6,1.3181818181818181,Naive,mase_52,sparse77,9
QFSJZ002-1,6,-0.2142857142857143,Naive,mase_52,sparse77,9
QFSJZ003,6,1.1833333333333333,Naive,mase_52,sparse77,9
SLT0003,6,-0.6976797385620914,Naive,mase_52,sparse77,9
SLT0004,6,4.280172413793103,Naive,mase_52,sparse77,9
SRPDZS0002,3,1.0,Naive,mase_52,sparse77,9
XYMLRY00001,1,1.125,Naive,mase_52,sparse77,9
YDBZLV0001AMDE,6,0.7767857142857143,Naive,mase_52,sparse77,9
YDBZWV0001AMDE,5,0.0,Naive,mase_52,sparse77,9
YJX0024,4,1.25,Naive,mase_52,sparse77,9
YJX0025,4,-1.8166666666666667,Naive,mase_52,sparse77,9
YXBLJ0001,4,-0.17456140350877214,Naive,mase_52,sparse77,9
ZBTZ0003,6,-0.2041666666666667,Naive,mase_52,sparse77,9
ZJJSJBV001AMDE,6,0.0,Naive,mase_52,sparse77,9
ZJJYZSJBV1AMDE,6,0.40151515151515155,Naive,mase_52,sparse77,9
ZJJYZSJSV2AMDE,5,-0.1285714285714286,Naive,mase_52,sparse77,9
xgx0013,1,3.0,Naive,mase_52,sparse77,9
zxy0002,1,3.25,Naive,mase_52,sparse77,9
BLJZ0001,6,1.7916666666666667,Naive,ae,sparse77,9
BLP0003,6,0.625,Naive,ae,sparse77,9
BLP0004,6,1.75,Naive,ae,sparse77,9
CLSSLT0003,6,0.5416666666666666,Naive,ae,sparse77,9
CLSSLT0006,6,2.9166666666666665,Naive,ae,sparse77,9
DRMJJ0020,6,3.375,Naive,ae,sparse77,9
DRMJJ0021,6,0.4583333333333333,Naive,ae,sparse77,9
DRMJJ0025,6,-1.7916666666666667,Naive,ae,sparse77,9
DRMJJ0026,6,5.166666666666667,Naive,ae,sparse77,9
DRMJJ0027,6,1.3333333333333333,Naive,ae,sparse77,9
DRMJJ0038,2,7.875,Naive,ae,sparse77,9
DRMJJ0039,2,3.375,Naive,ae,sparse77,9
FRC0010,6,0.0,Naive,ae,sparse77,9
FRH0028,6,0.2916666666666667,Naive,ae,sparse77,9
FRH0029,6,-0.16666666666666666,Naive,ae,sparse77,9
FRH0031,6,0.375,Naive,ae,sparse77,9
FRH0035,6,0.0,Naive,ae,sparse77,9
FRH0037,6,0.0,Naive,ae,sparse77,9
FRH0042,6,1.875,Naive,ae,sparse77,9
FRH0043,6,0.375,Naive,ae,sparse77,9
FRH0044,6,0.7916666666666666,Naive,ae,sparse77,9
FRH0047,6,6.041666666666667,Naive,ae,sparse77,9
FRH0049,6,0.0,Naive,ae,sparse77,9
FRH0056-1,6,3.7083333333333335,Naive,ae,sparse77,9
FRH0068,6,-1.2083333333333333,Naive,ae,sparse77,9
FRW00011,6,1.3333333333333333,Naive,ae,sparse77,9
FRW00023,2,10.125,Naive,ae,sparse77,9
FRW0008,6,-0.7916666666666666,Naive,ae,sparse77,9
FRW0009,6,0.125,Naive,ae,sparse77,9
FRW0011,6,0.0,Naive,ae,sparse77,9
FRW0014,6,0.0,Naive,ae,sparse77,9
FRW0016,6,0.375,Naive,ae,sparse77,9
FRW0020,6,0.0,Naive,ae,sparse77,9
FRW0023,6,-0.25,Naive,ae,sparse77,9
FSTBY001,6,0.0,Naive,ae,sparse77,9
FZGLS0001,6,-0.375,Naive,ae,sparse77,9
FZGLS0002,6,-0.8333333333333334,Naive,ae,sparse77,9
FZLRJ0001double,6,-0.375,Naive,ae,sparse77,9
FZLRJ0002double,6,-1.2083333333333333,Naive,ae,sparse77,9
HSAKSLT0001,6,-0.5,Naive,ae,sparse77,9
HWZDSKL0002,6,2.25,Naive,ae,sparse77,9
JZJ0004,6,2.5416666666666665,Naive,ae,sparse77,9
JZJ0014,6,0.0,Naive,ae,sparse77,9
JZJ0017,6,0.7083333333333334,Naive,ae,sparse77,9
KFZ0001,6,0.7083333333333334,Naive,ae,sparse77,9
LTKF0002,6,0.0,Naive,ae,sparse77,9
LTKF0005A,6,2.0833333333333335,Naive,ae,sparse77,9
LTKF0008,6,-1.875,Naive,ae,sparse77,9
LTKF0009,6,-1.875,Naive,ae,sparse77,9
LTKF0022,6,-2.25,Naive,ae,sparse77,9
LTKF0024A,6,-0.08333333333333333,Naive,ae,sparse77,9
LTKF0058,6,0.625,Naive,ae,sparse77,9
LTKF0102,6,1.875,Naive,ae,sparse77,9
LTKF0106,6,-1.5416666666666667,Naive,ae,sparse77,9
LTKF0111,6,0.125,Naive,ae,sparse77,9
LYC0203,6,2.2916666666666665,Naive,ae,sparse77,9
QCXXC0001,6,3.5833333333333335,Naive,ae,sparse77,9
QCXXC0002,6,2.625,Naive,ae,sparse77,9
QFSJZ002-1,6,-1.125,Naive,ae,sparse77,9
QFSJZ003,6,-0.08333333333333333,Naive,ae,sparse77,9
SLT0003,6,-2.6979166666666665,Naive,ae,sparse77,9
SLT0004,6,0.75,Naive,ae,sparse77,9
SRPDZS0002,6,0.25,Naive,ae,sparse77,9
XGX9992,2,0.0,Naive,ae,sparse77,9
XGX9993,2,0.0,Naive,ae,sparse77,9
XYMLRY00001,2,3.375,Naive,ae,sparse77,9
YDBZLV0001AMDE,6,1.5,Naive,ae,sparse77,9
YDBZWV0001AMDE,6,0.0,Naive,ae,sparse77,9
YJX0024,6,0.8333333333333334,Naive,ae,sparse77,9
YJX0025,6,-1.2083333333333333,Naive,ae,sparse77,9
YXBLJ0001,6,0.625,Naive,ae,sparse77,9
ZBTZ0003,6,-0.7916666666666666,Naive,ae,sparse77,9
ZJJSJBV001AMDE,6,0.0,Naive,ae,sparse77,9
ZJJYZSJBV1AMDE,6,2.625,Naive,ae,sparse77,9
ZJJYZSJSV2AMDE,6,-0.375,Naive,ae,sparse77,9
xgx0013,2,7.5,Naive,ae,sparse77,9
zxy0002,2,1.625,Naive,ae,sparse77,9
BLJZ0001,1,6.35,FullHistoryMean,mase_52,sparse77,9
BLP0003,4,-0.06928579662096135,FullHistoryMean,mase_52,sparse77,9
BLP0004,4,1.0029095904095904,FullHistoryMean,mase_52,sparse77,9
CLSSLT0003,6,-0.2514826812620931,FullHistoryMean,mase_52,sparse77,9
CLSSLT0006,6,1.4575124875124876,FullHistoryMean,mase_52,sparse77,9
DRMJJ0020,2,0.5130718954248372,FullHistoryMean,mase_52,sparse77,9
DRMJJ0021,6,0.741897176897177,FullHistoryMean,mase_52,sparse77,9
DRMJJ0025,6,-0.9723133076074252,FullHistoryMean,mase_52,sparse77,9
DRMJJ0026,5,0.9971894771894771,FullHistoryMean,mase_52,sparse77,9
DRMJJ0027,5,1.3977888777888778,FullHistoryMean,mase_52,sparse77,9
DRMJJ0038,1,0.0,FullHistoryMean,mase_52,sparse77,9
DRMJJ0039,1,0.9,FullHistoryMean,mase_52,sparse77,9
FRC0010,6,0.42021164021164026,FullHistoryMean,mase_52,sparse77,9
FRH0028,6,0.3046511810879628,FullHistoryMean,mase_52,sparse77,9
FRH0029,6,0.2960238256991367,FullHistoryMean,mase_52,sparse77,9
FRH0031,6,0.48042328042328036,FullHistoryMean,mase_52,sparse77,9
FRH0035,4,0.8480507587650444,FullHistoryMean,mase_52,sparse77,9
FRH0037,5,1.111468253968254,FullHistoryMean,mase_52,sparse77,9
FRH0042,6,-0.4872176030906192,FullHistoryMean,mase_52,sparse77,9
FRH0043,6,0.20057165057165052,FullHistoryMean,mase_52,sparse77,9
FRH0044,6,-0.6981372023038691,FullHistoryMean,mase_52,sparse77,9
FRH0047,6,0.996833340950988,FullHistoryMean,mase_52,sparse77,9
FRH0049,4,0.42662620603797075,FullHistoryMean,mase_52,sparse77,9
FRH0056-1,4,-0.45342435342435256,FullHistoryMean,mase_52,sparse77,9
FRH0068,4,-0.5664877839247588,FullHistoryMean,mase_52,sparse77,9
FRW00011,5,1.2568606701940035,FullHistoryMean,mase_52,sparse77,9
FRW00023,1,1.25,FullHistoryMean,mase_52,sparse77,9
FRW0008,5,-0.9780669330669332,FullHistoryMean,mase_52,sparse77,9
FRW0009,6,-0.29181148043751065,FullHistoryMean,mase_52,sparse77,9
FRW0011,4,0.4402930402930403,FullHistoryMean,mase_52,sparse77,9
FRW0014,4,1.0327380952380953,FullHistoryMean,mase_52,sparse77,9
FRW0016,6,0.9765718408575553,FullHistoryMean,mase_52,sparse77,9
FRW0020,4,0.8561507936507937,FullHistoryMean,mase_52,sparse77,9
FRW0023,6,-0.6063492063492064,FullHistoryMean,mase_52,sparse77,9
FSTBY001,3,-2.003663003663003,FullHistoryMean,mase_52,sparse77,9
FZGLS0001,3,-0.10256410256410235,FullHistoryMean,mase_52,sparse77,9
FZGLS0002,6,-0.9445239945239945,FullHistoryMean,mase_52,sparse77,9
FZLRJ0001double,6,-0.6602138602138601,FullHistoryMean,mase_52,sparse77,9
FZLRJ0002double,6,-0.5608645983645983,FullHistoryMean,mase_52,sparse77,9
HSAKSLT0001,3,0.6555555555555556,FullHistoryMean,mase_52,sparse77,9
HWZDSKL0002,6,-0.1830905085549048,FullHistoryMean,mase_52,sparse77,9
JZJ0004,5,0.7812770562770561,FullHistoryMean,mase_52,sparse77,9
JZJ0014,6,-0.5323207915644891,FullHistoryMean,mase_52,sparse77,9
JZJ0017,6,-0.26279060445727115,FullHistoryMean,mase_52,sparse77,9
KFZ0001,5,-1.208761904761905,FullHistoryMean,mase_52,sparse77,9
LTKF0002,5,0.4874795046223618,FullHistoryMean,mase_52,sparse77,9
LTKF0005A,6,2.3597127739984884,FullHistoryMean,mase_52,sparse77,9
LTKF0008,5,-0.3954834054834055,FullHistoryMean,mase_52,sparse77,9
LTKF0009,5,-0.17730158730158735,FullHistoryMean,mase_52,sparse77,9
LTKF0022,4,0.9760069365332527,FullHistoryMean,mase_52,sparse77,9
LTKF0024A,4,-0.9025305800151001,FullHistoryMean,mase_52,sparse77,9
LTKF0058,4,1.2673675530818387,FullHistoryMean,mase_52,sparse77,9
LTKF0102,5,-1.2481102105914137,FullHistoryMean,mase_52,sparse77,9
LTKF0106,4,-2.318889443889444,FullHistoryMean,mase_52,sparse77,9
LTKF0111,5,2.252807388689742,FullHistoryMean,mase_52,sparse77,9
LYC0203,5,-0.7226520538285244,FullHistoryMean,mase_52,sparse77,9
QCXXC0001,6,-0.556199619346171,FullHistoryMean,mase_52,sparse77,9
QCXXC0002,6,0.07495189995189999,FullHistoryMean,mase_52,sparse77,9
QFSJZ002-1,6,-0.7163125081546126,FullHistoryMean,mase_52,sparse77,9
QFSJZ003,6,1.0786321086321096,FullHistoryMean,mase_52,sparse77,9
SLT0003,6,0.09407434613316938,FullHistoryMean,mase_52,sparse77,9
SLT0004,6,-2.1134667786145616,FullHistoryMean,mase_52,sparse77,9
SRPDZS0002,3,3.119753086419753,FullHistoryMean,mase_52,sparse77,9
XYMLRY00001,1,-1.375,FullHistoryMean,mase_52,sparse77,9
YDBZLV0001AMDE,6,0.8075491307634165,FullHistoryMean,mase_52,sparse77,9
YDBZWV0001AMDE,5,0.566931216931217,FullHistoryMean,mase_52,sparse77,9
YJX0024,4,1.4694444444444446,FullHistoryMean,mase_52,sparse77,9
YJX0025,4,-1.8379960317460315,FullHistoryMean,mase_52,sparse77,9
YXBLJ0001,4,0.3137467795362534,FullHistoryMean,mase_52,sparse77,9
ZBTZ0003,6,-0.29729668479668486,FullHistoryMean,mase_52,sparse77,9
ZJJSJBV001AMDE,6,-0.03152773152773144,FullHistoryMean,mase_52,sparse77,9
ZJJYZSJBV1AMDE,6,1.5580754636310192,FullHistoryMean,mase_52,sparse77,9
ZJJYZSJSV2AMDE,5,0.7829437229437229,FullHistoryMean,mase_52,sparse77,9
xgx0013,1,1.3,FullHistoryMean,mase_52,sparse77,9
zxy0002,1,1.75,FullHistoryMean,mase_52,sparse77,9
BLJZ0001,6,1.0583333333333333,FullHistoryMean,ae,sparse77,9
BLP0003,6,-0.8302947052947053,FullHistoryMean,ae,sparse77,9
BLP0004,6,0.19222444222444213,FullHistoryMean,ae,sparse77,9
CLSSLT0003,6,-0.9991369741369743,FullHistoryMean,ae,sparse77,9
CLSSLT0006,6,1.5708809708809708,FullHistoryMean,ae,sparse77,9
DRMJJ0020,6,-0.8509259259259263,FullHistoryMean,ae,sparse77,9
DRMJJ0021,6,0.06590909090909107,FullHistoryMean,ae,sparse77,9
DRMJJ0025,6,-3.5272033522033523,FullHistoryMean,ae,sparse77,9
DRMJJ0026,6,-1.4553890553890556,FullHistoryMean,ae,sparse77,9
DRMJJ0027,6,0.3221417471417471,FullHistoryMean,ae,sparse77,9
DRMJJ0038,2,-0.375,FullHistoryMean,ae,sparse77,9
DRMJJ0039,2,0.125,FullHistoryMean,ae,sparse77,9
FRC0010,6,0.9836640211640212,FullHistoryMean,ae,sparse77,9
FRH0028,6,1.0406676656676657,FullHistoryMean,ae,sparse77,9
FRH0029,6,0.14345238095238053,FullHistoryMean,ae,sparse77,9
FRH0031,6,1.00515873015873,FullHistoryMean,ae,sparse77,9
FRH0035,6,3.523478835978836,FullHistoryMean,ae,sparse77,9
FRH0037,6,1.8322089947089946,FullHistoryMean,ae,sparse77,9
FRH0042,6,-0.6588624338624339,FullHistoryMean,ae,sparse77,9
FRH0043,6,0.21862026862026865,FullHistoryMean,ae,sparse77,9
FRH0044,6,-1.503830428830429,FullHistoryMean,ae,sparse77,9
FRH0047,6,3.8078703703703702,FullHistoryMean,ae,sparse77,9
FRH0049,6,1.4093915343915342,FullHistoryMean,ae,sparse77,9
FRH0056-1,6,-0.6998279498279499,FullHistoryMean,ae,sparse77,9
FRH0068,6,-1.217310467310467,FullHistoryMean,ae,sparse77,9
FRW00011,6,0.38855820105820116,FullHistoryMean,ae,sparse77,9
FRW00023,2,1.875,FullHistoryMean,ae,sparse77,9
FRW0008,6,-1.0415473415473415,FullHistoryMean,ae,sparse77,9
FRW0009,6,-0.14960872460872424,FullHistoryMean,ae,sparse77,9
FRW0011,6,1.1275132275132276,FullHistoryMean,ae,sparse77,9
FRW0014,6,1.4093915343915342,FullHistoryMean,ae,sparse77,9
FRW0016,6,1.5890873015873017,FullHistoryMean,ae,sparse77,9
FRW0020,6,0.7046957671957671,FullHistoryMean,ae,sparse77,9
FRW0023,6,-0.45357142857142857,FullHistoryMean,ae,sparse77,9
FSTBY001,6,-0.022741147741147733,FullHistoryMean,ae,sparse77,9
FZGLS0001,6,-0.3579059829059829,FullHistoryMean,ae,sparse77,9
FZGLS0002,6,-0.9529230029230029,FullHistoryMean,ae,sparse77,9
FZLRJ0001double,6,-0.2993571243571243,FullHistoryMean,ae,sparse77,9
FZLRJ0002double,6,-1.1689033189033189,FullHistoryMean,ae,sparse77,9
HSAKSLT0001,6,0.25416666666666665,FullHistoryMean,ae,sparse77,9
HWZDSKL0002,6,-1.6047683797683796,FullHistoryMean,ae,sparse77,9
JZJ0004,6,2.062169312169312,FullHistoryMean,ae,sparse77,9
JZJ0014,6,-1.6649369149369149,FullHistoryMean,ae,sparse77,9
JZJ0017,6,-0.7394781144781145,FullHistoryMean,ae,sparse77,9
KFZ0001,6,-0.7630952380952382,FullHistoryMean,ae,sparse77,9
LTKF0002,6,1.1275132275132276,FullHistoryMean,ae,sparse77,9
LTKF0005A,6,0.8035714285714285,FullHistoryMean,ae,sparse77,9
LTKF0008,6,-0.3246693121693123,FullHistoryMean,ae,sparse77,9
LTKF0009,6,0.2390873015873016,FullHistoryMean,ae,sparse77,9
LTKF0022,6,-3.144179894179894,FullHistoryMean,ae,sparse77,9
LTKF0024A,6,-1.9767195767195769,FullHistoryMean,ae,sparse77,9
LTKF0058,6,-0.3021284271284272,FullHistoryMean,ae,sparse77,9
LTKF0102,6,-2.7261904761904763,FullHistoryMean,ae,sparse77,9
LTKF0106,6,-1.672147297147297,FullHistoryMean,ae,sparse77,9
LTKF0111,6,0.12224997224997243,FullHistoryMean,ae,sparse77,9
LYC0203,6,-1.6208069708069708,FullHistoryMean,ae,sparse77,9
QCXXC0001,6,-1.9394841269841272,FullHistoryMean,ae,sparse77,9
QCXXC0002,6,0.1814814814814815,FullHistoryMean,ae,sparse77,9
QFSJZ002-1,6,-2.0500185000184996,FullHistoryMean,ae,sparse77,9
QFSJZ003,6,-0.18808783808783802,FullHistoryMean,ae,sparse77,9
SLT0003,6,-0.9394589207089211,FullHistoryMean,ae,sparse77,9
SLT0004,6,-2.8783235283235284,FullHistoryMean,ae,sparse77,9
SRPDZS0002,6,0.9898148148148148,FullHistoryMean,ae,sparse77,9
XGX9992,2,0.0,FullHistoryMean,ae,sparse77,9
XGX9993,2,0.0,FullHistoryMean,ae,sparse77,9
XYMLRY00001,2,-4.625,FullHistoryMean,ae,sparse77,9
YDBZLV0001AMDE,6,1.6655423280423278,FullHistoryMean,ae,sparse77,9
YDBZWV0001AMDE,6,1.447420634920635,FullHistoryMean,ae,sparse77,9
YJX0024,6,1.354298941798942,FullHistoryMean,ae,sparse77,9
YJX0025,6,-1.10244708994709,FullHistoryMean,ae,sparse77,9
YXBLJ0001,6,-0.6689005439005437,FullHistoryMean,ae,sparse77,9
ZBTZ0003,6,-0.9733747733747734,FullHistoryMean,ae,sparse77,9
ZJJSJBV001AMDE,6,0.30687830687830703,FullHistoryMean,ae,sparse77,9
ZJJYZSJBV1AMDE,6,3.3967592592592593,FullHistoryMean,ae,sparse77,9
ZJJYZSJSV2AMDE,6,2.584722222222222,FullHistoryMean,ae,sparse77,9
xgx0013,2,3.25,FullHistoryMean,ae,sparse77,9
zxy0002,2,0.875,FullHistoryMean,ae,sparse77,9
BLJZ0001,1,9.0,BlockFrequencyMean,mase_52,sparse77,13
BLP0003,3,1.925,BlockFrequencyMean,mase_52,sparse77,13
BLP0004,2,-3.05625,BlockFrequencyMean,mase_52,sparse77,13
CLSSLT0003,5,-1.1376480263157895,BlockFrequencyMean,mase_52,sparse77,13
CLSSLT0006,4,-0.34508928571428565,BlockFrequencyMean,mase_52,sparse77,13
DRMJJ0020,1,-4.367647058823529,BlockFrequencyMean,mase_52,sparse77,13
DRMJJ0021,4,-1.6468972204266323,BlockFrequencyMean,mase_52,sparse77,13
DRMJJ0025,5,0.6814807302231237,BlockFrequencyMean,mase_52,sparse77,13
DRMJJ0026,3,-1.0951140873015872,BlockFrequencyMean,mase_52,sparse77,13
DRMJJ0027,3,-0.2388157894736842,BlockFrequencyMean,mase_52,sparse77,13
FRC0010,5,0.7566666666666666,BlockFrequencyMean,mase_52,sparse77,13
FRH0028,6,0.017380891466257337,BlockFrequencyMean,mase_52,sparse77,13
FRH0029,6,1.0132936507936507,BlockFrequencyMean,mase_52,sparse77,13
FRH0031,6,-0.7690972222222222,BlockFrequencyMean,mase_52,sparse77,13
FRH0035,6,0.5854828042328042,BlockFrequencyMean,mase_52,sparse77,13
FRH0037,5,0.04053921568627446,BlockFrequencyMean,mase_52,sparse77,13
FRH0042,5,1.8157738095238094,BlockFrequencyMean,mase_52,sparse77,13
FRH0043,6,-1.9204365079365078,BlockFrequencyMean,mase_52,sparse77,13
FRH0044,6,-0.719345238095238,BlockFrequencyMean,mase_52,sparse77,13
FRH0047,6,-0.06449959749295615,BlockFrequencyMean,mase_52,sparse77,13
FRH0049,6,0.688888888888889,BlockFrequencyMean,mase_52,sparse77,13
FRH0056-1,3,3.107142857142857,BlockFrequencyMean,mase_52,sparse77,13
FRH0068,3,2.462082912032356,BlockFrequencyMean,mase_52,sparse77,13
FRW00011,3,-0.2005494505494505,BlockFrequencyMean,mase_52,sparse77,13
FRW0008,4,-1.125,BlockFrequencyMean,mase_52,sparse77,13
FRW0009,4,-1.0045454545454546,BlockFrequencyMean,mase_52,sparse77,13
FRW0011,5,-0.1633333333333333,BlockFrequencyMean,mase_52,sparse77,13
FRW0014,5,1.0197167755991285,BlockFrequencyMean,mase_52,sparse77,13
FRW0016,5,0.5330357142857143,BlockFrequencyMean,mase_52,sparse77,13
FRW0020,5,1.0675595238095237,BlockFrequencyMean,mase_52,sparse77,13
FRW0023,5,-1.1172619047619048,BlockFrequencyMean,mase_52,sparse77,13
FSTBY001,2,0.1875,BlockFrequencyMean,mase_52,sparse77,13
FZGLS0001,2,-1.0,BlockFrequencyMean,mase_52,sparse77,13
FZGLS0002,4,-0.09375,BlockFrequencyMean,mase_52,sparse77,13
FZLRJ0001double,4,0.0,BlockFrequencyMean,mase_52,sparse77,13
FZLRJ0002double,5,-0.6045454545454545,BlockFrequencyMean,mase_52,sparse77,13
HSAKSLT0001,2,1.8125,BlockFrequencyMean,mase_52,sparse77,13
HWZDSKL0002,5,-1.4039215686274513,BlockFrequencyMean,mase_52,sparse77,13
JZJ0004,3,-0.9470373376623376,BlockFrequencyMean,mase_52,sparse77,13
JZJ0014,4,-1.6442307692307692,BlockFrequencyMean,mase_52,sparse77,13
JZJ0017,5,1.1224025974025973,BlockFrequencyMean,mase_52,sparse77,13
KFZ0001,3,-1.7,BlockFrequencyMean,mase_52,sparse77,13
LTKF0002,4,0.5625,BlockFrequencyMean,mase_52,sparse77,13
LTKF0005A,4,-1.1889204545454546,BlockFrequencyMean,mase_52,sparse77,13
LTKF0008,4,0.5625,BlockFrequencyMean,mase_52,sparse77,13
LTKF0009,4,0.5625,BlockFrequencyMean,mase_52,sparse77,13
LTKF0022,2,-1.3071428571428572,BlockFrequencyMean,mase_52,sparse77,13
LTKF0024A,3,-0.37916666666666665,BlockFrequencyMean,mase_52,sparse77,13
LTKF0058,2,-0.234375,BlockFrequencyMean,mase_52,sparse77,13
LTKF0102,3,-0.49747474747474746,BlockFrequencyMean,mase_52,sparse77,13
LTKF0106,3,-2.4166666666666665,BlockFrequencyMean,mase_52,sparse77,13
LTKF0111,3,1.0011904761904766,BlockFrequencyMean,mase_52,sparse77,13
LYC0203,4,2.075,BlockFrequencyMean,mase_52,sparse77,13
QCXXC0001,4,0.3265135599694422,BlockFrequencyMean,mase_52,sparse77,13
QCXXC0002,4,0.60625,BlockFrequencyMean,mase_52,sparse77,13
QFSJZ002-1,4,1.3639705882352942,BlockFrequencyMean,mase_52,sparse77,13
QFSJZ003,4,-0.04404761904761895,BlockFrequencyMean,mase_52,sparse77,13
SLT0003,5,0.8481338028169014,BlockFrequencyMean,mase_52,sparse77,13
SLT0004,4,1.5267857142857144,BlockFrequencyMean,mase_52,sparse77,13
SRPDZS0002,2,0.35,BlockFrequencyMean,mase_52,sparse77,13
YDBZLV0001AMDE,4,0.5145596590909091,BlockFrequencyMean,mase_52,sparse77,13
YDBZWV0001AMDE,4,2.1331845238095237,BlockFrequencyMean,mase_52,sparse77,13
YJX0024,2,0.5625,BlockFrequencyMean,mase_52,sparse77,13
YJX0025,2,0.05357142857142866,BlockFrequencyMean,mase_52,sparse77,13
YXBLJ0001,3,2.0448275862068965,BlockFrequencyMean,mase_52,sparse77,13
ZBTZ0003,4,-0.46249999999999997,BlockFrequencyMean,mase_52,sparse77,13
ZJJSJBV001AMDE,5,-0.15554667919799497,BlockFrequencyMean,mase_52,sparse77,13
ZJJYZSJBV1AMDE,5,0.5936504355859195,BlockFrequencyMean,mase_52,sparse77,13
ZJJYZSJSV2AMDE,5,0.7268939393939394,BlockFrequencyMean,mase_52,sparse77,13
BLJZ0001,1,3.0,BlockFrequencyMean,ae,sparse77,13
BLP0003,3,-1.8333333333333333,BlockFrequencyMean,ae,sparse77,13
BLP0004,2,-7.625,BlockFrequencyMean,ae,sparse77,13
CLSSLT0003,5,-6.15,BlockFrequencyMean,ae,sparse77,13
CLSSLT0006,4,-3.125,BlockFrequencyMean,ae,sparse77,13
DRMJJ0020,1,-24.75,BlockFrequencyMean,ae,sparse77,13
DRMJJ0021,4,-8.9375,BlockFrequencyMean,ae,sparse77,13
DRMJJ0025,5,-6.55,BlockFrequencyMean,ae,sparse77,13
DRMJJ0026,3,-8.833333333333334,BlockFrequencyMean,ae,sparse77,13
DRMJJ0027,3,-1.3333333333333333,BlockFrequencyMean,ae,sparse77,13
DRMJJ0038,1,0.5,BlockFrequencyMean,ae,sparse77,13
DRMJJ0039,1,0.5,BlockFrequencyMean,ae,sparse77,13
FRC0010,5,1.3833333333333333,BlockFrequencyMean,ae,sparse77,13
FRH0028,6,0.75,BlockFrequencyMean,ae,sparse77,13
FRH0029,6,2.5694444444444446,BlockFrequencyMean,ae,sparse77,13
FRH0031,6,-1.5694444444444446,BlockFrequencyMean,ae,sparse77,13
FRH0035,6,0.9861111111111107,BlockFrequencyMean,ae,sparse77,13
FRH0037,5,-0.48333333333333356,BlockFrequencyMean,ae,sparse77,13
FRH0042,5,2.666666666666667,BlockFrequencyMean,ae,sparse77,13
FRH0043,6,-4.125,BlockFrequencyMean,ae,sparse77,13
FRH0044,6,-1.9166666666666667,BlockFrequencyMean,ae,sparse77,13
FRH0047,6,0.9166666666666666,BlockFrequencyMean,ae,sparse77,13
FRH0049,6,0.6666666666666666,BlockFrequencyMean,ae,sparse77,13
FRH0056-1,3,1.1666666666666667,BlockFrequencyMean,ae,sparse77,13
FRH0068,3,0.0,BlockFrequencyMean,ae,sparse77,13
FRW00011,3,0.3333333333333333,BlockFrequencyMean,ae,sparse77,13
FRW0008,4,-0.875,BlockFrequencyMean,ae,sparse77,13
FRW0009,4,-7.375,BlockFrequencyMean,ae,sparse77,13
FRW0011,5,-0.9,BlockFrequencyMean,ae,sparse77,13
FRW0014,5,2.6666666666666665,BlockFrequencyMean,ae,sparse77,13
FRW0016,5,1.75,BlockFrequencyMean,ae,sparse77,13
FRW0020,5,1.5833333333333333,BlockFrequencyMean,ae,sparse77,13
FRW0023,5,-1.9333333333333336,BlockFrequencyMean,ae,sparse77,13
FSTBY001,2,0.0,BlockFrequencyMean,ae,sparse77,13
FZGLS0001,2,-0.875,BlockFrequencyMean,ae,sparse77,13
FZGLS0002,4,-0.5,BlockFrequencyMean,ae,sparse77,13
FZLRJ0001double,4,-0.0625,BlockFrequencyMean,ae,sparse77,13
FZLRJ0002double,5,-2.15,BlockFrequencyMean,ae,sparse77,13
HSAKSLT0001,2,2.375,BlockFrequencyMean,ae,sparse77,13
HWZDSKL0002,5,-11.15,BlockFrequencyMean,ae,sparse77,13
JZJ0004,3,-3.0,BlockFrequencyMean,ae,sparse77,13
JZJ0014,4,-4.625,BlockFrequencyMean,ae,sparse77,13
JZJ0017,5,-0.85,BlockFrequencyMean,ae,sparse77,13
KFZ0001,3,-1.5833333333333333,BlockFrequencyMean,ae,sparse77,13
LTKF0002,4,2.0,BlockFrequencyMean,ae,sparse77,13
LTKF0005A,4,-2.9375,BlockFrequencyMean,ae,sparse77,13
LTKF0008,4,2.75,BlockFrequencyMean,ae,sparse77,13
LTKF0009,4,3.75,BlockFrequencyMean,ae,sparse77,13
LTKF0022,2,-7.375,BlockFrequencyMean,ae,sparse77,13
LTKF0024A,3,-0.6666666666666666,BlockFrequencyMean,ae,sparse77,13
LTKF0058,2,-0.625,BlockFrequencyMean,ae,sparse77,13
LTKF0102,3,-1.5,BlockFrequencyMean,ae,sparse77,13
LTKF0106,3,-1.75,BlockFrequencyMean,ae,sparse77,13
LTKF0111,3,0.16666666666666666,BlockFrequencyMean,ae,sparse77,13
LYC0203,4,0.625,BlockFrequencyMean,ae,sparse77,13
QCXXC0001,4,1.25,BlockFrequencyMean,ae,sparse77,13
QCXXC0002,4,2.25,BlockFrequencyMean,ae,sparse77,13
QFSJZ002-1,4,2.5,BlockFrequencyMean,ae,sparse77,13
QFSJZ003,4,-0.625,BlockFrequencyMean,ae,sparse77,13
SLT0003,5,1.2875,BlockFrequencyMean,ae,sparse77,13
SLT0004,4,-0.4375,BlockFrequencyMean,ae,sparse77,13
SRPDZS0002,2,0.75,BlockFrequencyMean,ae,sparse77,13
XYMLRY00001,1,4.0,BlockFrequencyMean,ae,sparse77,13
YDBZLV0001AMDE,4,2.0,BlockFrequencyMean,ae,sparse77,13
YDBZWV0001AMDE,4,1.125,BlockFrequencyMean,ae,sparse77,13
YJX0024,2,2.75,BlockFrequencyMean,ae,sparse77,13
YJX0025,2,0.375,BlockFrequencyMean,ae,sparse77,13
YXBLJ0001,3,-3.5,BlockFrequencyMean,ae,sparse77,13
ZBTZ0003,4,-0.6875,BlockFrequencyMean,ae,sparse77,13
ZJJSJBV001AMDE,5,-0.3333333333333332,BlockFrequencyMean,ae,sparse77,13
ZJJYZSJBV1AMDE,5,4.25,BlockFrequencyMean,ae,sparse77,13
ZJJYZSJSV2AMDE,5,3.0166666666666666,BlockFrequencyMean,ae,sparse77,13
xgx0013,1,-1.0,BlockFrequencyMean,ae,sparse77,13
BLJZ0001,1,9.0,MatchedHistoryMean,mase_52,sparse77,13
BLP0003,3,1.925,MatchedHistoryMean,mase_52,sparse77,13
BLP0004,2,-3.05625,MatchedHistoryMean,mase_52,sparse77,13
CLSSLT0003,5,-1.1376480263157895,MatchedHistoryMean,mase_52,sparse77,13
CLSSLT0006,4,-0.34508928571428565,MatchedHistoryMean,mase_52,sparse77,13
DRMJJ0020,1,-4.367647058823529,MatchedHistoryMean,mase_52,sparse77,13
DRMJJ0021,4,-1.6468972204266323,MatchedHistoryMean,mase_52,sparse77,13
DRMJJ0025,5,0.6814807302231237,MatchedHistoryMean,mase_52,sparse77,13
DRMJJ0026,3,-1.0951140873015872,MatchedHistoryMean,mase_52,sparse77,13
DRMJJ0027,3,-0.2388157894736842,MatchedHistoryMean,mase_52,sparse77,13
FRC0010,5,0.7566666666666666,MatchedHistoryMean,mase_52,sparse77,13
FRH0028,6,0.017380891466257337,MatchedHistoryMean,mase_52,sparse77,13
FRH0029,6,1.0132936507936507,MatchedHistoryMean,mase_52,sparse77,13
FRH0031,6,-0.7690972222222222,MatchedHistoryMean,mase_52,sparse77,13
FRH0035,6,0.5854828042328043,MatchedHistoryMean,mase_52,sparse77,13
FRH0037,5,0.04053921568627454,MatchedHistoryMean,mase_52,sparse77,13
FRH0042,5,1.8157738095238094,MatchedHistoryMean,mase_52,sparse77,13
FRH0043,6,-1.9204365079365078,MatchedHistoryMean,mase_52,sparse77,13
FRH0044,6,-0.719345238095238,MatchedHistoryMean,mase_52,sparse77,13
FRH0047,6,-0.06449959749295615,MatchedHistoryMean,mase_52,sparse77,13
FRH0049,6,0.688888888888889,MatchedHistoryMean,mase_52,sparse77,13
FRH0056-1,3,3.107142857142857,MatchedHistoryMean,mase_52,sparse77,13
FRH0068,3,2.462082912032356,MatchedHistoryMean,mase_52,sparse77,13
FRW00011,3,-0.2005494505494505,MatchedHistoryMean,mase_52,sparse77,13
FRW0008,4,-1.125,MatchedHistoryMean,mase_52,sparse77,13
FRW0009,4,-1.0045454545454546,MatchedHistoryMean,mase_52,sparse77,13
FRW0011,5,-0.1633333333333333,MatchedHistoryMean,mase_52,sparse77,13
FRW0014,5,1.0197167755991285,MatchedHistoryMean,mase_52,sparse77,13
FRW0016,5,0.5330357142857143,MatchedHistoryMean,mase_52,sparse77,13
FRW0020,5,1.0675595238095237,MatchedHistoryMean,mase_52,sparse77,13
FRW0023,5,-1.1172619047619048,MatchedHistoryMean,mase_52,sparse77,13
FSTBY001,2,0.1875,MatchedHistoryMean,mase_52,sparse77,13
FZGLS0001,2,-1.0,MatchedHistoryMean,mase_52,sparse77,13
FZGLS0002,4,-0.09375,MatchedHistoryMean,mase_52,sparse77,13
FZLRJ0001double,4,0.0,MatchedHistoryMean,mase_52,sparse77,13
FZLRJ0002double,5,-0.6045454545454545,MatchedHistoryMean,mase_52,sparse77,13
HSAKSLT0001,2,1.8125,MatchedHistoryMean,mase_52,sparse77,13
HWZDSKL0002,5,-1.4039215686274513,MatchedHistoryMean,mase_52,sparse77,13
JZJ0004,3,-0.9470373376623376,MatchedHistoryMean,mase_52,sparse77,13
JZJ0014,4,-1.6442307692307692,MatchedHistoryMean,mase_52,sparse77,13
JZJ0017,5,1.1224025974025973,MatchedHistoryMean,mase_52,sparse77,13
KFZ0001,3,-1.7,MatchedHistoryMean,mase_52,sparse77,13
LTKF0002,4,0.5625,MatchedHistoryMean,mase_52,sparse77,13
LTKF0005A,4,-1.1889204545454546,MatchedHistoryMean,mase_52,sparse77,13
LTKF0008,4,0.5625,MatchedHistoryMean,mase_52,sparse77,13
LTKF0009,4,0.5625,MatchedHistoryMean,mase_52,sparse77,13
LTKF0022,2,-1.3071428571428572,MatchedHistoryMean,mase_52,sparse77,13
LTKF0024A,3,-0.37916666666666665,MatchedHistoryMean,mase_52,sparse77,13
LTKF0058,2,-0.234375,MatchedHistoryMean,mase_52,sparse77,13
LTKF0102,3,-0.49747474747474746,MatchedHistoryMean,mase_52,sparse77,13
LTKF0106,3,-2.4166666666666665,MatchedHistoryMean,mase_52,sparse77,13
LTKF0111,3,1.0011904761904766,MatchedHistoryMean,mase_52,sparse77,13
LYC0203,4,2.075,MatchedHistoryMean,mase_52,sparse77,13
QCXXC0001,4,0.3265135599694422,MatchedHistoryMean,mase_52,sparse77,13
QCXXC0002,4,0.60625,MatchedHistoryMean,mase_52,sparse77,13
QFSJZ002-1,4,1.3639705882352942,MatchedHistoryMean,mase_52,sparse77,13
QFSJZ003,4,-0.04404761904761895,MatchedHistoryMean,mase_52,sparse77,13
SLT0003,5,0.8481338028169014,MatchedHistoryMean,mase_52,sparse77,13
SLT0004,4,1.5267857142857144,MatchedHistoryMean,mase_52,sparse77,13
SRPDZS0002,2,0.35,MatchedHistoryMean,mase_52,sparse77,13
YDBZLV0001AMDE,4,0.5145596590909091,MatchedHistoryMean,mase_52,sparse77,13
YDBZWV0001AMDE,4,2.1331845238095237,MatchedHistoryMean,mase_52,sparse77,13
YJX0024,2,0.5625,MatchedHistoryMean,mase_52,sparse77,13
YJX0025,2,0.05357142857142866,MatchedHistoryMean,mase_52,sparse77,13
YXBLJ0001,3,2.0448275862068965,MatchedHistoryMean,mase_52,sparse77,13
ZBTZ0003,4,-0.46249999999999997,MatchedHistoryMean,mase_52,sparse77,13
ZJJSJBV001AMDE,5,-0.155546679197995,MatchedHistoryMean,mase_52,sparse77,13
ZJJYZSJBV1AMDE,5,0.5936504355859195,MatchedHistoryMean,mase_52,sparse77,13
ZJJYZSJSV2AMDE,5,0.7268939393939394,MatchedHistoryMean,mase_52,sparse77,13
BLJZ0001,6,0.5,MatchedHistoryMean,ae,sparse77,13
BLP0003,6,-0.9166666666666666,MatchedHistoryMean,ae,sparse77,13
BLP0004,6,-2.5416666666666665,MatchedHistoryMean,ae,sparse77,13
CLSSLT0003,6,-5.125,MatchedHistoryMean,ae,sparse77,13
CLSSLT0006,6,-2.0833333333333335,MatchedHistoryMean,ae,sparse77,13
DRMJJ0020,6,-4.125,MatchedHistoryMean,ae,sparse77,13
DRMJJ0021,6,-5.958333333333333,MatchedHistoryMean,ae,sparse77,13
DRMJJ0025,6,-5.458333333333333,MatchedHistoryMean,ae,sparse77,13
DRMJJ0026,6,-4.416666666666667,MatchedHistoryMean,ae,sparse77,13
DRMJJ0027,6,-0.6666666666666666,MatchedHistoryMean,ae,sparse77,13
DRMJJ0038,1,0.5,MatchedHistoryMean,ae,sparse77,13
DRMJJ0039,1,0.5,MatchedHistoryMean,ae,sparse77,13
FRC0010,6,1.152777777777778,MatchedHistoryMean,ae,sparse77,13
FRH0028,6,0.75,MatchedHistoryMean,ae,sparse77,13
FRH0029,6,2.5694444444444446,MatchedHistoryMean,ae,sparse77,13
FRH0031,6,-1.5694444444444446,MatchedHistoryMean,ae,sparse77,13
FRH0035,6,0.9861111111111113,MatchedHistoryMean,ae,sparse77,13
FRH0037,6,-0.4027777777777777,MatchedHistoryMean,ae,sparse77,13
FRH0042,6,2.2222222222222223,MatchedHistoryMean,ae,sparse77,13
FRH0043,6,-4.125,MatchedHistoryMean,ae,sparse77,13
FRH0044,6,-1.9166666666666667,MatchedHistoryMean,ae,sparse77,13
FRH0047,6,0.9166666666666666,MatchedHistoryMean,ae,sparse77,13
FRH0049,6,0.6666666666666666,MatchedHistoryMean,ae,sparse77,13
FRH0056-1,6,0.5833333333333334,MatchedHistoryMean,ae,sparse77,13
FRH0068,6,0.0,MatchedHistoryMean,ae,sparse77,13
FRW00011,6,0.16666666666666666,MatchedHistoryMean,ae,sparse77,13
FRW00023,1,0.0,MatchedHistoryMean,ae,sparse77,13
FRW0008,6,-0.5833333333333334,MatchedHistoryMean,ae,sparse77,13
FRW0009,6,-4.916666666666667,MatchedHistoryMean,ae,sparse77,13
FRW0011,6,-0.75,MatchedHistoryMean,ae,sparse77,13
FRW0014,6,2.222222222222222,MatchedHistoryMean,ae,sparse77,13
FRW0016,6,1.4583333333333333,MatchedHistoryMean,ae,sparse77,13
FRW0020,6,1.3194444444444444,MatchedHistoryMean,ae,sparse77,13
FRW0023,6,-1.6111111111111114,MatchedHistoryMean,ae,sparse77,13
FSTBY001,6,0.0,MatchedHistoryMean,ae,sparse77,13
FZGLS0001,6,-0.2916666666666667,MatchedHistoryMean,ae,sparse77,13
FZGLS0002,6,-0.3333333333333333,MatchedHistoryMean,ae,sparse77,13
FZLRJ0001double,6,-0.041666666666666664,MatchedHistoryMean,ae,sparse77,13
FZLRJ0002double,6,-1.7916666666666667,MatchedHistoryMean,ae,sparse77,13
HSAKSLT0001,6,0.7916666666666666,MatchedHistoryMean,ae,sparse77,13
HWZDSKL0002,6,-9.291666666666666,MatchedHistoryMean,ae,sparse77,13
JZJ0004,6,-1.5,MatchedHistoryMean,ae,sparse77,13
JZJ0014,6,-3.0833333333333335,MatchedHistoryMean,ae,sparse77,13
JZJ0017,6,-0.7083333333333334,MatchedHistoryMean,ae,sparse77,13
KFZ0001,6,-0.7916666666666666,MatchedHistoryMean,ae,sparse77,13
LTKF0002,6,1.3333333333333333,MatchedHistoryMean,ae,sparse77,13
LTKF0005A,6,-1.9583333333333333,MatchedHistoryMean,ae,sparse77,13
LTKF0008,6,1.8333333333333333,MatchedHistoryMean,ae,sparse77,13
LTKF0009,6,2.5,MatchedHistoryMean,ae,sparse77,13
LTKF0022,6,-2.4583333333333335,MatchedHistoryMean,ae,sparse77,13
LTKF0024A,6,-0.3333333333333333,MatchedHistoryMean,ae,sparse77,13
LTKF0058,6,-0.20833333333333334,MatchedHistoryMean,ae,sparse77,13
LTKF0102,6,-0.75,MatchedHistoryMean,ae,sparse77,13
LTKF0106,6,-0.875,MatchedHistoryMean,ae,sparse77,13
LTKF0111,6,0.08333333333333333,MatchedHistoryMean,ae,sparse77,13
LYC0203,6,0.4166666666666667,MatchedHistoryMean,ae,sparse77,13
QCXXC0001,6,0.8333333333333334,MatchedHistoryMean,ae,sparse77,13
QCXXC0002,6,1.5,MatchedHistoryMean,ae,sparse77,13
QFSJZ002-1,6,1.6666666666666667,MatchedHistoryMean,ae,sparse77,13
QFSJZ003,6,-0.4166666666666667,MatchedHistoryMean,ae,sparse77,13
SLT0003,6,1.0729166666666667,MatchedHistoryMean,ae,sparse77,13
SLT0004,6,-0.2916666666666667,MatchedHistoryMean,ae,sparse77,13
SRPDZS0002,6,0.25,MatchedHistoryMean,ae,sparse77,13
XGX9992,1,0.0,MatchedHistoryMean,ae,sparse77,13
XGX9993,1,0.0,MatchedHistoryMean,ae,sparse77,13
XYMLRY00001,1,4.0,MatchedHistoryMean,ae,sparse77,13
YDBZLV0001AMDE,6,1.3333333333333333,MatchedHistoryMean,ae,sparse77,13
YDBZWV0001AMDE,6,0.75,MatchedHistoryMean,ae,sparse77,13
YJX0024,6,0.9166666666666666,MatchedHistoryMean,ae,sparse77,13
YJX0025,6,0.125,MatchedHistoryMean,ae,sparse77,13
YXBLJ0001,6,-1.75,MatchedHistoryMean,ae,sparse77,13
ZBTZ0003,6,-0.4583333333333333,MatchedHistoryMean,ae,sparse77,13
ZJJSJBV001AMDE,6,-0.27777777777777785,MatchedHistoryMean,ae,sparse77,13
ZJJYZSJBV1AMDE,6,3.5416666666666665,MatchedHistoryMean,ae,sparse77,13
ZJJYZSJSV2AMDE,6,2.513888888888889,MatchedHistoryMean,ae,sparse77,13
xgx0013,1,-1.0,MatchedHistoryMean,ae,sparse77,13
zxy0002,1,0.0,MatchedHistoryMean,ae,sparse77,13
BLJZ0001,1,8.75,LaplaceMean,mase_52,sparse77,13
BLP0003,3,1.8398148148148155,LaplaceMean,mase_52,sparse77,13
BLP0004,2,-2.93125,LaplaceMean,mase_52,sparse77,13
CLSSLT0003,5,-1.0768475877192984,LaplaceMean,mase_52,sparse77,13
CLSSLT0006,4,-0.5,LaplaceMean,mase_52,sparse77,13
DRMJJ0020,1,-4.617647058823529,LaplaceMean,mase_52,sparse77,13
DRMJJ0021,4,-1.643751795590031,LaplaceMean,mase_52,sparse77,13
DRMJJ0025,5,0.6213979039891819,LaplaceMean,mase_52,sparse77,13
DRMJJ0026,3,-1.2044890873015872,LaplaceMean,mase_52,sparse77,13
DRMJJ0027,3,-0.15548245614035092,LaplaceMean,mase_52,sparse77,13
FRC0010,5,0.6688888888888889,LaplaceMean,mase_52,sparse77,13
FRH0028,6,-0.03462225443932754,LaplaceMean,mase_52,sparse77,13
FRH0029,6,1.041519694297472,LaplaceMean,mase_52,sparse77,13
FRH0031,6,-0.8010416666666668,LaplaceMean,mase_52,sparse77,13
FRH0035,6,0.5976190476190476,LaplaceMean,mase_52,sparse77,13
FRH0037,5,0.1172058823529412,LaplaceMean,mase_52,sparse77,13
FRH0042,5,1.7562698412698414,LaplaceMean,mase_52,sparse77,13
FRH0043,6,-1.8696924603174603,LaplaceMean,mase_52,sparse77,13
FRH0044,6,-0.48715277777777777,LaplaceMean,mase_52,sparse77,13
FRH0047,6,-0.07549001638778687,LaplaceMean,mase_52,sparse77,13
FRH0049,6,0.7053086419753086,LaplaceMean,mase_52,sparse77,13
FRH0056-1,3,2.9761904761904776,LaplaceMean,mase_52,sparse77,13
FRH0068,3,2.3600157285698233,LaplaceMean,mase_52,sparse77,13
FRW00011,3,-0.3052503052503052,LaplaceMean,mase_52,sparse77,13
FRW0008,4,-1.010416666666666,LaplaceMean,mase_52,sparse77,13
FRW0009,4,-1.103030303030303,LaplaceMean,mase_52,sparse77,13
FRW0011,5,-0.08666666666666664,LaplaceMean,mase_52,sparse77,13
FRW0014,5,1.0549019607843138,LaplaceMean,mase_52,sparse77,13
FRW0016,5,0.4542857142857143,LaplaceMean,mase_52,sparse77,13
FRW0020,5,1.1008928571428571,LaplaceMean,mase_52,sparse77,13
FRW0023,5,-1.1411507936507936,LaplaceMean,mase_52,sparse77,13
FSTBY001,2,0.2500000000000009,LaplaceMean,mase_52,sparse77,13
FZGLS0001,2,-1.1249999999999998,LaplaceMean,mase_52,sparse77,13
FZGLS0002,4,-0.08333333333333323,LaplaceMean,mase_52,sparse77,13
FZLRJ0001double,4,0.0625,LaplaceMean,mase_52,sparse77,13
FZLRJ0002double,5,-0.6503787878787879,LaplaceMean,mase_52,sparse77,13
HSAKSLT0001,2,1.6875,LaplaceMean,mase_52,sparse77,13
HWZDSKL0002,5,-1.4663025210084037,LaplaceMean,mase_52,sparse77,13
JZJ0004,3,-1.0737734487734487,LaplaceMean,mase_52,sparse77,13
JZJ0014,4,-1.765625,LaplaceMean,mase_52,sparse77,13
JZJ0017,5,1.0542207792207798,LaplaceMean,mase_52,sparse77,13
KFZ0001,3,-1.8111111111111111,LaplaceMean,mase_52,sparse77,13
LTKF0002,4,0.75,LaplaceMean,mase_52,sparse77,13
LTKF0005A,4,-1.2760416666666659,LaplaceMean,mase_52,sparse77,13
LTKF0008,4,0.75,LaplaceMean,mase_52,sparse77,13
LTKF0009,4,0.75,LaplaceMean,mase_52,sparse77,13
LTKF0022,2,-1.1821428571428572,LaplaceMean,mase_52,sparse77,13
LTKF0024A,3,-0.49722222222222223,LaplaceMean,mase_52,sparse77,13
LTKF0058,2,-0.3593749999999998,LaplaceMean,mase_52,sparse77,13
LTKF0102,3,-0.6209315375982042,LaplaceMean,mase_52,sparse77,13
LTKF0106,3,-2.4537037037037037,LaplaceMean,mase_52,sparse77,13
LTKF0111,3,0.9548941798941802,LaplaceMean,mase_52,sparse77,13
LYC0203,4,2.024305555555556,LaplaceMean,mase_52,sparse77,13
QCXXC0001,4,0.20781608097784582,LaplaceMean,mase_52,sparse77,13
QCXXC0002,4,0.4384259259259259,LaplaceMean,mase_52,sparse77,13
QFSJZ002-1,4,1.2818627450980393,LaplaceMean,mase_52,sparse77,13
QFSJZ003,4,-0.1541666666666666,LaplaceMean,mase_52,sparse77,13
SLT0003,5,0.7372672143974962,LaplaceMean,mase_52,sparse77,13
SLT0004,4,1.4041005291005302,LaplaceMean,mase_52,sparse77,13
SRPDZS0002,2,0.22499999999999998,LaplaceMean,mase_52,sparse77,13
YDBZLV0001AMDE,4,0.4520596590909091,LaplaceMean,mase_52,sparse77,13
YDBZWV0001AMDE,4,2.0706845238095237,LaplaceMean,mase_52,sparse77,13
YJX0024,2,0.75,LaplaceMean,mase_52,sparse77,13
YJX0025,2,-0.07142857142857134,LaplaceMean,mase_52,sparse77,13
YXBLJ0001,3,1.9787356321839091,LaplaceMean,mase_52,sparse77,13
ZBTZ0003,4,-0.5729166666666666,LaplaceMean,mase_52,sparse77,13
ZJJSJBV001AMDE,5,-0.17325501253132833,LaplaceMean,mase_52,sparse77,13
ZJJYZSJBV1AMDE,5,0.5242487261842099,LaplaceMean,mase_52,sparse77,13
ZJJYZSJSV2AMDE,5,0.7502272727272727,LaplaceMean,mase_52,sparse77,13
BLJZ0001,1,2.916666666666666,LaplaceMean,ae,sparse77,13
BLP0003,3,-1.898148148148148,LaplaceMean,ae,sparse77,13
BLP0004,2,-7.291666666666666,LaplaceMean,ae,sparse77,13
CLSSLT0003,5,-5.877777777777777,LaplaceMean,ae,sparse77,13
CLSSLT0006,4,-4.020833333333333,LaplaceMean,ae,sparse77,13
DRMJJ0020,1,-26.166666666666664,LaplaceMean,ae,sparse77,13
DRMJJ0021,4,-9.024305555555555,LaplaceMean,ae,sparse77,13
DRMJJ0025,5,-6.522222222222223,LaplaceMean,ae,sparse77,13
DRMJJ0026,3,-9.611111111111112,LaplaceMean,ae,sparse77,13
DRMJJ0027,3,-1.0555555555555556,LaplaceMean,ae,sparse77,13
DRMJJ0038,1,-1.833333333333334,LaplaceMean,ae,sparse77,13
DRMJJ0039,1,-1.833333333333334,LaplaceMean,ae,sparse77,13
FRC0010,5,1.2077777777777776,LaplaceMean,ae,sparse77,13
FRH0028,6,0.11111111111111054,LaplaceMean,ae,sparse77,13
FRH0029,6,2.4180555555555556,LaplaceMean,ae,sparse77,13
FRH0031,6,-1.6472222222222221,LaplaceMean,ae,sparse77,13
FRH0035,6,0.6546296296296293,LaplaceMean,ae,sparse77,13
FRH0037,5,-0.3,LaplaceMean,ae,sparse77,13
FRH0042,5,2.4677777777777776,LaplaceMean,ae,sparse77,13
FRH0043,6,-4.013888888888889,LaplaceMean,ae,sparse77,13
FRH0044,6,-1.7060185185185184,LaplaceMean,ae,sparse77,13
FRH0047,6,0.6754629629629624,LaplaceMean,ae,sparse77,13
FRH0049,6,0.662962962962963,LaplaceMean,ae,sparse77,13
FRH0056-1,3,1.027777777777778,LaplaceMean,ae,sparse77,13
FRH0068,3,-0.3518518518518521,LaplaceMean,ae,sparse77,13
FRW00011,3,0.18518518518518512,LaplaceMean,ae,sparse77,13
FRW0008,4,-0.7777777777777777,LaplaceMean,ae,sparse77,13
FRW0009,4,-7.888888888888888,LaplaceMean,ae,sparse77,13
FRW0011,5,-0.7866666666666666,LaplaceMean,ae,sparse77,13
FRW0014,5,2.75,LaplaceMean,ae,sparse77,13
FRW0016,5,1.5033333333333332,LaplaceMean,ae,sparse77,13
FRW0020,5,1.6166666666666667,LaplaceMean,ae,sparse77,13
FRW0023,5,-1.9600000000000002,LaplaceMean,ae,sparse77,13
FSTBY001,2,1.3877787807814457e-16,LaplaceMean,ae,sparse77,13
FZGLS0001,2,-0.9583333333333335,LaplaceMean,ae,sparse77,13
FZGLS0002,4,-0.5555555555555557,LaplaceMean,ae,sparse77,13
FZLRJ0001double,4,-0.02083333333333337,LaplaceMean,ae,sparse77,13
FZLRJ0002double,5,-2.2055555555555557,LaplaceMean,ae,sparse77,13
HSAKSLT0001,2,2.25,LaplaceMean,ae,sparse77,13
HWZDSKL0002,5,-11.286111111111111,LaplaceMean,ae,sparse77,13
JZJ0004,3,-3.5370370370370368,LaplaceMean,ae,sparse77,13
JZJ0014,4,-4.986111111111112,LaplaceMean,ae,sparse77,13
JZJ0017,5,-0.9333333333333332,LaplaceMean,ae,sparse77,13
KFZ0001,3,-1.7222222222222223,LaplaceMean,ae,sparse77,13
LTKF0002,4,2.6666666666666665,LaplaceMean,ae,sparse77,13
LTKF0005A,4,-3.0486111111111107,LaplaceMean,ae,sparse77,13
LTKF0008,4,3.6666666666666665,LaplaceMean,ae,sparse77,13
LTKF0009,4,5.0,LaplaceMean,ae,sparse77,13
LTKF0022,2,-6.541666666666668,LaplaceMean,ae,sparse77,13
LTKF0024A,3,-1.0185185185185184,LaplaceMean,ae,sparse77,13
LTKF0058,2,-0.958333333333333,LaplaceMean,ae,sparse77,13
LTKF0102,3,-2.0462962962962963,LaplaceMean,ae,sparse77,13
LTKF0106,3,-1.7592592592592589,LaplaceMean,ae,sparse77,13
LTKF0111,3,0.37037037037037024,LaplaceMean,ae,sparse77,13
LYC0203,4,0.6423611111111113,LaplaceMean,ae,sparse77,13
QCXXC0001,4,0.791666666666667,LaplaceMean,ae,sparse77,13
QCXXC0002,4,1.6493055555555554,LaplaceMean,ae,sparse77,13
QFSJZ002-1,4,2.305555555555556,LaplaceMean,ae,sparse77,13
QFSJZ003,4,-0.8125,LaplaceMean,ae,sparse77,13
SLT0003,5,0.717361111111112,LaplaceMean,ae,sparse77,13
SLT0004,4,-0.6944444444444444,LaplaceMean,ae,sparse77,13
SRPDZS0002,2,0.625,LaplaceMean,ae,sparse77,13
XYMLRY00001,1,7.0,LaplaceMean,ae,sparse77,13
YDBZLV0001AMDE,4,1.8333333333333333,LaplaceMean,ae,sparse77,13
YDBZWV0001AMDE,4,1.1041666666666665,LaplaceMean,ae,sparse77,13
YJX0024,2,3.6666666666666665,LaplaceMean,ae,sparse77,13
YJX0025,2,0.16666666666666685,LaplaceMean,ae,sparse77,13
YXBLJ0001,3,-3.388888888888889,LaplaceMean,ae,sparse77,13
ZBTZ0003,4,-0.9305555555555556,LaplaceMean,ae,sparse77,13
ZJJSJBV001AMDE,5,-0.48111111111111116,LaplaceMean,ae,sparse77,13
ZJJYZSJBV1AMDE,5,3.5811111111111105,LaplaceMean,ae,sparse77,13
ZJJYZSJSV2AMDE,5,3.0366666666666666,LaplaceMean,ae,sparse77,13
xgx0013,1,-0.6666666666666714,LaplaceMean,ae,sparse77,13
BLJZ0001,1,6.75,LegacyPXQ,mase_52,sparse77,13
BLP0003,3,1.4754761904761906,LegacyPXQ,mase_52,sparse77,13
BLP0004,2,-1.97625,LegacyPXQ,mase_52,sparse77,13
CLSSLT0003,5,-0.6280350232198141,LegacyPXQ,mase_52,sparse77,13
CLSSLT0006,4,-0.47090033740769055,LegacyPXQ,mase_52,sparse77,13
DRMJJ0020,1,-2.735294117647058,LegacyPXQ,mase_52,sparse77,13
DRMJJ0021,4,-1.0149886877828054,LegacyPXQ,mase_52,sparse77,13
DRMJJ0025,5,0.6632951058407449,LegacyPXQ,mase_52,sparse77,13
DRMJJ0026,3,-0.5398065476190476,LegacyPXQ,mase_52,sparse77,13
DRMJJ0027,3,0.6004385964912283,LegacyPXQ,mase_52,sparse77,13
FRC0010,5,-0.004999999999999982,LegacyPXQ,mase_52,sparse77,13
FRH0028,6,-0.2947683591978371,LegacyPXQ,mase_52,sparse77,13
FRH0029,6,0.5912518037518039,LegacyPXQ,mase_52,sparse77,13
FRH0031,6,-0.8058035714285713,LegacyPXQ,mase_52,sparse77,13
FRH0035,6,0.3209961334961335,LegacyPXQ,mase_52,sparse77,13
FRH0037,5,-0.11235294117647059,LegacyPXQ,mase_52,sparse77,13
FRH0042,5,1.0507142857142857,LegacyPXQ,mase_52,sparse77,13
FRH0043,6,-1.2683035714285713,LegacyPXQ,mase_52,sparse77,13
FRH0044,6,-0.592664742664743,LegacyPXQ,mase_52,sparse77,13
FRH0047,6,-0.18243631368631355,LegacyPXQ,mase_52,sparse77,13
FRH0049,6,-0.03277777777777772,LegacyPXQ,mase_52,sparse77,13
FRH0056-1,3,2.0972222222222223,LegacyPXQ,mase_52,sparse77,13
FRH0068,3,2.299244065674804,LegacyPXQ,mase_52,sparse77,13
FRW00011,3,-0.2829670329670328,LegacyPXQ,mase_52,sparse77,13
FRW0008,4,-2.5446428571428568,LegacyPXQ,mase_52,sparse77,13
FRW0009,4,-0.4988724911452183,LegacyPXQ,mase_52,sparse77,13
FRW0011,5,-0.32952380952380944,LegacyPXQ,mase_52,sparse77,13
FRW0014,5,0.8388888888888889,LegacyPXQ,mase_52,sparse77,13
FRW0016,5,0.12959183673469404,LegacyPXQ,mase_52,sparse77,13
FRW0020,5,0.85,LegacyPXQ,mase_52,sparse77,13
FRW0023,5,-0.625,LegacyPXQ,mase_52,sparse77,13
FSTBY001,2,1.5,LegacyPXQ,mase_52,sparse77,13
FZGLS0001,2,-2.25,LegacyPXQ,mase_52,sparse77,13
FZGLS0002,4,0.7031249999999999,LegacyPXQ,mase_52,sparse77,13
FZLRJ0001double,4,0.5,LegacyPXQ,mase_52,sparse77,13
FZLRJ0002double,5,-0.5128787878787878,LegacyPXQ,mase_52,sparse77,13
HSAKSLT0001,2,1.625,LegacyPXQ,mase_52,sparse77,13
HWZDSKL0002,5,-1.0083689839572194,LegacyPXQ,mase_52,sparse77,13
JZJ0004,3,-1.1209623709623708,LegacyPXQ,mase_52,sparse77,13
JZJ0014,4,-1.0550480769230768,LegacyPXQ,mase_52,sparse77,13
JZJ0017,5,0.7083333333333336,LegacyPXQ,mase_52,sparse77,13
KFZ0001,3,-1.0333333333333334,LegacyPXQ,mase_52,sparse77,13
LTKF0002,4,0.75,LegacyPXQ,mase_52,sparse77,13
LTKF0005A,4,-1.6147545163170163,LegacyPXQ,mase_52,sparse77,13
LTKF0008,4,0.7500000000000001,LegacyPXQ,mase_52,sparse77,13
LTKF0009,4,0.7500000000000001,LegacyPXQ,mase_52,sparse77,13
LTKF0022,2,-0.0035714285714284477,LegacyPXQ,mase_52,sparse77,13
LTKF0024A,3,-0.5556277056277056,LegacyPXQ,mase_52,sparse77,13
LTKF0058,2,-0.6093749999999996,LegacyPXQ,mase_52,sparse77,13
LTKF0102,3,-0.9929163429163431,LegacyPXQ,mase_52,sparse77,13
LTKF0106,3,-2.8055555555555554,LegacyPXQ,mase_52,sparse77,13
LTKF0111,3,-0.3416666666666661,LegacyPXQ,mase_52,sparse77,13
LYC0203,4,2.050746753246753,LegacyPXQ,mase_52,sparse77,13
QCXXC0001,4,0.12793595078811798,LegacyPXQ,mase_52,sparse77,13
QCXXC0002,4,0.12013888888888902,LegacyPXQ,mase_52,sparse77,13
QFSJZ002-1,4,1.1989440978411567,LegacyPXQ,mase_52,sparse77,13
QFSJZ003,4,-0.34136904761904757,LegacyPXQ,mase_52,sparse77,13
SLT0003,5,0.05346981554881129,LegacyPXQ,mase_52,sparse77,13
SLT0004,4,0.6595238095238097,LegacyPXQ,mase_52,sparse77,13
SRPDZS0002,2,-0.41500000000000004,LegacyPXQ,mase_52,sparse77,13
YDBZLV0001AMDE,4,0.13139204545454553,LegacyPXQ,mase_52,sparse77,13
YDBZWV0001AMDE,4,1.879464285714286,LegacyPXQ,mase_52,sparse77,13
YJX0024,2,1.5000000000000002,LegacyPXQ,mase_52,sparse77,13
YJX0025,2,0.3857142857142858,LegacyPXQ,mase_52,sparse77,13
YXBLJ0001,3,2.0633657530209253,LegacyPXQ,mase_52,sparse77,13
ZBTZ0003,4,-0.09732142857142861,LegacyPXQ,mase_52,sparse77,13
ZJJSJBV001AMDE,5,0.3134906015037594,LegacyPXQ,mase_52,sparse77,13
ZJJYZSJBV1AMDE,5,0.3257142271823187,LegacyPXQ,mase_52,sparse77,13
ZJJYZSJSV2AMDE,5,0.17552447552447567,LegacyPXQ,mase_52,sparse77,13
BLJZ0001,1,2.25,LegacyPXQ,ae,sparse77,13
BLP0003,3,-1.2642857142857142,LegacyPXQ,ae,sparse77,13
BLP0004,2,-4.850000000000001,LegacyPXQ,ae,sparse77,13
CLSSLT0003,5,-3.4967492260061923,LegacyPXQ,ae,sparse77,13
CLSSLT0006,4,-2.068983957219252,LegacyPXQ,ae,sparse77,13
DRMJJ0020,1,-15.5,LegacyPXQ,ae,sparse77,13
DRMJJ0021,4,-5.5,LegacyPXQ,ae,sparse77,13
DRMJJ0025,5,-4.392031171442936,LegacyPXQ,ae,sparse77,13
DRMJJ0026,3,-4.749999999999999,LegacyPXQ,ae,sparse77,13
DRMJJ0027,3,1.7777777777777783,LegacyPXQ,ae,sparse77,13
DRMJJ0038,1,0.4999999999999991,LegacyPXQ,ae,sparse77,13
DRMJJ0039,1,0.9999999999999991,LegacyPXQ,ae,sparse77,13
FRC0010,5,0.0,LegacyPXQ,ae,sparse77,13
FRH0028,6,-1.2351665973233479,LegacyPXQ,ae,sparse77,13
FRH0029,6,2.07996632996633,LegacyPXQ,ae,sparse77,13
FRH0031,6,-1.8988095238095237,LegacyPXQ,ae,sparse77,13
FRH0035,6,0.2510683760683753,LegacyPXQ,ae,sparse77,13
FRH0037,5,-0.47000000000000003,LegacyPXQ,ae,sparse77,13
FRH0042,5,1.9566666666666666,LegacyPXQ,ae,sparse77,13
FRH0043,6,-2.617592592592592,LegacyPXQ,ae,sparse77,13
FRH0044,6,-1.6343554593554597,LegacyPXQ,ae,sparse77,13
FRH0047,6,-0.438644688644688,LegacyPXQ,ae,sparse77,13
FRH0049,6,-0.7138888888888887,LegacyPXQ,ae,sparse77,13
FRH0056-1,3,0.44444444444444464,LegacyPXQ,ae,sparse77,13
FRH0068,3,3.269841269841272,LegacyPXQ,ae,sparse77,13
FRW00011,3,1.2261904761904765,LegacyPXQ,ae,sparse77,13
FRW0008,4,-1.6339285714285714,LegacyPXQ,ae,sparse77,13
FRW0009,4,-5.085064935064935,LegacyPXQ,ae,sparse77,13
FRW0011,5,-0.9428571428571427,LegacyPXQ,ae,sparse77,13
FRW0014,6,1.8333333333333333,LegacyPXQ,ae,sparse77,13
FRW0016,5,0.5023809523809527,LegacyPXQ,ae,sparse77,13
FRW0020,6,1.0416666666666667,LegacyPXQ,ae,sparse77,13
FRW0023,5,-1.2,LegacyPXQ,ae,sparse77,13
FSTBY001,2,0.4999999999999999,LegacyPXQ,ae,sparse77,13
FZGLS0001,2,-1.7499999999999998,LegacyPXQ,ae,sparse77,13
FZGLS0002,4,0.3749999999999998,LegacyPXQ,ae,sparse77,13
FZLRJ0001double,4,0.25000000000000006,LegacyPXQ,ae,sparse77,13
FZLRJ0002double,5,-1.2888888888888885,LegacyPXQ,ae,sparse77,13
HSAKSLT0001,2,3.125,LegacyPXQ,ae,sparse77,13
HWZDSKL0002,5,-8.405743145743145,LegacyPXQ,ae,sparse77,13
JZJ0004,3,-3.7286324786324787,LegacyPXQ,ae,sparse77,13
JZJ0014,4,-2.7750000000000004,LegacyPXQ,ae,sparse77,13
JZJ0017,5,-0.8888888888888886,LegacyPXQ,ae,sparse77,13
KFZ0001,3,-0.8333333333333334,LegacyPXQ,ae,sparse77,13
LTKF0002,4,2.0,LegacyPXQ,ae,sparse77,13
LTKF0005A,4,-2.57232905982906,LegacyPXQ,ae,sparse77,13
LTKF0008,4,2.7500000000000004,LegacyPXQ,ae,sparse77,13
LTKF0009,4,3.7500000000000004,LegacyPXQ,ae,sparse77,13
LTKF0022,2,2.208333333333334,LegacyPXQ,ae,sparse77,13
LTKF0024A,3,-0.34415584415584394,LegacyPXQ,ae,sparse77,13
LTKF0058,2,-1.625,LegacyPXQ,ae,sparse77,13
LTKF0102,3,-3.70982905982906,LegacyPXQ,ae,sparse77,13
LTKF0106,3,-2.055555555555556,LegacyPXQ,ae,sparse77,13
LTKF0111,3,-1.3722222222222211,LegacyPXQ,ae,sparse77,13
LYC0203,4,2.1733766233766234,LegacyPXQ,ae,sparse77,13
QCXXC0001,4,0.5254161043634729,LegacyPXQ,ae,sparse77,13
QCXXC0002,4,0.5694444444444449,LegacyPXQ,ae,sparse77,13
QFSJZ002-1,4,3.157828282828283,LegacyPXQ,ae,sparse77,13
QFSJZ003,4,-0.8883928571428572,LegacyPXQ,ae,sparse77,13
SLT0003,5,-0.4091036789297663,LegacyPXQ,ae,sparse77,13
SLT0004,4,-1.7249999999999996,LegacyPXQ,ae,sparse77,13
SRPDZS0002,2,0.2250000000000001,LegacyPXQ,ae,sparse77,13
XYMLRY00001,1,4.428571428571427,LegacyPXQ,ae,sparse77,13
YDBZLV0001AMDE,4,0.6458333333333335,LegacyPXQ,ae,sparse77,13
YDBZWV0001AMDE,4,1.458333333333334,LegacyPXQ,ae,sparse77,13
YJX0024,2,5.500000000000001,LegacyPXQ,ae,sparse77,13
YJX0025,2,1.1,LegacyPXQ,ae,sparse77,13
YXBLJ0001,3,0.3440170940170937,LegacyPXQ,ae,sparse77,13
ZBTZ0003,4,0.13392857142857134,LegacyPXQ,ae,sparse77,13
ZJJSJBV001AMDE,5,2.001428571428572,LegacyPXQ,ae,sparse77,13
ZJJYZSJBV1AMDE,5,3.398606811145511,LegacyPXQ,ae,sparse77,13
ZJJYZSJSV2AMDE,5,0.23846153846153834,LegacyPXQ,ae,sparse77,13
xgx0013,1,-1.0,LegacyPXQ,ae,sparse77,13
BLJZ0001,1,9.75,Naive,mase_52,sparse77,13
BLP0003,3,2.725,Naive,mase_52,sparse77,13
BLP0004,2,1.21875,Naive,mase_52,sparse77,13
CLSSLT0003,5,0.24830592105263158,Naive,mase_52,sparse77,13
CLSSLT0006,4,1.6040178571428572,Naive,mase_52,sparse77,13
DRMJJ0020,1,10.323529411764707,Naive,mase_52,sparse77,13
DRMJJ0021,4,1.6660714285714286,Naive,mase_52,sparse77,13
DRMJJ0025,5,1.080294117647059,Naive,mase_52,sparse77,13
DRMJJ0026,3,-0.8384176587301587,Naive,mase_52,sparse77,13
DRMJJ0027,3,-0.2960526315789474,Naive,mase_52,sparse77,13
FRC0010,5,0.9400000000000001,Naive,mase_52,sparse77,13
FRH0028,6,1.214285714285714,Naive,mase_52,sparse77,13
FRH0029,6,1.1589285714285715,Naive,mase_52,sparse77,13
FRH0031,6,-1.1510416666666667,Naive,mase_52,sparse77,13
FRH0035,6,0.9543650793650794,Naive,mase_52,sparse77,13
FRH0037,5,-0.41,Naive,mase_52,sparse77,13
FRH0042,5,2.125,Naive,mase_52,sparse77,13
FRH0043,6,0.2904265873015874,Naive,mase_52,sparse77,13
FRH0044,6,3.367261904761905,Naive,mase_52,sparse77,13
FRH0047,6,0.028977272727272758,Naive,mase_52,sparse77,13
FRH0049,6,0.20833333333333334,Naive,mase_52,sparse77,13
FRH0056-1,3,3.7916666666666665,Naive,mase_52,sparse77,13
FRH0068,3,2.826086956521739,Naive,mase_52,sparse77,13
FRW00011,3,-0.17857142857142858,Naive,mase_52,sparse77,13
FRW0008,4,0.5625,Naive,mase_52,sparse77,13
FRW0009,4,0.10340909090909095,Naive,mase_52,sparse77,13
FRW0011,5,0.8666666666666668,Naive,mase_52,sparse77,13
FRW0014,5,-0.35,Naive,mase_52,sparse77,13
FRW0016,5,0.06904761904761907,Naive,mase_52,sparse77,13
FRW0020,5,1.65,Naive,mase_52,sparse77,13
FRW0023,5,0.075,Naive,mase_52,sparse77,13
FSTBY001,2,0.0,Naive,mase_52,sparse77,13
FZGLS0001,2,0.0,Naive,mase_52,sparse77,13
FZGLS0002,4,-0.234375,Naive,mase_52,sparse77,13
FZLRJ0001double,4,0.0,Naive,mase_52,sparse77,13
FZLRJ0002double,5,-0.3363636363636363,Naive,mase_52,sparse77,13
HSAKSLT0001,2,1.625,Naive,mase_52,sparse77,13
HWZDSKL0002,5,1.190891198584697,Naive,mase_52,sparse77,13
JZJ0004,3,0.23214285714285718,Naive,mase_52,sparse77,13
JZJ0014,4,-1.453125,Naive,mase_52,sparse77,13
JZJ0017,5,1.992857142857143,Naive,mase_52,sparse77,13
KFZ0001,3,2.1666666666666665,Naive,mase_52,sparse77,13
LTKF0002,4,0.0,Naive,mase_52,sparse77,13
LTKF0005A,4,-0.5859375,Naive,mase_52,sparse77,13
LTKF0008,4,0.0,Naive,mase_52,sparse77,13
LTKF0009,4,0.0,Naive,mase_52,sparse77,13
LTKF0022,2,-1.2,Naive,mase_52,sparse77,13
LTKF0024A,3,1.0833333333333333,Naive,mase_52,sparse77,13
LTKF0058,2,0.140625,Naive,mase_52,sparse77,13
LTKF0102,3,0.2954545454545454,Naive,mase_52,sparse77,13
LTKF0106,3,9.75,Naive,mase_52,sparse77,13
LTKF0111,3,3.4345238095238098,Naive,mase_52,sparse77,13
LYC0203,4,1.2791666666666668,Naive,mase_52,sparse77,13
QCXXC0001,4,1.5520674178762415,Naive,mase_52,sparse77,13
QCXXC0002,4,0.54375,Naive,mase_52,sparse77,13
QFSJZ002-1,4,0.28125,Naive,mase_52,sparse77,13
QFSJZ003,4,1.7625000000000002,Naive,mase_52,sparse77,13
SLT0003,5,1.5957042253521128,Naive,mase_52,sparse77,13
SLT0004,4,1.9345238095238098,Naive,mase_52,sparse77,13
SRPDZS0002,2,1.625,Naive,mase_52,sparse77,13
YDBZLV0001AMDE,4,0.0234375,Naive,mase_52,sparse77,13
YDBZWV0001AMDE,4,1.9151785714285716,Naive,mase_52,sparse77,13
YJX0024,2,0.0,Naive,mase_52,sparse77,13
YJX0025,2,0.0,Naive,mase_52,sparse77,13
YXBLJ0001,3,-3.466666666666667,Naive,mase_52,sparse77,13
ZBTZ0003,4,-0.09374999999999999,Naive,mase_52,sparse77,13
ZJJSJBV001AMDE,5,0.43557330827067664,Naive,mase_52,sparse77,13
ZJJYZSJBV1AMDE,5,0.0768049155145929,Naive,mase_52,sparse77,13
ZJJYZSJSV2AMDE,5,0.709090909090909,Naive,mase_52,sparse77,13
BLJZ0001,6,0.5416666666666666,Naive,ae,sparse77,13
BLP0003,6,0.2916666666666667,Naive,ae,sparse77,13
BLP0004,6,1.0833333333333333,Naive,ae,sparse77,13
CLSSLT0003,6,1.4583333333333333,Naive,ae,sparse77,13
CLSSLT0006,6,5.25,Naive,ae,sparse77,13
DRMJJ0020,6,9.75,Naive,ae,sparse77,13
DRMJJ0021,6,4.916666666666667,Naive,ae,sparse77,13
DRMJJ0025,6,-3.2916666666666665,Naive,ae,sparse77,13
DRMJJ0026,6,-3.6666666666666665,Naive,ae,sparse77,13
DRMJJ0027,6,-0.75,Naive,ae,sparse77,13
DRMJJ0038,2,-1.25,Naive,ae,sparse77,13
DRMJJ0039,2,6.0,Naive,ae,sparse77,13
FRC0010,6,1.2916666666666667,Naive,ae,sparse77,13
FRH0028,6,5.541666666666667,Naive,ae,sparse77,13
FRH0029,6,2.25,Naive,ae,sparse77,13
FRH0031,6,-2.7083333333333335,Naive,ae,sparse77,13
FRH0035,6,5.416666666666667,Naive,ae,sparse77,13
FRH0037,6,-1.7083333333333333,Naive,ae,sparse77,13
FRH0042,6,1.5416666666666667,Naive,ae,sparse77,13
FRH0043,6,1.875,Naive,ae,sparse77,13
FRH0044,6,4.958333333333333,Naive,ae,sparse77,13
FRH0047,6,-0.5833333333333334,Naive,ae,sparse77,13
FRH0049,6,-0.2916666666666667,Naive,ae,sparse77,13
FRH0056-1,6,1.0833333333333333,Naive,ae,sparse77,13
FRH0068,6,0.0,Naive,ae,sparse77,13
FRW00011,6,-0.20833333333333334,Naive,ae,sparse77,13
FRW00023,2,0.0,Naive,ae,sparse77,13
FRW0008,6,0.125,Naive,ae,sparse77,13
FRW0009,6,0.0,Naive,ae,sparse77,13
FRW0011,6,2.1666666666666665,Naive,ae,sparse77,13
FRW0014,6,-0.2916666666666667,Naive,ae,sparse77,13
FRW0016,6,0.2916666666666667,Naive,ae,sparse77,13
FRW0020,6,1.375,Naive,ae,sparse77,13
FRW0023,6,0.3333333333333333,Naive,ae,sparse77,13
FSTBY001,6,0.0,Naive,ae,sparse77,13
FZGLS0001,6,0.0,Naive,ae,sparse77,13
FZGLS0002,6,-0.4166666666666667,Naive,ae,sparse77,13
FZLRJ0001double,6,0.0,Naive,ae,sparse77,13
FZLRJ0002double,6,-1.125,Naive,ae,sparse77,13
HSAKSLT0001,6,0.5416666666666666,Naive,ae,sparse77,13
HWZDSKL0002,6,5.666666666666667,Naive,ae,sparse77,13
JZJ0004,6,0.5416666666666666,Naive,ae,sparse77,13
JZJ0014,6,-2.7916666666666665,Naive,ae,sparse77,13
JZJ0017,6,-0.375,Naive,ae,sparse77,13
KFZ0001,6,1.0833333333333333,Naive,ae,sparse77,13
LTKF0002,6,0.0,Naive,ae,sparse77,13
LTKF0005A,6,-1.0416666666666667,Naive,ae,sparse77,13
LTKF0008,6,0.0,Naive,ae,sparse77,13
LTKF0009,6,0.0,Naive,ae,sparse77,13
LTKF0022,6,-2.6666666666666665,Naive,ae,sparse77,13
LTKF0024A,6,1.0833333333333333,Naive,ae,sparse77,13
LTKF0058,6,0.125,Naive,ae,sparse77,13
LTKF0102,6,0.5416666666666666,Naive,ae,sparse77,13
LTKF0106,6,3.25,Naive,ae,sparse77,13
LTKF0111,6,2.125,Naive,ae,sparse77,13
LYC0203,6,2.3333333333333335,Naive,ae,sparse77,13
QCXXC0001,6,4.333333333333333,Naive,ae,sparse77,13
QCXXC0002,6,1.2083333333333333,Naive,ae,sparse77,13
QFSJZ002-1,6,0.25,Naive,ae,sparse77,13
QFSJZ003,6,1.9583333333333333,Naive,ae,sparse77,13
SLT0003,6,0.5416666666666666,Naive,ae,sparse77,13
SLT0004,6,0.0,Naive,ae,sparse77,13
SRPDZS0002,6,0.5416666666666666,Naive,ae,sparse77,13
XGX9992,2,0.0,Naive,ae,sparse77,13
XGX9993,2,0.0,Naive,ae,sparse77,13
XYMLRY00001,2,5.625,Naive,ae,sparse77,13
YDBZLV0001AMDE,6,0.041666666666666664,Naive,ae,sparse77,13
YDBZWV0001AMDE,6,-1.0833333333333333,Naive,ae,sparse77,13
YJX0024,6,0.0,Naive,ae,sparse77,13
YJX0025,6,0.0,Naive,ae,sparse77,13
YXBLJ0001,6,-1.625,Naive,ae,sparse77,13
ZBTZ0003,6,-0.20833333333333334,Naive,ae,sparse77,13
ZJJSJBV001AMDE,6,2.7083333333333335,Naive,ae,sparse77,13
ZJJYZSJBV1AMDE,6,0.5416666666666666,Naive,ae,sparse77,13
ZJJYZSJSV2AMDE,6,3.25,Naive,ae,sparse77,13
xgx0013,2,0.0,Naive,ae,sparse77,13
zxy0002,2,0.0,Naive,ae,sparse77,13
BLJZ0001,1,9.321428571428573,FullHistoryMean,mase_52,sparse77,13
BLP0003,3,2.306216931216931,FullHistoryMean,mase_52,sparse77,13
BLP0004,2,-3.36875,FullHistoryMean,mase_52,sparse77,13
CLSSLT0003,5,-1.2095919486215538,FullHistoryMean,mase_52,sparse77,13
CLSSLT0006,4,-0.16651785714285705,FullHistoryMean,mase_52,sparse77,13
DRMJJ0020,1,-4.046218487394958,FullHistoryMean,mase_52,sparse77,13
DRMJJ0021,4,-1.781637847446671,FullHistoryMean,mase_52,sparse77,13
DRMJJ0025,5,0.7804399690910858,FullHistoryMean,mase_52,sparse77,13
DRMJJ0026,3,-1.1806795634920635,FullHistoryMean,mase_52,sparse77,13
DRMJJ0027,3,-0.34193817878028404,FullHistoryMean,mase_52,sparse77,13
FRC0010,5,0.5885714285714286,FullHistoryMean,mase_52,sparse77,13
FRH0028,6,-0.09742808005003127,FullHistoryMean,mase_52,sparse77,13
FRH0029,6,0.9885317460317461,FullHistoryMean,mase_52,sparse77,13
FRH0031,6,-0.8765376984126984,FullHistoryMean,mase_52,sparse77,13
FRH0035,6,1.3000165343915346,FullHistoryMean,mase_52,sparse77,13
FRH0037,5,0.1774677871148459,FullHistoryMean,mase_52,sparse77,13
FRH0042,5,1.725952380952381,FullHistoryMean,mase_52,sparse77,13
FRH0043,6,-1.8834325396825395,FullHistoryMean,mase_52,sparse77,13
FRH0044,6,-0.25049603174603147,FullHistoryMean,mase_52,sparse77,13
FRH0047,6,-0.1485326461963085,FullHistoryMean,mase_52,sparse77,13
FRH0049,6,0.6563492063492063,FullHistoryMean,mase_52,sparse77,13
FRH0056-1,3,3.3125000000000004,FullHistoryMean,mase_52,sparse77,13
FRH0068,3,2.334252170703132,FullHistoryMean,mase_52,sparse77,13
FRW00011,3,-0.34010989010988996,FullHistoryMean,mase_52,sparse77,13
FRW0008,4,-0.2909226190476192,FullHistoryMean,mase_52,sparse77,13
FRW0009,4,-0.7309794372294371,FullHistoryMean,mase_52,sparse77,13
FRW0011,5,-0.05714285714285712,FullHistoryMean,mase_52,sparse77,13
FRW0014,5,0.9631808278867103,FullHistoryMean,mase_52,sparse77,13
FRW0016,5,0.39260204081632655,FullHistoryMean,mase_52,sparse77,13
FRW0020,5,1.0211309523809524,FullHistoryMean,mase_52,sparse77,13
FRW0023,5,-1.0762244897959183,FullHistoryMean,mase_52,sparse77,13
FSTBY001,2,0.10416666666666696,FullHistoryMean,mase_52,sparse77,13
FZGLS0001,2,-0.4652777777777778,FullHistoryMean,mase_52,sparse77,13
FZGLS0002,4,-0.14992559523809518,FullHistoryMean,mase_52,sparse77,13
FZLRJ0001double,4,0.04836309523809523,FullHistoryMean,mase_52,sparse77,13
FZLRJ0002double,5,-0.553982683982684,FullHistoryMean,mase_52,sparse77,13
HSAKSLT0001,2,1.6964285714285714,FullHistoryMean,mase_52,sparse77,13
HWZDSKL0002,5,-1.5070352877993305,FullHistoryMean,mase_52,sparse77,13
JZJ0004,3,-0.9513528138528139,FullHistoryMean,mase_52,sparse77,13
JZJ0014,4,-1.7136561355311355,FullHistoryMean,mase_52,sparse77,13
JZJ0017,5,1.1520470006184296,FullHistoryMean,mase_52,sparse77,13
KFZ0001,3,-1.6904761904761905,FullHistoryMean,mase_52,sparse77,13
LTKF0002,4,0.4321428571428571,FullHistoryMean,mase_52,sparse77,13
LTKF0005A,4,-1.1986810064935065,FullHistoryMean,mase_52,sparse77,13
LTKF0008,4,0.43214285714285716,FullHistoryMean,mase_52,sparse77,13
LTKF0009,4,0.4321428571428571,FullHistoryMean,mase_52,sparse77,13
LTKF0022,2,-1.296938775510204,FullHistoryMean,mase_52,sparse77,13
LTKF0024A,3,-0.32976190476190465,FullHistoryMean,mase_52,sparse77,13
LTKF0058,2,-0.38020833333333337,FullHistoryMean,mase_52,sparse77,13
LTKF0102,3,-0.6136764470097802,FullHistoryMean,mase_52,sparse77,13
LTKF0106,3,-1.8280423280423277,FullHistoryMean,mase_52,sparse77,13
LTKF0111,3,1.4685185185185186,FullHistoryMean,mase_52,sparse77,13
LYC0203,4,2.2523809523809524,FullHistoryMean,mase_52,sparse77,13
QCXXC0001,4,0.2030046109352832,FullHistoryMean,mase_52,sparse77,13
QCXXC0002,4,0.2495039682539682,FullHistoryMean,mase_52,sparse77,13
QFSJZ002-1,4,1.2592349439775912,FullHistoryMean,mase_52,sparse77,13
QFSJZ003,4,-0.33779761904761907,FullHistoryMean,mase_52,sparse77,13
SLT0003,5,0.7960697518444,FullHistoryMean,mase_52,sparse77,13
SLT0004,4,1.399872448979592,FullHistoryMean,mase_52,sparse77,13
SRPDZS0002,2,0.2178571428571428,FullHistoryMean,mase_52,sparse77,13
YDBZLV0001AMDE,4,0.28887987012987015,FullHistoryMean,mase_52,sparse77,13
YDBZWV0001AMDE,4,2.0148809523809526,FullHistoryMean,mase_52,sparse77,13
YJX0024,2,0.35714285714285715,FullHistoryMean,mase_52,sparse77,13
YJX0025,2,-0.005102040816326592,FullHistoryMean,mase_52,sparse77,13
YXBLJ0001,3,2.0965106732348118,FullHistoryMean,mase_52,sparse77,13
ZBTZ0003,4,-0.43943452380952386,FullHistoryMean,mase_52,sparse77,13
ZJJSJBV001AMDE,5,-0.09349310776942357,FullHistoryMean,mase_52,sparse77,13
ZJJYZSJBV1AMDE,5,0.565212207147691,FullHistoryMean,mase_52,sparse77,13
ZJJYZSJSV2AMDE,5,0.6328030303030303,FullHistoryMean,mase_52,sparse77,13
BLJZ0001,6,0.5178571428571429,FullHistoryMean,ae,sparse77,13
BLP0003,6,-0.32076719576719587,FullHistoryMean,ae,sparse77,13
BLP0004,6,-2.9166666666666665,FullHistoryMean,ae,sparse77,13
CLSSLT0003,6,-5.335383597883598,FullHistoryMean,ae,sparse77,13
CLSSLT0006,6,-1.555555555555556,FullHistoryMean,ae,sparse77,13
DRMJJ0020,6,-3.821428571428571,FullHistoryMean,ae,sparse77,13
DRMJJ0021,6,-6.200396825396826,FullHistoryMean,ae,sparse77,13
DRMJJ0025,6,-4.692724867724867,FullHistoryMean,ae,sparse77,13
DRMJJ0026,6,-5.081349206349206,FullHistoryMean,ae,sparse77,13
DRMJJ0027,6,-0.8197751322751322,FullHistoryMean,ae,sparse77,13
DRMJJ0038,1,0.5,FullHistoryMean,ae,sparse77,13
DRMJJ0039,1,0.5,FullHistoryMean,ae,sparse77,13
FRC0010,6,0.8785714285714286,FullHistoryMean,ae,sparse77,13
FRH0028,6,-0.8666666666666666,FullHistoryMean,ae,sparse77,13
FRH0029,6,2.290873015873016,FullHistoryMean,ae,sparse77,13
FRH0031,6,-1.8837301587301587,FullHistoryMean,ae,sparse77,13
FRH0035,6,1.0257936507936511,FullHistoryMean,ae,sparse77,13
FRH0037,6,-0.5071428571428571,FullHistoryMean,ae,sparse77,13
FRH0042,6,1.855952380952381,FullHistoryMean,ae,sparse77,13
FRH0043,6,-3.9554232804232803,FullHistoryMean,ae,sparse77,13
FRH0044,6,-1.5195767195767196,FullHistoryMean,ae,sparse77,13
FRH0047,6,0.1805555555555555,FullHistoryMean,ae,sparse77,13
FRH0049,6,0.5575396825396826,FullHistoryMean,ae,sparse77,13
FRH0056-1,6,0.691468253968254,FullHistoryMean,ae,sparse77,13
FRH0068,6,-1.1593915343915342,FullHistoryMean,ae,sparse77,13
FRW00011,6,-0.1202380952380953,FullHistoryMean,ae,sparse77,13
FRW00023,1,0.0,FullHistoryMean,ae,sparse77,13
FRW0008,6,-0.2265211640211641,FullHistoryMean,ae,sparse77,13
FRW0009,6,-3.7466931216931214,FullHistoryMean,ae,sparse77,13
FRW0011,6,-0.8206349206349207,FullHistoryMean,ae,sparse77,13
FRW0014,6,2.2797619047619047,FullHistoryMean,ae,sparse77,13
FRW0016,6,1.107142857142857,FullHistoryMean,ae,sparse77,13
FRW0020,6,1.3690476190476193,FullHistoryMean,ae,sparse77,13
FRW0023,6,-1.5662698412698413,FullHistoryMean,ae,sparse77,13
FSTBY001,6,0.0023148148148148806,FullHistoryMean,ae,sparse77,13
FZGLS0001,6,-0.13425925925925927,FullHistoryMean,ae,sparse77,13
FZGLS0002,6,-0.3855820105820107,FullHistoryMean,ae,sparse77,13
FZLRJ0001double,6,0.005952380952380959,FullHistoryMean,ae,sparse77,13
FZLRJ0002double,6,-1.6591931216931215,FullHistoryMean,ae,sparse77,13
HSAKSLT0001,6,0.6726190476190476,FullHistoryMean,ae,sparse77,13
HWZDSKL0002,6,-10.60919312169312,FullHistoryMean,ae,sparse77,13
JZJ0004,6,-1.5908730158730158,FullHistoryMean,ae,sparse77,13
JZJ0014,6,-3.2433862433862437,FullHistoryMean,ae,sparse77,13
JZJ0017,6,-0.8078042328042329,FullHistoryMean,ae,sparse77,13
KFZ0001,6,-0.8182539682539681,FullHistoryMean,ae,sparse77,13
LTKF0002,6,1.0126984126984127,FullHistoryMean,ae,sparse77,13
LTKF0005A,6,-2.0103174603174607,FullHistoryMean,ae,sparse77,13
LTKF0008,6,1.3924603174603174,FullHistoryMean,ae,sparse77,13
LTKF0009,6,1.8988095238095237,FullHistoryMean,ae,sparse77,13
LTKF0022,6,-2.6269841269841265,FullHistoryMean,ae,sparse77,13
LTKF0024A,6,-0.4182539682539681,FullHistoryMean,ae,sparse77,13
LTKF0058,6,-0.33796296296296297,FullHistoryMean,ae,sparse77,13
LTKF0102,6,-1.197089947089947,FullHistoryMean,ae,sparse77,13
LTKF0106,6,-0.6402116402116401,FullHistoryMean,ae,sparse77,13
LTKF0111,6,0.9130291005291006,FullHistoryMean,ae,sparse77,13
LYC0203,6,0.6964285714285713,FullHistoryMean,ae,sparse77,13
QCXXC0001,6,0.5107142857142857,FullHistoryMean,ae,sparse77,13
QCXXC0002,6,0.617063492063492,FullHistoryMean,ae,sparse77,13
QFSJZ002-1,6,1.3072089947089947,FullHistoryMean,ae,sparse77,13
QFSJZ003,6,-0.9136904761904763,FullHistoryMean,ae,sparse77,13
SLT0003,6,-0.03741732804232815,FullHistoryMean,ae,sparse77,13
SLT0004,6,-0.8826058201058201,FullHistoryMean,ae,sparse77,13
SRPDZS0002,6,0.1488095238095238,FullHistoryMean,ae,sparse77,13
XGX9992,1,0.0,FullHistoryMean,ae,sparse77,13
XGX9993,1,0.0,FullHistoryMean,ae,sparse77,13
XYMLRY00001,1,4.0,FullHistoryMean,ae,sparse77,13
YDBZLV0001AMDE,6,0.8123015873015872,FullHistoryMean,ae,sparse77,13
YDBZWV0001AMDE,6,0.1488095238095238,FullHistoryMean,ae,sparse77,13
YJX0024,6,0.5674603174603174,FullHistoryMean,ae,sparse77,13
YJX0025,6,0.05158730158730155,FullHistoryMean,ae,sparse77,13
YXBLJ0001,6,-1.6517857142857144,FullHistoryMean,ae,sparse77,13
ZBTZ0003,6,-0.6617063492063492,FullHistoryMean,ae,sparse77,13
ZJJSJBV001AMDE,6,-0.10634920634920626,FullHistoryMean,ae,sparse77,13
ZJJYZSJBV1AMDE,6,3.013888888888889,FullHistoryMean,ae,sparse77,13
ZJJYZSJSV2AMDE,6,2.130555555555556,FullHistoryMean,ae,sparse77,13
xgx0013,1,-1.0,FullHistoryMean,ae,sparse77,13
zxy0002,1,0.0,FullHistoryMean,ae,sparse77,13
