horizon_label,horizon_weeks,approximate_days,origin_index,origin,sku,cluster,cluster_profile,actual_sum,actual_event,training_weeks,p_recent,pxq_independence_probability,complete_history_blocks,positive_history_blocks,sku_block_probability,overall_block_probability,profile_block_probability
30_day_proxy,4,28,1,2026-02-16,BLP0001,1,relative_active_persistent,11.0,1,111,1.0,1.0,27,8,0.2962962962962963,0.35703703703703704,0.44687310261080754
30_day_proxy,4,28,1,2026-02-16,BLP0002,1,relative_active_persistent,1.0,1,111,1.0,1.0,27,8,0.2962962962962963,0.35703703703703704,0.44687310261080754
30_day_proxy,4,28,1,2026-02-16,BLP0003,2,low_frequency_sparse,3.0,1,111,0.25,0.68359375,27,5,0.18518518518518517,0.35703703703703704,0.2374727668845316
30_day_proxy,4,28,1,2026-02-16,BLP0004,2,low_frequency_sparse,0.0,0,111,0.5,0.9375,27,3,0.1111111111111111,0.35703703703703704,0.2374727668845316
30_day_proxy,4,28,1,2026-02-16,BLP0005,0,low_information,1.0,1,6,0.5,0.9375,1,1,,0.35703703703703704,0.07407407407407407
30_day_proxy,4,28,1,2026-02-16,BLP0007,0,low_information,0.0,0,6,0.0,0.0,1,0,,0.35703703703703704,0.07407407407407407
30_day_proxy,4,28,1,2026-02-16,CFSNT008,0,low_information,0.0,0,6,0.0,0.0,1,0,,0.35703703703703704,0.07407407407407407
30_day_proxy,4,28,1,2026-02-16,CLSSLT0003,2,low_frequency_sparse,1.0,1,111,0.75,0.99609375,27,9,0.3333333333333333,0.35703703703703704,0.2374727668845316
30_day_proxy,4,28,1,2026-02-16,CLSSLT0006,2,low_frequency_sparse,3.0,1,111,0.25,0.68359375,27,9,0.3333333333333333,0.35703703703703704,0.2374727668845316
30_day_proxy,4,28,1,2026-02-16,CWW0002,1,relative_active_persistent,142.0,1,111,1.0,1.0,27,8,0.2962962962962963,0.35703703703703704,0.44687310261080754
30_day_proxy,4,28,1,2026-02-16,DHZXCZP0001,1,relative_active_persistent,4.0,1,111,0.75,0.99609375,27,8,0.2962962962962963,0.35703703703703704,0.44687310261080754
30_day_proxy,4,28,1,2026-02-16,DRMJJ0021,2,low_frequency_sparse,4.0,1,111,0.0,0.0,27,4,0.14814814814814814,0.35703703703703704,0.2374727668845316
30_day_proxy,4,28,1,2026-02-16,DRMJJ0022,1,relative_active_persistent,9.0,1,111,0.5,0.9375,27,10,0.37037037037037035,0.35703703703703704,0.44687310261080754
30_day_proxy,4,28,1,2026-02-16,DRMJJ0023,1,relative_active_persistent,7.0,1,111,0.75,0.99609375,27,12,0.4444444444444444,0.35703703703703704,0.44687310261080754
30_day_proxy,4,28,1,2026-02-16,DRMJJ0025,2,low_frequency_sparse,5.0,1,111,0.5,0.9375,27,8,0.2962962962962963,0.35703703703703704,0.2374727668845316
30_day_proxy,4,28,1,2026-02-16,DRMJJ0026,2,low_frequency_sparse,1.0,1,111,0.25,0.68359375,27,4,0.14814814814814814,0.35703703703703704,0.2374727668845316
30_day_proxy,4,28,1,2026-02-16,DRMJJ0027,1,relative_active_persistent,0.0,0,111,0.0,0.0,27,3,0.1111111111111111,0.35703703703703704,0.44687310261080754
30_day_proxy,4,28,1,2026-02-16,DRMJJ0038,0,low_information,1.0,1,6,0.0,0.0,1,0,,0.35703703703703704,0.07407407407407407
30_day_proxy,4,28,1,2026-02-16,DRMJJ0039,0,low_information,2.0,1,6,0.25,0.68359375,1,1,,0.35703703703703704,0.07407407407407407
30_day_proxy,4,28,1,2026-02-16,ETZP0003,1,relative_active_persistent,4.0,1,111,1.0,1.0,27,6,0.2222222222222222,0.35703703703703704,0.44687310261080754
30_day_proxy,4,28,1,2026-02-16,ETZP0004,1,relative_active_persistent,17.0,1,111,1.0,1.0,27,11,0.4074074074074074,0.35703703703703704,0.44687310261080754
30_day_proxy,4,28,1,2026-02-16,FDBLHP0001,2,low_frequency_sparse,3.0,1,111,0.5,0.9375,27,6,0.2222222222222222,0.35703703703703704,0.2374727668845316
30_day_proxy,4,28,1,2026-02-16,FDBLP0001,1,relative_active_persistent,1.0,1,111,1.0,1.0,27,11,0.4074074074074074,0.35703703703703704,0.44687310261080754
30_day_proxy,4,28,1,2026-02-16,FRC0003,1,relative_active_persistent,7.0,1,111,0.5,0.9375,27,13,0.48148148148148145,0.35703703703703704,0.44687310261080754
30_day_proxy,4,28,1,2026-02-16,FRH0028,2,low_frequency_sparse,1.0,1,111,0.0,0.0,27,12,0.4444444444444444,0.35703703703703704,0.2374727668845316
30_day_proxy,4,28,1,2026-02-16,FRH0033,1,relative_active_persistent,14.0,1,111,0.25,0.68359375,27,24,0.8888888888888888,0.35703703703703704,0.44687310261080754
30_day_proxy,4,28,1,2026-02-16,FRH0034,1,relative_active_persistent,0.0,0,111,0.5,0.9375,27,22,0.8148148148148148,0.35703703703703704,0.44687310261080754
30_day_proxy,4,28,1,2026-02-16,FRH0043,2,low_frequency_sparse,0.0,0,111,0.5,0.9375,27,5,0.18518518518518517,0.35703703703703704,0.2374727668845316
30_day_proxy,4,28,1,2026-02-16,FRH0044,2,low_frequency_sparse,2.0,1,111,0.5,0.9375,27,14,0.5185185185185185,0.35703703703703704,0.2374727668845316
30_day_proxy,4,28,1,2026-02-16,FRH0046,1,relative_active_persistent,57.0,1,111,1.0,1.0,27,21,0.7777777777777778,0.35703703703703704,0.44687310261080754
30_day_proxy,4,28,1,2026-02-16,FRH0048,1,relative_active_persistent,41.0,1,111,1.0,1.0,27,21,0.7777777777777778,0.35703703703703704,0.44687310261080754
30_day_proxy,4,28,1,2026-02-16,FRH0050,1,relative_active_persistent,3.0,1,111,1.0,1.0,27,22,0.8148148148148148,0.35703703703703704,0.44687310261080754
30_day_proxy,4,28,1,2026-02-16,FRH0051,1,relative_active_persistent,15.0,1,111,1.0,1.0,27,22,0.8148148148148148,0.35703703703703704,0.44687310261080754
30_day_proxy,4,28,1,2026-02-16,FRH0056,1,relative_active_persistent,30.0,1,111,1.0,1.0,27,23,0.8518518518518519,0.35703703703703704,0.44687310261080754
30_day_proxy,4,28,1,2026-02-16,FRH0056-1,2,low_frequency_sparse,1.0,1,111,0.25,0.68359375,27,4,0.14814814814814814,0.35703703703703704,0.2374727668845316
30_day_proxy,4,28,1,2026-02-16,FRH0059,1,relative_active_persistent,0.0,0,111,0.75,0.99609375,27,18,0.6666666666666666,0.35703703703703704,0.44687310261080754
30_day_proxy,4,28,1,2026-02-16,FRH0064,1,relative_active_persistent,2.0,1,111,0.5,0.9375,27,8,0.2962962962962963,0.35703703703703704,0.44687310261080754
30_day_proxy,4,28,1,2026-02-16,FRH0065,1,relative_active_persistent,5.0,1,111,1.0,1.0,27,8,0.2962962962962963,0.35703703703703704,0.44687310261080754
30_day_proxy,4,28,1,2026-02-16,FRH0068,2,low_frequency_sparse,1.0,1,111,0.75,0.99609375,27,5,0.18518518518518517,0.35703703703703704,0.2374727668845316
30_day_proxy,4,28,1,2026-02-16,FRW00023,0,low_information,0.0,0,6,0.0,0.0,1,0,,0.35703703703703704,0.07407407407407407
30_day_proxy,4,28,1,2026-02-16,FRW0005,1,relative_active_persistent,9.0,1,111,1.0,1.0,27,21,0.7777777777777778,0.35703703703703704,0.44687310261080754
30_day_proxy,4,28,1,2026-02-16,FRW0006,1,relative_active_persistent,22.0,1,111,1.0,1.0,27,24,0.8888888888888888,0.35703703703703704,0.44687310261080754
30_day_proxy,4,28,1,2026-02-16,FRW0008,2,low_frequency_sparse,0.0,0,111,0.0,0.0,27,3,0.1111111111111111,0.35703703703703704,0.2374727668845316
30_day_proxy,4,28,1,2026-02-16,FRW0009,2,low_frequency_sparse,3.0,1,111,0.0,0.0,27,8,0.2962962962962963,0.35703703703703704,0.2374727668845316
30_day_proxy,4,28,1,2026-02-16,FRW0015,1,relative_active_persistent,0.0,0,111,0.0,0.0,27,9,0.3333333333333333,0.35703703703703704,0.44687310261080754
30_day_proxy,4,28,1,2026-02-16,FRW0024,1,relative_active_persistent,22.0,1,111,0.5,0.9375,27,6,0.2222222222222222,0.35703703703703704,0.44687310261080754
30_day_proxy,4,28,1,2026-02-16,FRW0025,0,low_information,5.0,1,6,0.0,0.0,1,0,,0.35703703703703704,0.07407407407407407
30_day_proxy,4,28,1,2026-02-16,FSTBY001,0,low_information,0.0,0,111,0.0,0.0,27,1,0.037037037037037035,0.35703703703703704,0.07407407407407407
30_day_proxy,4,28,1,2026-02-16,FZGLS0001,0,low_information,0.0,0,111,0.0,0.0,27,1,0.037037037037037035,0.35703703703703704,0.07407407407407407
30_day_proxy,4,28,1,2026-02-16,FZGLS0002,2,low_frequency_sparse,1.0,1,111,0.0,0.0,27,3,0.1111111111111111,0.35703703703703704,0.2374727668845316
30_day_proxy,4,28,1,2026-02-16,FZLRICBHP0001,1,relative_active_persistent,0.0,0,111,0.75,0.99609375,27,6,0.2222222222222222,0.35703703703703704,0.44687310261080754
30_day_proxy,4,28,1,2026-02-16,FZLRJ0001,2,low_frequency_sparse,23.0,1,111,1.0,1.0,27,9,0.3333333333333333,0.35703703703703704,0.2374727668845316
30_day_proxy,4,28,1,2026-02-16,FZLRJ0001double,0,low_information,0.0,0,111,0.25,0.68359375,27,2,0.07407407407407407,0.35703703703703704,0.07407407407407407
30_day_proxy,4,28,1,2026-02-16,FZLRJ0002,1,relative_active_persistent,25.0,1,111,1.0,1.0,27,11,0.4074074074074074,0.35703703703703704,0.44687310261080754
30_day_proxy,4,28,1,2026-02-16,FZLRJ0002double,2,low_frequency_sparse,0.0,0,111,0.25,0.68359375,27,7,0.25925925925925924,0.35703703703703704,0.2374727668845316
30_day_proxy,4,28,1,2026-02-16,FZLRJ0005,0,low_information,0.0,0,6,0.25,0.68359375,1,1,,0.35703703703703704,0.07407407407407407
30_day_proxy,4,28,1,2026-02-16,GJMJWJX001,1,relative_active_persistent,0.0,0,111,0.25,0.68359375,27,18,0.6666666666666666,0.35703703703703704,0.44687310261080754
30_day_proxy,4,28,1,2026-02-16,GJMJWJXW001,1,relative_active_persistent,0.0,0,111,0.25,0.68359375,27,8,0.2962962962962963,0.35703703703703704,0.44687310261080754
30_day_proxy,4,28,1,2026-02-16,HLGKSLT0001,1,relative_active_persistent,7.0,1,111,1.0,1.0,27,13,0.48148148148148145,0.35703703703703704,0.44687310261080754
30_day_proxy,4,28,1,2026-02-16,HWZDSKL0001,1,relative_active_persistent,0.0,0,111,0.0,0.0,27,6,0.2222222222222222,0.35703703703703704,0.44687310261080754
30_day_proxy,4,28,1,2026-02-16,HWZDSKL0002,2,low_frequency_sparse,0.0,0,111,0.0,0.0,27,7,0.25925925925925924,0.35703703703703704,0.2374727668845316
30_day_proxy,4,28,1,2026-02-16,HZSN0001,1,relative_active_persistent,3.0,1,111,1.0,1.0,27,16,0.5925925925925926,0.35703703703703704,0.44687310261080754
30_day_proxy,4,28,1,2026-02-16,JZJ00011,1,relative_active_persistent,11.0,1,111,0.5,0.9375,27,9,0.3333333333333333,0.35703703703703704,0.44687310261080754
30_day_proxy,4,28,1,2026-02-16,JZJ00012,1,relative_active_persistent,5.0,1,111,0.5,0.9375,27,12,0.4444444444444444,0.35703703703703704,0.44687310261080754
30_day_proxy,4,28,1,2026-02-16,JZJ0002,1,relative_active_persistent,22.0,1,111,1.0,1.0,27,14,0.5185185185185185,0.35703703703703704,0.44687310261080754
30_day_proxy,4,28,1,2026-02-16,JZJ0003,1,relative_active_persistent,40.0,1,111,1.0,1.0,27,14,0.5185185185185185,0.35703703703703704,0.44687310261080754
30_day_proxy,4,28,1,2026-02-16,JZJ0009,1,relative_active_persistent,93.0,1,111,1.0,1.0,27,14,0.5185185185185185,0.35703703703703704,0.44687310261080754
30_day_proxy,4,28,1,2026-02-16,JZJ0013,1,relative_active_persistent,47.0,1,111,1.0,1.0,27,17,0.6296296296296297,0.35703703703703704,0.44687310261080754
30_day_proxy,4,28,1,2026-02-16,JZJ0014,2,low_frequency_sparse,0.0,0,111,0.25,0.68359375,27,7,0.25925925925925924,0.35703703703703704,0.2374727668845316
30_day_proxy,4,28,1,2026-02-16,JZJ0016,1,relative_active_persistent,2.0,1,111,1.0,1.0,27,19,0.7037037037037037,0.35703703703703704,0.44687310261080754
30_day_proxy,4,28,1,2026-02-16,JZJ0017,2,low_frequency_sparse,0.0,0,111,0.0,0.0,27,6,0.2222222222222222,0.35703703703703704,0.2374727668845316
30_day_proxy,4,28,1,2026-02-16,JZJ0018,1,relative_active_persistent,4.0,1,111,0.25,0.68359375,27,7,0.25925925925925924,0.35703703703703704,0.44687310261080754
30_day_proxy,4,28,1,2026-02-16,JZJ0019,1,relative_active_persistent,23.0,1,111,0.0,0.0,27,9,0.3333333333333333,0.35703703703703704,0.44687310261080754
30_day_proxy,4,28,1,2026-02-16,KFYFQ51mm,0,low_information,15.0,1,6,0.5,0.9375,1,1,,0.35703703703703704,0.07407407407407407
30_day_proxy,4,28,1,2026-02-16,KFYFQ54mm,0,low_information,19.0,1,6,0.0,0.0,1,0,,0.35703703703703704,0.07407407407407407
30_day_proxy,4,28,1,2026-02-16,KFYFQ58mm,0,low_information,15.0,1,6,0.25,0.68359375,1,1,,0.35703703703703704,0.07407407407407407
30_day_proxy,4,28,1,2026-02-16,KZCWBG001,2,low_frequency_sparse,0.0,0,111,0.25,0.68359375,27,8,0.2962962962962963,0.35703703703703704,0.2374727668845316
30_day_proxy,4,28,1,2026-02-16,LTKF0019,1,relative_active_persistent,5.0,1,111,0.25,0.68359375,27,13,0.48148148148148145,0.35703703703703704,0.44687310261080754
30_day_proxy,4,28,1,2026-02-16,LTKF0020,1,relative_active_persistent,92.0,1,111,1.0,1.0,27,13,0.48148148148148145,0.35703703703703704,0.44687310261080754
30_day_proxy,4,28,1,2026-02-16,LTKF0021,1,relative_active_persistent,15.0,1,111,1.0,1.0,27,13,0.48148148148148145,0.35703703703703704,0.44687310261080754
30_day_proxy,4,28,1,2026-02-16,LTKF0022M,1,relative_active_persistent,26.0,1,111,1.0,1.0,27,11,0.4074074074074074,0.35703703703703704,0.44687310261080754
30_day_proxy,4,28,1,2026-02-16,LTKF0031,1,relative_active_persistent,4.0,1,111,1.0,1.0,27,13,0.48148148148148145,0.35703703703703704,0.44687310261080754
30_day_proxy,4,28,1,2026-02-16,LTKF0047,1,relative_active_persistent,1.0,1,111,0.0,0.0,27,7,0.25925925925925924,0.35703703703703704,0.44687310261080754
30_day_proxy,4,28,1,2026-02-16,LTKF0058,1,relative_active_persistent,2.0,1,111,0.0,0.0,27,2,0.07407407407407407,0.35703703703703704,0.44687310261080754
30_day_proxy,4,28,1,2026-02-16,LTKF0101,1,relative_active_persistent,1.0,1,111,0.0,0.0,27,8,0.2962962962962963,0.35703703703703704,0.44687310261080754
30_day_proxy,4,28,1,2026-02-16,LTKF0102,2,low_frequency_sparse,0.0,0,111,1.0,1.0,27,5,0.18518518518518517,0.35703703703703704,0.2374727668845316
30_day_proxy,4,28,1,2026-02-16,LTKF0106,0,low_information,0.0,0,111,0.25,0.68359375,27,2,0.07407407407407407,0.35703703703703704,0.07407407407407407
30_day_proxy,4,28,1,2026-02-16,LTKF0111,2,low_frequency_sparse,11.0,1,111,0.25,0.68359375,27,4,0.14814814814814814,0.35703703703703704,0.2374727668845316
30_day_proxy,4,28,1,2026-02-16,LTKF093,2,low_frequency_sparse,0.0,0,111,0.25,0.68359375,27,9,0.3333333333333333,0.35703703703703704,0.2374727668845316
30_day_proxy,4,28,1,2026-02-16,LTKF098,1,relative_active_persistent,0.0,0,111,0.75,0.99609375,27,8,0.2962962962962963,0.35703703703703704,0.44687310261080754
30_day_proxy,4,28,1,2026-02-16,LTKF098B,0,low_information,13.0,1,6,0.75,0.99609375,1,1,,0.35703703703703704,0.07407407407407407
30_day_proxy,4,28,1,2026-02-16,LYC0201,2,low_frequency_sparse,2.0,1,111,0.0,0.0,27,4,0.14814814814814814,0.35703703703703704,0.2374727668845316
30_day_proxy,4,28,1,2026-02-16,LYC0203,2,low_frequency_sparse,0.0,0,111,0.25,0.68359375,27,7,0.25925925925925924,0.35703703703703704,0.2374727668845316
30_day_proxy,4,28,1,2026-02-16,NNB0002,1,relative_active_persistent,0.0,0,111,0.0,0.0,27,6,0.2222222222222222,0.35703703703703704,0.44687310261080754
30_day_proxy,4,28,1,2026-02-16,NNBZL01,0,low_information,0.0,0,6,0.0,0.0,1,0,,0.35703703703703704,0.07407407407407407
30_day_proxy,4,28,1,2026-02-16,QCCXC0004,1,relative_active_persistent,0.0,0,111,0.0,0.0,27,5,0.18518518518518517,0.35703703703703704,0.44687310261080754
30_day_proxy,4,28,1,2026-02-16,QFDNZGJK001,0,low_information,7.0,1,6,0.25,0.68359375,1,1,,0.35703703703703704,0.07407407407407407
30_day_proxy,4,28,1,2026-02-16,QFDNZGJK002,0,low_information,8.0,1,6,0.0,0.0,1,0,,0.35703703703703704,0.07407407407407407
30_day_proxy,4,28,1,2026-02-16,QFSJZ002-1,2,low_frequency_sparse,2.0,1,111,0.0,0.0,27,4,0.14814814814814814,0.35703703703703704,0.2374727668845316
30_day_proxy,4,28,1,2026-02-16,QFSJZ003,2,low_frequency_sparse,0.0,0,111,0.25,0.68359375,27,6,0.2222222222222222,0.35703703703703704,0.2374727668845316
30_day_proxy,4,28,1,2026-02-16,QFSJZ003-1,2,low_frequency_sparse,0.0,0,111,1.0,1.0,27,8,0.2962962962962963,0.35703703703703704,0.2374727668845316
30_day_proxy,4,28,1,2026-02-16,QFYF001,0,low_information,0.0,0,6,0.0,0.0,1,0,,0.35703703703703704,0.07407407407407407
30_day_proxy,4,28,1,2026-02-16,RLHZHMV000AMDE,1,relative_active_persistent,56.0,1,111,0.75,0.99609375,27,19,0.7037037037037037,0.35703703703703704,0.44687310261080754
30_day_proxy,4,28,1,2026-02-16,SKZ2FT01,0,low_information,0.0,0,6,0.0,0.0,1,0,,0.35703703703703704,0.07407407407407407
30_day_proxy,4,28,1,2026-02-16,SKZ3FT01,0,low_information,0.0,0,6,0.0,0.0,1,0,,0.35703703703703704,0.07407407407407407
30_day_proxy,4,28,1,2026-02-16,SLT0003,2,low_frequency_sparse,1.0,1,111,0.5,0.9375,27,11,0.4074074074074074,0.35703703703703704,0.2374727668845316
30_day_proxy,4,28,1,2026-02-16,SLT0004,2,low_frequency_sparse,0.0,0,111,0.5,0.9375,27,4,0.14814814814814814,0.35703703703703704,0.2374727668845316
30_day_proxy,4,28,1,2026-02-16,TTNX0002,0,low_information,0.0,0,6,0.0,0.0,1,0,,0.35703703703703704,0.07407407407407407
30_day_proxy,4,28,1,2026-02-16,XFTW0001,0,low_information,0.0,0,6,0.0,0.0,1,0,,0.35703703703703704,0.07407407407407407
30_day_proxy,4,28,1,2026-02-16,XGX9992,0,low_information,0.0,0,6,0.0,0.0,1,0,,0.35703703703703704,0.07407407407407407
30_day_proxy,4,28,1,2026-02-16,XGX9993,0,low_information,0.0,0,6,0.0,0.0,1,0,,0.35703703703703704,0.07407407407407407
30_day_proxy,4,28,1,2026-02-16,XGX9994,0,low_information,0.0,0,6,0.0,0.0,1,0,,0.35703703703703704,0.07407407407407407
30_day_proxy,4,28,1,2026-02-16,XGX9995,0,low_information,0.0,0,6,0.0,0.0,1,0,,0.35703703703703704,0.07407407407407407
30_day_proxy,4,28,1,2026-02-16,XGX99990,0,low_information,0.0,0,6,0.0,0.0,1,0,,0.35703703703703704,0.07407407407407407
30_day_proxy,4,28,1,2026-02-16,XGX99991,0,low_information,0.0,0,6,0.0,0.0,1,0,,0.35703703703703704,0.07407407407407407
30_day_proxy,4,28,1,2026-02-16,XGX99992,0,low_information,0.0,0,6,0.0,0.0,1,0,,0.35703703703703704,0.07407407407407407
30_day_proxy,4,28,1,2026-02-16,XGX99993,0,low_information,0.0,0,6,0.0,0.0,1,0,,0.35703703703703704,0.07407407407407407
30_day_proxy,4,28,1,2026-02-16,XHP0001,1,relative_active_persistent,184.0,1,111,0.5,0.9375,27,7,0.25925925925925924,0.35703703703703704,0.44687310261080754
30_day_proxy,4,28,1,2026-02-16,XHZXCZP0001,1,relative_active_persistent,18.0,1,111,1.0,1.0,27,16,0.5925925925925926,0.35703703703703704,0.44687310261080754
30_day_proxy,4,28,1,2026-02-16,XHZXCZP0002,1,relative_active_persistent,6.0,1,111,0.0,0.0,27,4,0.14814814814814814,0.35703703703703704,0.44687310261080754
30_day_proxy,4,28,1,2026-02-16,XMJ0001,0,low_information,0.0,0,6,0.0,0.0,1,0,,0.35703703703703704,0.07407407407407407
30_day_proxy,4,28,1,2026-02-16,XMJ0004,0,low_information,0.0,0,6,0.0,0.0,1,0,,0.35703703703703704,0.07407407407407407
30_day_proxy,4,28,1,2026-02-16,XMSH0001,0,low_information,45.0,1,6,0.25,0.68359375,1,1,,0.35703703703703704,0.07407407407407407
30_day_proxy,4,28,1,2026-02-16,XXGP0002,0,low_information,0.0,0,6,0.0,0.0,1,0,,0.35703703703703704,0.07407407407407407
30_day_proxy,4,28,1,2026-02-16,XYJ0001,0,low_information,2.0,1,6,0.0,0.0,1,0,,0.35703703703703704,0.07407407407407407
30_day_proxy,4,28,1,2026-02-16,XYMGPD0001,0,low_information,11.0,1,6,1.0,1.0,1,1,,0.35703703703703704,0.07407407407407407
30_day_proxy,4,28,1,2026-02-16,XYMGPD0002,0,low_information,5.0,1,6,0.0,0.0,1,0,,0.35703703703703704,0.07407407407407407
30_day_proxy,4,28,1,2026-02-16,XYMLRY00001,0,low_information,4.0,1,6,0.5,0.9375,1,1,,0.35703703703703704,0.07407407407407407
30_day_proxy,4,28,1,2026-02-16,XYMZD0017,0,low_information,0.0,0,6,0.0,0.0,1,0,,0.35703703703703704,0.07407407407407407
30_day_proxy,4,28,1,2026-02-16,XYMZG0016,0,low_information,0.0,0,6,0.0,0.0,1,0,,0.35703703703703704,0.07407407407407407
30_day_proxy,4,28,1,2026-02-16,YDBZ001,1,relative_active_persistent,0.0,0,111,1.0,1.0,27,12,0.4444444444444444,0.35703703703703704,0.44687310261080754
30_day_proxy,4,28,1,2026-02-16,YDBZ002,1,relative_active_persistent,3.0,1,111,1.0,1.0,27,13,0.48148148148148145,0.35703703703703704,0.44687310261080754
30_day_proxy,4,28,1,2026-02-16,YEC0009,0,low_information,18.0,1,6,0.5,0.9375,1,1,,0.35703703703703704,0.07407407407407407
30_day_proxy,4,28,1,2026-02-16,YJLZHMV000AMDE,1,relative_active_persistent,3.0,1,111,0.25,0.68359375,27,19,0.7037037037037037,0.35703703703703704,0.44687310261080754
30_day_proxy,4,28,1,2026-02-16,YXBLJ0001,2,low_frequency_sparse,0.0,0,111,0.5,0.9375,27,5,0.18518518518518517,0.35703703703703704,0.2374727668845316
30_day_proxy,4,28,1,2026-02-16,ZBTZ0002,0,low_information,0.0,0,111,0.0,0.0,27,4,0.14814814814814814,0.35703703703703704,0.07407407407407407
30_day_proxy,4,28,1,2026-02-16,ZBTZ0003,2,low_frequency_sparse,1.0,1,111,0.0,0.0,27,5,0.18518518518518517,0.35703703703703704,0.2374727668845316
30_day_proxy,4,28,1,2026-02-16,ZTD0001,1,relative_active_persistent,0.0,0,111,0.0,0.0,27,2,0.07407407407407407,0.35703703703703704,0.44687310261080754
30_day_proxy,4,28,1,2026-02-16,ZTD0003,1,relative_active_persistent,1.0,1,111,0.0,0.0,27,5,0.18518518518518517,0.35703703703703704,0.44687310261080754
30_day_proxy,4,28,1,2026-02-16,ZTD0004,0,low_information,0.0,0,6,0.0,0.0,1,0,,0.35703703703703704,0.07407407407407407
30_day_proxy,4,28,1,2026-02-16,xgx0013,0,low_information,0.0,0,6,0.0,0.0,1,0,,0.35703703703703704,0.07407407407407407
30_day_proxy,4,28,1,2026-02-16,xgx0014,0,low_information,11.0,1,6,0.75,0.99609375,1,1,,0.35703703703703704,0.07407407407407407
30_day_proxy,4,28,1,2026-02-16,xgx0015,0,low_information,4.0,1,6,1.0,1.0,1,1,,0.35703703703703704,0.07407407407407407
30_day_proxy,4,28,1,2026-02-16,xgx0016,0,low_information,7.0,1,6,0.75,0.99609375,1,1,,0.35703703703703704,0.07407407407407407
30_day_proxy,4,28,1,2026-02-16,xymzd0015,1,relative_active_persistent,2.0,1,6,0.75,0.99609375,1,1,,0.35703703703703704,0.44687310261080754
30_day_proxy,4,28,1,2026-02-16,xymzd0016,0,low_information,0.0,0,6,0.0,0.0,1,0,,0.35703703703703704,0.07407407407407407
30_day_proxy,4,28,1,2026-02-16,zxy0002,0,low_information,0.0,0,6,0.0,0.0,1,0,,0.35703703703703704,0.07407407407407407
30_day_proxy,4,28,2,2026-03-16,BLP0001,1,relative_active_persistent,20.0,1,115,0.5,0.9375,28,9,0.32142857142857145,0.36800276434001383,0.4703488372093023
30_day_proxy,4,28,2,2026-03-16,BLP0002,1,relative_active_persistent,4.0,1,115,0.25,0.68359375,28,9,0.32142857142857145,0.36800276434001383,0.4703488372093023
30_day_proxy,4,28,2,2026-03-16,BLP0003,2,low_frequency_sparse,0.0,0,115,0.75,0.99609375,28,6,0.21428571428571427,0.36800276434001383,0.24220374220374222
30_day_proxy,4,28,2,2026-03-16,BLP0004,2,low_frequency_sparse,0.0,0,115,0.0,0.0,28,3,0.10714285714285714,0.36800276434001383,0.24220374220374222
30_day_proxy,4,28,2,2026-03-16,BLP0005,0,low_information,0.0,0,10,0.25,0.68359375,2,2,1.0,0.36800276434001383,0.10849056603773585
30_day_proxy,4,28,2,2026-03-16,BLP0007,0,low_information,0.0,0,10,0.0,0.0,2,0,0.0,0.36800276434001383,0.10849056603773585
30_day_proxy,4,28,2,2026-03-16,CFSNT008,0,low_information,0.0,0,10,0.0,0.0,2,0,0.0,0.36800276434001383,0.10849056603773585
30_day_proxy,4,28,2,2026-03-16,CLSSLT0003,2,low_frequency_sparse,0.0,0,115,0.25,0.68359375,28,10,0.35714285714285715,0.36800276434001383,0.24220374220374222
30_day_proxy,4,28,2,2026-03-16,CLSSLT0006,2,low_frequency_sparse,1.0,1,115,0.25,0.68359375,28,10,0.35714285714285715,0.36800276434001383,0.24220374220374222
30_day_proxy,4,28,2,2026-03-16,CWW0002,1,relative_active_persistent,99.0,1,115,1.0,1.0,28,9,0.32142857142857145,0.36800276434001383,0.4703488372093023
30_day_proxy,4,28,2,2026-03-16,DHZXCZP0001,1,relative_active_persistent,1.0,1,115,0.75,0.99609375,28,9,0.32142857142857145,0.36800276434001383,0.4703488372093023
30_day_proxy,4,28,2,2026-03-16,DRMJJ0021,2,low_frequency_sparse,1.0,1,115,0.5,0.9375,28,5,0.17857142857142858,0.36800276434001383,0.24220374220374222
30_day_proxy,4,28,2,2026-03-16,DRMJJ0022,1,relative_active_persistent,5.0,1,115,0.75,0.99609375,28,11,0.39285714285714285,0.36800276434001383,0.4703488372093023
30_day_proxy,4,28,2,2026-03-16,DRMJJ0023,1,relative_active_persistent,10.0,1,115,1.0,1.0,28,13,0.4642857142857143,0.36800276434001383,0.4703488372093023
30_day_proxy,4,28,2,2026-03-16,DRMJJ0025,2,low_frequency_sparse,0.0,0,115,0.5,0.9375,28,9,0.32142857142857145,0.36800276434001383,0.24220374220374222
30_day_proxy,4,28,2,2026-03-16,DRMJJ0026,2,low_frequency_sparse,1.0,1,115,0.25,0.68359375,28,5,0.17857142857142858,0.36800276434001383,0.24220374220374222
30_day_proxy,4,28,2,2026-03-16,DRMJJ0027,2,low_frequency_sparse,0.0,0,115,0.0,0.0,28,3,0.10714285714285714,0.36800276434001383,0.24220374220374222
30_day_proxy,4,28,2,2026-03-16,DRMJJ0038,0,low_information,5.0,1,10,0.25,0.68359375,2,1,0.5,0.36800276434001383,0.10849056603773585
30_day_proxy,4,28,2,2026-03-16,DRMJJ0039,0,low_information,4.0,1,10,0.25,0.68359375,2,2,1.0,0.36800276434001383,0.10849056603773585
30_day_proxy,4,28,2,2026-03-16,ETZP0003,1,relative_active_persistent,17.0,1,115,0.5,0.9375,28,6,0.21428571428571427,0.36800276434001383,0.4703488372093023
30_day_proxy,4,28,2,2026-03-16,ETZP0004,1,relative_active_persistent,0.0,0,115,1.0,1.0,28,12,0.42857142857142855,0.36800276434001383,0.4703488372093023
30_day_proxy,4,28,2,2026-03-16,FDBLHP0001,2,low_frequency_sparse,0.0,0,115,0.5,0.9375,28,7,0.25,0.36800276434001383,0.24220374220374222
30_day_proxy,4,28,2,2026-03-16,FDBLP0001,1,relative_active_persistent,48.0,1,115,0.25,0.68359375,28,12,0.42857142857142855,0.36800276434001383,0.4703488372093023
30_day_proxy,4,28,2,2026-03-16,FRC0003,1,relative_active_persistent,0.0,0,115,0.75,0.99609375,28,14,0.5,0.36800276434001383,0.4703488372093023
30_day_proxy,4,28,2,2026-03-16,FRH0028,2,low_frequency_sparse,0.0,0,115,0.25,0.68359375,28,13,0.4642857142857143,0.36800276434001383,0.24220374220374222
30_day_proxy,4,28,2,2026-03-16,FRH0033,1,relative_active_persistent,2.0,1,115,1.0,1.0,28,25,0.8928571428571429,0.36800276434001383,0.4703488372093023
30_day_proxy,4,28,2,2026-03-16,FRH0034,1,relative_active_persistent,0.0,0,115,0.0,0.0,28,22,0.7857142857142857,0.36800276434001383,0.4703488372093023
30_day_proxy,4,28,2,2026-03-16,FRH0043,2,low_frequency_sparse,0.0,0,115,0.0,0.0,28,5,0.17857142857142858,0.36800276434001383,0.24220374220374222
30_day_proxy,4,28,2,2026-03-16,FRH0044,2,low_frequency_sparse,5.0,1,115,0.5,0.9375,28,15,0.5357142857142857,0.36800276434001383,0.24220374220374222
30_day_proxy,4,28,2,2026-03-16,FRH0046,1,relative_active_persistent,38.0,1,115,1.0,1.0,28,22,0.7857142857142857,0.36800276434001383,0.4703488372093023
30_day_proxy,4,28,2,2026-03-16,FRH0048,1,relative_active_persistent,23.0,1,115,1.0,1.0,28,22,0.7857142857142857,0.36800276434001383,0.4703488372093023
30_day_proxy,4,28,2,2026-03-16,FRH0050,1,relative_active_persistent,1.0,1,115,0.25,0.68359375,28,22,0.7857142857142857,0.36800276434001383,0.4703488372093023
30_day_proxy,4,28,2,2026-03-16,FRH0051,1,relative_active_persistent,10.0,1,115,1.0,1.0,28,23,0.8214285714285714,0.36800276434001383,0.4703488372093023
30_day_proxy,4,28,2,2026-03-16,FRH0056,1,relative_active_persistent,33.0,1,115,1.0,1.0,28,24,0.8571428571428571,0.36800276434001383,0.4703488372093023
30_day_proxy,4,28,2,2026-03-16,FRH0056-1,2,low_frequency_sparse,4.0,1,115,0.25,0.68359375,28,5,0.17857142857142858,0.36800276434001383,0.24220374220374222
30_day_proxy,4,28,2,2026-03-16,FRH0059,1,relative_active_persistent,1.0,1,115,0.0,0.0,28,18,0.6428571428571429,0.36800276434001383,0.4703488372093023
30_day_proxy,4,28,2,2026-03-16,FRH0064,1,relative_active_persistent,2.0,1,115,0.5,0.9375,28,9,0.32142857142857145,0.36800276434001383,0.4703488372093023
30_day_proxy,4,28,2,2026-03-16,FRH0065,1,relative_active_persistent,2.0,1,115,0.75,0.99609375,28,9,0.32142857142857145,0.36800276434001383,0.4703488372093023
30_day_proxy,4,28,2,2026-03-16,FRH0068,2,low_frequency_sparse,0.0,0,115,0.25,0.68359375,28,6,0.21428571428571427,0.36800276434001383,0.24220374220374222
30_day_proxy,4,28,2,2026-03-16,FRW00023,0,low_information,0.0,0,10,0.0,0.0,2,0,0.0,0.36800276434001383,0.10849056603773585
30_day_proxy,4,28,2,2026-03-16,FRW0005,1,relative_active_persistent,15.0,1,115,1.0,1.0,28,22,0.7857142857142857,0.36800276434001383,0.4703488372093023
30_day_proxy,4,28,2,2026-03-16,FRW0006,1,relative_active_persistent,13.0,1,115,1.0,1.0,28,25,0.8928571428571429,0.36800276434001383,0.4703488372093023
30_day_proxy,4,28,2,2026-03-16,FRW0008,2,low_frequency_sparse,3.0,1,115,0.0,0.0,28,3,0.10714285714285714,0.36800276434001383,0.24220374220374222
30_day_proxy,4,28,2,2026-03-16,FRW0009,2,low_frequency_sparse,8.0,1,115,0.5,0.9375,28,9,0.32142857142857145,0.36800276434001383,0.24220374220374222
30_day_proxy,4,28,2,2026-03-16,FRW0015,1,relative_active_persistent,15.0,1,115,0.0,0.0,28,9,0.32142857142857145,0.36800276434001383,0.4703488372093023
30_day_proxy,4,28,2,2026-03-16,FRW0024,1,relative_active_persistent,3.0,1,115,0.75,0.99609375,28,7,0.25,0.36800276434001383,0.4703488372093023
30_day_proxy,4,28,2,2026-03-16,FRW0025,0,low_information,0.0,0,10,0.5,0.9375,2,1,0.5,0.36800276434001383,0.10849056603773585
30_day_proxy,4,28,2,2026-03-16,FSTBY001,0,low_information,0.0,0,115,0.0,0.0,28,1,0.03571428571428571,0.36800276434001383,0.10849056603773585
30_day_proxy,4,28,2,2026-03-16,FZGLS0001,0,low_information,3.0,1,115,0.0,0.0,28,1,0.03571428571428571,0.36800276434001383,0.10849056603773585
30_day_proxy,4,28,2,2026-03-16,FZGLS0002,2,low_frequency_sparse,1.0,1,115,0.25,0.68359375,28,4,0.14285714285714285,0.36800276434001383,0.24220374220374222
30_day_proxy,4,28,2,2026-03-16,FZLRICBHP0001,1,relative_active_persistent,0.0,0,115,0.0,0.0,28,6,0.21428571428571427,0.36800276434001383,0.4703488372093023
30_day_proxy,4,28,2,2026-03-16,FZLRJ0001,1,relative_active_persistent,3.0,1,115,1.0,1.0,28,10,0.35714285714285715,0.36800276434001383,0.4703488372093023
30_day_proxy,4,28,2,2026-03-16,FZLRJ0001double,0,low_information,0.0,0,115,0.0,0.0,28,2,0.07142857142857142,0.36800276434001383,0.10849056603773585
30_day_proxy,4,28,2,2026-03-16,FZLRJ0002,1,relative_active_persistent,41.0,1,115,1.0,1.0,28,12,0.42857142857142855,0.36800276434001383,0.4703488372093023
30_day_proxy,4,28,2,2026-03-16,FZLRJ0002double,2,low_frequency_sparse,0.0,0,115,0.0,0.0,28,7,0.25,0.36800276434001383,0.24220374220374222
30_day_proxy,4,28,2,2026-03-16,FZLRJ0005,0,low_information,0.0,0,10,0.0,0.0,2,1,0.5,0.36800276434001383,0.10849056603773585
30_day_proxy,4,28,2,2026-03-16,GJMJWJX001,1,relative_active_persistent,0.0,0,115,0.0,0.0,28,18,0.6428571428571429,0.36800276434001383,0.4703488372093023
30_day_proxy,4,28,2,2026-03-16,GJMJWJXW001,1,relative_active_persistent,0.0,0,115,0.0,0.0,28,8,0.2857142857142857,0.36800276434001383,0.4703488372093023
30_day_proxy,4,28,2,2026-03-16,HLGKSLT0001,1,relative_active_persistent,4.0,1,115,0.75,0.99609375,28,14,0.5,0.36800276434001383,0.4703488372093023
30_day_proxy,4,28,2,2026-03-16,HWZDSKL0001,1,relative_active_persistent,8.0,1,115,0.0,0.0,28,6,0.21428571428571427,0.36800276434001383,0.4703488372093023
30_day_proxy,4,28,2,2026-03-16,HWZDSKL0002,1,relative_active_persistent,2.0,1,115,0.0,0.0,28,7,0.25,0.36800276434001383,0.4703488372093023
30_day_proxy,4,28,2,2026-03-16,HZSN0001,1,relative_active_persistent,11.0,1,115,0.5,0.9375,28,17,0.6071428571428571,0.36800276434001383,0.4703488372093023
30_day_proxy,4,28,2,2026-03-16,JZJ00011,1,relative_active_persistent,11.0,1,115,0.75,0.99609375,28,10,0.35714285714285715,0.36800276434001383,0.4703488372093023
30_day_proxy,4,28,2,2026-03-16,JZJ00012,1,relative_active_persistent,4.0,1,115,0.75,0.99609375,28,13,0.4642857142857143,0.36800276434001383,0.4703488372093023
30_day_proxy,4,28,2,2026-03-16,JZJ0002,1,relative_active_persistent,14.0,1,115,1.0,1.0,28,15,0.5357142857142857,0.36800276434001383,0.4703488372093023
30_day_proxy,4,28,2,2026-03-16,JZJ0003,1,relative_active_persistent,36.0,1,115,1.0,1.0,28,15,0.5357142857142857,0.36800276434001383,0.4703488372093023
30_day_proxy,4,28,2,2026-03-16,JZJ0009,1,relative_active_persistent,75.0,1,115,1.0,1.0,28,15,0.5357142857142857,0.36800276434001383,0.4703488372093023
30_day_proxy,4,28,2,2026-03-16,JZJ0013,1,relative_active_persistent,50.0,1,115,1.0,1.0,28,18,0.6428571428571429,0.36800276434001383,0.4703488372093023
30_day_proxy,4,28,2,2026-03-16,JZJ0014,2,low_frequency_sparse,0.0,0,115,0.0,0.0,28,7,0.25,0.36800276434001383,0.24220374220374222
30_day_proxy,4,28,2,2026-03-16,JZJ0016,1,relative_active_persistent,3.0,1,115,0.25,0.68359375,28,18,0.6428571428571429,0.36800276434001383,0.4703488372093023
30_day_proxy,4,28,2,2026-03-16,JZJ0017,2,low_frequency_sparse,1.0,1,115,0.0,0.0,28,6,0.21428571428571427,0.36800276434001383,0.24220374220374222
30_day_proxy,4,28,2,2026-03-16,JZJ0018,1,relative_active_persistent,0.0,0,115,0.5,0.9375,28,8,0.2857142857142857,0.36800276434001383,0.4703488372093023
30_day_proxy,4,28,2,2026-03-16,JZJ0019,1,relative_active_persistent,6.0,1,115,1.0,1.0,28,11,0.39285714285714285,0.36800276434001383,0.4703488372093023
30_day_proxy,4,28,2,2026-03-16,KFYFQ51mm,2,low_frequency_sparse,9.0,1,10,1.0,1.0,2,2,1.0,0.36800276434001383,0.24220374220374222
30_day_proxy,4,28,2,2026-03-16,KFYFQ54mm,0,low_information,12.0,1,10,0.5,0.9375,2,1,0.5,0.36800276434001383,0.10849056603773585
30_day_proxy,4,28,2,2026-03-16,KFYFQ58mm,2,low_frequency_sparse,23.0,1,10,1.0,1.0,2,2,1.0,0.36800276434001383,0.24220374220374222
30_day_proxy,4,28,2,2026-03-16,KZCWBG001,2,low_frequency_sparse,5.0,1,115,0.0,0.0,28,8,0.2857142857142857,0.36800276434001383,0.24220374220374222
30_day_proxy,4,28,2,2026-03-16,LTKF0019,1,relative_active_persistent,3.0,1,115,1.0,1.0,28,14,0.5,0.36800276434001383,0.4703488372093023
30_day_proxy,4,28,2,2026-03-16,LTKF0020,1,relative_active_persistent,102.0,1,115,1.0,1.0,28,14,0.5,0.36800276434001383,0.4703488372093023
30_day_proxy,4,28,2,2026-03-16,LTKF0021,1,relative_active_persistent,9.0,1,115,1.0,1.0,28,14,0.5,0.36800276434001383,0.4703488372093023
30_day_proxy,4,28,2,2026-03-16,LTKF0022M,1,relative_active_persistent,8.0,1,115,1.0,1.0,28,12,0.42857142857142855,0.36800276434001383,0.4703488372093023
30_day_proxy,4,28,2,2026-03-16,LTKF0031,1,relative_active_persistent,2.0,1,115,1.0,1.0,28,14,0.5,0.36800276434001383,0.4703488372093023
30_day_proxy,4,28,2,2026-03-16,LTKF0047,1,relative_active_persistent,2.0,1,115,0.25,0.68359375,28,8,0.2857142857142857,0.36800276434001383,0.4703488372093023
30_day_proxy,4,28,2,2026-03-16,LTKF0058,2,low_frequency_sparse,5.0,1,115,0.25,0.68359375,28,3,0.10714285714285714,0.36800276434001383,0.24220374220374222
30_day_proxy,4,28,2,2026-03-16,LTKF0101,1,relative_active_persistent,34.0,1,115,0.25,0.68359375,28,9,0.32142857142857145,0.36800276434001383,0.4703488372093023
30_day_proxy,4,28,2,2026-03-16,LTKF0102,2,low_frequency_sparse,0.0,0,115,0.0,0.0,28,5,0.17857142857142858,0.36800276434001383,0.24220374220374222
30_day_proxy,4,28,2,2026-03-16,LTKF0106,0,low_information,0.0,0,115,0.0,0.0,28,2,0.07142857142857142,0.36800276434001383,0.10849056603773585
30_day_proxy,4,28,2,2026-03-16,LTKF0111,2,low_frequency_sparse,5.0,1,115,1.0,1.0,28,5,0.17857142857142858,0.36800276434001383,0.24220374220374222
30_day_proxy,4,28,2,2026-03-16,LTKF093,2,low_frequency_sparse,21.0,1,115,0.0,0.0,28,9,0.32142857142857145,0.36800276434001383,0.24220374220374222
30_day_proxy,4,28,2,2026-03-16,LTKF098,1,relative_active_persistent,1.0,1,115,0.0,0.0,28,8,0.2857142857142857,0.36800276434001383,0.4703488372093023
30_day_proxy,4,28,2,2026-03-16,LTKF098B,1,relative_active_persistent,12.0,1,10,1.0,1.0,2,2,1.0,0.36800276434001383,0.4703488372093023
30_day_proxy,4,28,2,2026-03-16,LYC0201,1,relative_active_persistent,1.0,1,115,0.25,0.68359375,28,5,0.17857142857142858,0.36800276434001383,0.4703488372093023
30_day_proxy,4,28,2,2026-03-16,LYC0203,2,low_frequency_sparse,1.0,1,115,0.0,0.0,28,7,0.25,0.36800276434001383,0.24220374220374222
30_day_proxy,4,28,2,2026-03-16,NNB0002,1,relative_active_persistent,88.0,1,115,0.0,0.0,28,6,0.21428571428571427,0.36800276434001383,0.4703488372093023
30_day_proxy,4,28,2,2026-03-16,NNBZL01,0,low_information,31.0,1,10,0.0,0.0,2,0,0.0,0.36800276434001383,0.10849056603773585
30_day_proxy,4,28,2,2026-03-16,QCCXC0004,1,relative_active_persistent,1.0,1,115,0.0,0.0,28,5,0.17857142857142858,0.36800276434001383,0.4703488372093023
30_day_proxy,4,28,2,2026-03-16,QFDNZGJK001,0,low_information,11.0,1,10,0.75,0.99609375,2,2,1.0,0.36800276434001383,0.10849056603773585
30_day_proxy,4,28,2,2026-03-16,QFDNZGJK002,0,low_information,22.0,1,10,1.0,1.0,2,1,0.5,0.36800276434001383,0.10849056603773585
30_day_proxy,4,28,2,2026-03-16,QFSJZ002-1,2,low_frequency_sparse,1.0,1,115,0.25,0.68359375,28,5,0.17857142857142858,0.36800276434001383,0.24220374220374222
30_day_proxy,4,28,2,2026-03-16,QFSJZ003,2,low_frequency_sparse,0.0,0,115,0.0,0.0,28,6,0.21428571428571427,0.36800276434001383,0.24220374220374222
30_day_proxy,4,28,2,2026-03-16,QFSJZ003-1,2,low_frequency_sparse,0.0,0,115,0.0,0.0,28,8,0.2857142857142857,0.36800276434001383,0.24220374220374222
30_day_proxy,4,28,2,2026-03-16,QFYF001,0,low_information,0.0,0,10,0.0,0.0,2,0,0.0,0.36800276434001383,0.10849056603773585
30_day_proxy,4,28,2,2026-03-16,RLHZHMV000AMDE,1,relative_active_persistent,45.0,1,115,1.0,1.0,28,20,0.7142857142857143,0.36800276434001383,0.4703488372093023
30_day_proxy,4,28,2,2026-03-16,SKZ2FT01,0,low_information,0.0,0,10,0.0,0.0,2,0,0.0,0.36800276434001383,0.10849056603773585
30_day_proxy,4,28,2,2026-03-16,SKZ3FT01,0,low_information,0.0,0,10,0.0,0.0,2,0,0.0,0.36800276434001383,0.10849056603773585
30_day_proxy,4,28,2,2026-03-16,SLT0003,2,low_frequency_sparse,0.0,0,115,0.25,0.68359375,28,12,0.42857142857142855,0.36800276434001383,0.24220374220374222
30_day_proxy,4,28,2,2026-03-16,SLT0004,2,low_frequency_sparse,0.0,0,115,0.0,0.0,28,4,0.14285714285714285,0.36800276434001383,0.24220374220374222
30_day_proxy,4,28,2,2026-03-16,TTNX0002,0,low_information,0.0,0,10,0.0,0.0,2,0,0.0,0.36800276434001383,0.10849056603773585
30_day_proxy,4,28,2,2026-03-16,XFTW0001,0,low_information,0.0,0,10,0.0,0.0,2,0,0.0,0.36800276434001383,0.10849056603773585
30_day_proxy,4,28,2,2026-03-16,XGX9992,0,low_information,0.0,0,10,0.0,0.0,2,0,0.0,0.36800276434001383,0.10849056603773585
30_day_proxy,4,28,2,2026-03-16,XGX9993,0,low_information,0.0,0,10,0.0,0.0,2,0,0.0,0.36800276434001383,0.10849056603773585
30_day_proxy,4,28,2,2026-03-16,XGX9994,0,low_information,0.0,0,10,0.0,0.0,2,0,0.0,0.36800276434001383,0.10849056603773585
30_day_proxy,4,28,2,2026-03-16,XGX9995,0,low_information,0.0,0,10,0.0,0.0,2,0,0.0,0.36800276434001383,0.10849056603773585
30_day_proxy,4,28,2,2026-03-16,XGX99990,0,low_information,0.0,0,10,0.0,0.0,2,0,0.0,0.36800276434001383,0.10849056603773585
30_day_proxy,4,28,2,2026-03-16,XGX99991,0,low_information,0.0,0,10,0.0,0.0,2,0,0.0,0.36800276434001383,0.10849056603773585
30_day_proxy,4,28,2,2026-03-16,XGX99992,0,low_information,0.0,0,10,0.0,0.0,2,0,0.0,0.36800276434001383,0.10849056603773585
30_day_proxy,4,28,2,2026-03-16,XGX99993,0,low_information,0.0,0,10,0.0,0.0,2,0,0.0,0.36800276434001383,0.10849056603773585
30_day_proxy,4,28,2,2026-03-16,XHP0001,1,relative_active_persistent,24.0,1,115,1.0,1.0,28,8,0.2857142857142857,0.36800276434001383,0.4703488372093023
30_day_proxy,4,28,2,2026-03-16,XHZXCZP0001,1,relative_active_persistent,24.0,1,115,1.0,1.0,28,17,0.6071428571428571,0.36800276434001383,0.4703488372093023
30_day_proxy,4,28,2,2026-03-16,XHZXCZP0002,1,relative_active_persistent,9.0,1,115,1.0,1.0,28,7,0.25,0.36800276434001383,0.4703488372093023
30_day_proxy,4,28,2,2026-03-16,XMJ0001,0,low_information,0.0,0,10,0.0,0.0,2,0,0.0,0.36800276434001383,0.10849056603773585
30_day_proxy,4,28,2,2026-03-16,XMJ0004,0,low_information,1.0,1,10,0.0,0.0,2,0,0.0,0.36800276434001383,0.10849056603773585
30_day_proxy,4,28,2,2026-03-16,XMSH0001,1,relative_active_persistent,0.0,0,10,1.0,1.0,2,2,1.0,0.36800276434001383,0.4703488372093023
30_day_proxy,4,28,2,2026-03-16,XXGP0002,0,low_information,16.0,1,10,0.0,0.0,2,0,0.0,0.36800276434001383,0.10849056603773585
30_day_proxy,4,28,2,2026-03-16,XYJ0001,0,low_information,20.0,1,10,0.5,0.9375,2,1,0.5,0.36800276434001383,0.10849056603773585
30_day_proxy,4,28,2,2026-03-16,XYMGPD0001,1,relative_active_persistent,5.0,1,10,1.0,1.0,2,2,1.0,0.36800276434001383,0.4703488372093023
30_day_proxy,4,28,2,2026-03-16,XYMGPD0002,0,low_information,7.0,1,10,0.75,0.99609375,2,1,0.5,0.36800276434001383,0.10849056603773585
30_day_proxy,4,28,2,2026-03-16,XYMLRY00001,2,low_frequency_sparse,0.0,0,10,0.75,0.99609375,2,2,1.0,0.36800276434001383,0.24220374220374222
30_day_proxy,4,28,2,2026-03-16,XYMZD0017,0,low_information,0.0,0,10,0.0,0.0,2,0,0.0,0.36800276434001383,0.10849056603773585
30_day_proxy,4,28,2,2026-03-16,XYMZG0016,0,low_information,0.0,0,10,0.0,0.0,2,0,0.0,0.36800276434001383,0.10849056603773585
30_day_proxy,4,28,2,2026-03-16,YDBZ001,1,relative_active_persistent,2.0,1,115,0.0,0.0,28,12,0.42857142857142855,0.36800276434001383,0.4703488372093023
30_day_proxy,4,28,2,2026-03-16,YDBZ002,1,relative_active_persistent,0.0,0,115,0.25,0.68359375,28,14,0.5,0.36800276434001383,0.4703488372093023
30_day_proxy,4,28,2,2026-03-16,YEC0009,1,relative_active_persistent,0.0,0,10,1.0,1.0,2,2,1.0,0.36800276434001383,0.4703488372093023
30_day_proxy,4,28,2,2026-03-16,YJLZHMV000AMDE,1,relative_active_persistent,3.0,1,115,0.5,0.9375,28,20,0.7142857142857143,0.36800276434001383,0.4703488372093023
30_day_proxy,4,28,2,2026-03-16,YXBLJ0001,2,low_frequency_sparse,0.0,0,115,0.0,0.0,28,5,0.17857142857142858,0.36800276434001383,0.24220374220374222
30_day_proxy,4,28,2,2026-03-16,ZBTZ0002,0,low_information,3.0,1,115,0.0,0.0,28,4,0.14285714285714285,0.36800276434001383,0.10849056603773585
30_day_proxy,4,28,2,2026-03-16,ZBTZ0003,2,low_frequency_sparse,0.0,0,115,0.25,0.68359375,28,6,0.21428571428571427,0.36800276434001383,0.24220374220374222
30_day_proxy,4,28,2,2026-03-16,ZTD0001,2,low_frequency_sparse,7.0,1,115,0.0,0.0,28,2,0.07142857142857142,0.36800276434001383,0.24220374220374222
30_day_proxy,4,28,2,2026-03-16,ZTD0003,1,relative_active_persistent,14.0,1,115,0.25,0.68359375,28,6,0.21428571428571427,0.36800276434001383,0.4703488372093023
30_day_proxy,4,28,2,2026-03-16,ZTD0004,0,low_information,0.0,0,10,0.0,0.0,2,0,0.0,0.36800276434001383,0.10849056603773585
30_day_proxy,4,28,2,2026-03-16,xgx0013,0,low_information,1.0,1,10,0.0,0.0,2,0,0.0,0.36800276434001383,0.10849056603773585
30_day_proxy,4,28,2,2026-03-16,xgx0014,2,low_frequency_sparse,2.0,1,10,0.75,0.99609375,2,2,1.0,0.36800276434001383,0.24220374220374222
30_day_proxy,4,28,2,2026-03-16,xgx0015,2,low_frequency_sparse,6.0,1,10,0.5,0.9375,2,2,1.0,0.36800276434001383,0.24220374220374222
30_day_proxy,4,28,2,2026-03-16,xgx0016,1,relative_active_persistent,8.0,1,10,1.0,1.0,2,2,1.0,0.36800276434001383,0.4703488372093023
30_day_proxy,4,28,2,2026-03-16,xymzd0015,1,relative_active_persistent,0.0,0,10,0.5,0.9375,2,2,1.0,0.36800276434001383,0.4703488372093023
30_day_proxy,4,28,2,2026-03-16,xymzd0016,0,low_information,0.0,0,10,0.0,0.0,2,0,0.0,0.36800276434001383,0.10849056603773585
30_day_proxy,4,28,2,2026-03-16,zxy0002,0,low_information,0.0,0,10,0.0,0.0,2,0,0.0,0.36800276434001383,0.10849056603773585
30_day_proxy,4,28,3,2026-04-13,BLP0001,1,relative_active_persistent,38.0,1,119,0.5,0.9375,29,10,0.3448275862068966,0.38046695166063793,0.4564533053515215
30_day_proxy,4,28,3,2026-04-13,BLP0002,1,relative_active_persistent,4.0,1,119,1.0,1.0,29,10,0.3448275862068966,0.38046695166063793,0.4564533053515215
30_day_proxy,4,28,3,2026-04-13,BLP0003,2,low_frequency_sparse,2.0,1,119,0.0,0.0,29,6,0.20689655172413793,0.38046695166063793,0.2894168466522678
30_day_proxy,4,28,3,2026-04-13,BLP0004,2,low_frequency_sparse,0.0,0,119,0.0,0.0,29,3,0.10344827586206896,0.38046695166063793,0.2894168466522678
30_day_proxy,4,28,3,2026-04-13,BLP0005,0,low_information,0.0,0,14,0.0,0.0,3,2,0.6666666666666666,0.38046695166063793,0.09090909090909091
30_day_proxy,4,28,3,2026-04-13,BLP0007,0,low_information,0.0,0,14,0.0,0.0,3,0,0.0,0.38046695166063793,0.09090909090909091
30_day_proxy,4,28,3,2026-04-13,CFSNT008,0,low_information,0.0,0,14,0.0,0.0,3,0,0.0,0.38046695166063793,0.09090909090909091
30_day_proxy,4,28,3,2026-04-13,CLSSLT0003,2,low_frequency_sparse,0.0,0,119,0.0,0.0,29,10,0.3448275862068966,0.38046695166063793,0.2894168466522678
30_day_proxy,4,28,3,2026-04-13,CLSSLT0006,2,low_frequency_sparse,1.0,1,119,0.25,0.68359375,29,11,0.3793103448275862,0.38046695166063793,0.2894168466522678
30_day_proxy,4,28,3,2026-04-13,CWW0002,1,relative_active_persistent,35.0,1,119,1.0,1.0,29,10,0.3448275862068966,0.38046695166063793,0.4564533053515215
30_day_proxy,4,28,3,2026-04-13,DHZXCZP0001,1,relative_active_persistent,0.0,0,119,0.25,0.68359375,29,10,0.3448275862068966,0.38046695166063793,0.4564533053515215
30_day_proxy,4,28,3,2026-04-13,DRMJJ0021,1,relative_active_persistent,0.0,0,119,0.25,0.68359375,29,6,0.20689655172413793,0.38046695166063793,0.4564533053515215
30_day_proxy,4,28,3,2026-04-13,DRMJJ0022,1,relative_active_persistent,3.0,1,119,1.0,1.0,29,12,0.41379310344827586,0.38046695166063793,0.4564533053515215
30_day_proxy,4,28,3,2026-04-13,DRMJJ0023,1,relative_active_persistent,4.0,1,119,1.0,1.0,29,14,0.4827586206896552,0.38046695166063793,0.4564533053515215
30_day_proxy,4,28,3,2026-04-13,DRMJJ0025,1,relative_active_persistent,0.0,0,119,0.0,0.0,29,9,0.3103448275862069,0.38046695166063793,0.4564533053515215
30_day_proxy,4,28,3,2026-04-13,DRMJJ0026,2,low_frequency_sparse,2.0,1,119,0.25,0.68359375,29,6,0.20689655172413793,0.38046695166063793,0.2894168466522678
30_day_proxy,4,28,3,2026-04-13,DRMJJ0027,2,low_frequency_sparse,0.0,0,119,0.0,0.0,29,3,0.10344827586206896,0.38046695166063793,0.2894168466522678
30_day_proxy,4,28,3,2026-04-13,DRMJJ0038,0,low_information,3.0,1,14,0.75,0.99609375,3,2,0.6666666666666666,0.38046695166063793,0.09090909090909091
30_day_proxy,4,28,3,2026-04-13,DRMJJ0039,2,low_frequency_sparse,1.0,1,14,0.75,0.99609375,3,3,1.0,0.38046695166063793,0.2894168466522678
30_day_proxy,4,28,3,2026-04-13,ETZP0003,1,relative_active_persistent,0.0,0,119,0.5,0.9375,29,7,0.2413793103448276,0.38046695166063793,0.4564533053515215
30_day_proxy,4,28,3,2026-04-13,ETZP0004,1,relative_active_persistent,0.0,0,119,0.0,0.0,29,11,0.3793103448275862,0.38046695166063793,0.4564533053515215
30_day_proxy,4,28,3,2026-04-13,FDBLHP0001,1,relative_active_persistent,0.0,0,119,0.0,0.0,29,7,0.2413793103448276,0.38046695166063793,0.4564533053515215
30_day_proxy,4,28,3,2026-04-13,FDBLP0001,1,relative_active_persistent,87.0,1,119,0.75,0.99609375,29,13,0.4482758620689655,0.38046695166063793,0.4564533053515215
30_day_proxy,4,28,3,2026-04-13,FRC0003,1,relative_active_persistent,17.0,1,119,0.0,0.0,29,14,0.4827586206896552,0.38046695166063793,0.4564533053515215
30_day_proxy,4,28,3,2026-04-13,FRH0028,2,low_frequency_sparse,0.0,0,119,0.0,0.0,29,13,0.4482758620689655,0.38046695166063793,0.2894168466522678
30_day_proxy,4,28,3,2026-04-13,FRH0033,1,relative_active_persistent,1.0,1,119,0.25,0.68359375,29,26,0.896551724137931,0.38046695166063793,0.4564533053515215
30_day_proxy,4,28,3,2026-04-13,FRH0034,2,low_frequency_sparse,0.0,0,119,0.0,0.0,29,22,0.7586206896551724,0.38046695166063793,0.2894168466522678
30_day_proxy,4,28,3,2026-04-13,FRH0043,2,low_frequency_sparse,1.0,1,119,0.0,0.0,29,5,0.1724137931034483,0.38046695166063793,0.2894168466522678
30_day_proxy,4,28,3,2026-04-13,FRH0044,2,low_frequency_sparse,3.0,1,119,0.75,0.99609375,29,16,0.5517241379310345,0.38046695166063793,0.2894168466522678
30_day_proxy,4,28,3,2026-04-13,FRH0046,1,relative_active_persistent,16.0,1,119,1.0,1.0,29,23,0.7931034482758621,0.38046695166063793,0.4564533053515215
30_day_proxy,4,28,3,2026-04-13,FRH0048,1,relative_active_persistent,20.0,1,119,1.0,1.0,29,23,0.7931034482758621,0.38046695166063793,0.4564533053515215
30_day_proxy,4,28,3,2026-04-13,FRH0050,2,low_frequency_sparse,0.0,0,119,0.25,0.68359375,29,23,0.7931034482758621,0.38046695166063793,0.2894168466522678
30_day_proxy,4,28,3,2026-04-13,FRH0051,1,relative_active_persistent,8.0,1,119,1.0,1.0,29,24,0.8275862068965517,0.38046695166063793,0.4564533053515215
30_day_proxy,4,28,3,2026-04-13,FRH0056,1,relative_active_persistent,52.0,1,119,1.0,1.0,29,25,0.8620689655172413,0.38046695166063793,0.4564533053515215
30_day_proxy,4,28,3,2026-04-13,FRH0056-1,2,low_frequency_sparse,0.0,0,119,0.5,0.9375,29,6,0.20689655172413793,0.38046695166063793,0.2894168466522678
30_day_proxy,4,28,3,2026-04-13,FRH0059,1,relative_active_persistent,3.0,1,119,0.25,0.68359375,29,19,0.6551724137931034,0.38046695166063793,0.4564533053515215
30_day_proxy,4,28,3,2026-04-13,FRH0064,1,relative_active_persistent,3.0,1,119,0.25,0.68359375,29,10,0.3448275862068966,0.38046695166063793,0.4564533053515215
30_day_proxy,4,28,3,2026-04-13,FRH0065,1,relative_active_persistent,4.0,1,119,0.5,0.9375,29,10,0.3448275862068966,0.38046695166063793,0.4564533053515215
30_day_proxy,4,28,3,2026-04-13,FRH0068,2,low_frequency_sparse,0.0,0,119,0.0,0.0,29,6,0.20689655172413793,0.38046695166063793,0.2894168466522678
30_day_proxy,4,28,3,2026-04-13,FRW00023,0,low_information,0.0,0,14,0.0,0.0,3,0,0.0,0.38046695166063793,0.09090909090909091
30_day_proxy,4,28,3,2026-04-13,FRW0005,1,relative_active_persistent,15.0,1,119,1.0,1.0,29,23,0.7931034482758621,0.38046695166063793,0.4564533053515215
30_day_proxy,4,28,3,2026-04-13,FRW0006,1,relative_active_persistent,2.0,1,119,1.0,1.0,29,26,0.896551724137931,0.38046695166063793,0.4564533053515215
30_day_proxy,4,28,3,2026-04-13,FRW0008,2,low_frequency_sparse,0.0,0,119,0.5,0.9375,29,4,0.13793103448275862,0.38046695166063793,0.2894168466522678
30_day_proxy,4,28,3,2026-04-13,FRW0009,2,low_frequency_sparse,7.0,1,119,1.0,1.0,29,10,0.3448275862068966,0.38046695166063793,0.2894168466522678
30_day_proxy,4,28,3,2026-04-13,FRW0015,1,relative_active_persistent,107.0,1,119,0.5,0.9375,29,10,0.3448275862068966,0.38046695166063793,0.4564533053515215
30_day_proxy,4,28,3,2026-04-13,FRW0024,1,relative_active_persistent,11.0,1,119,0.5,0.9375,29,8,0.27586206896551724,0.38046695166063793,0.4564533053515215
30_day_proxy,4,28,3,2026-04-13,FRW0025,0,low_information,0.0,0,14,0.0,0.0,3,1,0.3333333333333333,0.38046695166063793,0.09090909090909091
30_day_proxy,4,28,3,2026-04-13,FSTBY001,0,low_information,0.0,0,119,0.0,0.0,29,1,0.034482758620689655,0.38046695166063793,0.09090909090909091
30_day_proxy,4,28,3,2026-04-13,FZGLS0001,0,low_information,1.0,1,119,0.5,0.9375,29,2,0.06896551724137931,0.38046695166063793,0.09090909090909091
30_day_proxy,4,28,3,2026-04-13,FZGLS0002,2,low_frequency_sparse,0.0,0,119,0.25,0.68359375,29,5,0.1724137931034483,0.38046695166063793,0.2894168466522678
30_day_proxy,4,28,3,2026-04-13,FZLRICBHP0001,1,relative_active_persistent,0.0,0,119,0.0,0.0,29,6,0.20689655172413793,0.38046695166063793,0.4564533053515215
30_day_proxy,4,28,3,2026-04-13,FZLRJ0001,1,relative_active_persistent,2.0,1,119,0.5,0.9375,29,11,0.3793103448275862,0.38046695166063793,0.4564533053515215
30_day_proxy,4,28,3,2026-04-13,FZLRJ0001double,0,low_information,0.0,0,119,0.0,0.0,29,2,0.06896551724137931,0.38046695166063793,0.09090909090909091
30_day_proxy,4,28,3,2026-04-13,FZLRJ0002,1,relative_active_persistent,9.0,1,119,1.0,1.0,29,13,0.4482758620689655,0.38046695166063793,0.4564533053515215
30_day_proxy,4,28,3,2026-04-13,FZLRJ0002double,2,low_frequency_sparse,0.0,0,119,0.0,0.0,29,7,0.2413793103448276,0.38046695166063793,0.2894168466522678
30_day_proxy,4,28,3,2026-04-13,FZLRJ0005,0,low_information,0.0,0,14,0.0,0.0,3,1,0.3333333333333333,0.38046695166063793,0.09090909090909091
30_day_proxy,4,28,3,2026-04-13,GJMJWJX001,1,relative_active_persistent,0.0,0,119,0.0,0.0,29,18,0.6206896551724138,0.38046695166063793,0.4564533053515215
30_day_proxy,4,28,3,2026-04-13,GJMJWJXW001,1,relative_active_persistent,0.0,0,119,0.0,0.0,29,8,0.27586206896551724,0.38046695166063793,0.4564533053515215
30_day_proxy,4,28,3,2026-04-13,HLGKSLT0001,1,relative_active_persistent,3.0,1,119,0.5,0.9375,29,15,0.5172413793103449,0.38046695166063793,0.4564533053515215
30_day_proxy,4,28,3,2026-04-13,HWZDSKL0001,1,relative_active_persistent,16.0,1,119,0.5,0.9375,29,7,0.2413793103448276,0.38046695166063793,0.4564533053515215
30_day_proxy,4,28,3,2026-04-13,HWZDSKL0002,2,low_frequency_sparse,0.0,0,119,0.25,0.68359375,29,8,0.27586206896551724,0.38046695166063793,0.2894168466522678
30_day_proxy,4,28,3,2026-04-13,HZSN0001,1,relative_active_persistent,8.0,1,119,0.5,0.9375,29,18,0.6206896551724138,0.38046695166063793,0.4564533053515215
30_day_proxy,4,28,3,2026-04-13,JZJ00011,1,relative_active_persistent,2.0,1,119,1.0,1.0,29,11,0.3793103448275862,0.38046695166063793,0.4564533053515215
30_day_proxy,4,28,3,2026-04-13,JZJ00012,1,relative_active_persistent,6.0,1,119,0.5,0.9375,29,14,0.4827586206896552,0.38046695166063793,0.4564533053515215
30_day_proxy,4,28,3,2026-04-13,JZJ0002,1,relative_active_persistent,29.0,1,119,1.0,1.0,29,16,0.5517241379310345,0.38046695166063793,0.4564533053515215
30_day_proxy,4,28,3,2026-04-13,JZJ0003,1,relative_active_persistent,35.0,1,119,1.0,1.0,29,16,0.5517241379310345,0.38046695166063793,0.4564533053515215
30_day_proxy,4,28,3,2026-04-13,JZJ0009,1,relative_active_persistent,39.0,1,119,1.0,1.0,29,16,0.5517241379310345,0.38046695166063793,0.4564533053515215
30_day_proxy,4,28,3,2026-04-13,JZJ0013,1,relative_active_persistent,46.0,1,119,1.0,1.0,29,19,0.6551724137931034,0.38046695166063793,0.4564533053515215
30_day_proxy,4,28,3,2026-04-13,JZJ0014,2,low_frequency_sparse,1.0,1,119,0.0,0.0,29,7,0.2413793103448276,0.38046695166063793,0.2894168466522678
30_day_proxy,4,28,3,2026-04-13,JZJ0016,1,relative_active_persistent,19.0,1,119,0.75,0.99609375,29,19,0.6551724137931034,0.38046695166063793,0.4564533053515215
30_day_proxy,4,28,3,2026-04-13,JZJ0017,2,low_frequency_sparse,0.0,0,119,0.25,0.68359375,29,7,0.2413793103448276,0.38046695166063793,0.2894168466522678
30_day_proxy,4,28,3,2026-04-13,JZJ0018,1,relative_active_persistent,0.0,0,119,0.0,0.0,29,8,0.27586206896551724,0.38046695166063793,0.4564533053515215
30_day_proxy,4,28,3,2026-04-13,JZJ0019,1,relative_active_persistent,3.0,1,119,1.0,1.0,29,12,0.41379310344827586,0.38046695166063793,0.4564533053515215
30_day_proxy,4,28,3,2026-04-13,KFYFQ51mm,1,relative_active_persistent,31.0,1,14,0.5,0.9375,3,3,1.0,0.38046695166063793,0.4564533053515215
30_day_proxy,4,28,3,2026-04-13,KFYFQ54mm,0,low_information,42.0,1,14,0.5,0.9375,3,2,0.6666666666666666,0.38046695166063793,0.09090909090909091
30_day_proxy,4,28,3,2026-04-13,KFYFQ58mm,2,low_frequency_sparse,61.0,1,14,1.0,1.0,3,3,1.0,0.38046695166063793,0.2894168466522678
30_day_proxy,4,28,3,2026-04-13,KZCWBG001,1,relative_active_persistent,2.0,1,119,1.0,1.0,29,9,0.3103448275862069,0.38046695166063793,0.4564533053515215
30_day_proxy,4,28,3,2026-04-13,LTKF0019,1,relative_active_persistent,1.0,1,119,0.5,0.9375,29,15,0.5172413793103449,0.38046695166063793,0.4564533053515215
30_day_proxy,4,28,3,2026-04-13,LTKF0020,1,relative_active_persistent,51.0,1,119,1.0,1.0,29,15,0.5172413793103449,0.38046695166063793,0.4564533053515215
30_day_proxy,4,28,3,2026-04-13,LTKF0021,1,relative_active_persistent,18.0,1,119,1.0,1.0,29,15,0.5172413793103449,0.38046695166063793,0.4564533053515215
30_day_proxy,4,28,3,2026-04-13,LTKF0022M,1,relative_active_persistent,4.0,1,119,1.0,1.0,29,13,0.4482758620689655,0.38046695166063793,0.4564533053515215
30_day_proxy,4,28,3,2026-04-13,LTKF0031,1,relative_active_persistent,1.0,1,119,0.5,0.9375,29,15,0.5172413793103449,0.38046695166063793,0.4564533053515215
30_day_proxy,4,28,3,2026-04-13,LTKF0047,1,relative_active_persistent,0.0,0,119,0.25,0.68359375,29,9,0.3103448275862069,0.38046695166063793,0.4564533053515215
30_day_proxy,4,28,3,2026-04-13,LTKF0058,2,low_frequency_sparse,2.0,1,119,0.75,0.99609375,29,4,0.13793103448275862,0.38046695166063793,0.2894168466522678
30_day_proxy,4,28,3,2026-04-13,LTKF0101,1,relative_active_persistent,56.0,1,119,1.0,1.0,29,10,0.3448275862068966,0.38046695166063793,0.4564533053515215
30_day_proxy,4,28,3,2026-04-13,LTKF0102,2,low_frequency_sparse,0.0,0,119,0.0,0.0,29,5,0.1724137931034483,0.38046695166063793,0.2894168466522678
30_day_proxy,4,28,3,2026-04-13,LTKF0106,0,low_information,1.0,1,119,0.0,0.0,29,2,0.06896551724137931,0.38046695166063793,0.09090909090909091
30_day_proxy,4,28,3,2026-04-13,LTKF0111,1,relative_active_persistent,4.0,1,119,0.75,0.99609375,29,6,0.20689655172413793,0.38046695166063793,0.4564533053515215
30_day_proxy,4,28,3,2026-04-13,LTKF093,1,relative_active_persistent,4.0,1,119,1.0,1.0,29,10,0.3448275862068966,0.38046695166063793,0.4564533053515215
30_day_proxy,4,28,3,2026-04-13,LTKF098,1,relative_active_persistent,6.0,1,119,0.25,0.68359375,29,9,0.3103448275862069,0.38046695166063793,0.4564533053515215
30_day_proxy,4,28,3,2026-04-13,LTKF098B,2,low_frequency_sparse,1.0,1,14,1.0,1.0,3,3,1.0,0.38046695166063793,0.2894168466522678
30_day_proxy,4,28,3,2026-04-13,LYC0201,2,low_frequency_sparse,4.0,1,119,0.25,0.68359375,29,6,0.20689655172413793,0.38046695166063793,0.2894168466522678
30_day_proxy,4,28,3,2026-04-13,LYC0203,2,low_frequency_sparse,0.0,0,119,0.25,0.68359375,29,8,0.27586206896551724,0.38046695166063793,0.2894168466522678
30_day_proxy,4,28,3,2026-04-13,NNB0002,1,relative_active_persistent,52.0,1,119,1.0,1.0,29,9,0.3103448275862069,0.38046695166063793,0.4564533053515215
30_day_proxy,4,28,3,2026-04-13,NNBZL01,0,low_information,5.0,1,14,1.0,1.0,3,1,0.3333333333333333,0.38046695166063793,0.09090909090909091
30_day_proxy,4,28,3,2026-04-13,QCCXC0004,1,relative_active_persistent,0.0,0,119,0.25,0.68359375,29,6,0.20689655172413793,0.38046695166063793,0.4564533053515215
30_day_proxy,4,28,3,2026-04-13,QFDNZGJK001,2,low_frequency_sparse,0.0,0,14,1.0,1.0,3,3,1.0,0.38046695166063793,0.2894168466522678
30_day_proxy,4,28,3,2026-04-13,QFDNZGJK002,1,relative_active_persistent,10.0,1,14,1.0,1.0,3,2,0.6666666666666666,0.38046695166063793,0.4564533053515215
30_day_proxy,4,28,3,2026-04-13,QFSJZ002-1,2,low_frequency_sparse,0.0,0,119,0.25,0.68359375,29,6,0.20689655172413793,0.38046695166063793,0.2894168466522678
30_day_proxy,4,28,3,2026-04-13,QFSJZ003,2,low_frequency_sparse,0.0,0,119,0.0,0.0,29,6,0.20689655172413793,0.38046695166063793,0.2894168466522678
30_day_proxy,4,28,3,2026-04-13,QFSJZ003-1,1,relative_active_persistent,0.0,0,119,0.0,0.0,29,8,0.27586206896551724,0.38046695166063793,0.4564533053515215
30_day_proxy,4,28,3,2026-04-13,QFYF001,0,low_information,0.0,0,14,0.0,0.0,3,0,0.0,0.38046695166063793,0.09090909090909091
30_day_proxy,4,28,3,2026-04-13,RLHZHMV000AMDE,1,relative_active_persistent,54.0,1,119,1.0,1.0,29,21,0.7241379310344828,0.38046695166063793,0.4564533053515215
30_day_proxy,4,28,3,2026-04-13,SKZ2FT01,0,low_information,0.0,0,14,0.0,0.0,3,0,0.0,0.38046695166063793,0.09090909090909091
30_day_proxy,4,28,3,2026-04-13,SKZ3FT01,0,low_information,0.0,0,14,0.0,0.0,3,0,0.0,0.38046695166063793,0.09090909090909091
30_day_proxy,4,28,3,2026-04-13,SLT0003,2,low_frequency_sparse,0.0,0,119,0.0,0.0,29,12,0.41379310344827586,0.38046695166063793,0.2894168466522678
30_day_proxy,4,28,3,2026-04-13,SLT0004,2,low_frequency_sparse,0.0,0,119,0.0,0.0,29,4,0.13793103448275862,0.38046695166063793,0.2894168466522678
30_day_proxy,4,28,3,2026-04-13,TTNX0002,0,low_information,0.0,0,14,0.0,0.0,3,0,0.0,0.38046695166063793,0.09090909090909091
30_day_proxy,4,28,3,2026-04-13,XFTW0001,0,low_information,8.0,1,14,0.0,0.0,3,0,0.0,0.38046695166063793,0.09090909090909091
30_day_proxy,4,28,3,2026-04-13,XGX9992,0,low_information,0.0,0,14,0.0,0.0,3,0,0.0,0.38046695166063793,0.09090909090909091
30_day_proxy,4,28,3,2026-04-13,XGX9993,0,low_information,0.0,0,14,0.0,0.0,3,0,0.0,0.38046695166063793,0.09090909090909091
30_day_proxy,4,28,3,2026-04-13,XGX9994,0,low_information,0.0,0,14,0.0,0.0,3,0,0.0,0.38046695166063793,0.09090909090909091
30_day_proxy,4,28,3,2026-04-13,XGX9995,0,low_information,0.0,0,14,0.0,0.0,3,0,0.0,0.38046695166063793,0.09090909090909091
30_day_proxy,4,28,3,2026-04-13,XGX99990,0,low_information,0.0,0,14,0.0,0.0,3,0,0.0,0.38046695166063793,0.09090909090909091
30_day_proxy,4,28,3,2026-04-13,XGX99991,0,low_information,0.0,0,14,0.0,0.0,3,0,0.0,0.38046695166063793,0.09090909090909091
30_day_proxy,4,28,3,2026-04-13,XGX99992,0,low_information,0.0,0,14,0.0,0.0,3,0,0.0,0.38046695166063793,0.09090909090909091
30_day_proxy,4,28,3,2026-04-13,XGX99993,0,low_information,0.0,0,14,0.0,0.0,3,0,0.0,0.38046695166063793,0.09090909090909091
30_day_proxy,4,28,3,2026-04-13,XHP0001,1,relative_active_persistent,383.0,1,119,0.75,0.99609375,29,9,0.3103448275862069,0.38046695166063793,0.4564533053515215
30_day_proxy,4,28,3,2026-04-13,XHZXCZP0001,1,relative_active_persistent,38.0,1,119,1.0,1.0,29,18,0.6206896551724138,0.38046695166063793,0.4564533053515215
30_day_proxy,4,28,3,2026-04-13,XHZXCZP0002,1,relative_active_persistent,34.0,1,119,0.75,0.99609375,29,8,0.27586206896551724,0.38046695166063793,0.4564533053515215
30_day_proxy,4,28,3,2026-04-13,XMJ0001,0,low_information,23.0,1,14,0.0,0.0,3,0,0.0,0.38046695166063793,0.09090909090909091
30_day_proxy,4,28,3,2026-04-13,XMJ0004,0,low_information,29.0,1,14,0.25,0.68359375,3,1,0.3333333333333333,0.38046695166063793,0.09090909090909091
30_day_proxy,4,28,3,2026-04-13,XMSH0001,1,relative_active_persistent,1.0,1,14,0.0,0.0,3,2,0.6666666666666666,0.38046695166063793,0.4564533053515215
30_day_proxy,4,28,3,2026-04-13,XXGP0002,0,low_information,35.0,1,14,0.75,0.99609375,3,1,0.3333333333333333,0.38046695166063793,0.09090909090909091
30_day_proxy,4,28,3,2026-04-13,XYJ0001,1,relative_active_persistent,12.0,1,14,1.0,1.0,3,2,0.6666666666666666,0.38046695166063793,0.4564533053515215
30_day_proxy,4,28,3,2026-04-13,XYMGPD0001,1,relative_active_persistent,0.0,0,14,0.5,0.9375,3,3,1.0,0.38046695166063793,0.4564533053515215
30_day_proxy,4,28,3,2026-04-13,XYMGPD0002,2,low_frequency_sparse,8.0,1,14,1.0,1.0,3,2,0.6666666666666666,0.38046695166063793,0.2894168466522678
30_day_proxy,4,28,3,2026-04-13,XYMLRY00001,2,low_frequency_sparse,5.0,1,14,0.0,0.0,3,2,0.6666666666666666,0.38046695166063793,0.2894168466522678
30_day_proxy,4,28,3,2026-04-13,XYMZD0017,0,low_information,0.0,0,14,0.0,0.0,3,0,0.0,0.38046695166063793,0.09090909090909091
30_day_proxy,4,28,3,2026-04-13,XYMZG0016,0,low_information,0.0,0,14,0.0,0.0,3,0,0.0,0.38046695166063793,0.09090909090909091
30_day_proxy,4,28,3,2026-04-13,YDBZ001,1,relative_active_persistent,0.0,0,119,0.5,0.9375,29,13,0.4482758620689655,0.38046695166063793,0.4564533053515215
30_day_proxy,4,28,3,2026-04-13,YDBZ002,1,relative_active_persistent,0.0,0,119,0.0,0.0,29,14,0.4827586206896552,0.38046695166063793,0.4564533053515215
30_day_proxy,4,28,3,2026-04-13,YEC0009,1,relative_active_persistent,14.0,1,14,0.0,0.0,3,2,0.6666666666666666,0.38046695166063793,0.4564533053515215
30_day_proxy,4,28,3,2026-04-13,YJLZHMV000AMDE,1,relative_active_persistent,8.0,1,119,0.75,0.99609375,29,21,0.7241379310344828,0.38046695166063793,0.4564533053515215
30_day_proxy,4,28,3,2026-04-13,YXBLJ0001,2,low_frequency_sparse,0.0,0,119,0.0,0.0,29,5,0.1724137931034483,0.38046695166063793,0.2894168466522678
30_day_proxy,4,28,3,2026-04-13,ZBTZ0002,1,relative_active_persistent,15.0,1,119,0.5,0.9375,29,5,0.1724137931034483,0.38046695166063793,0.4564533053515215
30_day_proxy,4,28,3,2026-04-13,ZBTZ0003,2,low_frequency_sparse,2.0,1,119,0.0,0.0,29,6,0.20689655172413793,0.38046695166063793,0.2894168466522678
30_day_proxy,4,28,3,2026-04-13,ZTD0001,2,low_frequency_sparse,4.0,1,119,0.5,0.9375,29,3,0.10344827586206896,0.38046695166063793,0.2894168466522678
30_day_proxy,4,28,3,2026-04-13,ZTD0003,1,relative_active_persistent,2.0,1,119,1.0,1.0,29,9,0.3103448275862069,0.38046695166063793,0.4564533053515215
30_day_proxy,4,28,3,2026-04-13,ZTD0004,0,low_information,0.0,0,14,0.0,0.0,3,0,0.0,0.38046695166063793,0.09090909090909091
30_day_proxy,4,28,3,2026-04-13,xgx0013,0,low_information,0.0,0,14,0.25,0.68359375,3,1,0.3333333333333333,0.38046695166063793,0.09090909090909091
30_day_proxy,4,28,3,2026-04-13,xgx0014,2,low_frequency_sparse,1.0,1,14,0.25,0.68359375,3,3,1.0,0.38046695166063793,0.2894168466522678
30_day_proxy,4,28,3,2026-04-13,xgx0015,2,low_frequency_sparse,7.0,1,14,0.75,0.99609375,3,3,1.0,0.38046695166063793,0.2894168466522678
30_day_proxy,4,28,3,2026-04-13,xgx0016,2,low_frequency_sparse,4.0,1,14,1.0,1.0,3,3,1.0,0.38046695166063793,0.2894168466522678
30_day_proxy,4,28,3,2026-04-13,xymzd0015,1,relative_active_persistent,0.0,0,14,0.0,0.0,3,2,0.6666666666666666,0.38046695166063793,0.4564533053515215
30_day_proxy,4,28,3,2026-04-13,xymzd0016,0,low_information,0.0,0,14,0.0,0.0,3,0,0.0,0.38046695166063793,0.09090909090909091
30_day_proxy,4,28,3,2026-04-13,zxy0002,0,low_information,0.0,0,14,0.0,0.0,3,0,0.0,0.38046695166063793,0.09090909090909091
30_day_proxy,4,28,4,2026-05-11,BLP0001,1,relative_active_persistent,31.0,1,123,1.0,1.0,30,11,0.36666666666666664,0.3889585947302384,0.5066872427983539
30_day_proxy,4,28,4,2026-05-11,BLP0002,1,relative_active_persistent,8.0,1,123,0.5,0.9375,30,11,0.36666666666666664,0.3889585947302384,0.5066872427983539
30_day_proxy,4,28,4,2026-05-11,BLP0003,2,low_frequency_sparse,0.0,0,123,0.25,0.68359375,30,7,0.23333333333333334,0.3889585947302384,0.23047619047619047
30_day_proxy,4,28,4,2026-05-11,BLP0004,2,low_frequency_sparse,0.0,0,123,0.0,0.0,30,3,0.1,0.3889585947302384,0.23047619047619047
30_day_proxy,4,28,4,2026-05-11,BLP0005,0,low_information,1.0,1,18,0.0,0.0,4,2,0.5,0.3889585947302384,0.06701030927835051
30_day_proxy,4,28,4,2026-05-11,BLP0007,0,low_information,0.0,0,18,0.0,0.0,4,0,0.0,0.3889585947302384,0.06701030927835051
30_day_proxy,4,28,4,2026-05-11,CFSNT008,0,low_information,0.0,0,18,0.0,0.0,4,0,0.0,0.3889585947302384,0.06701030927835051
30_day_proxy,4,28,4,2026-05-11,CLSSLT0003,2,low_frequency_sparse,0.0,0,123,0.0,0.0,30,10,0.3333333333333333,0.3889585947302384,0.23047619047619047
30_day_proxy,4,28,4,2026-05-11,CLSSLT0006,2,low_frequency_sparse,1.0,1,123,0.25,0.68359375,30,12,0.4,0.3889585947302384,0.23047619047619047
30_day_proxy,4,28,4,2026-05-11,CWW0002,1,relative_active_persistent,25.0,1,123,1.0,1.0,30,11,0.36666666666666664,0.3889585947302384,0.5066872427983539
30_day_proxy,4,28,4,2026-05-11,DHZXCZP0001,1,relative_active_persistent,2.0,1,123,0.0,0.0,30,10,0.3333333333333333,0.3889585947302384,0.5066872427983539
30_day_proxy,4,28,4,2026-05-11,DRMJJ0021,2,low_frequency_sparse,1.0,1,123,0.0,0.0,30,6,0.2,0.3889585947302384,0.23047619047619047
30_day_proxy,4,28,4,2026-05-11,DRMJJ0022,1,relative_active_persistent,2.0,1,123,0.5,0.9375,30,13,0.43333333333333335,0.3889585947302384,0.5066872427983539
30_day_proxy,4,28,4,2026-05-11,DRMJJ0023,1,relative_active_persistent,5.0,1,123,0.5,0.9375,30,15,0.5,0.3889585947302384,0.5066872427983539
30_day_proxy,4,28,4,2026-05-11,DRMJJ0025,2,low_frequency_sparse,2.0,1,123,0.0,0.0,30,9,0.3,0.3889585947302384,0.23047619047619047
30_day_proxy,4,28,4,2026-05-11,DRMJJ0026,2,low_frequency_sparse,2.0,1,123,0.5,0.9375,30,7,0.23333333333333334,0.3889585947302384,0.23047619047619047
30_day_proxy,4,28,4,2026-05-11,DRMJJ0027,2,low_frequency_sparse,3.0,1,123,0.0,0.0,30,3,0.1,0.3889585947302384,0.23047619047619047
30_day_proxy,4,28,4,2026-05-11,DRMJJ0038,1,relative_active_persistent,0.0,0,18,0.5,0.9375,4,3,0.75,0.3889585947302384,0.5066872427983539
30_day_proxy,4,28,4,2026-05-11,DRMJJ0039,1,relative_active_persistent,0.0,0,18,0.25,0.68359375,4,4,1.0,0.3889585947302384,0.5066872427983539
30_day_proxy,4,28,4,2026-05-11,ETZP0003,1,relative_active_persistent,0.0,0,123,0.0,0.0,30,7,0.23333333333333334,0.3889585947302384,0.5066872427983539
30_day_proxy,4,28,4,2026-05-11,ETZP0004,1,relative_active_persistent,0.0,0,123,0.0,0.0,30,11,0.36666666666666664,0.3889585947302384,0.5066872427983539
30_day_proxy,4,28,4,2026-05-11,FDBLHP0001,2,low_frequency_sparse,0.0,0,123,0.0,0.0,30,7,0.23333333333333334,0.3889585947302384,0.23047619047619047
30_day_proxy,4,28,4,2026-05-11,FDBLP0001,1,relative_active_persistent,1.0,1,123,0.5,0.9375,30,14,0.4666666666666667,0.3889585947302384,0.5066872427983539
30_day_proxy,4,28,4,2026-05-11,FRC0003,1,relative_active_persistent,9.0,1,123,1.0,1.0,30,15,0.5,0.3889585947302384,0.5066872427983539
30_day_proxy,4,28,4,2026-05-11,FRH0028,2,low_frequency_sparse,1.0,1,123,0.0,0.0,30,13,0.43333333333333335,0.3889585947302384,0.23047619047619047
30_day_proxy,4,28,4,2026-05-11,FRH0033,1,relative_active_persistent,3.0,1,123,0.25,0.68359375,30,27,0.9,0.3889585947302384,0.5066872427983539
30_day_proxy,4,28,4,2026-05-11,FRH0034,1,relative_active_persistent,0.0,0,123,0.0,0.0,30,22,0.7333333333333333,0.3889585947302384,0.5066872427983539
30_day_proxy,4,28,4,2026-05-11,FRH0043,2,low_frequency_sparse,0.0,0,123,0.25,0.68359375,30,6,0.2,0.3889585947302384,0.23047619047619047
30_day_proxy,4,28,4,2026-05-11,FRH0044,1,relative_active_persistent,0.0,0,123,0.75,0.99609375,30,17,0.5666666666666667,0.3889585947302384,0.5066872427983539
30_day_proxy,4,28,4,2026-05-11,FRH0046,1,relative_active_persistent,12.0,1,123,1.0,1.0,30,24,0.8,0.3889585947302384,0.5066872427983539
30_day_proxy,4,28,4,2026-05-11,FRH0048,1,relative_active_persistent,32.0,1,123,1.0,1.0,30,24,0.8,0.3889585947302384,0.5066872427983539
30_day_proxy,4,28,4,2026-05-11,FRH0050,1,relative_active_persistent,0.0,0,123,0.0,0.0,30,23,0.7666666666666667,0.3889585947302384,0.5066872427983539
30_day_proxy,4,28,4,2026-05-11,FRH0051,1,relative_active_persistent,10.0,1,123,1.0,1.0,30,25,0.8333333333333334,0.3889585947302384,0.5066872427983539
30_day_proxy,4,28,4,2026-05-11,FRH0056,1,relative_active_persistent,54.0,1,123,1.0,1.0,30,26,0.8666666666666667,0.3889585947302384,0.5066872427983539
30_day_proxy,4,28,4,2026-05-11,FRH0056-1,2,low_frequency_sparse,2.0,1,123,0.0,0.0,30,6,0.2,0.3889585947302384,0.23047619047619047
30_day_proxy,4,28,4,2026-05-11,FRH0059,1,relative_active_persistent,1.0,1,123,0.5,0.9375,30,20,0.6666666666666666,0.3889585947302384,0.5066872427983539
30_day_proxy,4,28,4,2026-05-11,FRH0064,1,relative_active_persistent,1.0,1,123,0.5,0.9375,30,11,0.36666666666666664,0.3889585947302384,0.5066872427983539
30_day_proxy,4,28,4,2026-05-11,FRH0065,1,relative_active_persistent,3.0,1,123,1.0,1.0,30,11,0.36666666666666664,0.3889585947302384,0.5066872427983539
30_day_proxy,4,28,4,2026-05-11,FRH0068,2,low_frequency_sparse,0.0,0,123,0.0,0.0,30,6,0.2,0.3889585947302384,0.23047619047619047
30_day_proxy,4,28,4,2026-05-11,FRW00023,0,low_information,3.0,1,18,0.0,0.0,4,0,0.0,0.3889585947302384,0.06701030927835051
30_day_proxy,4,28,4,2026-05-11,FRW0005,1,relative_active_persistent,5.0,1,123,1.0,1.0,30,24,0.8,0.3889585947302384,0.5066872427983539
30_day_proxy,4,28,4,2026-05-11,FRW0006,1,relative_active_persistent,3.0,1,123,0.5,0.9375,30,27,0.9,0.3889585947302384,0.5066872427983539
30_day_proxy,4,28,4,2026-05-11,FRW0008,2,low_frequency_sparse,0.0,0,123,0.0,0.0,30,4,0.13333333333333333,0.3889585947302384,0.23047619047619047
30_day_proxy,4,28,4,2026-05-11,FRW0009,2,low_frequency_sparse,4.0,1,123,0.5,0.9375,30,11,0.36666666666666664,0.3889585947302384,0.23047619047619047
30_day_proxy,4,28,4,2026-05-11,FRW0015,1,relative_active_persistent,45.0,1,123,1.0,1.0,30,11,0.36666666666666664,0.3889585947302384,0.5066872427983539
30_day_proxy,4,28,4,2026-05-11,FRW0024,1,relative_active_persistent,6.0,1,123,0.75,0.99609375,30,9,0.3,0.3889585947302384,0.5066872427983539
30_day_proxy,4,28,4,2026-05-11,FRW0025,0,low_information,0.0,0,18,0.0,0.0,4,1,0.25,0.3889585947302384,0.06701030927835051
30_day_proxy,4,28,4,2026-05-11,FSTBY001,0,low_information,1.0,1,123,0.0,0.0,30,1,0.03333333333333333,0.3889585947302384,0.06701030927835051
30_day_proxy,4,28,4,2026-05-11,FZGLS0001,2,low_frequency_sparse,1.0,1,123,0.25,0.68359375,30,3,0.1,0.3889585947302384,0.23047619047619047
30_day_proxy,4,28,4,2026-05-11,FZGLS0002,2,low_frequency_sparse,0.0,0,123,0.0,0.0,30,5,0.16666666666666666,0.3889585947302384,0.23047619047619047
30_day_proxy,4,28,4,2026-05-11,FZLRICBHP0001,1,relative_active_persistent,0.0,0,123,0.0,0.0,30,6,0.2,0.3889585947302384,0.5066872427983539
30_day_proxy,4,28,4,2026-05-11,FZLRJ0001,1,relative_active_persistent,5.0,1,123,0.25,0.68359375,30,12,0.4,0.3889585947302384,0.5066872427983539
30_day_proxy,4,28,4,2026-05-11,FZLRJ0001double,0,low_information,0.0,0,123,0.0,0.0,30,2,0.06666666666666667,0.3889585947302384,0.06701030927835051
30_day_proxy,4,28,4,2026-05-11,FZLRJ0002,1,relative_active_persistent,15.0,1,123,0.75,0.99609375,30,14,0.4666666666666667,0.3889585947302384,0.5066872427983539
30_day_proxy,4,28,4,2026-05-11,FZLRJ0002double,2,low_frequency_sparse,0.0,0,123,0.0,0.0,30,7,0.23333333333333334,0.3889585947302384,0.23047619047619047
30_day_proxy,4,28,4,2026-05-11,FZLRJ0005,0,low_information,13.0,1,18,0.0,0.0,4,1,0.25,0.3889585947302384,0.06701030927835051
30_day_proxy,4,28,4,2026-05-11,GJMJWJX001,1,relative_active_persistent,0.0,0,123,0.0,0.0,30,18,0.6,0.3889585947302384,0.5066872427983539
30_day_proxy,4,28,4,2026-05-11,GJMJWJXW001,1,relative_active_persistent,0.0,0,123,0.0,0.0,30,8,0.26666666666666666,0.3889585947302384,0.5066872427983539
30_day_proxy,4,28,4,2026-05-11,HLGKSLT0001,1,relative_active_persistent,2.0,1,123,0.75,0.99609375,30,16,0.5333333333333333,0.3889585947302384,0.5066872427983539
30_day_proxy,4,28,4,2026-05-11,HWZDSKL0001,1,relative_active_persistent,15.0,1,123,1.0,1.0,30,8,0.26666666666666666,0.3889585947302384,0.5066872427983539
30_day_proxy,4,28,4,2026-05-11,HWZDSKL0002,2,low_frequency_sparse,0.0,0,123,0.0,0.0,30,8,0.26666666666666666,0.3889585947302384,0.23047619047619047
30_day_proxy,4,28,4,2026-05-11,HZSN0001,1,relative_active_persistent,9.0,1,123,1.0,1.0,30,19,0.6333333333333333,0.3889585947302384,0.5066872427983539
30_day_proxy,4,28,4,2026-05-11,JZJ00011,1,relative_active_persistent,1.0,1,123,0.5,0.9375,30,12,0.4,0.3889585947302384,0.5066872427983539
30_day_proxy,4,28,4,2026-05-11,JZJ00012,1,relative_active_persistent,13.0,1,123,1.0,1.0,30,15,0.5,0.3889585947302384,0.5066872427983539
30_day_proxy,4,28,4,2026-05-11,JZJ0002,1,relative_active_persistent,30.0,1,123,1.0,1.0,30,17,0.5666666666666667,0.3889585947302384,0.5066872427983539
30_day_proxy,4,28,4,2026-05-11,JZJ0003,1,relative_active_persistent,44.0,1,123,1.0,1.0,30,17,0.5666666666666667,0.3889585947302384,0.5066872427983539
30_day_proxy,4,28,4,2026-05-11,JZJ0009,1,relative_active_persistent,118.0,1,123,1.0,1.0,30,17,0.5666666666666667,0.3889585947302384,0.5066872427983539
30_day_proxy,4,28,4,2026-05-11,JZJ0013,1,relative_active_persistent,53.0,1,123,1.0,1.0,30,20,0.6666666666666666,0.3889585947302384,0.5066872427983539
30_day_proxy,4,28,4,2026-05-11,JZJ0014,2,low_frequency_sparse,1.0,1,123,0.25,0.68359375,30,8,0.26666666666666666,0.3889585947302384,0.23047619047619047
30_day_proxy,4,28,4,2026-05-11,JZJ0016,1,relative_active_persistent,7.0,1,123,1.0,1.0,30,20,0.6666666666666666,0.3889585947302384,0.5066872427983539
30_day_proxy,4,28,4,2026-05-11,JZJ0017,2,low_frequency_sparse,1.0,1,123,0.0,0.0,30,7,0.23333333333333334,0.3889585947302384,0.23047619047619047
30_day_proxy,4,28,4,2026-05-11,JZJ0018,1,relative_active_persistent,2.0,1,123,0.0,0.0,30,8,0.26666666666666666,0.3889585947302384,0.5066872427983539
30_day_proxy,4,28,4,2026-05-11,JZJ0019,1,relative_active_persistent,5.0,1,123,0.25,0.68359375,30,13,0.43333333333333335,0.3889585947302384,0.5066872427983539
30_day_proxy,4,28,4,2026-05-11,KFYFQ51mm,1,relative_active_persistent,19.0,1,18,1.0,1.0,4,4,1.0,0.3889585947302384,0.5066872427983539
30_day_proxy,4,28,4,2026-05-11,KFYFQ54mm,1,relative_active_persistent,6.0,1,18,1.0,1.0,4,3,0.75,0.3889585947302384,0.5066872427983539
30_day_proxy,4,28,4,2026-05-11,KFYFQ58mm,1,relative_active_persistent,21.0,1,18,1.0,1.0,4,4,1.0,0.3889585947302384,0.5066872427983539
30_day_proxy,4,28,4,2026-05-11,KZCWBG001,2,low_frequency_sparse,20.0,1,123,0.5,0.9375,30,10,0.3333333333333333,0.3889585947302384,0.23047619047619047
30_day_proxy,4,28,4,2026-05-11,LTKF0019,1,relative_active_persistent,1.0,1,123,0.25,0.68359375,30,16,0.5333333333333333,0.3889585947302384,0.5066872427983539
30_day_proxy,4,28,4,2026-05-11,LTKF0020,1,relative_active_persistent,107.0,1,123,1.0,1.0,30,16,0.5333333333333333,0.3889585947302384,0.5066872427983539
30_day_proxy,4,28,4,2026-05-11,LTKF0021,1,relative_active_persistent,12.0,1,123,1.0,1.0,30,16,0.5333333333333333,0.3889585947302384,0.5066872427983539
30_day_proxy,4,28,4,2026-05-11,LTKF0022M,1,relative_active_persistent,7.0,1,123,0.5,0.9375,30,14,0.4666666666666667,0.3889585947302384,0.5066872427983539
30_day_proxy,4,28,4,2026-05-11,LTKF0031,1,relative_active_persistent,4.0,1,123,0.25,0.68359375,30,16,0.5333333333333333,0.3889585947302384,0.5066872427983539
30_day_proxy,4,28,4,2026-05-11,LTKF0047,1,relative_active_persistent,3.0,1,123,0.0,0.0,30,9,0.3,0.3889585947302384,0.5066872427983539
30_day_proxy,4,28,4,2026-05-11,LTKF0058,2,low_frequency_sparse,1.0,1,123,0.5,0.9375,30,5,0.16666666666666666,0.3889585947302384,0.23047619047619047
30_day_proxy,4,28,4,2026-05-11,LTKF0101,1,relative_active_persistent,32.0,1,123,1.0,1.0,30,11,0.36666666666666664,0.3889585947302384,0.5066872427983539
30_day_proxy,4,28,4,2026-05-11,LTKF0102,2,low_frequency_sparse,2.0,1,123,0.0,0.0,30,5,0.16666666666666666,0.3889585947302384,0.23047619047619047
30_day_proxy,4,28,4,2026-05-11,LTKF0106,0,low_information,0.0,0,123,0.25,0.68359375,30,3,0.1,0.3889585947302384,0.06701030927835051
30_day_proxy,4,28,4,2026-05-11,LTKF0111,2,low_frequency_sparse,2.0,1,123,0.5,0.9375,30,7,0.23333333333333334,0.3889585947302384,0.23047619047619047
30_day_proxy,4,28,4,2026-05-11,LTKF093,1,relative_active_persistent,16.0,1,123,0.5,0.9375,30,11,0.36666666666666664,0.3889585947302384,0.5066872427983539
30_day_proxy,4,28,4,2026-05-11,LTKF098,1,relative_active_persistent,17.0,1,123,0.75,0.99609375,30,10,0.3333333333333333,0.3889585947302384,0.5066872427983539
30_day_proxy,4,28,4,2026-05-11,LTKF098B,1,relative_active_persistent,10.0,1,18,0.25,0.68359375,4,4,1.0,0.3889585947302384,0.5066872427983539
30_day_proxy,4,28,4,2026-05-11,LYC0201,2,low_frequency_sparse,30.0,1,123,0.75,0.99609375,30,7,0.23333333333333334,0.3889585947302384,0.23047619047619047
30_day_proxy,4,28,4,2026-05-11,LYC0203,2,low_frequency_sparse,7.0,1,123,0.0,0.0,30,8,0.26666666666666666,0.3889585947302384,0.23047619047619047
30_day_proxy,4,28,4,2026-05-11,NNB0002,1,relative_active_persistent,0.0,0,123,0.75,0.99609375,30,10,0.3333333333333333,0.3889585947302384,0.5066872427983539
30_day_proxy,4,28,4,2026-05-11,NNBZL01,1,relative_active_persistent,1.0,1,18,1.0,1.0,4,2,0.5,0.3889585947302384,0.5066872427983539
30_day_proxy,4,28,4,2026-05-11,QCCXC0004,1,relative_active_persistent,0.0,0,123,0.0,0.0,30,6,0.2,0.3889585947302384,0.5066872427983539
30_day_proxy,4,28,4,2026-05-11,QFDNZGJK001,1,relative_active_persistent,0.0,0,18,0.0,0.0,4,3,0.75,0.3889585947302384,0.5066872427983539
30_day_proxy,4,28,4,2026-05-11,QFDNZGJK002,1,relative_active_persistent,0.0,0,18,1.0,1.0,4,3,0.75,0.3889585947302384,0.5066872427983539
30_day_proxy,4,28,4,2026-05-11,QFSJZ002-1,2,low_frequency_sparse,0.0,0,123,0.0,0.0,30,6,0.2,0.3889585947302384,0.23047619047619047
30_day_proxy,4,28,4,2026-05-11,QFSJZ003,2,low_frequency_sparse,1.0,1,123,0.0,0.0,30,6,0.2,0.3889585947302384,0.23047619047619047
30_day_proxy,4,28,4,2026-05-11,QFSJZ003-1,2,low_frequency_sparse,0.0,0,123,0.0,0.0,30,8,0.26666666666666666,0.3889585947302384,0.23047619047619047
30_day_proxy,4,28,4,2026-05-11,QFYF001,0,low_information,0.0,0,18,0.0,0.0,4,0,0.0,0.3889585947302384,0.06701030927835051
30_day_proxy,4,28,4,2026-05-11,RLHZHMV000AMDE,1,relative_active_persistent,37.0,1,123,1.0,1.0,30,22,0.7333333333333333,0.3889585947302384,0.5066872427983539
30_day_proxy,4,28,4,2026-05-11,SKZ2FT01,0,low_information,5.0,1,18,0.0,0.0,4,0,0.0,0.3889585947302384,0.06701030927835051
30_day_proxy,4,28,4,2026-05-11,SKZ3FT01,0,low_information,19.0,1,18,0.0,0.0,4,0,0.0,0.3889585947302384,0.06701030927835051
30_day_proxy,4,28,4,2026-05-11,SLT0003,2,low_frequency_sparse,0.0,0,123,0.0,0.0,30,12,0.4,0.3889585947302384,0.23047619047619047
30_day_proxy,4,28,4,2026-05-11,SLT0004,2,low_frequency_sparse,0.0,0,123,0.0,0.0,30,4,0.13333333333333333,0.3889585947302384,0.23047619047619047
30_day_proxy,4,28,4,2026-05-11,TTNX0002,0,low_information,0.0,0,18,0.0,0.0,4,0,0.0,0.3889585947302384,0.06701030927835051
30_day_proxy,4,28,4,2026-05-11,XFTW0001,0,low_information,15.0,1,18,1.0,1.0,4,1,0.25,0.3889585947302384,0.06701030927835051
30_day_proxy,4,28,4,2026-05-11,XGX9992,0,low_information,0.0,0,18,0.0,0.0,4,0,0.0,0.3889585947302384,0.06701030927835051
30_day_proxy,4,28,4,2026-05-11,XGX9993,0,low_information,0.0,0,18,0.0,0.0,4,0,0.0,0.3889585947302384,0.06701030927835051
30_day_proxy,4,28,4,2026-05-11,XGX9994,0,low_information,0.0,0,18,0.0,0.0,4,0,0.0,0.3889585947302384,0.06701030927835051
30_day_proxy,4,28,4,2026-05-11,XGX9995,0,low_information,0.0,0,18,0.0,0.0,4,0,0.0,0.3889585947302384,0.06701030927835051
30_day_proxy,4,28,4,2026-05-11,XGX99990,0,low_information,0.0,0,18,0.0,0.0,4,0,0.0,0.3889585947302384,0.06701030927835051
30_day_proxy,4,28,4,2026-05-11,XGX99991,0,low_information,0.0,0,18,0.0,0.0,4,0,0.0,0.3889585947302384,0.06701030927835051
30_day_proxy,4,28,4,2026-05-11,XGX99992,0,low_information,0.0,0,18,0.0,0.0,4,0,0.0,0.3889585947302384,0.06701030927835051
30_day_proxy,4,28,4,2026-05-11,XGX99993,0,low_information,0.0,0,18,0.0,0.0,4,0,0.0,0.3889585947302384,0.06701030927835051
30_day_proxy,4,28,4,2026-05-11,XHP0001,1,relative_active_persistent,197.0,1,123,1.0,1.0,30,10,0.3333333333333333,0.3889585947302384,0.5066872427983539
30_day_proxy,4,28,4,2026-05-11,XHZXCZP0001,1,relative_active_persistent,26.0,1,123,1.0,1.0,30,19,0.6333333333333333,0.3889585947302384,0.5066872427983539
30_day_proxy,4,28,4,2026-05-11,XHZXCZP0002,1,relative_active_persistent,31.0,1,123,1.0,1.0,30,9,0.3,0.3889585947302384,0.5066872427983539
30_day_proxy,4,28,4,2026-05-11,XMJ0001,0,low_information,0.0,0,18,0.75,0.99609375,4,1,0.25,0.3889585947302384,0.06701030927835051
30_day_proxy,4,28,4,2026-05-11,XMJ0004,1,relative_active_persistent,0.0,0,18,1.0,1.0,4,2,0.5,0.3889585947302384,0.5066872427983539
30_day_proxy,4,28,4,2026-05-11,XMSH0001,1,relative_active_persistent,27.0,1,18,0.25,0.68359375,4,3,0.75,0.3889585947302384,0.5066872427983539
30_day_proxy,4,28,4,2026-05-11,XXGP0002,1,relative_active_persistent,0.0,0,18,1.0,1.0,4,2,0.5,0.3889585947302384,0.5066872427983539
30_day_proxy,4,28,4,2026-05-11,XYJ0001,1,relative_active_persistent,0.0,0,18,0.75,0.99609375,4,3,0.75,0.3889585947302384,0.5066872427983539
30_day_proxy,4,28,4,2026-05-11,XYMGPD0001,1,relative_active_persistent,1.0,1,18,0.0,0.0,4,3,0.75,0.3889585947302384,0.5066872427983539
30_day_proxy,4,28,4,2026-05-11,XYMGPD0002,1,relative_active_persistent,0.0,0,18,1.0,1.0,4,3,0.75,0.3889585947302384,0.5066872427983539
30_day_proxy,4,28,4,2026-05-11,XYMLRY00001,1,relative_active_persistent,5.0,1,18,0.75,0.99609375,4,3,0.75,0.3889585947302384,0.5066872427983539
30_day_proxy,4,28,4,2026-05-11,XYMZD0017,0,low_information,0.0,0,18,0.0,0.0,4,0,0.0,0.3889585947302384,0.06701030927835051
30_day_proxy,4,28,4,2026-05-11,XYMZG0016,0,low_information,0.0,0,18,0.0,0.0,4,0,0.0,0.3889585947302384,0.06701030927835051
30_day_proxy,4,28,4,2026-05-11,YDBZ001,1,relative_active_persistent,0.0,0,123,0.0,0.0,30,13,0.43333333333333335,0.3889585947302384,0.5066872427983539
30_day_proxy,4,28,4,2026-05-11,YDBZ002,1,relative_active_persistent,0.0,0,123,0.0,0.0,30,14,0.4666666666666667,0.3889585947302384,0.5066872427983539
30_day_proxy,4,28,4,2026-05-11,YEC0009,1,relative_active_persistent,1.0,1,18,1.0,1.0,4,3,0.75,0.3889585947302384,0.5066872427983539
30_day_proxy,4,28,4,2026-05-11,YJLZHMV000AMDE,1,relative_active_persistent,4.0,1,123,1.0,1.0,30,22,0.7333333333333333,0.3889585947302384,0.5066872427983539
30_day_proxy,4,28,4,2026-05-11,YXBLJ0001,2,low_frequency_sparse,3.0,1,123,0.0,0.0,30,5,0.16666666666666666,0.3889585947302384,0.23047619047619047
30_day_proxy,4,28,4,2026-05-11,ZBTZ0002,1,relative_active_persistent,0.0,0,123,0.75,0.99609375,30,6,0.2,0.3889585947302384,0.5066872427983539
30_day_proxy,4,28,4,2026-05-11,ZBTZ0003,2,low_frequency_sparse,0.0,0,123,0.25,0.68359375,30,7,0.23333333333333334,0.3889585947302384,0.23047619047619047
30_day_proxy,4,28,4,2026-05-11,ZTD0001,2,low_frequency_sparse,14.0,1,123,0.5,0.9375,30,4,0.13333333333333333,0.3889585947302384,0.23047619047619047
30_day_proxy,4,28,4,2026-05-11,ZTD0003,1,relative_active_persistent,3.0,1,123,0.5,0.9375,30,10,0.3333333333333333,0.3889585947302384,0.5066872427983539
30_day_proxy,4,28,4,2026-05-11,ZTD0004,0,low_information,0.0,0,18,0.0,0.0,4,0,0.0,0.3889585947302384,0.06701030927835051
30_day_proxy,4,28,4,2026-05-11,xgx0013,0,low_information,4.0,1,18,0.0,0.0,4,1,0.25,0.3889585947302384,0.06701030927835051
30_day_proxy,4,28,4,2026-05-11,xgx0014,1,relative_active_persistent,8.0,1,18,0.25,0.68359375,4,4,1.0,0.3889585947302384,0.5066872427983539
30_day_proxy,4,28,4,2026-05-11,xgx0015,1,relative_active_persistent,13.0,1,18,0.75,0.99609375,4,4,1.0,0.3889585947302384,0.5066872427983539
30_day_proxy,4,28,4,2026-05-11,xgx0016,1,relative_active_persistent,8.0,1,18,0.75,0.99609375,4,4,1.0,0.3889585947302384,0.5066872427983539
30_day_proxy,4,28,4,2026-05-11,xymzd0015,1,relative_active_persistent,7.0,1,18,0.0,0.0,4,2,0.5,0.3889585947302384,0.5066872427983539
30_day_proxy,4,28,4,2026-05-11,xymzd0016,0,low_information,0.0,0,18,0.0,0.0,4,0,0.0,0.3889585947302384,0.06701030927835051
30_day_proxy,4,28,4,2026-05-11,zxy0002,0,low_information,1.0,1,18,0.0,0.0,4,0,0.0,0.3889585947302384,0.06701030927835051
30_day_proxy,4,28,5,2026-06-08,BLP0001,1,relative_active_persistent,21.0,1,127,1.0,1.0,31,12,0.3870967741935484,0.39910044977511244,0.5078125
30_day_proxy,4,28,5,2026-06-08,BLP0002,1,relative_active_persistent,11.0,1,127,0.75,0.99609375,31,12,0.3870967741935484,0.39910044977511244,0.5078125
30_day_proxy,4,28,5,2026-06-08,BLP0003,2,low_frequency_sparse,4.0,1,127,0.0,0.0,31,7,0.22580645161290322,0.39910044977511244,0.25350795135640786
30_day_proxy,4,28,5,2026-06-08,BLP0004,2,low_frequency_sparse,0.0,0,127,0.0,0.0,31,3,0.0967741935483871,0.39910044977511244,0.25350795135640786
30_day_proxy,4,28,5,2026-06-08,BLP0005,0,low_information,0.0,0,22,0.25,0.68359375,5,3,0.6,0.39910044977511244,0.09174311926605505
30_day_proxy,4,28,5,2026-06-08,BLP0007,0,low_information,0.0,0,22,0.0,0.0,5,0,0.0,0.39910044977511244,0.09174311926605505
30_day_proxy,4,28,5,2026-06-08,CFSNT008,0,low_information,0.0,0,22,0.0,0.0,5,0,0.0,0.39910044977511244,0.09174311926605505
30_day_proxy,4,28,5,2026-06-08,CLSSLT0003,2,low_frequency_sparse,1.0,1,127,0.0,0.0,31,10,0.3225806451612903,0.39910044977511244,0.25350795135640786
30_day_proxy,4,28,5,2026-06-08,CLSSLT0006,2,low_frequency_sparse,3.0,1,127,0.25,0.68359375,31,13,0.41935483870967744,0.39910044977511244,0.25350795135640786
30_day_proxy,4,28,5,2026-06-08,CWW0002,1,relative_active_persistent,36.0,1,127,1.0,1.0,31,12,0.3870967741935484,0.39910044977511244,0.5078125
30_day_proxy,4,28,5,2026-06-08,DHZXCZP0001,1,relative_active_persistent,4.0,1,127,0.5,0.9375,31,11,0.3548387096774194,0.39910044977511244,0.5078125
30_day_proxy,4,28,5,2026-06-08,DRMJJ0021,2,low_frequency_sparse,0.0,0,127,0.25,0.68359375,31,7,0.22580645161290322,0.39910044977511244,0.25350795135640786
30_day_proxy,4,28,5,2026-06-08,DRMJJ0022,1,relative_active_persistent,5.0,1,127,0.5,0.9375,31,14,0.45161290322580644,0.39910044977511244,0.5078125
30_day_proxy,4,28,5,2026-06-08,DRMJJ0023,1,relative_active_persistent,11.0,1,127,1.0,1.0,31,16,0.5161290322580645,0.39910044977511244,0.5078125
30_day_proxy,4,28,5,2026-06-08,DRMJJ0025,2,low_frequency_sparse,2.0,1,127,0.5,0.9375,31,10,0.3225806451612903,0.39910044977511244,0.25350795135640786
30_day_proxy,4,28,5,2026-06-08,DRMJJ0026,2,low_frequency_sparse,0.0,0,127,0.5,0.9375,31,8,0.25806451612903225,0.39910044977511244,0.25350795135640786
30_day_proxy,4,28,5,2026-06-08,DRMJJ0027,2,low_frequency_sparse,0.0,0,127,0.5,0.9375,31,4,0.12903225806451613,0.39910044977511244,0.25350795135640786
30_day_proxy,4,28,5,2026-06-08,DRMJJ0038,2,low_frequency_sparse,0.0,0,22,0.0,0.0,5,3,0.6,0.39910044977511244,0.25350795135640786
30_day_proxy,4,28,5,2026-06-08,DRMJJ0039,2,low_frequency_sparse,0.0,0,22,0.0,0.0,5,4,0.8,0.39910044977511244,0.25350795135640786
30_day_proxy,4,28,5,2026-06-08,ETZP0003,1,relative_active_persistent,0.0,0,127,0.0,0.0,31,7,0.22580645161290322,0.39910044977511244,0.5078125
30_day_proxy,4,28,5,2026-06-08,ETZP0004,1,relative_active_persistent,0.0,0,127,0.0,0.0,31,11,0.3548387096774194,0.39910044977511244,0.5078125
30_day_proxy,4,28,5,2026-06-08,FDBLHP0001,2,low_frequency_sparse,5.0,1,127,0.0,0.0,31,7,0.22580645161290322,0.39910044977511244,0.25350795135640786
30_day_proxy,4,28,5,2026-06-08,FDBLP0001,1,relative_active_persistent,10.0,1,127,0.25,0.68359375,31,15,0.4838709677419355,0.39910044977511244,0.5078125
30_day_proxy,4,28,5,2026-06-08,FRC0003,1,relative_active_persistent,7.0,1,127,0.5,0.9375,31,16,0.5161290322580645,0.39910044977511244,0.5078125
30_day_proxy,4,28,5,2026-06-08,FRH0028,2,low_frequency_sparse,1.0,1,127,0.25,0.68359375,31,14,0.45161290322580644,0.39910044977511244,0.25350795135640786
30_day_proxy,4,28,5,2026-06-08,FRH0033,1,relative_active_persistent,7.0,1,127,0.5,0.9375,31,28,0.9032258064516129,0.39910044977511244,0.5078125
30_day_proxy,4,28,5,2026-06-08,FRH0034,1,relative_active_persistent,0.0,0,127,0.0,0.0,31,22,0.7096774193548387,0.39910044977511244,0.5078125
30_day_proxy,4,28,5,2026-06-08,FRH0043,2,low_frequency_sparse,0.0,0,127,0.0,0.0,31,6,0.1935483870967742,0.39910044977511244,0.25350795135640786
30_day_proxy,4,28,5,2026-06-08,FRH0044,2,low_frequency_sparse,0.0,0,127,0.0,0.0,31,17,0.5483870967741935,0.39910044977511244,0.25350795135640786
30_day_proxy,4,28,5,2026-06-08,FRH0046,1,relative_active_persistent,14.0,1,127,0.75,0.99609375,31,25,0.8064516129032258,0.39910044977511244,0.5078125
30_day_proxy,4,28,5,2026-06-08,FRH0048,1,relative_active_persistent,18.0,1,127,1.0,1.0,31,25,0.8064516129032258,0.39910044977511244,0.5078125
30_day_proxy,4,28,5,2026-06-08,FRH0050,1,relative_active_persistent,0.0,0,127,0.0,0.0,31,23,0.7419354838709677,0.39910044977511244,0.5078125
30_day_proxy,4,28,5,2026-06-08,FRH0051,1,relative_active_persistent,12.0,1,127,1.0,1.0,31,26,0.8387096774193549,0.39910044977511244,0.5078125
30_day_proxy,4,28,5,2026-06-08,FRH0056,1,relative_active_persistent,32.0,1,127,1.0,1.0,31,27,0.8709677419354839,0.39910044977511244,0.5078125
30_day_proxy,4,28,5,2026-06-08,FRH0056-1,2,low_frequency_sparse,0.0,0,127,0.5,0.9375,31,7,0.22580645161290322,0.39910044977511244,0.25350795135640786
30_day_proxy,4,28,5,2026-06-08,FRH0059,1,relative_active_persistent,6.0,1,127,0.25,0.68359375,31,21,0.6774193548387096,0.39910044977511244,0.5078125
30_day_proxy,4,28,5,2026-06-08,FRH0064,1,relative_active_persistent,4.0,1,127,0.25,0.68359375,31,12,0.3870967741935484,0.39910044977511244,0.5078125
30_day_proxy,4,28,5,2026-06-08,FRH0065,1,relative_active_persistent,2.0,1,127,0.5,0.9375,31,12,0.3870967741935484,0.39910044977511244,0.5078125
30_day_proxy,4,28,5,2026-06-08,FRH0068,2,low_frequency_sparse,0.0,0,127,0.0,0.0,31,6,0.1935483870967742,0.39910044977511244,0.25350795135640786
30_day_proxy,4,28,5,2026-06-08,FRW00023,0,low_information,2.0,1,22,0.25,0.68359375,5,1,0.2,0.39910044977511244,0.09174311926605505
30_day_proxy,4,28,5,2026-06-08,FRW0005,1,relative_active_persistent,14.0,1,127,0.5,0.9375,31,25,0.8064516129032258,0.39910044977511244,0.5078125
30_day_proxy,4,28,5,2026-06-08,FRW0006,1,relative_active_persistent,5.0,1,127,0.75,0.99609375,31,28,0.9032258064516129,0.39910044977511244,0.5078125
30_day_proxy,4,28,5,2026-06-08,FRW0008,2,low_frequency_sparse,4.0,1,127,0.0,0.0,31,4,0.12903225806451613,0.39910044977511244,0.25350795135640786
30_day_proxy,4,28,5,2026-06-08,FRW0009,2,low_frequency_sparse,2.0,1,127,0.75,0.99609375,31,12,0.3870967741935484,0.39910044977511244,0.25350795135640786
30_day_proxy,4,28,5,2026-06-08,FRW0015,1,relative_active_persistent,33.0,1,127,1.0,1.0,31,12,0.3870967741935484,0.39910044977511244,0.5078125
30_day_proxy,4,28,5,2026-06-08,FRW0024,1,relative_active_persistent,5.0,1,127,1.0,1.0,31,10,0.3225806451612903,0.39910044977511244,0.5078125
30_day_proxy,4,28,5,2026-06-08,FRW0025,0,low_information,5.0,1,22,0.0,0.0,5,1,0.2,0.39910044977511244,0.09174311926605505
30_day_proxy,4,28,5,2026-06-08,FSTBY001,0,low_information,2.0,1,127,0.25,0.68359375,31,2,0.06451612903225806,0.39910044977511244,0.09174311926605505
30_day_proxy,4,28,5,2026-06-08,FZGLS0001,2,low_frequency_sparse,0.0,0,127,0.25,0.68359375,31,4,0.12903225806451613,0.39910044977511244,0.25350795135640786
30_day_proxy,4,28,5,2026-06-08,FZGLS0002,2,low_frequency_sparse,0.0,0,127,0.0,0.0,31,5,0.16129032258064516,0.39910044977511244,0.25350795135640786
30_day_proxy,4,28,5,2026-06-08,FZLRICBHP0001,1,relative_active_persistent,7.0,1,127,0.0,0.0,31,6,0.1935483870967742,0.39910044977511244,0.5078125
30_day_proxy,4,28,5,2026-06-08,FZLRJ0001,1,relative_active_persistent,4.0,1,127,0.75,0.99609375,31,13,0.41935483870967744,0.39910044977511244,0.5078125
30_day_proxy,4,28,5,2026-06-08,FZLRJ0001double,0,low_information,1.0,1,127,0.0,0.0,31,2,0.06451612903225806,0.39910044977511244,0.09174311926605505
30_day_proxy,4,28,5,2026-06-08,FZLRJ0002,1,relative_active_persistent,42.0,1,127,1.0,1.0,31,15,0.4838709677419355,0.39910044977511244,0.5078125
30_day_proxy,4,28,5,2026-06-08,FZLRJ0002double,2,low_frequency_sparse,1.0,1,127,0.0,0.0,31,7,0.22580645161290322,0.39910044977511244,0.25350795135640786
30_day_proxy,4,28,5,2026-06-08,FZLRJ0005,0,low_information,8.0,1,22,0.5,0.9375,5,2,0.4,0.39910044977511244,0.09174311926605505
30_day_proxy,4,28,5,2026-06-08,GJMJWJX001,1,relative_active_persistent,0.0,0,127,0.0,0.0,31,18,0.5806451612903226,0.39910044977511244,0.5078125
30_day_proxy,4,28,5,2026-06-08,GJMJWJXW001,1,relative_active_persistent,0.0,0,127,0.0,0.0,31,8,0.25806451612903225,0.39910044977511244,0.5078125
30_day_proxy,4,28,5,2026-06-08,HLGKSLT0001,1,relative_active_persistent,4.0,1,127,0.5,0.9375,31,17,0.5483870967741935,0.39910044977511244,0.5078125
30_day_proxy,4,28,5,2026-06-08,HWZDSKL0001,1,relative_active_persistent,9.0,1,127,1.0,1.0,31,9,0.2903225806451613,0.39910044977511244,0.5078125
30_day_proxy,4,28,5,2026-06-08,HWZDSKL0002,2,low_frequency_sparse,0.0,0,127,0.0,0.0,31,8,0.25806451612903225,0.39910044977511244,0.25350795135640786
30_day_proxy,4,28,5,2026-06-08,HZSN0001,1,relative_active_persistent,12.0,1,127,0.75,0.99609375,31,20,0.6451612903225806,0.39910044977511244,0.5078125
30_day_proxy,4,28,5,2026-06-08,JZJ00011,1,relative_active_persistent,0.0,0,127,0.25,0.68359375,31,13,0.41935483870967744,0.39910044977511244,0.5078125
30_day_proxy,4,28,5,2026-06-08,JZJ00012,1,relative_active_persistent,6.0,1,127,1.0,1.0,31,16,0.5161290322580645,0.39910044977511244,0.5078125
30_day_proxy,4,28,5,2026-06-08,JZJ0002,1,relative_active_persistent,28.0,1,127,1.0,1.0,31,18,0.5806451612903226,0.39910044977511244,0.5078125
30_day_proxy,4,28,5,2026-06-08,JZJ0003,1,relative_active_persistent,44.0,1,127,1.0,1.0,31,18,0.5806451612903226,0.39910044977511244,0.5078125
30_day_proxy,4,28,5,2026-06-08,JZJ0009,1,relative_active_persistent,119.0,1,127,1.0,1.0,31,18,0.5806451612903226,0.39910044977511244,0.5078125
30_day_proxy,4,28,5,2026-06-08,JZJ0013,1,relative_active_persistent,54.0,1,127,1.0,1.0,31,21,0.6774193548387096,0.39910044977511244,0.5078125
30_day_proxy,4,28,5,2026-06-08,JZJ0014,2,low_frequency_sparse,0.0,0,127,0.25,0.68359375,31,9,0.2903225806451613,0.39910044977511244,0.25350795135640786
30_day_proxy,4,28,5,2026-06-08,JZJ0016,1,relative_active_persistent,7.0,1,127,0.75,0.99609375,31,21,0.6774193548387096,0.39910044977511244,0.5078125
30_day_proxy,4,28,5,2026-06-08,JZJ0017,2,low_frequency_sparse,4.0,1,127,0.25,0.68359375,31,8,0.25806451612903225,0.39910044977511244,0.25350795135640786
30_day_proxy,4,28,5,2026-06-08,JZJ0018,1,relative_active_persistent,2.0,1,127,0.25,0.68359375,31,9,0.2903225806451613,0.39910044977511244,0.5078125
30_day_proxy,4,28,5,2026-06-08,JZJ0019,1,relative_active_persistent,25.0,1,127,0.25,0.68359375,31,14,0.45161290322580644,0.39910044977511244,0.5078125
30_day_proxy,4,28,5,2026-06-08,KFYFQ51mm,1,relative_active_persistent,10.0,1,22,1.0,1.0,5,5,1.0,0.39910044977511244,0.5078125
30_day_proxy,4,28,5,2026-06-08,KFYFQ54mm,1,relative_active_persistent,30.0,1,22,0.5,0.9375,5,4,0.8,0.39910044977511244,0.5078125
30_day_proxy,4,28,5,2026-06-08,KFYFQ58mm,1,relative_active_persistent,30.0,1,22,1.0,1.0,5,5,1.0,0.39910044977511244,0.5078125
30_day_proxy,4,28,5,2026-06-08,KZCWBG001,1,relative_active_persistent,9.0,1,127,1.0,1.0,31,11,0.3548387096774194,0.39910044977511244,0.5078125
30_day_proxy,4,28,5,2026-06-08,LTKF0019,1,relative_active_persistent,1.0,1,127,0.25,0.68359375,31,17,0.5483870967741935,0.39910044977511244,0.5078125
30_day_proxy,4,28,5,2026-06-08,LTKF0020,1,relative_active_persistent,100.0,1,127,1.0,1.0,31,17,0.5483870967741935,0.39910044977511244,0.5078125
30_day_proxy,4,28,5,2026-06-08,LTKF0021,1,relative_active_persistent,4.0,1,127,1.0,1.0,31,17,0.5483870967741935,0.39910044977511244,0.5078125
30_day_proxy,4,28,5,2026-06-08,LTKF0022M,1,relative_active_persistent,2.0,1,127,1.0,1.0,31,15,0.4838709677419355,0.39910044977511244,0.5078125
30_day_proxy,4,28,5,2026-06-08,LTKF0031,1,relative_active_persistent,10.0,1,127,0.75,0.99609375,31,17,0.5483870967741935,0.39910044977511244,0.5078125
30_day_proxy,4,28,5,2026-06-08,LTKF0047,1,relative_active_persistent,18.0,1,127,0.5,0.9375,31,10,0.3225806451612903,0.39910044977511244,0.5078125
30_day_proxy,4,28,5,2026-06-08,LTKF0058,2,low_frequency_sparse,0.0,0,127,0.25,0.68359375,31,6,0.1935483870967742,0.39910044977511244,0.25350795135640786
30_day_proxy,4,28,5,2026-06-08,LTKF0101,1,relative_active_persistent,32.0,1,127,1.0,1.0,31,12,0.3870967741935484,0.39910044977511244,0.5078125
30_day_proxy,4,28,5,2026-06-08,LTKF0102,2,low_frequency_sparse,0.0,0,127,0.25,0.68359375,31,6,0.1935483870967742,0.39910044977511244,0.25350795135640786
30_day_proxy,4,28,5,2026-06-08,LTKF0106,0,low_information,0.0,0,127,0.0,0.0,31,3,0.0967741935483871,0.39910044977511244,0.09174311926605505
30_day_proxy,4,28,5,2026-06-08,LTKF0111,2,low_frequency_sparse,4.0,1,127,0.5,0.9375,31,8,0.25806451612903225,0.39910044977511244,0.25350795135640786
30_day_proxy,4,28,5,2026-06-08,LTKF093,1,relative_active_persistent,9.0,1,127,0.75,0.99609375,31,12,0.3870967741935484,0.39910044977511244,0.5078125
30_day_proxy,4,28,5,2026-06-08,LTKF098,1,relative_active_persistent,19.0,1,127,1.0,1.0,31,11,0.3548387096774194,0.39910044977511244,0.5078125
30_day_proxy,4,28,5,2026-06-08,LTKF098B,1,relative_active_persistent,10.0,1,22,1.0,1.0,5,5,1.0,0.39910044977511244,0.5078125
30_day_proxy,4,28,5,2026-06-08,LYC0201,1,relative_active_persistent,18.0,1,127,0.75,0.99609375,31,8,0.25806451612903225,0.39910044977511244,0.5078125
30_day_proxy,4,28,5,2026-06-08,LYC0203,2,low_frequency_sparse,2.0,1,127,0.75,0.99609375,31,9,0.2903225806451613,0.39910044977511244,0.25350795135640786
30_day_proxy,4,28,5,2026-06-08,NNB0002,1,relative_active_persistent,0.0,0,127,0.0,0.0,31,8,0.25806451612903225,0.39910044977511244,0.5078125
30_day_proxy,4,28,5,2026-06-08,NNBZL01,1,relative_active_persistent,0.0,0,22,0.25,0.68359375,5,3,0.6,0.39910044977511244,0.5078125
30_day_proxy,4,28,5,2026-06-08,QCCXC0004,1,relative_active_persistent,0.0,0,127,0.0,0.0,31,6,0.1935483870967742,0.39910044977511244,0.5078125
30_day_proxy,4,28,5,2026-06-08,QFDNZGJK001,1,relative_active_persistent,0.0,0,22,0.0,0.0,5,3,0.6,0.39910044977511244,0.5078125
30_day_proxy,4,28,5,2026-06-08,QFDNZGJK002,1,relative_active_persistent,0.0,0,22,0.0,0.0,5,3,0.6,0.39910044977511244,0.5078125
30_day_proxy,4,28,5,2026-06-08,QFSJZ002-1,2,low_frequency_sparse,0.0,0,127,0.0,0.0,31,6,0.1935483870967742,0.39910044977511244,0.25350795135640786
30_day_proxy,4,28,5,2026-06-08,QFSJZ003,2,low_frequency_sparse,0.0,0,127,0.25,0.68359375,31,7,0.22580645161290322,0.39910044977511244,0.25350795135640786
30_day_proxy,4,28,5,2026-06-08,QFSJZ003-1,2,low_frequency_sparse,0.0,0,127,0.0,0.0,31,8,0.25806451612903225,0.39910044977511244,0.25350795135640786
30_day_proxy,4,28,5,2026-06-08,QFYF001,0,low_information,3.0,1,22,0.0,0.0,5,0,0.0,0.39910044977511244,0.09174311926605505
30_day_proxy,4,28,5,2026-06-08,RLHZHMV000AMDE,1,relative_active_persistent,18.0,1,127,1.0,1.0,31,23,0.7419354838709677,0.39910044977511244,0.5078125
30_day_proxy,4,28,5,2026-06-08,SKZ2FT01,0,low_information,18.0,1,22,0.5,0.9375,5,1,0.2,0.39910044977511244,0.09174311926605505
30_day_proxy,4,28,5,2026-06-08,SKZ3FT01,0,low_information,34.0,1,22,1.0,1.0,5,1,0.2,0.39910044977511244,0.09174311926605505
30_day_proxy,4,28,5,2026-06-08,SLT0003,2,low_frequency_sparse,0.0,0,127,0.0,0.0,31,12,0.3870967741935484,0.39910044977511244,0.25350795135640786
30_day_proxy,4,28,5,2026-06-08,SLT0004,2,low_frequency_sparse,0.0,0,127,0.0,0.0,31,4,0.12903225806451613,0.39910044977511244,0.25350795135640786
30_day_proxy,4,28,5,2026-06-08,TTNX0002,0,low_information,0.0,0,22,0.0,0.0,5,0,0.0,0.39910044977511244,0.09174311926605505
30_day_proxy,4,28,5,2026-06-08,XFTW0001,1,relative_active_persistent,0.0,0,22,0.75,0.99609375,5,2,0.4,0.39910044977511244,0.5078125
30_day_proxy,4,28,5,2026-06-08,XGX9992,0,low_information,4.0,1,22,0.0,0.0,5,0,0.0,0.39910044977511244,0.09174311926605505
30_day_proxy,4,28,5,2026-06-08,XGX9993,0,low_information,4.0,1,22,0.0,0.0,5,0,0.0,0.39910044977511244,0.09174311926605505
30_day_proxy,4,28,5,2026-06-08,XGX9994,0,low_information,6.0,1,22,0.0,0.0,5,0,0.0,0.39910044977511244,0.09174311926605505
30_day_proxy,4,28,5,2026-06-08,XGX9995,0,low_information,14.0,1,22,0.0,0.0,5,0,0.0,0.39910044977511244,0.09174311926605505
30_day_proxy,4,28,5,2026-06-08,XGX99990,0,low_information,2.0,1,22,0.0,0.0,5,0,0.0,0.39910044977511244,0.09174311926605505
30_day_proxy,4,28,5,2026-06-08,XGX99991,0,low_information,2.0,1,22,0.0,0.0,5,0,0.0,0.39910044977511244,0.09174311926605505
30_day_proxy,4,28,5,2026-06-08,XGX99992,0,low_information,0.0,0,22,0.0,0.0,5,0,0.0,0.39910044977511244,0.09174311926605505
30_day_proxy,4,28,5,2026-06-08,XGX99993,0,low_information,4.0,1,22,0.0,0.0,5,0,0.0,0.39910044977511244,0.09174311926605505
30_day_proxy,4,28,5,2026-06-08,XHP0001,1,relative_active_persistent,296.0,1,127,0.75,0.99609375,31,11,0.3548387096774194,0.39910044977511244,0.5078125
30_day_proxy,4,28,5,2026-06-08,XHZXCZP0001,1,relative_active_persistent,41.0,1,127,1.0,1.0,31,20,0.6451612903225806,0.39910044977511244,0.5078125
30_day_proxy,4,28,5,2026-06-08,XHZXCZP0002,1,relative_active_persistent,10.0,1,127,1.0,1.0,31,10,0.3225806451612903,0.39910044977511244,0.5078125
30_day_proxy,4,28,5,2026-06-08,XMJ0001,0,low_information,0.0,0,22,0.0,0.0,5,1,0.2,0.39910044977511244,0.09174311926605505
30_day_proxy,4,28,5,2026-06-08,XMJ0004,1,relative_active_persistent,21.0,1,22,0.0,0.0,5,2,0.4,0.39910044977511244,0.5078125
30_day_proxy,4,28,5,2026-06-08,XMSH0001,1,relative_active_persistent,22.0,1,22,1.0,1.0,5,4,0.8,0.39910044977511244,0.5078125
30_day_proxy,4,28,5,2026-06-08,XXGP0002,1,relative_active_persistent,0.0,0,22,0.0,0.0,5,2,0.4,0.39910044977511244,0.5078125
30_day_proxy,4,28,5,2026-06-08,XYJ0001,1,relative_active_persistent,6.0,1,22,0.0,0.0,5,3,0.6,0.39910044977511244,0.5078125
30_day_proxy,4,28,5,2026-06-08,XYMGPD0001,1,relative_active_persistent,3.0,1,22,0.25,0.68359375,5,4,0.8,0.39910044977511244,0.5078125
30_day_proxy,4,28,5,2026-06-08,XYMGPD0002,1,relative_active_persistent,0.0,0,22,0.0,0.0,5,3,0.6,0.39910044977511244,0.5078125
30_day_proxy,4,28,5,2026-06-08,XYMLRY00001,2,low_frequency_sparse,3.0,1,22,0.5,0.9375,5,4,0.8,0.39910044977511244,0.25350795135640786
30_day_proxy,4,28,5,2026-06-08,XYMZD0017,0,low_information,0.0,0,22,0.0,0.0,5,0,0.0,0.39910044977511244,0.09174311926605505
30_day_proxy,4,28,5,2026-06-08,XYMZG0016,0,low_information,25.0,1,22,0.0,0.0,5,0,0.0,0.39910044977511244,0.09174311926605505
30_day_proxy,4,28,5,2026-06-08,YDBZ001,1,relative_active_persistent,6.0,1,127,0.0,0.0,31,13,0.41935483870967744,0.39910044977511244,0.5078125
30_day_proxy,4,28,5,2026-06-08,YDBZ002,1,relative_active_persistent,0.0,0,127,0.0,0.0,31,14,0.45161290322580644,0.39910044977511244,0.5078125
30_day_proxy,4,28,5,2026-06-08,YEC0009,1,relative_active_persistent,0.0,0,22,0.25,0.68359375,5,4,0.8,0.39910044977511244,0.5078125
30_day_proxy,4,28,5,2026-06-08,YJLZHMV000AMDE,1,relative_active_persistent,2.0,1,127,0.5,0.9375,31,23,0.7419354838709677,0.39910044977511244,0.5078125
30_day_proxy,4,28,5,2026-06-08,YXBLJ0001,2,low_frequency_sparse,2.0,1,127,0.5,0.9375,31,6,0.1935483870967742,0.39910044977511244,0.25350795135640786
30_day_proxy,4,28,5,2026-06-08,ZBTZ0002,1,relative_active_persistent,0.0,0,127,0.0,0.0,31,6,0.1935483870967742,0.39910044977511244,0.5078125
30_day_proxy,4,28,5,2026-06-08,ZBTZ0003,2,low_frequency_sparse,0.0,0,127,0.0,0.0,31,7,0.22580645161290322,0.39910044977511244,0.25350795135640786
30_day_proxy,4,28,5,2026-06-08,ZTD0001,2,low_frequency_sparse,19.0,1,127,1.0,1.0,31,5,0.16129032258064516,0.39910044977511244,0.25350795135640786
30_day_proxy,4,28,5,2026-06-08,ZTD0003,1,relative_active_persistent,3.0,1,127,0.5,0.9375,31,11,0.3548387096774194,0.39910044977511244,0.5078125
30_day_proxy,4,28,5,2026-06-08,ZTD0004,0,low_information,0.0,0,22,0.0,0.0,5,0,0.0,0.39910044977511244,0.09174311926605505
30_day_proxy,4,28,5,2026-06-08,xgx0013,0,low_information,8.0,1,22,0.25,0.68359375,5,2,0.4,0.39910044977511244,0.09174311926605505
30_day_proxy,4,28,5,2026-06-08,xgx0014,1,relative_active_persistent,14.0,1,22,0.75,0.99609375,5,5,1.0,0.39910044977511244,0.5078125
30_day_proxy,4,28,5,2026-06-08,xgx0015,1,relative_active_persistent,7.0,1,22,0.75,0.99609375,5,5,1.0,0.39910044977511244,0.5078125
30_day_proxy,4,28,5,2026-06-08,xgx0016,1,relative_active_persistent,16.0,1,22,0.5,0.9375,5,5,1.0,0.39910044977511244,0.5078125
30_day_proxy,4,28,5,2026-06-08,xymzd0015,1,relative_active_persistent,19.0,1,22,0.75,0.99609375,5,5,1.0,0.39910044977511244,0.5078125
30_day_proxy,4,28,5,2026-06-08,xymzd0016,0,low_information,0.0,0,22,0.0,0.0,5,0,0.0,0.39910044977511244,0.09174311926605505
30_day_proxy,4,28,5,2026-06-08,zxy0002,0,low_information,3.0,1,22,0.25,0.68359375,5,1,0.2,0.39910044977511244,0.09174311926605505
30_day_proxy,4,28,6,2026-07-06,BLP0001,1,relative_active_persistent,47.0,1,131,1.0,1.0,32,13,0.40625,0.41010913268236643,0.5198487712665406
30_day_proxy,4,28,6,2026-07-06,BLP0002,1,relative_active_persistent,8.0,1,131,0.75,0.99609375,32,13,0.40625,0.41010913268236643,0.5198487712665406
30_day_proxy,4,28,6,2026-07-06,BLP0003,2,low_frequency_sparse,0.0,0,131,0.75,0.99609375,32,8,0.25,0.41010913268236643,0.26223776223776224
30_day_proxy,4,28,6,2026-07-06,BLP0004,2,low_frequency_sparse,0.0,0,131,0.0,0.0,32,3,0.09375,0.41010913268236643,0.26223776223776224
30_day_proxy,4,28,6,2026-07-06,BLP0005,0,low_information,0.0,0,26,0.0,0.0,6,3,0.5,0.41010913268236643,0.12612612612612611
30_day_proxy,4,28,6,2026-07-06,BLP0007,0,low_information,1.0,1,26,0.0,0.0,6,0,0.0,0.41010913268236643,0.12612612612612611
30_day_proxy,4,28,6,2026-07-06,CFSNT008,0,low_information,13.0,1,26,0.0,0.0,6,0,0.0,0.41010913268236643,0.12612612612612611
30_day_proxy,4,28,6,2026-07-06,CLSSLT0003,2,low_frequency_sparse,7.0,1,131,0.25,0.68359375,32,11,0.34375,0.41010913268236643,0.26223776223776224
30_day_proxy,4,28,6,2026-07-06,CLSSLT0006,2,low_frequency_sparse,3.0,1,131,0.5,0.9375,32,14,0.4375,0.41010913268236643,0.26223776223776224
30_day_proxy,4,28,6,2026-07-06,CWW0002,1,relative_active_persistent,37.0,1,131,1.0,1.0,32,13,0.40625,0.41010913268236643,0.5198487712665406
30_day_proxy,4,28,6,2026-07-06,DHZXCZP0001,1,relative_active_persistent,14.0,1,131,0.5,0.9375,32,12,0.375,0.41010913268236643,0.5198487712665406
30_day_proxy,4,28,6,2026-07-06,DRMJJ0021,2,low_frequency_sparse,0.0,0,131,0.0,0.0,32,7,0.21875,0.41010913268236643,0.26223776223776224
30_day_proxy,4,28,6,2026-07-06,DRMJJ0022,1,relative_active_persistent,5.0,1,131,0.75,0.99609375,32,15,0.46875,0.41010913268236643,0.5198487712665406
30_day_proxy,4,28,6,2026-07-06,DRMJJ0023,1,relative_active_persistent,1.0,1,131,1.0,1.0,32,17,0.53125,0.41010913268236643,0.5198487712665406
30_day_proxy,4,28,6,2026-07-06,DRMJJ0025,2,low_frequency_sparse,2.0,1,131,0.25,0.68359375,32,11,0.34375,0.41010913268236643,0.26223776223776224
30_day_proxy,4,28,6,2026-07-06,DRMJJ0026,2,low_frequency_sparse,1.0,1,131,0.0,0.0,32,8,0.25,0.41010913268236643,0.26223776223776224
30_day_proxy,4,28,6,2026-07-06,DRMJJ0027,2,low_frequency_sparse,1.0,1,131,0.0,0.0,32,4,0.125,0.41010913268236643,0.26223776223776224
30_day_proxy,4,28,6,2026-07-06,DRMJJ0038,2,low_frequency_sparse,0.0,0,26,0.0,0.0,6,3,0.5,0.41010913268236643,0.26223776223776224
30_day_proxy,4,28,6,2026-07-06,DRMJJ0039,2,low_frequency_sparse,0.0,0,26,0.0,0.0,6,4,0.6666666666666666,0.41010913268236643,0.26223776223776224
30_day_proxy,4,28,6,2026-07-06,ETZP0003,1,relative_active_persistent,9.0,1,131,0.0,0.0,32,7,0.21875,0.41010913268236643,0.5198487712665406
30_day_proxy,4,28,6,2026-07-06,ETZP0004,1,relative_active_persistent,6.0,1,131,0.0,0.0,32,11,0.34375,0.41010913268236643,0.5198487712665406
30_day_proxy,4,28,6,2026-07-06,FDBLHP0001,2,low_frequency_sparse,2.0,1,131,0.5,0.9375,32,8,0.25,0.41010913268236643,0.26223776223776224
30_day_proxy,4,28,6,2026-07-06,FDBLP0001,1,relative_active_persistent,93.0,1,131,0.25,0.68359375,32,16,0.5,0.41010913268236643,0.5198487712665406
30_day_proxy,4,28,6,2026-07-06,FRC0003,1,relative_active_persistent,4.0,1,131,0.75,0.99609375,32,17,0.53125,0.41010913268236643,0.5198487712665406
30_day_proxy,4,28,6,2026-07-06,FRH0028,2,low_frequency_sparse,1.0,1,131,0.25,0.68359375,32,15,0.46875,0.41010913268236643,0.26223776223776224
30_day_proxy,4,28,6,2026-07-06,FRH0033,1,relative_active_persistent,17.0,1,131,0.5,0.9375,32,29,0.90625,0.41010913268236643,0.5198487712665406
30_day_proxy,4,28,6,2026-07-06,FRH0034,1,relative_active_persistent,0.0,0,131,0.0,0.0,32,22,0.6875,0.41010913268236643,0.5198487712665406
30_day_proxy,4,28,6,2026-07-06,FRH0043,2,low_frequency_sparse,0.0,0,131,0.0,0.0,32,6,0.1875,0.41010913268236643,0.26223776223776224
30_day_proxy,4,28,6,2026-07-06,FRH0044,2,low_frequency_sparse,0.0,0,131,0.0,0.0,32,17,0.53125,0.41010913268236643,0.26223776223776224
30_day_proxy,4,28,6,2026-07-06,FRH0046,1,relative_active_persistent,12.0,1,131,1.0,1.0,32,26,0.8125,0.41010913268236643,0.5198487712665406
30_day_proxy,4,28,6,2026-07-06,FRH0048,1,relative_active_persistent,5.0,1,131,0.75,0.99609375,32,26,0.8125,0.41010913268236643,0.5198487712665406
30_day_proxy,4,28,6,2026-07-06,FRH0050,1,relative_active_persistent,0.0,0,131,0.0,0.0,32,23,0.71875,0.41010913268236643,0.5198487712665406
30_day_proxy,4,28,6,2026-07-06,FRH0051,1,relative_active_persistent,15.0,1,131,1.0,1.0,32,27,0.84375,0.41010913268236643,0.5198487712665406
30_day_proxy,4,28,6,2026-07-06,FRH0056,1,relative_active_persistent,35.0,1,131,1.0,1.0,32,28,0.875,0.41010913268236643,0.5198487712665406
30_day_proxy,4,28,6,2026-07-06,FRH0056-1,2,low_frequency_sparse,0.0,0,131,0.0,0.0,32,7,0.21875,0.41010913268236643,0.26223776223776224
30_day_proxy,4,28,6,2026-07-06,FRH0059,1,relative_active_persistent,13.0,1,131,0.75,0.99609375,32,22,0.6875,0.41010913268236643,0.5198487712665406
30_day_proxy,4,28,6,2026-07-06,FRH0064,1,relative_active_persistent,3.0,1,131,0.75,0.99609375,32,13,0.40625,0.41010913268236643,0.5198487712665406
30_day_proxy,4,28,6,2026-07-06,FRH0065,1,relative_active_persistent,2.0,1,131,0.25,0.68359375,32,13,0.40625,0.41010913268236643,0.5198487712665406
30_day_proxy,4,28,6,2026-07-06,FRH0068,2,low_frequency_sparse,0.0,0,131,0.0,0.0,32,6,0.1875,0.41010913268236643,0.26223776223776224
30_day_proxy,4,28,6,2026-07-06,FRW00023,0,low_information,4.0,1,26,0.5,0.9375,6,2,0.3333333333333333,0.41010913268236643,0.12612612612612611
30_day_proxy,4,28,6,2026-07-06,FRW0005,1,relative_active_persistent,7.0,1,131,1.0,1.0,32,26,0.8125,0.41010913268236643,0.5198487712665406
30_day_proxy,4,28,6,2026-07-06,FRW0006,1,relative_active_persistent,2.0,1,131,0.75,0.99609375,32,29,0.90625,0.41010913268236643,0.5198487712665406
30_day_proxy,4,28,6,2026-07-06,FRW0008,2,low_frequency_sparse,6.0,1,131,0.75,0.99609375,32,5,0.15625,0.41010913268236643,0.26223776223776224
30_day_proxy,4,28,6,2026-07-06,FRW0009,2,low_frequency_sparse,2.0,1,131,0.25,0.68359375,32,13,0.40625,0.41010913268236643,0.26223776223776224
30_day_proxy,4,28,6,2026-07-06,FRW0015,1,relative_active_persistent,19.0,1,131,1.0,1.0,32,13,0.40625,0.41010913268236643,0.5198487712665406
30_day_proxy,4,28,6,2026-07-06,FRW0024,1,relative_active_persistent,3.0,1,131,0.5,0.9375,32,11,0.34375,0.41010913268236643,0.5198487712665406
30_day_proxy,4,28,6,2026-07-06,FRW0025,0,low_information,0.0,0,26,0.5,0.9375,6,2,0.3333333333333333,0.41010913268236643,0.12612612612612611
30_day_proxy,4,28,6,2026-07-06,FSTBY001,0,low_information,5.0,1,131,0.5,0.9375,32,3,0.09375,0.41010913268236643,0.12612612612612611
30_day_proxy,4,28,6,2026-07-06,FZGLS0001,2,low_frequency_sparse,0.0,0,131,0.0,0.0,32,4,0.125,0.41010913268236643,0.26223776223776224
30_day_proxy,4,28,6,2026-07-06,FZGLS0002,2,low_frequency_sparse,0.0,0,131,0.0,0.0,32,5,0.15625,0.41010913268236643,0.26223776223776224
30_day_proxy,4,28,6,2026-07-06,FZLRICBHP0001,2,low_frequency_sparse,3.0,1,131,0.75,0.99609375,32,7,0.21875,0.41010913268236643,0.26223776223776224
30_day_proxy,4,28,6,2026-07-06,FZLRJ0001,1,relative_active_persistent,9.0,1,131,0.75,0.99609375,32,14,0.4375,0.41010913268236643,0.5198487712665406
30_day_proxy,4,28,6,2026-07-06,FZLRJ0001double,0,low_information,1.0,1,131,0.25,0.68359375,32,3,0.09375,0.41010913268236643,0.12612612612612611
30_day_proxy,4,28,6,2026-07-06,FZLRJ0002,1,relative_active_persistent,48.0,1,131,1.0,1.0,32,16,0.5,0.41010913268236643,0.5198487712665406
30_day_proxy,4,28,6,2026-07-06,FZLRJ0002double,2,low_frequency_sparse,8.0,1,131,0.25,0.68359375,32,8,0.25,0.41010913268236643,0.26223776223776224
30_day_proxy,4,28,6,2026-07-06,FZLRJ0005,1,relative_active_persistent,0.0,0,26,0.75,0.99609375,6,3,0.5,0.41010913268236643,0.5198487712665406
30_day_proxy,4,28,6,2026-07-06,GJMJWJX001,1,relative_active_persistent,0.0,0,131,0.0,0.0,32,18,0.5625,0.41010913268236643,0.5198487712665406
30_day_proxy,4,28,6,2026-07-06,GJMJWJXW001,1,relative_active_persistent,0.0,0,131,0.0,0.0,32,8,0.25,0.41010913268236643,0.5198487712665406
30_day_proxy,4,28,6,2026-07-06,HLGKSLT0001,1,relative_active_persistent,9.0,1,131,1.0,1.0,32,18,0.5625,0.41010913268236643,0.5198487712665406
30_day_proxy,4,28,6,2026-07-06,HWZDSKL0001,1,relative_active_persistent,19.0,1,131,0.75,0.99609375,32,10,0.3125,0.41010913268236643,0.5198487712665406
30_day_proxy,4,28,6,2026-07-06,HWZDSKL0002,2,low_frequency_sparse,0.0,0,131,0.0,0.0,32,8,0.25,0.41010913268236643,0.26223776223776224
30_day_proxy,4,28,6,2026-07-06,HZSN0001,1,relative_active_persistent,14.0,1,131,0.75,0.99609375,32,21,0.65625,0.41010913268236643,0.5198487712665406
30_day_proxy,4,28,6,2026-07-06,JZJ00011,1,relative_active_persistent,2.0,1,131,0.0,0.0,32,13,0.40625,0.41010913268236643,0.5198487712665406
30_day_proxy,4,28,6,2026-07-06,JZJ00012,1,relative_active_persistent,6.0,1,131,0.75,0.99609375,32,17,0.53125,0.41010913268236643,0.5198487712665406
30_day_proxy,4,28,6,2026-07-06,JZJ0002,1,relative_active_persistent,71.0,1,131,1.0,1.0,32,19,0.59375,0.41010913268236643,0.5198487712665406
30_day_proxy,4,28,6,2026-07-06,JZJ0003,1,relative_active_persistent,42.0,1,131,1.0,1.0,32,19,0.59375,0.41010913268236643,0.5198487712665406
30_day_proxy,4,28,6,2026-07-06,JZJ0009,1,relative_active_persistent,106.0,1,131,1.0,1.0,32,19,0.59375,0.41010913268236643,0.5198487712665406
30_day_proxy,4,28,6,2026-07-06,JZJ0013,1,relative_active_persistent,36.0,1,131,1.0,1.0,32,22,0.6875,0.41010913268236643,0.5198487712665406
30_day_proxy,4,28,6,2026-07-06,JZJ0014,2,low_frequency_sparse,0.0,0,131,0.0,0.0,32,9,0.28125,0.41010913268236643,0.26223776223776224
30_day_proxy,4,28,6,2026-07-06,JZJ0016,1,relative_active_persistent,15.0,1,131,1.0,1.0,32,22,0.6875,0.41010913268236643,0.5198487712665406
30_day_proxy,4,28,6,2026-07-06,JZJ0017,2,low_frequency_sparse,5.0,1,131,0.75,0.99609375,32,9,0.28125,0.41010913268236643,0.26223776223776224
30_day_proxy,4,28,6,2026-07-06,JZJ0018,2,low_frequency_sparse,1.0,1,131,0.25,0.68359375,32,10,0.3125,0.41010913268236643,0.26223776223776224
30_day_proxy,4,28,6,2026-07-06,JZJ0019,1,relative_active_persistent,12.0,1,131,1.0,1.0,32,15,0.46875,0.41010913268236643,0.5198487712665406
30_day_proxy,4,28,6,2026-07-06,KFYFQ51mm,1,relative_active_persistent,17.0,1,26,0.75,0.99609375,6,6,1.0,0.41010913268236643,0.5198487712665406
30_day_proxy,4,28,6,2026-07-06,KFYFQ54mm,1,relative_active_persistent,31.0,1,26,1.0,1.0,6,5,0.8333333333333334,0.41010913268236643,0.5198487712665406
30_day_proxy,4,28,6,2026-07-06,KFYFQ58mm,1,relative_active_persistent,53.0,1,26,1.0,1.0,6,6,1.0,0.41010913268236643,0.5198487712665406
30_day_proxy,4,28,6,2026-07-06,KZCWBG001,1,relative_active_persistent,5.0,1,131,1.0,1.0,32,12,0.375,0.41010913268236643,0.5198487712665406
30_day_proxy,4,28,6,2026-07-06,LTKF0019,1,relative_active_persistent,1.0,1,131,0.25,0.68359375,32,18,0.5625,0.41010913268236643,0.5198487712665406
30_day_proxy,4,28,6,2026-07-06,LTKF0020,1,relative_active_persistent,79.0,1,131,1.0,1.0,32,18,0.5625,0.41010913268236643,0.5198487712665406
30_day_proxy,4,28,6,2026-07-06,LTKF0021,1,relative_active_persistent,4.0,1,131,0.5,0.9375,32,18,0.5625,0.41010913268236643,0.5198487712665406
30_day_proxy,4,28,6,2026-07-06,LTKF0022M,1,relative_active_persistent,15.0,1,131,0.5,0.9375,32,16,0.5,0.41010913268236643,0.5198487712665406
30_day_proxy,4,28,6,2026-07-06,LTKF0031,1,relative_active_persistent,20.0,1,131,1.0,1.0,32,18,0.5625,0.41010913268236643,0.5198487712665406
30_day_proxy,4,28,6,2026-07-06,LTKF0047,1,relative_active_persistent,0.0,0,131,0.75,0.99609375,32,11,0.34375,0.41010913268236643,0.5198487712665406
30_day_proxy,4,28,6,2026-07-06,LTKF0058,2,low_frequency_sparse,0.0,0,131,0.0,0.0,32,6,0.1875,0.41010913268236643,0.26223776223776224
30_day_proxy,4,28,6,2026-07-06,LTKF0101,1,relative_active_persistent,25.0,1,131,1.0,1.0,32,13,0.40625,0.41010913268236643,0.5198487712665406
30_day_proxy,4,28,6,2026-07-06,LTKF0102,2,low_frequency_sparse,0.0,0,131,0.0,0.0,32,6,0.1875,0.41010913268236643,0.26223776223776224
30_day_proxy,4,28,6,2026-07-06,LTKF0106,0,low_information,1.0,1,131,0.0,0.0,32,3,0.09375,0.41010913268236643,0.12612612612612611
30_day_proxy,4,28,6,2026-07-06,LTKF0111,2,low_frequency_sparse,4.0,1,131,0.5,0.9375,32,9,0.28125,0.41010913268236643,0.26223776223776224
30_day_proxy,4,28,6,2026-07-06,LTKF093,1,relative_active_persistent,0.0,0,131,0.5,0.9375,32,13,0.40625,0.41010913268236643,0.5198487712665406
30_day_proxy,4,28,6,2026-07-06,LTKF098,1,relative_active_persistent,7.0,1,131,1.0,1.0,32,12,0.375,0.41010913268236643,0.5198487712665406
30_day_proxy,4,28,6,2026-07-06,LTKF098B,1,relative_active_persistent,1.0,1,26,0.75,0.99609375,6,6,1.0,0.41010913268236643,0.5198487712665406
30_day_proxy,4,28,6,2026-07-06,LYC0201,1,relative_active_persistent,4.0,1,131,0.75,0.99609375,32,9,0.28125,0.41010913268236643,0.5198487712665406
30_day_proxy,4,28,6,2026-07-06,LYC0203,2,low_frequency_sparse,0.0,0,131,0.25,0.68359375,32,10,0.3125,0.41010913268236643,0.26223776223776224
30_day_proxy,4,28,6,2026-07-06,NNB0002,1,relative_active_persistent,0.0,0,131,0.0,0.0,32,8,0.25,0.41010913268236643,0.5198487712665406
30_day_proxy,4,28,6,2026-07-06,NNBZL01,1,relative_active_persistent,0.0,0,26,0.0,0.0,6,3,0.5,0.41010913268236643,0.5198487712665406
30_day_proxy,4,28,6,2026-07-06,QCCXC0004,1,relative_active_persistent,0.0,0,131,0.0,0.0,32,6,0.1875,0.41010913268236643,0.5198487712665406
30_day_proxy,4,28,6,2026-07-06,QFDNZGJK001,1,relative_active_persistent,0.0,0,26,0.0,0.0,6,3,0.5,0.41010913268236643,0.5198487712665406
30_day_proxy,4,28,6,2026-07-06,QFDNZGJK002,1,relative_active_persistent,0.0,0,26,0.0,0.0,6,3,0.5,0.41010913268236643,0.5198487712665406
30_day_proxy,4,28,6,2026-07-06,QFSJZ002-1,2,low_frequency_sparse,0.0,0,131,0.0,0.0,32,6,0.1875,0.41010913268236643,0.26223776223776224
30_day_proxy,4,28,6,2026-07-06,QFSJZ003,2,low_frequency_sparse,0.0,0,131,0.0,0.0,32,7,0.21875,0.41010913268236643,0.26223776223776224
30_day_proxy,4,28,6,2026-07-06,QFSJZ003-1,2,low_frequency_sparse,0.0,0,131,0.0,0.0,32,8,0.25,0.41010913268236643,0.26223776223776224
30_day_proxy,4,28,6,2026-07-06,QFYF001,0,low_information,0.0,0,26,0.25,0.68359375,6,1,0.16666666666666666,0.41010913268236643,0.12612612612612611
30_day_proxy,4,28,6,2026-07-06,RLHZHMV000AMDE,1,relative_active_persistent,13.0,1,131,1.0,1.0,32,24,0.75,0.41010913268236643,0.5198487712665406
30_day_proxy,4,28,6,2026-07-06,SKZ2FT01,1,relative_active_persistent,10.0,1,26,1.0,1.0,6,2,0.3333333333333333,0.41010913268236643,0.5198487712665406
30_day_proxy,4,28,6,2026-07-06,SKZ3FT01,1,relative_active_persistent,7.0,1,26,1.0,1.0,6,2,0.3333333333333333,0.41010913268236643,0.5198487712665406
30_day_proxy,4,28,6,2026-07-06,SLT0003,2,low_frequency_sparse,0.0,0,131,0.0,0.0,32,12,0.375,0.41010913268236643,0.26223776223776224
30_day_proxy,4,28,6,2026-07-06,SLT0004,2,low_frequency_sparse,0.0,0,131,0.0,0.0,32,4,0.125,0.41010913268236643,0.26223776223776224
30_day_proxy,4,28,6,2026-07-06,TTNX0002,0,low_information,2.0,1,26,0.0,0.0,6,0,0.0,0.41010913268236643,0.12612612612612611
30_day_proxy,4,28,6,2026-07-06,XFTW0001,1,relative_active_persistent,0.0,0,26,0.0,0.0,6,2,0.3333333333333333,0.41010913268236643,0.5198487712665406
30_day_proxy,4,28,6,2026-07-06,XGX9992,0,low_information,6.0,1,26,0.75,0.99609375,6,1,0.16666666666666666,0.41010913268236643,0.12612612612612611
30_day_proxy,4,28,6,2026-07-06,XGX9993,0,low_information,8.0,1,26,0.5,0.9375,6,1,0.16666666666666666,0.41010913268236643,0.12612612612612611
30_day_proxy,4,28,6,2026-07-06,XGX9994,0,low_information,9.0,1,26,0.5,0.9375,6,1,0.16666666666666666,0.41010913268236643,0.12612612612612611
30_day_proxy,4,28,6,2026-07-06,XGX9995,0,low_information,2.0,1,26,0.75,0.99609375,6,1,0.16666666666666666,0.41010913268236643,0.12612612612612611
30_day_proxy,4,28,6,2026-07-06,XGX99990,0,low_information,2.0,1,26,0.5,0.9375,6,1,0.16666666666666666,0.41010913268236643,0.12612612612612611
30_day_proxy,4,28,6,2026-07-06,XGX99991,0,low_information,2.0,1,26,0.25,0.68359375,6,1,0.16666666666666666,0.41010913268236643,0.12612612612612611
30_day_proxy,4,28,6,2026-07-06,XGX99992,0,low_information,6.0,1,26,0.0,0.0,6,0,0.0,0.41010913268236643,0.12612612612612611
30_day_proxy,4,28,6,2026-07-06,XGX99993,0,low_information,8.0,1,26,0.25,0.68359375,6,1,0.16666666666666666,0.41010913268236643,0.12612612612612611
30_day_proxy,4,28,6,2026-07-06,XHP0001,1,relative_active_persistent,106.0,1,131,1.0,1.0,32,12,0.375,0.41010913268236643,0.5198487712665406
30_day_proxy,4,28,6,2026-07-06,XHZXCZP0001,1,relative_active_persistent,62.0,1,131,1.0,1.0,32,21,0.65625,0.41010913268236643,0.5198487712665406
30_day_proxy,4,28,6,2026-07-06,XHZXCZP0002,1,relative_active_persistent,9.0,1,131,1.0,1.0,32,11,0.34375,0.41010913268236643,0.5198487712665406
30_day_proxy,4,28,6,2026-07-06,XMJ0001,0,low_information,0.0,0,26,0.0,0.0,6,1,0.16666666666666666,0.41010913268236643,0.12612612612612611
30_day_proxy,4,28,6,2026-07-06,XMJ0004,1,relative_active_persistent,38.0,1,26,0.75,0.99609375,6,3,0.5,0.41010913268236643,0.5198487712665406
30_day_proxy,4,28,6,2026-07-06,XMSH0001,1,relative_active_persistent,18.0,1,26,1.0,1.0,6,5,0.8333333333333334,0.41010913268236643,0.5198487712665406
30_day_proxy,4,28,6,2026-07-06,XXGP0002,1,relative_active_persistent,0.0,0,26,0.0,0.0,6,2,0.3333333333333333,0.41010913268236643,0.5198487712665406
30_day_proxy,4,28,6,2026-07-06,XYJ0001,1,relative_active_persistent,17.0,1,26,0.5,0.9375,6,4,0.6666666666666666,0.41010913268236643,0.5198487712665406
30_day_proxy,4,28,6,2026-07-06,XYMGPD0001,1,relative_active_persistent,0.0,0,26,0.5,0.9375,6,5,0.8333333333333334,0.41010913268236643,0.5198487712665406
30_day_proxy,4,28,6,2026-07-06,XYMGPD0002,1,relative_active_persistent,0.0,0,26,0.0,0.0,6,3,0.5,0.41010913268236643,0.5198487712665406
30_day_proxy,4,28,6,2026-07-06,XYMLRY00001,2,low_frequency_sparse,5.0,1,26,0.5,0.9375,6,5,0.8333333333333334,0.41010913268236643,0.26223776223776224
30_day_proxy,4,28,6,2026-07-06,XYMZD0017,0,low_information,24.0,1,26,0.0,0.0,6,0,0.0,0.41010913268236643,0.12612612612612611
30_day_proxy,4,28,6,2026-07-06,XYMZG0016,0,low_information,12.0,1,26,0.5,0.9375,6,1,0.16666666666666666,0.41010913268236643,0.12612612612612611
30_day_proxy,4,28,6,2026-07-06,YDBZ001,1,relative_active_persistent,0.0,0,131,0.75,0.99609375,32,14,0.4375,0.41010913268236643,0.5198487712665406
30_day_proxy,4,28,6,2026-07-06,YDBZ002,1,relative_active_persistent,0.0,0,131,0.0,0.0,32,14,0.4375,0.41010913268236643,0.5198487712665406
30_day_proxy,4,28,6,2026-07-06,YEC0009,1,relative_active_persistent,0.0,0,26,0.0,0.0,6,4,0.6666666666666666,0.41010913268236643,0.5198487712665406
30_day_proxy,4,28,6,2026-07-06,YJLZHMV000AMDE,1,relative_active_persistent,2.0,1,131,0.5,0.9375,32,24,0.75,0.41010913268236643,0.5198487712665406
30_day_proxy,4,28,6,2026-07-06,YXBLJ0001,2,low_frequency_sparse,1.0,1,131,0.25,0.68359375,32,7,0.21875,0.41010913268236643,0.26223776223776224
30_day_proxy,4,28,6,2026-07-06,ZBTZ0002,1,relative_active_persistent,0.0,0,131,0.0,0.0,32,6,0.1875,0.41010913268236643,0.5198487712665406
30_day_proxy,4,28,6,2026-07-06,ZBTZ0003,2,low_frequency_sparse,0.0,0,131,0.0,0.0,32,7,0.21875,0.41010913268236643,0.26223776223776224
30_day_proxy,4,28,6,2026-07-06,ZTD0001,1,relative_active_persistent,13.0,1,131,1.0,1.0,32,6,0.1875,0.41010913268236643,0.5198487712665406
30_day_proxy,4,28,6,2026-07-06,ZTD0003,1,relative_active_persistent,2.0,1,131,1.0,1.0,32,12,0.375,0.41010913268236643,0.5198487712665406
30_day_proxy,4,28,6,2026-07-06,ZTD0004,0,low_information,5.0,1,26,0.0,0.0,6,0,0.0,0.41010913268236643,0.12612612612612611
30_day_proxy,4,28,6,2026-07-06,xgx0013,2,low_frequency_sparse,7.0,1,26,0.75,0.99609375,6,3,0.5,0.41010913268236643,0.26223776223776224
30_day_proxy,4,28,6,2026-07-06,xgx0014,1,relative_active_persistent,6.0,1,26,1.0,1.0,6,6,1.0,0.41010913268236643,0.5198487712665406
30_day_proxy,4,28,6,2026-07-06,xgx0015,1,relative_active_persistent,14.0,1,26,0.75,0.99609375,6,6,1.0,0.41010913268236643,0.5198487712665406
30_day_proxy,4,28,6,2026-07-06,xgx0016,1,relative_active_persistent,14.0,1,26,1.0,1.0,6,6,1.0,0.41010913268236643,0.5198487712665406
30_day_proxy,4,28,6,2026-07-06,xymzd0015,1,relative_active_persistent,28.0,1,26,1.0,1.0,6,6,1.0,0.41010913268236643,0.5198487712665406
30_day_proxy,4,28,6,2026-07-06,xymzd0016,0,low_information,13.0,1,26,0.0,0.0,6,0,0.0,0.41010913268236643,0.12612612612612611
30_day_proxy,4,28,6,2026-07-06,zxy0002,0,low_information,1.0,1,26,0.75,0.99609375,6,2,0.3333333333333333,0.41010913268236643,0.12612612612612611
60_day_proxy,9,63,1,2025-07-21,BLJZ0001,0,low_information,1.0,1,81,0.0,0.0,9,0,0.0,0.26495726495726496,0.09323116219667944
60_day_proxy,9,63,1,2025-07-21,BLP0001,0,low_information,38.0,1,81,0.1111111111111111,0.6535605838853816,9,1,0.1111111111111111,0.26495726495726496,0.09323116219667944
60_day_proxy,9,63,1,2025-07-21,BLP0002,0,low_information,8.0,1,81,0.0,0.0,9,0,0.0,0.26495726495726496,0.09323116219667944
60_day_proxy,9,63,1,2025-07-21,BLP0003,0,low_information,0.0,0,81,0.0,0.0,9,0,0.0,0.26495726495726496,0.09323116219667944
60_day_proxy,9,63,1,2025-07-21,BLP0004,0,low_information,0.0,0,81,0.0,0.0,9,0,0.0,0.26495726495726496,0.09323116219667944
60_day_proxy,9,63,1,2025-07-21,CBJZ0001,0,low_information,0.0,0,81,0.0,0.0,9,1,0.1111111111111111,0.26495726495726496,0.09323116219667944
60_day_proxy,9,63,1,2025-07-21,CLSSLT0003,2,low_frequency_sparse,1.0,1,81,0.2222222222222222,0.8958402868568988,9,3,0.3333333333333333,0.26495726495726496,0.34325396825396826
60_day_proxy,9,63,1,2025-07-21,CLSSLT0006,0,low_information,15.0,1,81,0.2222222222222222,0.8958402868568988,9,1,0.1111111111111111,0.26495726495726496,0.09323116219667944
60_day_proxy,9,63,1,2025-07-21,CWW0002,0,low_information,61.0,1,81,0.0,0.0,9,0,0.0,0.26495726495726496,0.09323116219667944
60_day_proxy,9,63,1,2025-07-21,DGNTYBV001AMDE,0,low_information,0.0,0,81,0.0,0.0,9,1,0.1111111111111111,0.26495726495726496,0.09323116219667944
60_day_proxy,9,63,1,2025-07-21,DHZXCZP0001,0,low_information,34.0,1,81,0.3333333333333333,0.9739877051262511,9,1,0.1111111111111111,0.26495726495726496,0.09323116219667944
60_day_proxy,9,63,1,2025-07-21,DRMJJ0020,0,low_information,9.0,1,81,0.1111111111111111,0.6535605838853816,9,1,0.1111111111111111,0.26495726495726496,0.09323116219667944
60_day_proxy,9,63,1,2025-07-21,DRMJJ0021,0,low_information,10.0,1,81,0.4444444444444444,0.9949586429849352,9,1,0.1111111111111111,0.26495726495726496,0.09323116219667944
60_day_proxy,9,63,1,2025-07-21,DRMJJ0022,2,low_frequency_sparse,15.0,1,81,0.5555555555555556,0.9993233605154012,9,2,0.2222222222222222,0.26495726495726496,0.34325396825396826
60_day_proxy,9,63,1,2025-07-21,DRMJJ0023,2,low_frequency_sparse,20.0,1,81,0.4444444444444444,0.9949586429849352,9,2,0.2222222222222222,0.26495726495726496,0.34325396825396826
60_day_proxy,9,63,1,2025-07-21,DRMJJ0024,0,low_information,0.0,0,81,0.1111111111111111,0.6535605838853816,9,2,0.2222222222222222,0.26495726495726496,0.09323116219667944
60_day_proxy,9,63,1,2025-07-21,DRMJJ0025,2,low_frequency_sparse,2.0,1,81,0.6666666666666666,0.9999491947365747,9,2,0.2222222222222222,0.26495726495726496,0.34325396825396826
60_day_proxy,9,63,1,2025-07-21,DRMJJ0026,0,low_information,4.0,1,81,0.0,0.0,9,0,0.0,0.26495726495726496,0.09323116219667944
60_day_proxy,9,63,1,2025-07-21,DRMJJ0027,0,low_information,3.0,1,81,0.0,0.0,9,0,0.0,0.26495726495726496,0.09323116219667944
60_day_proxy,9,63,1,2025-07-21,ETZP0003,0,low_information,2.0,1,81,0.0,0.0,9,0,0.0,0.26495726495726496,0.09323116219667944
60_day_proxy,9,63,1,2025-07-21,ETZP0004,2,low_frequency_sparse,14.0,1,81,0.6666666666666666,0.9999491947365747,9,2,0.2222222222222222,0.26495726495726496,0.34325396825396826
60_day_proxy,9,63,1,2025-07-21,FDBLHP0001,0,low_information,20.0,1,81,0.1111111111111111,0.6535605838853816,9,1,0.1111111111111111,0.26495726495726496,0.09323116219667944
60_day_proxy,9,63,1,2025-07-21,FDBLP0001,1,relative_active_persistent,43.0,1,81,0.5555555555555556,0.9993233605154012,9,2,0.2222222222222222,0.26495726495726496,0.46794871794871795
60_day_proxy,9,63,1,2025-07-21,FRC0002,1,relative_active_persistent,0.0,0,81,0.0,0.0,9,3,0.3333333333333333,0.26495726495726496,0.46794871794871795
60_day_proxy,9,63,1,2025-07-21,FRC0003,1,relative_active_persistent,9.0,1,81,0.3333333333333333,0.9739877051262511,9,6,0.6666666666666666,0.26495726495726496,0.46794871794871795
60_day_proxy,9,63,1,2025-07-21,FRC0010,2,low_frequency_sparse,0.0,0,81,0.0,0.0,9,3,0.3333333333333333,0.26495726495726496,0.34325396825396826
60_day_proxy,9,63,1,2025-07-21,FRC0011,0,low_information,0.0,0,81,0.0,0.0,9,1,0.1111111111111111,0.26495726495726496,0.09323116219667944
60_day_proxy,9,63,1,2025-07-21,FRH0001,1,relative_active_persistent,0.0,0,81,0.0,0.0,9,6,0.6666666666666666,0.26495726495726496,0.46794871794871795
60_day_proxy,9,63,1,2025-07-21,FRH0002,1,relative_active_persistent,0.0,0,81,0.0,0.0,9,6,0.6666666666666666,0.26495726495726496,0.46794871794871795
60_day_proxy,9,63,1,2025-07-21,FRH0003,1,relative_active_persistent,0.0,0,81,0.1111111111111111,0.6535605838853816,9,7,0.7777777777777778,0.26495726495726496,0.46794871794871795
60_day_proxy,9,63,1,2025-07-21,FRH0004,1,relative_active_persistent,0.0,0,81,0.0,0.0,9,4,0.4444444444444444,0.26495726495726496,0.46794871794871795
60_day_proxy,9,63,1,2025-07-21,FRH0012,0,low_information,0.0,0,81,0.0,0.0,9,2,0.2222222222222222,0.26495726495726496,0.09323116219667944
60_day_proxy,9,63,1,2025-07-21,FRH0028,2,low_frequency_sparse,1.0,1,81,0.0,0.0,9,4,0.4444444444444444,0.26495726495726496,0.34325396825396826
60_day_proxy,9,63,1,2025-07-21,FRH0029,2,low_frequency_sparse,0.0,0,81,0.0,0.0,9,6,0.6666666666666666,0.26495726495726496,0.34325396825396826
60_day_proxy,9,63,1,2025-07-21,FRH0031,2,low_frequency_sparse,0.0,0,81,0.0,0.0,9,4,0.4444444444444444,0.26495726495726496,0.34325396825396826
60_day_proxy,9,63,1,2025-07-21,FRH0033,1,relative_active_persistent,39.0,1,81,1.0,1.0,9,8,0.8888888888888888,0.26495726495726496,0.46794871794871795
60_day_proxy,9,63,1,2025-07-21,FRH0034,2,low_frequency_sparse,8.0,1,81,0.1111111111111111,0.6535605838853816,9,8,0.8888888888888888,0.26495726495726496,0.34325396825396826
60_day_proxy,9,63,1,2025-07-21,FRH0035,2,low_frequency_sparse,0.0,0,81,0.0,0.0,9,3,0.3333333333333333,0.26495726495726496,0.34325396825396826
60_day_proxy,9,63,1,2025-07-21,FRH0036,0,low_information,0.0,0,81,0.0,0.0,9,1,0.1111111111111111,0.26495726495726496,0.09323116219667944
60_day_proxy,9,63,1,2025-07-21,FRH0037,2,low_frequency_sparse,0.0,0,81,0.0,0.0,9,2,0.2222222222222222,0.26495726495726496,0.34325396825396826
60_day_proxy,9,63,1,2025-07-21,FRH0040,1,relative_active_persistent,0.0,0,81,0.0,0.0,9,4,0.4444444444444444,0.26495726495726496,0.46794871794871795
60_day_proxy,9,63,1,2025-07-21,FRH0042,2,low_frequency_sparse,0.0,0,81,0.0,0.0,9,4,0.4444444444444444,0.26495726495726496,0.34325396825396826
60_day_proxy,9,63,1,2025-07-21,FRH0043,0,low_information,2.0,1,81,0.0,0.0,9,3,0.3333333333333333,0.26495726495726496,0.09323116219667944
60_day_proxy,9,63,1,2025-07-21,FRH0044,2,low_frequency_sparse,2.0,1,81,0.4444444444444444,0.9949586429849352,9,6,0.6666666666666666,0.26495726495726496,0.34325396825396826
60_day_proxy,9,63,1,2025-07-21,FRH0045,1,relative_active_persistent,0.0,0,81,0.0,0.0,9,4,0.4444444444444444,0.26495726495726496,0.46794871794871795
60_day_proxy,9,63,1,2025-07-21,FRH0046,2,low_frequency_sparse,7.0,1,81,0.4444444444444444,0.9949586429849352,9,7,0.7777777777777778,0.26495726495726496,0.34325396825396826
60_day_proxy,9,63,1,2025-07-21,FRH0047,2,low_frequency_sparse,0.0,0,81,0.0,0.0,9,4,0.4444444444444444,0.26495726495726496,0.34325396825396826
60_day_proxy,9,63,1,2025-07-21,FRH0048,1,relative_active_persistent,62.0,1,81,1.0,1.0,9,6,0.6666666666666666,0.26495726495726496,0.46794871794871795
60_day_proxy,9,63,1,2025-07-21,FRH0049,2,low_frequency_sparse,0.0,0,81,0.0,0.0,9,3,0.3333333333333333,0.26495726495726496,0.34325396825396826
60_day_proxy,9,63,1,2025-07-21,FRH0050,2,low_frequency_sparse,12.0,1,81,0.5555555555555556,0.9993233605154012,9,7,0.7777777777777778,0.26495726495726496,0.34325396825396826
60_day_proxy,9,63,1,2025-07-21,FRH0051,1,relative_active_persistent,35.0,1,81,1.0,1.0,9,7,0.7777777777777778,0.26495726495726496,0.46794871794871795
60_day_proxy,9,63,1,2025-07-21,FRH0052,0,low_information,0.0,0,81,0.0,0.0,9,3,0.3333333333333333,0.26495726495726496,0.09323116219667944
60_day_proxy,9,63,1,2025-07-21,FRH0056,1,relative_active_persistent,82.0,1,81,1.0,1.0,9,7,0.7777777777777778,0.26495726495726496,0.46794871794871795
60_day_proxy,9,63,1,2025-07-21,FRH0056-1,0,low_information,0.0,0,81,0.0,0.0,9,0,0.0,0.26495726495726496,0.09323116219667944
60_day_proxy,9,63,1,2025-07-21,FRH0058,0,low_information,0.0,0,81,0.0,0.0,9,1,0.1111111111111111,0.26495726495726496,0.09323116219667944
60_day_proxy,9,63,1,2025-07-21,FRH0059,1,relative_active_persistent,4.0,1,81,0.7777777777777778,0.9999986784385066,9,7,0.7777777777777778,0.26495726495726496,0.46794871794871795
60_day_proxy,9,63,1,2025-07-21,FRH0064,0,low_information,26.0,1,81,0.0,0.0,9,0,0.0,0.26495726495726496,0.09323116219667944
60_day_proxy,9,63,1,2025-07-21,FRH0065,0,low_information,17.0,1,81,0.1111111111111111,0.6535605838853816,9,1,0.1111111111111111,0.26495726495726496,0.09323116219667944
60_day_proxy,9,63,1,2025-07-21,FRH0068,0,low_information,0.0,0,81,0.0,0.0,9,0,0.0,0.26495726495726496,0.09323116219667944
60_day_proxy,9,63,1,2025-07-21,FRW00011,2,low_frequency_sparse,1.0,1,81,0.1111111111111111,0.6535605838853816,9,3,0.3333333333333333,0.26495726495726496,0.34325396825396826
60_day_proxy,9,63,1,2025-07-21,FRW0005,1,relative_active_persistent,42.0,1,81,0.8888888888888888,0.9999999974188252,9,6,0.6666666666666666,0.26495726495726496,0.46794871794871795
60_day_proxy,9,63,1,2025-07-21,FRW0006,1,relative_active_persistent,34.0,1,81,1.0,1.0,9,7,0.7777777777777778,0.26495726495726496,0.46794871794871795
60_day_proxy,9,63,1,2025-07-21,FRW0007,0,low_information,0.0,0,81,0.0,0.0,9,3,0.3333333333333333,0.26495726495726496,0.09323116219667944
60_day_proxy,9,63,1,2025-07-21,FRW0008,0,low_information,3.0,1,81,0.0,0.0,9,0,0.0,0.26495726495726496,0.09323116219667944
60_day_proxy,9,63,1,2025-07-21,FRW0009,2,low_frequency_sparse,1.0,1,81,0.6666666666666666,0.9999491947365747,9,1,0.1111111111111111,0.26495726495726496,0.34325396825396826
60_day_proxy,9,63,1,2025-07-21,FRW0011,2,low_frequency_sparse,0.0,0,81,0.0,0.0,9,3,0.3333333333333333,0.26495726495726496,0.34325396825396826
60_day_proxy,9,63,1,2025-07-21,FRW0013,2,low_frequency_sparse,0.0,0,81,0.0,0.0,9,2,0.2222222222222222,0.26495726495726496,0.34325396825396826
60_day_proxy,9,63,1,2025-07-21,FRW0014,2,low_frequency_sparse,0.0,0,81,0.0,0.0,9,2,0.2222222222222222,0.26495726495726496,0.34325396825396826
60_day_proxy,9,63,1,2025-07-21,FRW0015,1,relative_active_persistent,0.0,0,81,0.7777777777777778,0.9999986784385066,9,5,0.5555555555555556,0.26495726495726496,0.46794871794871795
60_day_proxy,9,63,1,2025-07-21,FRW0016,2,low_frequency_sparse,0.0,0,81,0.0,0.0,9,3,0.3333333333333333,0.26495726495726496,0.34325396825396826
60_day_proxy,9,63,1,2025-07-21,FRW0017,2,low_frequency_sparse,0.0,0,81,0.0,0.0,9,2,0.2222222222222222,0.26495726495726496,0.34325396825396826
60_day_proxy,9,63,1,2025-07-21,FRW0020,2,low_frequency_sparse,0.0,0,81,0.0,0.0,9,2,0.2222222222222222,0.26495726495726496,0.34325396825396826
60_day_proxy,9,63,1,2025-07-21,FRW0021,0,low_information,0.0,0,81,0.1111111111111111,0.6535605838853816,9,3,0.3333333333333333,0.26495726495726496,0.09323116219667944
60_day_proxy,9,63,1,2025-07-21,FRW0022,0,low_information,0.0,0,81,0.0,0.0,9,3,0.3333333333333333,0.26495726495726496,0.09323116219667944
60_day_proxy,9,63,1,2025-07-21,FRW0023,2,low_frequency_sparse,2.0,1,81,0.3333333333333333,0.9739877051262511,9,5,0.5555555555555556,0.26495726495726496,0.34325396825396826
60_day_proxy,9,63,1,2025-07-21,FRW0024,0,low_information,3.0,1,81,0.0,0.0,9,0,0.0,0.26495726495726496,0.09323116219667944
60_day_proxy,9,63,1,2025-07-21,FSTBY001,0,low_information,0.0,0,81,0.0,0.0,9,0,0.0,0.26495726495726496,0.09323116219667944
60_day_proxy,9,63,1,2025-07-21,FZGLS0001,0,low_information,0.0,0,81,0.0,0.0,9,0,0.0,0.26495726495726496,0.09323116219667944
60_day_proxy,9,63,1,2025-07-21,FZGLS0002,0,low_information,0.0,0,81,0.2222222222222222,0.8958402868568988,9,1,0.1111111111111111,0.26495726495726496,0.09323116219667944
60_day_proxy,9,63,1,2025-07-21,FZLRICBHP0001,2,low_frequency_sparse,0.0,0,81,0.1111111111111111,0.6535605838853816,9,2,0.2222222222222222,0.26495726495726496,0.34325396825396826
60_day_proxy,9,63,1,2025-07-21,FZLRJ0001,2,low_frequency_sparse,12.0,1,81,0.7777777777777778,0.9999986784385066,9,2,0.2222222222222222,0.26495726495726496,0.34325396825396826
60_day_proxy,9,63,1,2025-07-21,FZLRJ0001double,0,low_information,0.0,0,81,0.2222222222222222,0.8958402868568988,9,1,0.1111111111111111,0.26495726495726496,0.09323116219667944
60_day_proxy,9,63,1,2025-07-21,FZLRJ0002,2,low_frequency_sparse,13.0,1,81,1.0,1.0,9,2,0.2222222222222222,0.26495726495726496,0.34325396825396826
60_day_proxy,9,63,1,2025-07-21,FZLRJ0002double,2,low_frequency_sparse,0.0,0,81,0.2222222222222222,0.8958402868568988,9,2,0.2222222222222222,0.26495726495726496,0.34325396825396826
60_day_proxy,9,63,1,2025-07-21,GJMJSLW001,1,relative_active_persistent,0.0,0,81,0.0,0.0,9,3,0.3333333333333333,0.26495726495726496,0.46794871794871795
60_day_proxy,9,63,1,2025-07-21,GJMJSW001,0,low_information,0.0,0,81,0.0,0.0,9,1,0.1111111111111111,0.26495726495726496,0.09323116219667944
60_day_proxy,9,63,1,2025-07-21,GJMJWJX001,1,relative_active_persistent,58.0,1,81,1.0,1.0,9,5,0.5555555555555556,0.26495726495726496,0.46794871794871795
60_day_proxy,9,63,1,2025-07-21,GJMJWJXW001,1,relative_active_persistent,0.0,0,81,0.0,0.0,9,2,0.2222222222222222,0.26495726495726496,0.46794871794871795
60_day_proxy,9,63,1,2025-07-21,GJMUSDW001,0,low_information,0.0,0,81,0.0,0.0,9,2,0.2222222222222222,0.26495726495726496,0.09323116219667944
60_day_proxy,9,63,1,2025-07-21,HLGKSLT0001,2,low_frequency_sparse,21.0,1,81,0.6666666666666666,0.9999491947365747,9,3,0.3333333333333333,0.26495726495726496,0.34325396825396826
60_day_proxy,9,63,1,2025-07-21,HSAKSLT0001,0,low_information,3.0,1,81,0.3333333333333333,0.9739877051262511,9,2,0.2222222222222222,0.26495726495726496,0.09323116219667944
60_day_proxy,9,63,1,2025-07-21,HWZDSKL0001,1,relative_active_persistent,19.0,1,81,0.7777777777777778,0.9999986784385066,9,2,0.2222222222222222,0.26495726495726496,0.46794871794871795
60_day_proxy,9,63,1,2025-07-21,HWZDSKL0002,2,low_frequency_sparse,1.0,1,81,0.3333333333333333,0.9739877051262511,9,2,0.2222222222222222,0.26495726495726496,0.34325396825396826
60_day_proxy,9,63,1,2025-07-21,HZSN0001,1,relative_active_persistent,17.0,1,81,1.0,1.0,9,4,0.4444444444444444,0.26495726495726496,0.46794871794871795
60_day_proxy,9,63,1,2025-07-21,JZJ00011,0,low_information,10.0,1,81,0.4444444444444444,0.9949586429849352,9,1,0.1111111111111111,0.26495726495726496,0.09323116219667944
60_day_proxy,9,63,1,2025-07-21,JZJ00012,1,relative_active_persistent,49.0,1,81,0.8888888888888888,0.9999999974188252,9,3,0.3333333333333333,0.26495726495726496,0.46794871794871795
60_day_proxy,9,63,1,2025-07-21,JZJ0002,1,relative_active_persistent,72.0,1,81,1.0,1.0,9,3,0.3333333333333333,0.26495726495726496,0.46794871794871795
60_day_proxy,9,63,1,2025-07-21,JZJ0003,1,relative_active_persistent,179.0,1,81,1.0,1.0,9,3,0.3333333333333333,0.26495726495726496,0.46794871794871795
60_day_proxy,9,63,1,2025-07-21,JZJ0004,2,low_frequency_sparse,0.0,0,81,0.6666666666666666,0.9999491947365747,9,3,0.3333333333333333,0.26495726495726496,0.34325396825396826
60_day_proxy,9,63,1,2025-07-21,JZJ0005,1,relative_active_persistent,13.0,1,81,1.0,1.0,9,3,0.3333333333333333,0.26495726495726496,0.46794871794871795
60_day_proxy,9,63,1,2025-07-21,JZJ0008,1,relative_active_persistent,48.0,1,81,1.0,1.0,9,2,0.2222222222222222,0.26495726495726496,0.46794871794871795
60_day_proxy,9,63,1,2025-07-21,JZJ0009,1,relative_active_persistent,204.0,1,81,1.0,1.0,9,4,0.4444444444444444,0.26495726495726496,0.46794871794871795
60_day_proxy,9,63,1,2025-07-21,JZJ0013,1,relative_active_persistent,202.0,1,81,1.0,1.0,9,5,0.5555555555555556,0.26495726495726496,0.46794871794871795
60_day_proxy,9,63,1,2025-07-21,JZJ0014,0,low_information,8.0,1,81,0.2222222222222222,0.8958402868568988,9,1,0.1111111111111111,0.26495726495726496,0.09323116219667944
60_day_proxy,9,63,1,2025-07-21,JZJ0016,1,relative_active_persistent,29.0,1,81,0.3333333333333333,0.9739877051262511,9,6,0.6666666666666666,0.26495726495726496,0.46794871794871795
60_day_proxy,9,63,1,2025-07-21,JZJ0017,0,low_information,3.0,1,81,0.3333333333333333,0.9739877051262511,9,2,0.2222222222222222,0.26495726495726496,0.09323116219667944
60_day_proxy,9,63,1,2025-07-21,JZJ0018,0,low_information,28.0,1,81,0.0,0.0,9,0,0.0,0.26495726495726496,0.09323116219667944
60_day_proxy,9,63,1,2025-07-21,JZJ0019,1,relative_active_persistent,12.0,1,81,0.7777777777777778,0.9999986784385066,9,1,0.1111111111111111,0.26495726495726496,0.46794871794871795
60_day_proxy,9,63,1,2025-07-21,JZQCQ001,1,relative_active_persistent,0.0,0,81,0.2222222222222222,0.8958402868568988,9,5,0.5555555555555556,0.26495726495726496,0.46794871794871795
60_day_proxy,9,63,1,2025-07-21,JZQCQ003,1,relative_active_persistent,0.0,0,81,0.8888888888888888,0.9999999974188252,9,5,0.5555555555555556,0.26495726495726496,0.46794871794871795
60_day_proxy,9,63,1,2025-07-21,JZQCQ004,1,relative_active_persistent,1.0,1,81,0.5555555555555556,0.9993233605154012,9,4,0.4444444444444444,0.26495726495726496,0.46794871794871795
60_day_proxy,9,63,1,2025-07-21,KFZ0001,0,low_information,2.0,1,81,0.0,0.0,9,2,0.2222222222222222,0.26495726495726496,0.09323116219667944
60_day_proxy,9,63,1,2025-07-21,KZCWBG001,2,low_frequency_sparse,6.0,1,81,0.5555555555555556,0.9993233605154012,9,2,0.2222222222222222,0.26495726495726496,0.34325396825396826
60_day_proxy,9,63,1,2025-07-21,LRKF0001,1,relative_active_persistent,0.0,0,81,0.0,0.0,9,2,0.2222222222222222,0.26495726495726496,0.46794871794871795
60_day_proxy,9,63,1,2025-07-21,LTKF0002,2,low_frequency_sparse,0.0,0,81,0.0,0.0,9,2,0.2222222222222222,0.26495726495726496,0.34325396825396826
60_day_proxy,9,63,1,2025-07-21,LTKF0003B,0,low_information,0.0,0,81,0.0,0.0,9,1,0.1111111111111111,0.26495726495726496,0.09323116219667944
60_day_proxy,9,63,1,2025-07-21,LTKF0005A,2,low_frequency_sparse,1.0,1,81,0.5555555555555556,0.9993233605154012,9,4,0.4444444444444444,0.26495726495726496,0.34325396825396826
60_day_proxy,9,63,1,2025-07-21,LTKF0006A,0,low_information,0.0,0,81,0.0,0.0,9,1,0.1111111111111111,0.26495726495726496,0.09323116219667944
60_day_proxy,9,63,1,2025-07-21,LTKF0008,2,low_frequency_sparse,0.0,0,81,0.0,0.0,9,2,0.2222222222222222,0.26495726495726496,0.34325396825396826
60_day_proxy,9,63,1,2025-07-21,LTKF0009,2,low_frequency_sparse,0.0,0,81,0.0,0.0,9,2,0.2222222222222222,0.26495726495726496,0.34325396825396826
60_day_proxy,9,63,1,2025-07-21,LTKF0010,0,low_information,0.0,0,81,0.0,0.0,9,1,0.1111111111111111,0.26495726495726496,0.09323116219667944
60_day_proxy,9,63,1,2025-07-21,LTKF0012,0,low_information,0.0,0,81,0.0,0.0,9,2,0.2222222222222222,0.26495726495726496,0.09323116219667944
60_day_proxy,9,63,1,2025-07-21,LTKF0016,0,low_information,0.0,0,81,0.0,0.0,9,1,0.1111111111111111,0.26495726495726496,0.09323116219667944
60_day_proxy,9,63,1,2025-07-21,LTKF0018A,0,low_information,0.0,0,81,0.0,0.0,9,1,0.1111111111111111,0.26495726495726496,0.09323116219667944
60_day_proxy,9,63,1,2025-07-21,LTKF0019,1,relative_active_persistent,7.0,1,81,0.4444444444444444,0.9949586429849352,9,3,0.3333333333333333,0.26495726495726496,0.46794871794871795
60_day_proxy,9,63,1,2025-07-21,LTKF0020,1,relative_active_persistent,126.0,1,81,1.0,1.0,9,3,0.3333333333333333,0.26495726495726496,0.46794871794871795
60_day_proxy,9,63,1,2025-07-21,LTKF0021,1,relative_active_persistent,41.0,1,81,1.0,1.0,9,3,0.3333333333333333,0.26495726495726496,0.46794871794871795
60_day_proxy,9,63,1,2025-07-21,LTKF0022,2,low_frequency_sparse,3.0,1,81,0.6666666666666666,0.9999491947365747,9,2,0.2222222222222222,0.26495726495726496,0.34325396825396826
60_day_proxy,9,63,1,2025-07-21,LTKF0022M,2,low_frequency_sparse,14.0,1,81,0.8888888888888888,0.9999999974188252,9,2,0.2222222222222222,0.26495726495726496,0.34325396825396826
60_day_proxy,9,63,1,2025-07-21,LTKF0023,0,low_information,0.0,0,81,0.0,0.0,9,1,0.1111111111111111,0.26495726495726496,0.09323116219667944
60_day_proxy,9,63,1,2025-07-21,LTKF0024A,2,low_frequency_sparse,4.0,1,81,0.1111111111111111,0.6535605838853816,9,3,0.3333333333333333,0.26495726495726496,0.34325396825396826
60_day_proxy,9,63,1,2025-07-21,LTKF0031,1,relative_active_persistent,52.0,1,81,0.8888888888888888,0.9999999974188252,9,3,0.3333333333333333,0.26495726495726496,0.46794871794871795
60_day_proxy,9,63,1,2025-07-21,LTKF0047,2,low_frequency_sparse,2.0,1,81,0.6666666666666666,0.9999491947365747,9,2,0.2222222222222222,0.26495726495726496,0.34325396825396826
60_day_proxy,9,63,1,2025-07-21,LTKF0058,0,low_information,0.0,0,81,0.0,0.0,9,0,0.0,0.26495726495726496,0.09323116219667944
60_day_proxy,9,63,1,2025-07-21,LTKF0101,1,relative_active_persistent,64.0,1,81,0.3333333333333333,0.9739877051262511,9,2,0.2222222222222222,0.26495726495726496,0.46794871794871795
60_day_proxy,9,63,1,2025-07-21,LTKF0102,0,low_information,10.0,1,81,0.0,0.0,9,0,0.0,0.26495726495726496,0.09323116219667944
60_day_proxy,9,63,1,2025-07-21,LTKF0103,0,low_information,0.0,0,81,0.0,0.0,9,0,0.0,0.26495726495726496,0.09323116219667944
60_day_proxy,9,63,1,2025-07-21,LTKF0106,0,low_information,0.0,0,81,0.0,0.0,9,0,0.0,0.26495726495726496,0.09323116219667944
60_day_proxy,9,63,1,2025-07-21,LTKF0111,0,low_information,1.0,1,81,0.0,0.0,9,0,0.0,0.26495726495726496,0.09323116219667944
60_day_proxy,9,63,1,2025-07-21,LTKF093,0,low_information,9.0,1,81,0.3333333333333333,0.9739877051262511,9,1,0.1111111111111111,0.26495726495726496,0.09323116219667944
60_day_proxy,9,63,1,2025-07-21,LTKF098,0,low_information,48.0,1,81,0.0,0.0,9,0,0.0,0.26495726495726496,0.09323116219667944
60_day_proxy,9,63,1,2025-07-21,LYC0201,0,low_information,21.0,1,81,0.1111111111111111,0.6535605838853816,9,1,0.1111111111111111,0.26495726495726496,0.09323116219667944
60_day_proxy,9,63,1,2025-07-21,LYC0203,0,low_information,9.0,1,81,0.0,0.0,9,0,0.0,0.26495726495726496,0.09323116219667944
60_day_proxy,9,63,1,2025-07-21,NNB0002,0,low_information,2.0,1,81,0.0,0.0,9,0,0.0,0.26495726495726496,0.09323116219667944
60_day_proxy,9,63,1,2025-07-21,QCCXC0004,1,relative_active_persistent,0.0,0,81,0.0,0.0,9,2,0.2222222222222222,0.26495726495726496,0.46794871794871795
60_day_proxy,9,63,1,2025-07-21,QCCXC0005,1,relative_active_persistent,44.0,1,81,0.7777777777777778,0.9999986784385066,9,4,0.4444444444444444,0.26495726495726496,0.46794871794871795
60_day_proxy,9,63,1,2025-07-21,QCCXC0007,1,relative_active_persistent,48.0,1,81,1.0,1.0,9,4,0.4444444444444444,0.26495726495726496,0.46794871794871795
60_day_proxy,9,63,1,2025-07-21,QCSSXC0004,0,low_information,0.0,0,81,0.0,0.0,9,2,0.2222222222222222,0.26495726495726496,0.09323116219667944
60_day_proxy,9,63,1,2025-07-21,QCSSXC0005,2,low_frequency_sparse,44.0,1,81,0.5555555555555556,0.9993233605154012,9,4,0.4444444444444444,0.26495726495726496,0.34325396825396826
60_day_proxy,9,63,1,2025-07-21,QCSSXC0006,2,low_frequency_sparse,33.0,1,81,0.6666666666666666,0.9999491947365747,9,4,0.4444444444444444,0.26495726495726496,0.34325396825396826
60_day_proxy,9,63,1,2025-07-21,QCXDS001,1,relative_active_persistent,0.0,0,81,0.1111111111111111,0.6535605838853816,9,4,0.4444444444444444,0.26495726495726496,0.46794871794871795
60_day_proxy,9,63,1,2025-07-21,QCXXC0001,2,low_frequency_sparse,5.0,1,81,0.5555555555555556,0.9993233605154012,9,4,0.4444444444444444,0.26495726495726496,0.34325396825396826
60_day_proxy,9,63,1,2025-07-21,QCXXC0002,2,low_frequency_sparse,0.0,0,81,0.1111111111111111,0.6535605838853816,9,4,0.4444444444444444,0.26495726495726496,0.34325396825396826
60_day_proxy,9,63,1,2025-07-21,QFSJZ001-1,0,low_information,17.0,1,81,0.4444444444444444,0.9949586429849352,9,1,0.1111111111111111,0.26495726495726496,0.09323116219667944
60_day_proxy,9,63,1,2025-07-21,QFSJZ002-1,0,low_information,10.0,1,81,0.2222222222222222,0.8958402868568988,9,1,0.1111111111111111,0.26495726495726496,0.09323116219667944
60_day_proxy,9,63,1,2025-07-21,QFSJZ003,0,low_information,5.0,1,81,0.1111111111111111,0.6535605838853816,9,1,0.1111111111111111,0.26495726495726496,0.09323116219667944
60_day_proxy,9,63,1,2025-07-21,QFSJZ003-1,0,low_information,11.0,1,81,0.1111111111111111,0.6535605838853816,9,1,0.1111111111111111,0.26495726495726496,0.09323116219667944
60_day_proxy,9,63,1,2025-07-21,QYGZIPJ,0,low_information,1.0,1,81,0.0,0.0,9,0,0.0,0.26495726495726496,0.09323116219667944
60_day_proxy,9,63,1,2025-07-21,RLHZHMV000AMDE,1,relative_active_persistent,45.0,1,81,1.0,1.0,9,6,0.6666666666666666,0.26495726495726496,0.46794871794871795
60_day_proxy,9,63,1,2025-07-21,SLT0001,0,low_information,0.0,0,81,0.0,0.0,9,1,0.1111111111111111,0.26495726495726496,0.09323116219667944
60_day_proxy,9,63,1,2025-07-21,SLT0003,2,low_frequency_sparse,5.0,1,81,0.2222222222222222,0.8958402868568988,9,2,0.2222222222222222,0.26495726495726496,0.34325396825396826
60_day_proxy,9,63,1,2025-07-21,SLT0004,0,low_information,0.0,0,81,0.1111111111111111,0.6535605838853816,9,1,0.1111111111111111,0.26495726495726496,0.09323116219667944
60_day_proxy,9,63,1,2025-07-21,SPH0001,0,low_information,7.0,1,81,0.0,0.0,9,0,0.0,0.26495726495726496,0.09323116219667944
60_day_proxy,9,63,1,2025-07-21,SRPDZS0001,0,low_information,1.0,1,81,0.3333333333333333,0.9739877051262511,9,1,0.1111111111111111,0.26495726495726496,0.09323116219667944
60_day_proxy,9,63,1,2025-07-21,SRPDZS0002,2,low_frequency_sparse,0.0,0,81,0.5555555555555556,0.9993233605154012,9,1,0.1111111111111111,0.26495726495726496,0.34325396825396826
60_day_proxy,9,63,1,2025-07-21,WSJZS0002,0,low_information,0.0,0,81,0.0,0.0,9,0,0.0,0.26495726495726496,0.09323116219667944
60_day_proxy,9,63,1,2025-07-21,WSJZS0004,0,low_information,1.0,1,81,0.0,0.0,9,0,0.0,0.26495726495726496,0.09323116219667944
60_day_proxy,9,63,1,2025-07-21,XHP0001,0,low_information,62.0,1,81,0.4444444444444444,0.9949586429849352,9,1,0.1111111111111111,0.26495726495726496,0.09323116219667944
60_day_proxy,9,63,1,2025-07-21,XHZXCZP0001,1,relative_active_persistent,119.0,1,81,1.0,1.0,9,5,0.5555555555555556,0.26495726495726496,0.46794871794871795
60_day_proxy,9,63,1,2025-07-21,XHZXCZP0002,0,low_information,1.0,1,81,0.0,0.0,9,0,0.0,0.26495726495726496,0.09323116219667944
60_day_proxy,9,63,1,2025-07-21,YBB0001,0,low_information,28.0,1,81,0.0,0.0,9,0,0.0,0.26495726495726496,0.09323116219667944
60_day_proxy,9,63,1,2025-07-21,YDBZ001,2,low_frequency_sparse,34.0,1,81,0.0,0.0,9,3,0.3333333333333333,0.26495726495726496,0.34325396825396826
60_day_proxy,9,63,1,2025-07-21,YDBZ002,1,relative_active_persistent,36.0,1,81,0.0,0.0,9,4,0.4444444444444444,0.26495726495726496,0.46794871794871795
60_day_proxy,9,63,1,2025-07-21,YDBZLV0001AMDE,2,low_frequency_sparse,0.0,0,81,0.0,0.0,9,3,0.3333333333333333,0.26495726495726496,0.34325396825396826
60_day_proxy,9,63,1,2025-07-21,YDBZWV0001AMDE,2,low_frequency_sparse,0.0,0,81,0.0,0.0,9,3,0.3333333333333333,0.26495726495726496,0.34325396825396826
60_day_proxy,9,63,1,2025-07-21,YJL0002,0,low_information,1.0,1,81,0.0,0.0,9,0,0.0,0.26495726495726496,0.09323116219667944
60_day_proxy,9,63,1,2025-07-21,YJLZHMV000AMDE,1,relative_active_persistent,9.0,1,81,0.8888888888888888,0.9999999974188252,9,6,0.6666666666666666,0.26495726495726496,0.46794871794871795
60_day_proxy,9,63,1,2025-07-21,YJX0022,0,low_information,0.0,0,81,0.0,0.0,9,1,0.1111111111111111,0.26495726495726496,0.09323116219667944
60_day_proxy,9,63,1,2025-07-21,YJX0023,0,low_information,0.0,0,81,0.0,0.0,9,1,0.1111111111111111,0.26495726495726496,0.09323116219667944
60_day_proxy,9,63,1,2025-07-21,YJX0024,2,low_frequency_sparse,0.0,0,81,0.0,0.0,9,1,0.1111111111111111,0.26495726495726496,0.34325396825396826
60_day_proxy,9,63,1,2025-07-21,YJX0025,0,low_information,2.0,1,81,0.1111111111111111,0.6535605838853816,9,2,0.2222222222222222,0.26495726495726496,0.09323116219667944
60_day_proxy,9,63,1,2025-07-21,YKLLW0004,0,low_information,0.0,0,81,0.1111111111111111,0.6535605838853816,9,2,0.2222222222222222,0.26495726495726496,0.09323116219667944
60_day_proxy,9,63,1,2025-07-21,YKLLW0005,1,relative_active_persistent,0.0,0,81,0.4444444444444444,0.9949586429849352,9,2,0.2222222222222222,0.26495726495726496,0.46794871794871795
60_day_proxy,9,63,1,2025-07-21,YKLLW0006,0,low_information,0.0,0,81,0.0,0.0,9,1,0.1111111111111111,0.26495726495726496,0.09323116219667944
60_day_proxy,9,63,1,2025-07-21,YXBLJ0001,0,low_information,0.0,0,81,0.0,0.0,9,0,0.0,0.26495726495726496,0.09323116219667944
60_day_proxy,9,63,1,2025-07-21,ZBTZ0002,0,low_information,1.0,1,81,0.0,0.0,9,1,0.1111111111111111,0.26495726495726496,0.09323116219667944
60_day_proxy,9,63,1,2025-07-21,ZBTZ0003,0,low_information,0.0,0,81,0.0,0.0,9,1,0.1111111111111111,0.26495726495726496,0.09323116219667944
60_day_proxy,9,63,1,2025-07-21,ZJJSJBV001AMDE,2,low_frequency_sparse,6.0,1,81,0.1111111111111111,0.6535605838853816,9,5,0.5555555555555556,0.26495726495726496,0.34325396825396826
60_day_proxy,9,63,1,2025-07-21,ZJJSJSV001AMDE,1,relative_active_persistent,0.0,0,81,0.0,0.0,9,4,0.4444444444444444,0.26495726495726496,0.46794871794871795
60_day_proxy,9,63,1,2025-07-21,ZJJYZBV001AMDE,1,relative_active_persistent,21.0,1,81,0.1111111111111111,0.6535605838853816,9,6,0.6666666666666666,0.26495726495726496,0.46794871794871795
60_day_proxy,9,63,1,2025-07-21,ZJJYZSJBV1AMDE,2,low_frequency_sparse,0.0,0,81,0.0,0.0,9,4,0.4444444444444444,0.26495726495726496,0.34325396825396826
60_day_proxy,9,63,1,2025-07-21,ZJJYZSJSV1AMDE,1,relative_active_persistent,0.0,0,81,0.0,0.0,9,1,0.1111111111111111,0.26495726495726496,0.46794871794871795
60_day_proxy,9,63,1,2025-07-21,ZJJYZSJSV2AMDE,2,low_frequency_sparse,0.0,0,81,0.0,0.0,9,3,0.3333333333333333,0.26495726495726496,0.34325396825396826
60_day_proxy,9,63,1,2025-07-21,ZTD0001,0,low_information,0.0,0,81,0.0,0.0,9,0,0.0,0.26495726495726496,0.09323116219667944
60_day_proxy,9,63,1,2025-07-21,ZTD0003,0,low_information,4.0,1,81,0.0,0.0,9,0,0.0,0.26495726495726496,0.09323116219667944
60_day_proxy,9,63,2,2025-09-22,BLJZ0001,0,low_information,7.0,1,90,0.1111111111111111,0.6535605838853816,10,1,0.1,0.29384615384615387,0.10847457627118644
60_day_proxy,9,63,2,2025-09-22,BLP0001,1,relative_active_persistent,56.0,1,90,0.5555555555555556,0.9993233605154012,10,2,0.2,0.29384615384615387,0.4484375
60_day_proxy,9,63,2,2025-09-22,BLP0002,2,low_frequency_sparse,27.0,1,90,0.5555555555555556,0.9993233605154012,10,1,0.1,0.29384615384615387,0.30833333333333335
60_day_proxy,9,63,2,2025-09-22,BLP0003,0,low_information,4.0,1,90,0.0,0.0,10,0,0.0,0.29384615384615387,0.10847457627118644
60_day_proxy,9,63,2,2025-09-22,BLP0004,0,low_information,2.0,1,90,0.0,0.0,10,0,0.0,0.29384615384615387,0.10847457627118644
60_day_proxy,9,63,2,2025-09-22,CBJZ0001,0,low_information,0.0,0,90,0.0,0.0,10,1,0.1,0.29384615384615387,0.10847457627118644
60_day_proxy,9,63,2,2025-09-22,CLSSLT0003,2,low_frequency_sparse,5.0,1,90,0.1111111111111111,0.6535605838853816,10,4,0.4,0.29384615384615387,0.30833333333333335
60_day_proxy,9,63,2,2025-09-22,CLSSLT0006,2,low_frequency_sparse,12.0,1,90,0.5555555555555556,0.9993233605154012,10,2,0.2,0.29384615384615387,0.30833333333333335
60_day_proxy,9,63,2,2025-09-22,CWW0002,1,relative_active_persistent,66.0,1,90,0.6666666666666666,0.9999491947365747,10,1,0.1,0.29384615384615387,0.4484375
60_day_proxy,9,63,2,2025-09-22,DGNTYBV001AMDE,0,low_information,0.0,0,90,0.0,0.0,10,1,0.1,0.29384615384615387,0.10847457627118644
60_day_proxy,9,63,2,2025-09-22,DHZXCZP0001,1,relative_active_persistent,12.0,1,90,1.0,1.0,10,2,0.2,0.29384615384615387,0.4484375
60_day_proxy,9,63,2,2025-09-22,DRMJJ0020,2,low_frequency_sparse,13.0,1,90,0.6666666666666666,0.9999491947365747,10,2,0.2,0.29384615384615387,0.30833333333333335
60_day_proxy,9,63,2,2025-09-22,DRMJJ0021,2,low_frequency_sparse,0.0,0,90,0.3333333333333333,0.9739877051262511,10,2,0.2,0.29384615384615387,0.30833333333333335
60_day_proxy,9,63,2,2025-09-22,DRMJJ0022,1,relative_active_persistent,0.0,0,90,0.8888888888888888,0.9999999974188252,10,3,0.3,0.29384615384615387,0.4484375
60_day_proxy,9,63,2,2025-09-22,DRMJJ0023,1,relative_active_persistent,60.0,1,90,1.0,1.0,10,3,0.3,0.29384615384615387,0.4484375
60_day_proxy,9,63,2,2025-09-22,DRMJJ0024,0,low_information,0.0,0,90,0.0,0.0,10,2,0.2,0.29384615384615387,0.10847457627118644
60_day_proxy,9,63,2,2025-09-22,DRMJJ0025,2,low_frequency_sparse,0.0,0,90,0.2222222222222222,0.8958402868568988,10,3,0.3,0.29384615384615387,0.30833333333333335
60_day_proxy,9,63,2,2025-09-22,DRMJJ0026,0,low_information,14.0,1,90,0.1111111111111111,0.6535605838853816,10,1,0.1,0.29384615384615387,0.10847457627118644
60_day_proxy,9,63,2,2025-09-22,DRMJJ0027,0,low_information,7.0,1,90,0.2222222222222222,0.8958402868568988,10,1,0.1,0.29384615384615387,0.10847457627118644
60_day_proxy,9,63,2,2025-09-22,ETZP0003,0,low_information,18.0,1,90,0.1111111111111111,0.6535605838853816,10,1,0.1,0.29384615384615387,0.10847457627118644
60_day_proxy,9,63,2,2025-09-22,ETZP0004,2,low_frequency_sparse,18.0,1,90,0.7777777777777778,0.9999986784385066,10,3,0.3,0.29384615384615387,0.30833333333333335
60_day_proxy,9,63,2,2025-09-22,FDBLHP0001,2,low_frequency_sparse,11.0,1,90,0.5555555555555556,0.9993233605154012,10,2,0.2,0.29384615384615387,0.30833333333333335
60_day_proxy,9,63,2,2025-09-22,FDBLP0001,1,relative_active_persistent,13.0,1,90,0.8888888888888888,0.9999999974188252,10,3,0.3,0.29384615384615387,0.4484375
60_day_proxy,9,63,2,2025-09-22,FRC0002,1,relative_active_persistent,0.0,0,90,0.0,0.0,10,3,0.3,0.29384615384615387,0.4484375
60_day_proxy,9,63,2,2025-09-22,FRC0003,1,relative_active_persistent,0.0,0,90,0.7777777777777778,0.9999986784385066,10,7,0.7,0.29384615384615387,0.4484375
60_day_proxy,9,63,2,2025-09-22,FRC0010,2,low_frequency_sparse,0.0,0,90,0.0,0.0,10,3,0.3,0.29384615384615387,0.30833333333333335
60_day_proxy,9,63,2,2025-09-22,FRC0011,0,low_information,0.0,0,90,0.0,0.0,10,1,0.1,0.29384615384615387,0.10847457627118644
60_day_proxy,9,63,2,2025-09-22,FRH0001,1,relative_active_persistent,0.0,0,90,0.0,0.0,10,6,0.6,0.29384615384615387,0.4484375
60_day_proxy,9,63,2,2025-09-22,FRH0002,1,relative_active_persistent,0.0,0,90,0.0,0.0,10,6,0.6,0.29384615384615387,0.4484375
60_day_proxy,9,63,2,2025-09-22,FRH0003,1,relative_active_persistent,1.0,1,90,0.0,0.0,10,7,0.7,0.29384615384615387,0.4484375
60_day_proxy,9,63,2,2025-09-22,FRH0004,1,relative_active_persistent,0.0,0,90,0.0,0.0,10,4,0.4,0.29384615384615387,0.4484375
60_day_proxy,9,63,2,2025-09-22,FRH0012,0,low_information,0.0,0,90,0.0,0.0,10,2,0.2,0.29384615384615387,0.10847457627118644
60_day_proxy,9,63,2,2025-09-22,FRH0028,2,low_frequency_sparse,2.0,1,90,0.1111111111111111,0.6535605838853816,10,5,0.5,0.29384615384615387,0.30833333333333335
60_day_proxy,9,63,2,2025-09-22,FRH0029,2,low_frequency_sparse,3.0,1,90,0.0,0.0,10,6,0.6,0.29384615384615387,0.30833333333333335
60_day_proxy,9,63,2,2025-09-22,FRH0031,2,low_frequency_sparse,0.0,0,90,0.0,0.0,10,4,0.4,0.29384615384615387,0.30833333333333335
60_day_proxy,9,63,2,2025-09-22,FRH0033,1,relative_active_persistent,32.0,1,90,1.0,1.0,10,9,0.9,0.29384615384615387,0.4484375
60_day_proxy,9,63,2,2025-09-22,FRH0034,2,low_frequency_sparse,10.0,1,90,0.5555555555555556,0.9993233605154012,10,9,0.9,0.29384615384615387,0.30833333333333335
60_day_proxy,9,63,2,2025-09-22,FRH0035,2,low_frequency_sparse,0.0,0,90,0.0,0.0,10,3,0.3,0.29384615384615387,0.30833333333333335
60_day_proxy,9,63,2,2025-09-22,FRH0036,0,low_information,0.0,0,90,0.0,0.0,10,1,0.1,0.29384615384615387,0.10847457627118644
60_day_proxy,9,63,2,2025-09-22,FRH0037,2,low_frequency_sparse,0.0,0,90,0.0,0.0,10,2,0.2,0.29384615384615387,0.30833333333333335
60_day_proxy,9,63,2,2025-09-22,FRH0040,1,relative_active_persistent,0.0,0,90,0.0,0.0,10,4,0.4,0.29384615384615387,0.4484375
60_day_proxy,9,63,2,2025-09-22,FRH0042,2,low_frequency_sparse,0.0,0,90,0.0,0.0,10,4,0.4,0.29384615384615387,0.30833333333333335
60_day_proxy,9,63,2,2025-09-22,FRH0043,2,low_frequency_sparse,3.0,1,90,0.2222222222222222,0.8958402868568988,10,4,0.4,0.29384615384615387,0.30833333333333335
60_day_proxy,9,63,2,2025-09-22,FRH0044,2,low_frequency_sparse,5.0,1,90,0.2222222222222222,0.8958402868568988,10,7,0.7,0.29384615384615387,0.30833333333333335
60_day_proxy,9,63,2,2025-09-22,FRH0045,1,relative_active_persistent,0.0,0,90,0.0,0.0,10,4,0.4,0.29384615384615387,0.4484375
60_day_proxy,9,63,2,2025-09-22,FRH0046,2,low_frequency_sparse,14.0,1,90,0.6666666666666666,0.9999491947365747,10,8,0.8,0.29384615384615387,0.30833333333333335
60_day_proxy,9,63,2,2025-09-22,FRH0047,2,low_frequency_sparse,0.0,0,90,0.0,0.0,10,4,0.4,0.29384615384615387,0.30833333333333335
60_day_proxy,9,63,2,2025-09-22,FRH0048,1,relative_active_persistent,50.0,1,90,1.0,1.0,10,7,0.7,0.29384615384615387,0.4484375
60_day_proxy,9,63,2,2025-09-22,FRH0049,2,low_frequency_sparse,0.0,0,90,0.0,0.0,10,3,0.3,0.29384615384615387,0.30833333333333335
60_day_proxy,9,63,2,2025-09-22,FRH0050,2,low_frequency_sparse,37.0,1,90,0.5555555555555556,0.9993233605154012,10,8,0.8,0.29384615384615387,0.30833333333333335
60_day_proxy,9,63,2,2025-09-22,FRH0051,1,relative_active_persistent,31.0,1,90,1.0,1.0,10,8,0.8,0.29384615384615387,0.4484375
60_day_proxy,9,63,2,2025-09-22,FRH0052,0,low_information,0.0,0,90,0.0,0.0,10,3,0.3,0.29384615384615387,0.10847457627118644
60_day_proxy,9,63,2,2025-09-22,FRH0056,1,relative_active_persistent,103.0,1,90,1.0,1.0,10,8,0.8,0.29384615384615387,0.4484375
60_day_proxy,9,63,2,2025-09-22,FRH0056-1,0,low_information,1.0,1,90,0.0,0.0,10,0,0.0,0.29384615384615387,0.10847457627118644
60_day_proxy,9,63,2,2025-09-22,FRH0058,0,low_information,0.0,0,90,0.0,0.0,10,1,0.1,0.29384615384615387,0.10847457627118644
60_day_proxy,9,63,2,2025-09-22,FRH0059,1,relative_active_persistent,20.0,1,90,0.3333333333333333,0.9739877051262511,10,8,0.8,0.29384615384615387,0.4484375
60_day_proxy,9,63,2,2025-09-22,FRH0064,1,relative_active_persistent,30.0,1,90,0.5555555555555556,0.9993233605154012,10,1,0.1,0.29384615384615387,0.4484375
60_day_proxy,9,63,2,2025-09-22,FRH0065,2,low_frequency_sparse,5.0,1,90,0.5555555555555556,0.9993233605154012,10,2,0.2,0.29384615384615387,0.30833333333333335
60_day_proxy,9,63,2,2025-09-22,FRH0068,0,low_information,14.0,1,90,0.0,0.0,10,0,0.0,0.29384615384615387,0.10847457627118644
60_day_proxy,9,63,2,2025-09-22,FRW00011,2,low_frequency_sparse,0.0,0,90,0.1111111111111111,0.6535605838853816,10,4,0.4,0.29384615384615387,0.30833333333333335
60_day_proxy,9,63,2,2025-09-22,FRW0005,1,relative_active_persistent,30.0,1,90,1.0,1.0,10,7,0.7,0.29384615384615387,0.4484375
60_day_proxy,9,63,2,2025-09-22,FRW0006,1,relative_active_persistent,96.0,1,90,1.0,1.0,10,8,0.8,0.29384615384615387,0.4484375
60_day_proxy,9,63,2,2025-09-22,FRW0007,0,low_information,0.0,0,90,0.0,0.0,10,3,0.3,0.29384615384615387,0.10847457627118644
60_day_proxy,9,63,2,2025-09-22,FRW0008,0,low_information,0.0,0,90,0.3333333333333333,0.9739877051262511,10,1,0.1,0.29384615384615387,0.10847457627118644
60_day_proxy,9,63,2,2025-09-22,FRW0009,2,low_frequency_sparse,4.0,1,90,0.1111111111111111,0.6535605838853816,10,2,0.2,0.29384615384615387,0.30833333333333335
60_day_proxy,9,63,2,2025-09-22,FRW0011,2,low_frequency_sparse,0.0,0,90,0.0,0.0,10,3,0.3,0.29384615384615387,0.30833333333333335
60_day_proxy,9,63,2,2025-09-22,FRW0013,2,low_frequency_sparse,0.0,0,90,0.0,0.0,10,2,0.2,0.29384615384615387,0.30833333333333335
60_day_proxy,9,63,2,2025-09-22,FRW0014,2,low_frequency_sparse,0.0,0,90,0.0,0.0,10,2,0.2,0.29384615384615387,0.30833333333333335
60_day_proxy,9,63,2,2025-09-22,FRW0015,1,relative_active_persistent,0.0,0,90,0.0,0.0,10,5,0.5,0.29384615384615387,0.4484375
60_day_proxy,9,63,2,2025-09-22,FRW0016,2,low_frequency_sparse,0.0,0,90,0.0,0.0,10,3,0.3,0.29384615384615387,0.30833333333333335
60_day_proxy,9,63,2,2025-09-22,FRW0017,2,low_frequency_sparse,0.0,0,90,0.0,0.0,10,2,0.2,0.29384615384615387,0.30833333333333335
60_day_proxy,9,63,2,2025-09-22,FRW0020,2,low_frequency_sparse,0.0,0,90,0.0,0.0,10,2,0.2,0.29384615384615387,0.30833333333333335
60_day_proxy,9,63,2,2025-09-22,FRW0021,0,low_information,0.0,0,90,0.0,0.0,10,3,0.3,0.29384615384615387,0.10847457627118644
60_day_proxy,9,63,2,2025-09-22,FRW0022,0,low_information,0.0,0,90,0.0,0.0,10,3,0.3,0.29384615384615387,0.10847457627118644
60_day_proxy,9,63,2,2025-09-22,FRW0023,2,low_frequency_sparse,1.0,1,90,0.2222222222222222,0.8958402868568988,10,6,0.6,0.29384615384615387,0.30833333333333335
60_day_proxy,9,63,2,2025-09-22,FRW0024,0,low_information,24.0,1,90,0.3333333333333333,0.9739877051262511,10,1,0.1,0.29384615384615387,0.10847457627118644
60_day_proxy,9,63,2,2025-09-22,FSTBY001,0,low_information,0.0,0,90,0.0,0.0,10,0,0.0,0.29384615384615387,0.10847457627118644
60_day_proxy,9,63,2,2025-09-22,FZGLS0001,0,low_information,0.0,0,90,0.0,0.0,10,0,0.0,0.29384615384615387,0.10847457627118644
60_day_proxy,9,63,2,2025-09-22,FZGLS0002,0,low_information,1.0,1,90,0.0,0.0,10,1,0.1,0.29384615384615387,0.10847457627118644
60_day_proxy,9,63,2,2025-09-22,FZLRICBHP0001,2,low_frequency_sparse,2.0,1,90,0.0,0.0,10,2,0.2,0.29384615384615387,0.30833333333333335
60_day_proxy,9,63,2,2025-09-22,FZLRJ0001,2,low_frequency_sparse,3.0,1,90,0.3333333333333333,0.9739877051262511,10,3,0.3,0.29384615384615387,0.30833333333333335
60_day_proxy,9,63,2,2025-09-22,FZLRJ0001double,0,low_information,0.0,0,90,0.0,0.0,10,1,0.1,0.29384615384615387,0.10847457627118644
60_day_proxy,9,63,2,2025-09-22,FZLRJ0002,1,relative_active_persistent,6.0,1,90,0.7777777777777778,0.9999986784385066,10,3,0.3,0.29384615384615387,0.4484375
60_day_proxy,9,63,2,2025-09-22,FZLRJ0002double,2,low_frequency_sparse,0.0,0,90,0.0,0.0,10,2,0.2,0.29384615384615387,0.30833333333333335
60_day_proxy,9,63,2,2025-09-22,GJMJSLW001,1,relative_active_persistent,0.0,0,90,0.0,0.0,10,3,0.3,0.29384615384615387,0.4484375
60_day_proxy,9,63,2,2025-09-22,GJMJSW001,0,low_information,0.0,0,90,0.0,0.0,10,1,0.1,0.29384615384615387,0.10847457627118644
60_day_proxy,9,63,2,2025-09-22,GJMJWJX001,1,relative_active_persistent,217.0,1,90,1.0,1.0,10,6,0.6,0.29384615384615387,0.4484375
60_day_proxy,9,63,2,2025-09-22,GJMJWJXW001,1,relative_active_persistent,431.0,1,90,0.0,0.0,10,2,0.2,0.29384615384615387,0.4484375
60_day_proxy,9,63,2,2025-09-22,GJMUSDW001,0,low_information,0.0,0,90,0.0,0.0,10,2,0.2,0.29384615384615387,0.10847457627118644
60_day_proxy,9,63,2,2025-09-22,HLGKSLT0001,2,low_frequency_sparse,43.0,1,90,0.8888888888888888,0.9999999974188252,10,4,0.4,0.29384615384615387,0.30833333333333335
60_day_proxy,9,63,2,2025-09-22,HSAKSLT0001,2,low_frequency_sparse,0.0,0,90,0.2222222222222222,0.8958402868568988,10,3,0.3,0.29384615384615387,0.30833333333333335
60_day_proxy,9,63,2,2025-09-22,HWZDSKL0001,1,relative_active_persistent,0.0,0,90,0.6666666666666666,0.9999491947365747,10,3,0.3,0.29384615384615387,0.4484375
60_day_proxy,9,63,2,2025-09-22,HWZDSKL0002,2,low_frequency_sparse,2.0,1,90,0.1111111111111111,0.6535605838853816,10,3,0.3,0.29384615384615387,0.30833333333333335
60_day_proxy,9,63,2,2025-09-22,HZSN0001,1,relative_active_persistent,27.0,1,90,0.7777777777777778,0.9999986784385066,10,5,0.5,0.29384615384615387,0.4484375
60_day_proxy,9,63,2,2025-09-22,JZJ00011,2,low_frequency_sparse,23.0,1,90,0.6666666666666666,0.9999491947365747,10,2,0.2,0.29384615384615387,0.30833333333333335
60_day_proxy,9,63,2,2025-09-22,JZJ00012,1,relative_active_persistent,36.0,1,90,0.8888888888888888,0.9999999974188252,10,4,0.4,0.29384615384615387,0.4484375
60_day_proxy,9,63,2,2025-09-22,JZJ0002,1,relative_active_persistent,68.0,1,90,1.0,1.0,10,4,0.4,0.29384615384615387,0.4484375
60_day_proxy,9,63,2,2025-09-22,JZJ0003,1,relative_active_persistent,141.0,1,90,1.0,1.0,10,4,0.4,0.29384615384615387,0.4484375
60_day_proxy,9,63,2,2025-09-22,JZJ0004,2,low_frequency_sparse,0.0,0,90,0.0,0.0,10,3,0.3,0.29384615384615387,0.30833333333333335
60_day_proxy,9,63,2,2025-09-22,JZJ0005,1,relative_active_persistent,0.0,0,90,0.4444444444444444,0.9949586429849352,10,4,0.4,0.29384615384615387,0.4484375
60_day_proxy,9,63,2,2025-09-22,JZJ0008,1,relative_active_persistent,33.0,1,90,1.0,1.0,10,3,0.3,0.29384615384615387,0.4484375
60_day_proxy,9,63,2,2025-09-22,JZJ0009,1,relative_active_persistent,262.0,1,90,1.0,1.0,10,5,0.5,0.29384615384615387,0.4484375
60_day_proxy,9,63,2,2025-09-22,JZJ0013,1,relative_active_persistent,164.0,1,90,1.0,1.0,10,6,0.6,0.29384615384615387,0.4484375
60_day_proxy,9,63,2,2025-09-22,JZJ0014,0,low_information,1.0,1,90,0.2222222222222222,0.8958402868568988,10,2,0.2,0.29384615384615387,0.10847457627118644
60_day_proxy,9,63,2,2025-09-22,JZJ0016,1,relative_active_persistent,17.0,1,90,1.0,1.0,10,7,0.7,0.29384615384615387,0.4484375
60_day_proxy,9,63,2,2025-09-22,JZJ0017,2,low_frequency_sparse,2.0,1,90,0.3333333333333333,0.9739877051262511,10,3,0.3,0.29384615384615387,0.30833333333333335
60_day_proxy,9,63,2,2025-09-22,JZJ0018,2,low_frequency_sparse,5.0,1,90,0.8888888888888888,0.9999999974188252,10,1,0.1,0.29384615384615387,0.30833333333333335
60_day_proxy,9,63,2,2025-09-22,JZJ0019,1,relative_active_persistent,55.0,1,90,1.0,1.0,10,2,0.2,0.29384615384615387,0.4484375
60_day_proxy,9,63,2,2025-09-22,JZQCQ001,1,relative_active_persistent,0.0,0,90,0.0,0.0,10,5,0.5,0.29384615384615387,0.4484375
60_day_proxy,9,63,2,2025-09-22,JZQCQ003,1,relative_active_persistent,0.0,0,90,0.0,0.0,10,5,0.5,0.29384615384615387,0.4484375
60_day_proxy,9,63,2,2025-09-22,JZQCQ004,1,relative_active_persistent,0.0,0,90,0.1111111111111111,0.6535605838853816,10,5,0.5,0.29384615384615387,0.4484375
60_day_proxy,9,63,2,2025-09-22,KFZ0001,2,low_frequency_sparse,0.0,0,90,0.2222222222222222,0.8958402868568988,10,3,0.3,0.29384615384615387,0.30833333333333335
60_day_proxy,9,63,2,2025-09-22,KZCWBG001,2,low_frequency_sparse,3.0,1,90,0.4444444444444444,0.9949586429849352,10,3,0.3,0.29384615384615387,0.30833333333333335
60_day_proxy,9,63,2,2025-09-22,LRKF0001,1,relative_active_persistent,0.0,0,90,0.0,0.0,10,2,0.2,0.29384615384615387,0.4484375
60_day_proxy,9,63,2,2025-09-22,LTKF0002,2,low_frequency_sparse,0.0,0,90,0.0,0.0,10,2,0.2,0.29384615384615387,0.30833333333333335
60_day_proxy,9,63,2,2025-09-22,LTKF0003B,0,low_information,0.0,0,90,0.0,0.0,10,1,0.1,0.29384615384615387,0.10847457627118644
60_day_proxy,9,63,2,2025-09-22,LTKF0005A,2,low_frequency_sparse,2.0,1,90,0.1111111111111111,0.6535605838853816,10,5,0.5,0.29384615384615387,0.30833333333333335
60_day_proxy,9,63,2,2025-09-22,LTKF0006A,0,low_information,0.0,0,90,0.0,0.0,10,1,0.1,0.29384615384615387,0.10847457627118644
60_day_proxy,9,63,2,2025-09-22,LTKF0008,2,low_frequency_sparse,0.0,0,90,0.0,0.0,10,2,0.2,0.29384615384615387,0.30833333333333335
60_day_proxy,9,63,2,2025-09-22,LTKF0009,2,low_frequency_sparse,0.0,0,90,0.0,0.0,10,2,0.2,0.29384615384615387,0.30833333333333335
60_day_proxy,9,63,2,2025-09-22,LTKF0010,0,low_information,0.0,0,90,0.0,0.0,10,1,0.1,0.29384615384615387,0.10847457627118644
60_day_proxy,9,63,2,2025-09-22,LTKF0012,0,low_information,0.0,0,90,0.0,0.0,10,2,0.2,0.29384615384615387,0.10847457627118644
60_day_proxy,9,63,2,2025-09-22,LTKF0016,0,low_information,0.0,0,90,0.0,0.0,10,1,0.1,0.29384615384615387,0.10847457627118644
60_day_proxy,9,63,2,2025-09-22,LTKF0018A,0,low_information,0.0,0,90,0.0,0.0,10,1,0.1,0.29384615384615387,0.10847457627118644
60_day_proxy,9,63,2,2025-09-22,LTKF0019,1,relative_active_persistent,8.0,1,90,0.5555555555555556,0.9993233605154012,10,4,0.4,0.29384615384615387,0.4484375
60_day_proxy,9,63,2,2025-09-22,LTKF0020,1,relative_active_persistent,152.0,1,90,1.0,1.0,10,4,0.4,0.29384615384615387,0.4484375
60_day_proxy,9,63,2,2025-09-22,LTKF0021,1,relative_active_persistent,27.0,1,90,1.0,1.0,10,4,0.4,0.29384615384615387,0.4484375
60_day_proxy,9,63,2,2025-09-22,LTKF0022,2,low_frequency_sparse,0.0,0,90,0.3333333333333333,0.9739877051262511,10,3,0.3,0.29384615384615387,0.30833333333333335
60_day_proxy,9,63,2,2025-09-22,LTKF0022M,1,relative_active_persistent,31.0,1,90,0.8888888888888888,0.9999999974188252,10,3,0.3,0.29384615384615387,0.4484375
60_day_proxy,9,63,2,2025-09-22,LTKF0023,0,low_information,0.0,0,90,0.0,0.0,10,1,0.1,0.29384615384615387,0.10847457627118644
60_day_proxy,9,63,2,2025-09-22,LTKF0024A,2,low_frequency_sparse,1.0,1,90,0.3333333333333333,0.9739877051262511,10,4,0.4,0.29384615384615387,0.30833333333333335
60_day_proxy,9,63,2,2025-09-22,LTKF0031,1,relative_active_persistent,47.0,1,90,1.0,1.0,10,4,0.4,0.29384615384615387,0.4484375
60_day_proxy,9,63,2,2025-09-22,LTKF0047,2,low_frequency_sparse,1.0,1,90,0.2222222222222222,0.8958402868568988,10,3,0.3,0.29384615384615387,0.30833333333333335
60_day_proxy,9,63,2,2025-09-22,LTKF0058,0,low_information,2.0,1,90,0.0,0.0,10,0,0.0,0.29384615384615387,0.10847457627118644
60_day_proxy,9,63,2,2025-09-22,LTKF0101,1,relative_active_persistent,37.0,1,90,0.8888888888888888,0.9999999974188252,10,3,0.3,0.29384615384615387,0.4484375
60_day_proxy,9,63,2,2025-09-22,LTKF0102,2,low_frequency_sparse,1.0,1,90,0.6666666666666666,0.9999491947365747,10,1,0.1,0.29384615384615387,0.30833333333333335
60_day_proxy,9,63,2,2025-09-22,LTKF0103,0,low_information,7.0,1,90,0.0,0.0,10,0,0.0,0.29384615384615387,0.10847457627118644
60_day_proxy,9,63,2,2025-09-22,LTKF0106,0,low_information,4.0,1,90,0.0,0.0,10,0,0.0,0.29384615384615387,0.10847457627118644
60_day_proxy,9,63,2,2025-09-22,LTKF0111,0,low_information,2.0,1,90,0.1111111111111111,0.6535605838853816,10,1,0.1,0.29384615384615387,0.10847457627118644
60_day_proxy,9,63,2,2025-09-22,LTKF093,2,low_frequency_sparse,8.0,1,90,0.6666666666666666,0.9999491947365747,10,2,0.2,0.29384615384615387,0.30833333333333335
60_day_proxy,9,63,2,2025-09-22,LTKF098,2,low_frequency_sparse,44.0,1,90,0.8888888888888888,0.9999999974188252,10,1,0.1,0.29384615384615387,0.30833333333333335
60_day_proxy,9,63,2,2025-09-22,LYC0201,2,low_frequency_sparse,7.0,1,90,0.8888888888888888,0.9999999974188252,10,2,0.2,0.29384615384615387,0.30833333333333335
60_day_proxy,9,63,2,2025-09-22,LYC0203,2,low_frequency_sparse,3.0,1,90,0.5555555555555556,0.9993233605154012,10,1,0.1,0.29384615384615387,0.30833333333333335
60_day_proxy,9,63,2,2025-09-22,NNB0002,0,low_information,13.0,1,90,0.2222222222222222,0.8958402868568988,10,1,0.1,0.29384615384615387,0.10847457627118644
60_day_proxy,9,63,2,2025-09-22,QCCXC0004,1,relative_active_persistent,0.0,0,90,0.0,0.0,10,2,0.2,0.29384615384615387,0.4484375
60_day_proxy,9,63,2,2025-09-22,QCCXC0005,1,relative_active_persistent,2.0,1,90,0.8888888888888888,0.9999999974188252,10,5,0.5,0.29384615384615387,0.4484375
60_day_proxy,9,63,2,2025-09-22,QCCXC0007,1,relative_active_persistent,11.0,1,90,0.8888888888888888,0.9999999974188252,10,5,0.5,0.29384615384615387,0.4484375
60_day_proxy,9,63,2,2025-09-22,QCSSXC0004,0,low_information,0.0,0,90,0.0,0.0,10,2,0.2,0.29384615384615387,0.10847457627118644
60_day_proxy,9,63,2,2025-09-22,QCSSXC0005,1,relative_active_persistent,28.0,1,90,1.0,1.0,10,5,0.5,0.29384615384615387,0.4484375
60_day_proxy,9,63,2,2025-09-22,QCSSXC0006,1,relative_active_persistent,28.0,1,90,1.0,1.0,10,5,0.5,0.29384615384615387,0.4484375
60_day_proxy,9,63,2,2025-09-22,QCXDS001,1,relative_active_persistent,0.0,0,90,0.0,0.0,10,4,0.4,0.29384615384615387,0.4484375
60_day_proxy,9,63,2,2025-09-22,QCXXC0001,2,low_frequency_sparse,2.0,1,90,0.2222222222222222,0.8958402868568988,10,5,0.5,0.29384615384615387,0.30833333333333335
60_day_proxy,9,63,2,2025-09-22,QCXXC0002,2,low_frequency_sparse,0.0,0,90,0.0,0.0,10,4,0.4,0.29384615384615387,0.30833333333333335
60_day_proxy,9,63,2,2025-09-22,QFSJZ001-1,2,low_frequency_sparse,24.0,1,90,0.6666666666666666,0.9999491947365747,10,2,0.2,0.29384615384615387,0.30833333333333335
60_day_proxy,9,63,2,2025-09-22,QFSJZ002-1,2,low_frequency_sparse,1.0,1,90,0.6666666666666666,0.9999491947365747,10,2,0.2,0.29384615384615387,0.30833333333333335
60_day_proxy,9,63,2,2025-09-22,QFSJZ003,2,low_frequency_sparse,2.0,1,90,0.4444444444444444,0.9949586429849352,10,2,0.2,0.29384615384615387,0.30833333333333335
60_day_proxy,9,63,2,2025-09-22,QFSJZ003-1,2,low_frequency_sparse,13.0,1,90,0.6666666666666666,0.9999491947365747,10,2,0.2,0.29384615384615387,0.30833333333333335
60_day_proxy,9,63,2,2025-09-22,QYGZIPJ,0,low_information,3.0,1,90,0.1111111111111111,0.6535605838853816,10,1,0.1,0.29384615384615387,0.10847457627118644
60_day_proxy,9,63,2,2025-09-22,RLHZHMV000AMDE,1,relative_active_persistent,40.0,1,90,1.0,1.0,10,7,0.7,0.29384615384615387,0.4484375
60_day_proxy,9,63,2,2025-09-22,SLT0001,0,low_information,0.0,0,90,0.0,0.0,10,1,0.1,0.29384615384615387,0.10847457627118644
60_day_proxy,9,63,2,2025-09-22,SLT0003,2,low_frequency_sparse,12.0,1,90,0.4444444444444444,0.9949586429849352,10,3,0.3,0.29384615384615387,0.30833333333333335
60_day_proxy,9,63,2,2025-09-22,SLT0004,0,low_information,14.0,1,90,0.0,0.0,10,1,0.1,0.29384615384615387,0.10847457627118644
60_day_proxy,9,63,2,2025-09-22,SPH0001,0,low_information,23.0,1,90,0.2222222222222222,0.8958402868568988,10,1,0.1,0.29384615384615387,0.10847457627118644
60_day_proxy,9,63,2,2025-09-22,SRPDZS0001,0,low_information,0.0,0,90,0.1111111111111111,0.6535605838853816,10,2,0.2,0.29384615384615387,0.10847457627118644
60_day_proxy,9,63,2,2025-09-22,SRPDZS0002,2,low_frequency_sparse,0.0,0,90,0.0,0.0,10,1,0.1,0.29384615384615387,0.30833333333333335
60_day_proxy,9,63,2,2025-09-22,WSJZS0002,0,low_information,55.0,1,90,0.0,0.0,10,0,0.0,0.29384615384615387,0.10847457627118644
60_day_proxy,9,63,2,2025-09-22,WSJZS0004,0,low_information,113.0,1,90,0.1111111111111111,0.6535605838853816,10,1,0.1,0.29384615384615387,0.10847457627118644
60_day_proxy,9,63,2,2025-09-22,XHP0001,1,relative_active_persistent,0.0,0,90,0.5555555555555556,0.9993233605154012,10,2,0.2,0.29384615384615387,0.4484375
60_day_proxy,9,63,2,2025-09-22,XHZXCZP0001,1,relative_active_persistent,50.0,1,90,1.0,1.0,10,6,0.6,0.29384615384615387,0.4484375
60_day_proxy,9,63,2,2025-09-22,XHZXCZP0002,0,low_information,26.0,1,90,0.1111111111111111,0.6535605838853816,10,1,0.1,0.29384615384615387,0.10847457627118644
60_day_proxy,9,63,2,2025-09-22,YBB0001,2,low_frequency_sparse,10.0,1,90,0.8888888888888888,0.9999999974188252,10,1,0.1,0.29384615384615387,0.30833333333333335
60_day_proxy,9,63,2,2025-09-22,YDBZ001,1,relative_active_persistent,21.0,1,90,0.8888888888888888,0.9999999974188252,10,4,0.4,0.29384615384615387,0.4484375
60_day_proxy,9,63,2,2025-09-22,YDBZ002,1,relative_active_persistent,15.0,1,90,1.0,1.0,10,5,0.5,0.29384615384615387,0.4484375
60_day_proxy,9,63,2,2025-09-22,YDBZLV0001AMDE,2,low_frequency_sparse,0.0,0,90,0.0,0.0,10,3,0.3,0.29384615384615387,0.30833333333333335
60_day_proxy,9,63,2,2025-09-22,YDBZWV0001AMDE,2,low_frequency_sparse,0.0,0,90,0.0,0.0,10,3,0.3,0.29384615384615387,0.30833333333333335
60_day_proxy,9,63,2,2025-09-22,YJL0002,0,low_information,2.0,1,90,0.1111111111111111,0.6535605838853816,10,1,0.1,0.29384615384615387,0.10847457627118644
60_day_proxy,9,63,2,2025-09-22,YJLZHMV000AMDE,1,relative_active_persistent,7.0,1,90,0.7777777777777778,0.9999986784385066,10,7,0.7,0.29384615384615387,0.4484375
60_day_proxy,9,63,2,2025-09-22,YJX0022,0,low_information,0.0,0,90,0.0,0.0,10,1,0.1,0.29384615384615387,0.10847457627118644
60_day_proxy,9,63,2,2025-09-22,YJX0023,0,low_information,0.0,0,90,0.0,0.0,10,1,0.1,0.29384615384615387,0.10847457627118644
60_day_proxy,9,63,2,2025-09-22,YJX0024,2,low_frequency_sparse,0.0,0,90,0.0,0.0,10,1,0.1,0.29384615384615387,0.30833333333333335
60_day_proxy,9,63,2,2025-09-22,YJX0025,2,low_frequency_sparse,0.0,0,90,0.1111111111111111,0.6535605838853816,10,3,0.3,0.29384615384615387,0.30833333333333335
60_day_proxy,9,63,2,2025-09-22,YKLLW0004,0,low_information,0.0,0,90,0.0,0.0,10,2,0.2,0.29384615384615387,0.10847457627118644
60_day_proxy,9,63,2,2025-09-22,YKLLW0005,1,relative_active_persistent,0.0,0,90,0.0,0.0,10,2,0.2,0.29384615384615387,0.4484375
60_day_proxy,9,63,2,2025-09-22,YKLLW0006,0,low_information,0.0,0,90,0.0,0.0,10,1,0.1,0.29384615384615387,0.10847457627118644
60_day_proxy,9,63,2,2025-09-22,YXBLJ0001,0,low_information,6.0,1,90,0.0,0.0,10,0,0.0,0.29384615384615387,0.10847457627118644
60_day_proxy,9,63,2,2025-09-22,ZBTZ0002,0,low_information,0.0,0,90,0.1111111111111111,0.6535605838853816,10,2,0.2,0.29384615384615387,0.10847457627118644
60_day_proxy,9,63,2,2025-09-22,ZBTZ0003,0,low_information,1.0,1,90,0.0,0.0,10,1,0.1,0.29384615384615387,0.10847457627118644
60_day_proxy,9,63,2,2025-09-22,ZJJSJBV001AMDE,2,low_frequency_sparse,0.0,0,90,0.5555555555555556,0.9993233605154012,10,6,0.6,0.29384615384615387,0.30833333333333335
60_day_proxy,9,63,2,2025-09-22,ZJJSJSV001AMDE,1,relative_active_persistent,0.0,0,90,0.0,0.0,10,4,0.4,0.29384615384615387,0.4484375
60_day_proxy,9,63,2,2025-09-22,ZJJYZBV001AMDE,1,relative_active_persistent,0.0,0,90,0.7777777777777778,0.9999986784385066,10,7,0.7,0.29384615384615387,0.4484375
60_day_proxy,9,63,2,2025-09-22,ZJJYZSJBV1AMDE,2,low_frequency_sparse,0.0,0,90,0.0,0.0,10,4,0.4,0.29384615384615387,0.30833333333333335
60_day_proxy,9,63,2,2025-09-22,ZJJYZSJSV1AMDE,1,relative_active_persistent,0.0,0,90,0.0,0.0,10,1,0.1,0.29384615384615387,0.4484375
60_day_proxy,9,63,2,2025-09-22,ZJJYZSJSV2AMDE,2,low_frequency_sparse,0.0,0,90,0.0,0.0,10,3,0.3,0.29384615384615387,0.30833333333333335
60_day_proxy,9,63,2,2025-09-22,ZTD0001,0,low_information,0.0,0,90,0.0,0.0,10,0,0.0,0.29384615384615387,0.10847457627118644
60_day_proxy,9,63,2,2025-09-22,ZTD0003,0,low_information,19.0,1,90,0.3333333333333333,0.9739877051262511,10,1,0.1,0.29384615384615387,0.10847457627118644
60_day_proxy,9,63,3,2025-11-24,BLP0001,1,relative_active_persistent,23.0,1,99,0.7777777777777778,0.9999986784385066,11,3,0.2727272727272727,0.35818181818181816,0.5264270613107822
60_day_proxy,9,63,3,2025-11-24,BLP0002,2,low_frequency_sparse,20.0,1,99,0.8888888888888888,0.9999999974188252,11,2,0.18181818181818182,0.35818181818181816,0.2792207792207792
60_day_proxy,9,63,3,2025-11-24,BLP0003,0,low_information,8.0,1,99,0.4444444444444444,0.9949586429849352,11,1,0.09090909090909091,0.35818181818181816,0.09696969696969697
60_day_proxy,9,63,3,2025-11-24,BLP0004,0,low_information,4.0,1,99,0.1111111111111111,0.6535605838853816,11,1,0.09090909090909091,0.35818181818181816,0.09696969696969697
60_day_proxy,9,63,3,2025-11-24,CLSSLT0003,2,low_frequency_sparse,4.0,1,99,0.4444444444444444,0.9949586429849352,11,5,0.45454545454545453,0.35818181818181816,0.2792207792207792
60_day_proxy,9,63,3,2025-11-24,CLSSLT0006,2,low_frequency_sparse,5.0,1,99,0.6666666666666666,0.9999491947365747,11,3,0.2727272727272727,0.35818181818181816,0.2792207792207792
60_day_proxy,9,63,3,2025-11-24,CWW0002,1,relative_active_persistent,157.0,1,99,0.5555555555555556,0.9993233605154012,11,2,0.18181818181818182,0.35818181818181816,0.5264270613107822
60_day_proxy,9,63,3,2025-11-24,DHZXCZP0001,2,low_frequency_sparse,4.0,1,99,0.4444444444444444,0.9949586429849352,11,3,0.2727272727272727,0.35818181818181816,0.2792207792207792
60_day_proxy,9,63,3,2025-11-24,DRMJJ0021,2,low_frequency_sparse,6.0,1,99,0.0,0.0,11,2,0.18181818181818182,0.35818181818181816,0.2792207792207792
60_day_proxy,9,63,3,2025-11-24,DRMJJ0022,2,low_frequency_sparse,24.0,1,99,0.0,0.0,11,3,0.2727272727272727,0.35818181818181816,0.2792207792207792
60_day_proxy,9,63,3,2025-11-24,DRMJJ0023,1,relative_active_persistent,34.0,1,99,0.7777777777777778,0.9999986784385066,11,4,0.36363636363636365,0.35818181818181816,0.5264270613107822
60_day_proxy,9,63,3,2025-11-24,DRMJJ0025,2,low_frequency_sparse,7.0,1,99,0.0,0.0,11,3,0.2727272727272727,0.35818181818181816,0.2792207792207792
60_day_proxy,9,63,3,2025-11-24,DRMJJ0026,2,low_frequency_sparse,8.0,1,99,0.4444444444444444,0.9949586429849352,11,2,0.18181818181818182,0.35818181818181816,0.2792207792207792
60_day_proxy,9,63,3,2025-11-24,DRMJJ0027,2,low_frequency_sparse,1.0,1,99,0.3333333333333333,0.9739877051262511,11,2,0.18181818181818182,0.35818181818181816,0.2792207792207792
60_day_proxy,9,63,3,2025-11-24,ETZP0003,2,low_frequency_sparse,2.0,1,99,0.7777777777777778,0.9999986784385066,11,2,0.18181818181818182,0.35818181818181816,0.2792207792207792
60_day_proxy,9,63,3,2025-11-24,ETZP0004,1,relative_active_persistent,7.0,1,99,0.8888888888888888,0.9999999974188252,11,4,0.36363636363636365,0.35818181818181816,0.5264270613107822
60_day_proxy,9,63,3,2025-11-24,FDBLHP0001,2,low_frequency_sparse,1.0,1,99,0.4444444444444444,0.9949586429849352,11,3,0.2727272727272727,0.35818181818181816,0.2792207792207792
60_day_proxy,9,63,3,2025-11-24,FDBLP0001,1,relative_active_persistent,12.0,1,99,0.7777777777777778,0.9999986784385066,11,4,0.36363636363636365,0.35818181818181816,0.5264270613107822
60_day_proxy,9,63,3,2025-11-24,FRC0003,2,low_frequency_sparse,0.0,0,99,0.0,0.0,11,7,0.6363636363636364,0.35818181818181816,0.2792207792207792
60_day_proxy,9,63,3,2025-11-24,FRH0028,1,relative_active_persistent,2.0,1,99,0.2222222222222222,0.8958402868568988,11,6,0.5454545454545454,0.35818181818181816,0.5264270613107822
60_day_proxy,9,63,3,2025-11-24,FRH0033,1,relative_active_persistent,12.0,1,99,0.7777777777777778,0.9999986784385066,11,10,0.9090909090909091,0.35818181818181816,0.5264270613107822
60_day_proxy,9,63,3,2025-11-24,FRH0034,1,relative_active_persistent,21.0,1,99,0.6666666666666666,0.9999491947365747,11,10,0.9090909090909091,0.35818181818181816,0.5264270613107822
60_day_proxy,9,63,3,2025-11-24,FRH0043,2,low_frequency_sparse,0.0,0,99,0.3333333333333333,0.9739877051262511,11,5,0.45454545454545453,0.35818181818181816,0.2792207792207792
60_day_proxy,9,63,3,2025-11-24,FRH0044,2,low_frequency_sparse,3.0,1,99,0.4444444444444444,0.9949586429849352,11,8,0.7272727272727273,0.35818181818181816,0.2792207792207792
60_day_proxy,9,63,3,2025-11-24,FRH0046,1,relative_active_persistent,33.0,1,99,0.7777777777777778,0.9999986784385066,11,9,0.8181818181818182,0.35818181818181816,0.5264270613107822
60_day_proxy,9,63,3,2025-11-24,FRH0048,1,relative_active_persistent,87.0,1,99,1.0,1.0,11,8,0.7272727272727273,0.35818181818181816,0.5264270613107822
60_day_proxy,9,63,3,2025-11-24,FRH0050,1,relative_active_persistent,9.0,1,99,0.7777777777777778,0.9999986784385066,11,9,0.8181818181818182,0.35818181818181816,0.5264270613107822
60_day_proxy,9,63,3,2025-11-24,FRH0051,1,relative_active_persistent,31.0,1,99,1.0,1.0,11,9,0.8181818181818182,0.35818181818181816,0.5264270613107822
60_day_proxy,9,63,3,2025-11-24,FRH0056,1,relative_active_persistent,123.0,1,99,1.0,1.0,11,9,0.8181818181818182,0.35818181818181816,0.5264270613107822
60_day_proxy,9,63,3,2025-11-24,FRH0056-1,0,low_information,6.0,1,99,0.1111111111111111,0.6535605838853816,11,1,0.09090909090909091,0.35818181818181816,0.09696969696969697
60_day_proxy,9,63,3,2025-11-24,FRH0059,1,relative_active_persistent,6.0,1,99,0.6666666666666666,0.9999491947365747,11,9,0.8181818181818182,0.35818181818181816,0.5264270613107822
60_day_proxy,9,63,3,2025-11-24,FRH0064,2,low_frequency_sparse,30.0,1,99,0.7777777777777778,0.9999986784385066,11,2,0.18181818181818182,0.35818181818181816,0.2792207792207792
60_day_proxy,9,63,3,2025-11-24,FRH0065,2,low_frequency_sparse,13.0,1,99,0.4444444444444444,0.9949586429849352,11,3,0.2727272727272727,0.35818181818181816,0.2792207792207792
60_day_proxy,9,63,3,2025-11-24,FRH0068,0,low_information,11.0,1,99,0.4444444444444444,0.9949586429849352,11,1,0.09090909090909091,0.35818181818181816,0.09696969696969697
60_day_proxy,9,63,3,2025-11-24,FRW0005,1,relative_active_persistent,17.0,1,99,0.8888888888888888,0.9999999974188252,11,8,0.7272727272727273,0.35818181818181816,0.5264270613107822
60_day_proxy,9,63,3,2025-11-24,FRW0006,1,relative_active_persistent,56.0,1,99,1.0,1.0,11,9,0.8181818181818182,0.35818181818181816,0.5264270613107822
60_day_proxy,9,63,3,2025-11-24,FRW0008,0,low_information,2.0,1,99,0.0,0.0,11,1,0.09090909090909091,0.35818181818181816,0.09696969696969697
60_day_proxy,9,63,3,2025-11-24,FRW0009,2,low_frequency_sparse,5.0,1,99,0.4444444444444444,0.9949586429849352,11,3,0.2727272727272727,0.35818181818181816,0.2792207792207792
60_day_proxy,9,63,3,2025-11-24,FRW0015,1,relative_active_persistent,0.0,0,99,0.0,0.0,11,5,0.45454545454545453,0.35818181818181816,0.5264270613107822
60_day_proxy,9,63,3,2025-11-24,FRW0024,2,low_frequency_sparse,3.0,1,99,0.8888888888888888,0.9999999974188252,11,2,0.18181818181818182,0.35818181818181816,0.2792207792207792
60_day_proxy,9,63,3,2025-11-24,FSTBY001,0,low_information,1.0,1,99,0.0,0.0,11,0,0.0,0.35818181818181816,0.09696969696969697
60_day_proxy,9,63,3,2025-11-24,FZGLS0001,0,low_information,2.0,1,99,0.0,0.0,11,0,0.0,0.35818181818181816,0.09696969696969697
60_day_proxy,9,63,3,2025-11-24,FZGLS0002,0,low_information,3.0,1,99,0.1111111111111111,0.6535605838853816,11,2,0.18181818181818182,0.35818181818181816,0.09696969696969697
60_day_proxy,9,63,3,2025-11-24,FZLRICBHP0001,2,low_frequency_sparse,1.0,1,99,0.2222222222222222,0.8958402868568988,11,3,0.2727272727272727,0.35818181818181816,0.2792207792207792
60_day_proxy,9,63,3,2025-11-24,FZLRJ0001,2,low_frequency_sparse,4.0,1,99,0.2222222222222222,0.8958402868568988,11,4,0.36363636363636365,0.35818181818181816,0.2792207792207792
60_day_proxy,9,63,3,2025-11-24,FZLRJ0001double,0,low_information,0.0,0,99,0.0,0.0,11,1,0.09090909090909091,0.35818181818181816,0.09696969696969697
60_day_proxy,9,63,3,2025-11-24,FZLRJ0002,2,low_frequency_sparse,20.0,1,99,0.4444444444444444,0.9949586429849352,11,4,0.36363636363636365,0.35818181818181816,0.2792207792207792
60_day_proxy,9,63,3,2025-11-24,FZLRJ0002double,2,low_frequency_sparse,2.0,1,99,0.0,0.0,11,2,0.18181818181818182,0.35818181818181816,0.2792207792207792
60_day_proxy,9,63,3,2025-11-24,GJMJWJX001,1,relative_active_persistent,136.0,1,99,1.0,1.0,11,7,0.6363636363636364,0.35818181818181816,0.5264270613107822
60_day_proxy,9,63,3,2025-11-24,GJMJWJXW001,1,relative_active_persistent,182.0,1,99,0.6666666666666666,0.9999491947365747,11,3,0.2727272727272727,0.35818181818181816,0.5264270613107822
60_day_proxy,9,63,3,2025-11-24,HLGKSLT0001,1,relative_active_persistent,10.0,1,99,1.0,1.0,11,5,0.45454545454545453,0.35818181818181816,0.5264270613107822
60_day_proxy,9,63,3,2025-11-24,HWZDSKL0001,1,relative_active_persistent,0.0,0,99,0.0,0.0,11,3,0.2727272727272727,0.35818181818181816,0.5264270613107822
60_day_proxy,9,63,3,2025-11-24,HWZDSKL0002,2,low_frequency_sparse,1.0,1,99,0.1111111111111111,0.6535605838853816,11,4,0.36363636363636365,0.35818181818181816,0.2792207792207792
60_day_proxy,9,63,3,2025-11-24,HZSN0001,1,relative_active_persistent,25.0,1,99,1.0,1.0,11,6,0.5454545454545454,0.35818181818181816,0.5264270613107822
60_day_proxy,9,63,3,2025-11-24,JZJ00011,2,low_frequency_sparse,12.0,1,99,0.6666666666666666,0.9999491947365747,11,3,0.2727272727272727,0.35818181818181816,0.2792207792207792
60_day_proxy,9,63,3,2025-11-24,JZJ00012,1,relative_active_persistent,15.0,1,99,1.0,1.0,11,5,0.45454545454545453,0.35818181818181816,0.5264270613107822
60_day_proxy,9,63,3,2025-11-24,JZJ0002,1,relative_active_persistent,100.0,1,99,1.0,1.0,11,5,0.45454545454545453,0.35818181818181816,0.5264270613107822
60_day_proxy,9,63,3,2025-11-24,JZJ0003,1,relative_active_persistent,171.0,1,99,1.0,1.0,11,5,0.45454545454545453,0.35818181818181816,0.5264270613107822
60_day_proxy,9,63,3,2025-11-24,JZJ0009,1,relative_active_persistent,174.0,1,99,1.0,1.0,11,6,0.5454545454545454,0.35818181818181816,0.5264270613107822
60_day_proxy,9,63,3,2025-11-24,JZJ0013,1,relative_active_persistent,211.0,1,99,1.0,1.0,11,7,0.6363636363636364,0.35818181818181816,0.5264270613107822
60_day_proxy,9,63,3,2025-11-24,JZJ0014,2,low_frequency_sparse,3.0,1,99,0.1111111111111111,0.6535605838853816,11,3,0.2727272727272727,0.35818181818181816,0.2792207792207792
60_day_proxy,9,63,3,2025-11-24,JZJ0016,1,relative_active_persistent,6.0,1,99,0.4444444444444444,0.9949586429849352,11,8,0.7272727272727273,0.35818181818181816,0.5264270613107822
60_day_proxy,9,63,3,2025-11-24,JZJ0017,2,low_frequency_sparse,0.0,0,99,0.1111111111111111,0.6535605838853816,11,4,0.36363636363636365,0.35818181818181816,0.2792207792207792
60_day_proxy,9,63,3,2025-11-24,JZJ0018,2,low_frequency_sparse,5.0,1,99,0.4444444444444444,0.9949586429849352,11,2,0.18181818181818182,0.35818181818181816,0.2792207792207792
60_day_proxy,9,63,3,2025-11-24,JZJ0019,1,relative_active_persistent,25.0,1,99,1.0,1.0,11,3,0.2727272727272727,0.35818181818181816,0.5264270613107822
60_day_proxy,9,63,3,2025-11-24,KZCWBG001,2,low_frequency_sparse,1.0,1,99,0.3333333333333333,0.9739877051262511,11,4,0.36363636363636365,0.35818181818181816,0.2792207792207792
60_day_proxy,9,63,3,2025-11-24,LTKF0019,1,relative_active_persistent,9.0,1,99,0.5555555555555556,0.9993233605154012,11,5,0.45454545454545453,0.35818181818181816,0.5264270613107822
60_day_proxy,9,63,3,2025-11-24,LTKF0020,1,relative_active_persistent,145.0,1,99,1.0,1.0,11,5,0.45454545454545453,0.35818181818181816,0.5264270613107822
60_day_proxy,9,63,3,2025-11-24,LTKF0021,1,relative_active_persistent,18.0,1,99,1.0,1.0,11,5,0.45454545454545453,0.35818181818181816,0.5264270613107822
60_day_proxy,9,63,3,2025-11-24,LTKF0022M,1,relative_active_persistent,5.0,1,99,0.7777777777777778,0.9999986784385066,11,4,0.36363636363636365,0.35818181818181816,0.5264270613107822
60_day_proxy,9,63,3,2025-11-24,LTKF0031,1,relative_active_persistent,20.0,1,99,1.0,1.0,11,5,0.45454545454545453,0.35818181818181816,0.5264270613107822
60_day_proxy,9,63,3,2025-11-24,LTKF0047,2,low_frequency_sparse,0.0,0,99,0.1111111111111111,0.6535605838853816,11,4,0.36363636363636365,0.35818181818181816,0.2792207792207792
60_day_proxy,9,63,3,2025-11-24,LTKF0058,0,low_information,6.0,1,99,0.2222222222222222,0.8958402868568988,11,1,0.09090909090909091,0.35818181818181816,0.09696969696969697
60_day_proxy,9,63,3,2025-11-24,LTKF0101,1,relative_active_persistent,86.0,1,99,0.4444444444444444,0.9949586429849352,11,4,0.36363636363636365,0.35818181818181816,0.5264270613107822
60_day_proxy,9,63,3,2025-11-24,LTKF0102,2,low_frequency_sparse,10.0,1,99,0.1111111111111111,0.6535605838853816,11,2,0.18181818181818182,0.35818181818181816,0.2792207792207792
60_day_proxy,9,63,3,2025-11-24,LTKF0106,0,low_information,0.0,0,99,0.2222222222222222,0.8958402868568988,11,1,0.09090909090909091,0.35818181818181816,0.09696969696969697
60_day_proxy,9,63,3,2025-11-24,LTKF0111,0,low_information,4.0,1,99,0.2222222222222222,0.8958402868568988,11,2,0.18181818181818182,0.35818181818181816,0.09696969696969697
60_day_proxy,9,63,3,2025-11-24,LTKF093,2,low_frequency_sparse,8.0,1,99,0.4444444444444444,0.9949586429849352,11,3,0.2727272727272727,0.35818181818181816,0.2792207792207792
60_day_proxy,9,63,3,2025-11-24,LTKF098,2,low_frequency_sparse,11.0,1,99,0.8888888888888888,0.9999999974188252,11,2,0.18181818181818182,0.35818181818181816,0.2792207792207792
60_day_proxy,9,63,3,2025-11-24,LYC0201,2,low_frequency_sparse,0.0,0,99,0.3333333333333333,0.9739877051262511,11,3,0.2727272727272727,0.35818181818181816,0.2792207792207792
60_day_proxy,9,63,3,2025-11-24,LYC0203,2,low_frequency_sparse,1.0,1,99,0.3333333333333333,0.9739877051262511,11,2,0.18181818181818182,0.35818181818181816,0.2792207792207792
60_day_proxy,9,63,3,2025-11-24,NNB0002,1,relative_active_persistent,84.0,1,99,0.3333333333333333,0.9739877051262511,11,2,0.18181818181818182,0.35818181818181816,0.5264270613107822
60_day_proxy,9,63,3,2025-11-24,QCCXC0004,1,relative_active_persistent,0.0,0,99,0.0,0.0,11,2,0.18181818181818182,0.35818181818181816,0.5264270613107822
60_day_proxy,9,63,3,2025-11-24,QFSJZ002-1,2,low_frequency_sparse,0.0,0,99,0.1111111111111111,0.6535605838853816,11,3,0.2727272727272727,0.35818181818181816,0.2792207792207792
60_day_proxy,9,63,3,2025-11-24,QFSJZ003,2,low_frequency_sparse,0.0,0,99,0.2222222222222222,0.8958402868568988,11,3,0.2727272727272727,0.35818181818181816,0.2792207792207792
60_day_proxy,9,63,3,2025-11-24,QFSJZ003-1,2,low_frequency_sparse,15.0,1,99,0.5555555555555556,0.9993233605154012,11,3,0.2727272727272727,0.35818181818181816,0.2792207792207792
60_day_proxy,9,63,3,2025-11-24,RLHZHMV000AMDE,1,relative_active_persistent,30.0,1,99,1.0,1.0,11,8,0.7272727272727273,0.35818181818181816,0.5264270613107822
60_day_proxy,9,63,3,2025-11-24,SLT0003,2,low_frequency_sparse,11.0,1,99,0.6666666666666666,0.9999491947365747,11,4,0.36363636363636365,0.35818181818181816,0.2792207792207792
60_day_proxy,9,63,3,2025-11-24,SLT0004,2,low_frequency_sparse,1.0,1,99,0.7777777777777778,0.9999986784385066,11,2,0.18181818181818182,0.35818181818181816,0.2792207792207792
60_day_proxy,9,63,3,2025-11-24,XHP0001,1,relative_active_persistent,66.0,1,99,0.0,0.0,11,2,0.18181818181818182,0.35818181818181816,0.5264270613107822
60_day_proxy,9,63,3,2025-11-24,XHZXCZP0001,1,relative_active_persistent,18.0,1,99,1.0,1.0,11,7,0.6363636363636364,0.35818181818181816,0.5264270613107822
60_day_proxy,9,63,3,2025-11-24,XHZXCZP0002,2,low_frequency_sparse,2.0,1,99,0.8888888888888888,0.9999999974188252,11,2,0.18181818181818182,0.35818181818181816,0.2792207792207792
60_day_proxy,9,63,3,2025-11-24,YDBZ001,1,relative_active_persistent,27.0,1,99,0.7777777777777778,0.9999986784385066,11,5,0.45454545454545453,0.35818181818181816,0.5264270613107822
60_day_proxy,9,63,3,2025-11-24,YDBZ002,1,relative_active_persistent,9.0,1,99,0.7777777777777778,0.9999986784385066,11,6,0.5454545454545454,0.35818181818181816,0.5264270613107822
60_day_proxy,9,63,3,2025-11-24,YJLZHMV000AMDE,1,relative_active_persistent,1.0,1,99,0.3333333333333333,0.9739877051262511,11,8,0.7272727272727273,0.35818181818181816,0.5264270613107822
60_day_proxy,9,63,3,2025-11-24,YXBLJ0001,2,low_frequency_sparse,10.0,1,99,0.5555555555555556,0.9993233605154012,11,1,0.09090909090909091,0.35818181818181816,0.2792207792207792
60_day_proxy,9,63,3,2025-11-24,ZBTZ0002,0,low_information,1.0,1,99,0.0,0.0,11,2,0.18181818181818182,0.35818181818181816,0.09696969696969697
60_day_proxy,9,63,3,2025-11-24,ZBTZ0003,0,low_information,8.0,1,99,0.1111111111111111,0.6535605838853816,11,2,0.18181818181818182,0.35818181818181816,0.09696969696969697
60_day_proxy,9,63,3,2025-11-24,ZTD0001,0,low_information,21.0,1,99,0.0,0.0,11,0,0.0,0.35818181818181816,0.09696969696969697
60_day_proxy,9,63,3,2025-11-24,ZTD0003,2,low_frequency_sparse,22.0,1,99,0.7777777777777778,0.9999986784385066,11,2,0.18181818181818182,0.35818181818181816,0.2792207792207792
60_day_proxy,9,63,4,2026-01-26,BLP0001,1,relative_active_persistent,38.0,1,108,0.8888888888888888,0.9999999974188252,12,4,0.3333333333333333,0.40166666666666667,0.5306122448979592
60_day_proxy,9,63,4,2026-01-26,BLP0002,1,relative_active_persistent,7.0,1,108,0.7777777777777778,0.9999986784385066,12,3,0.25,0.40166666666666667,0.5306122448979592
60_day_proxy,9,63,4,2026-01-26,BLP0003,2,low_frequency_sparse,3.0,1,108,0.6666666666666666,0.9999491947365747,12,2,0.16666666666666666,0.40166666666666667,0.29814814814814816
60_day_proxy,9,63,4,2026-01-26,BLP0004,0,low_information,3.0,1,108,0.2222222222222222,0.8958402868568988,12,2,0.16666666666666666,0.40166666666666667,0.125
60_day_proxy,9,63,4,2026-01-26,CLSSLT0003,2,low_frequency_sparse,3.0,1,108,0.2222222222222222,0.8958402868568988,12,6,0.5,0.40166666666666667,0.29814814814814816
60_day_proxy,9,63,4,2026-01-26,CLSSLT0006,2,low_frequency_sparse,6.0,1,108,0.4444444444444444,0.9949586429849352,12,4,0.3333333333333333,0.40166666666666667,0.29814814814814816
60_day_proxy,9,63,4,2026-01-26,CWW0002,1,relative_active_persistent,263.0,1,108,1.0,1.0,12,3,0.25,0.40166666666666667,0.5306122448979592
60_day_proxy,9,63,4,2026-01-26,DHZXCZP0001,1,relative_active_persistent,9.0,1,108,0.2222222222222222,0.8958402868568988,12,4,0.3333333333333333,0.40166666666666667,0.5306122448979592
60_day_proxy,9,63,4,2026-01-26,DRMJJ0021,2,low_frequency_sparse,4.0,1,108,0.4444444444444444,0.9949586429849352,12,3,0.25,0.40166666666666667,0.29814814814814816
60_day_proxy,9,63,4,2026-01-26,DRMJJ0022,1,relative_active_persistent,11.0,1,108,0.7777777777777778,0.9999986784385066,12,4,0.3333333333333333,0.40166666666666667,0.5306122448979592
60_day_proxy,9,63,4,2026-01-26,DRMJJ0023,1,relative_active_persistent,17.0,1,108,0.8888888888888888,0.9999999974188252,12,5,0.4166666666666667,0.40166666666666667,0.5306122448979592
60_day_proxy,9,63,4,2026-01-26,DRMJJ0025,2,low_frequency_sparse,7.0,1,108,0.4444444444444444,0.9949586429849352,12,4,0.3333333333333333,0.40166666666666667,0.29814814814814816
60_day_proxy,9,63,4,2026-01-26,DRMJJ0026,2,low_frequency_sparse,1.0,1,108,0.3333333333333333,0.9739877051262511,12,3,0.25,0.40166666666666667,0.29814814814814816
60_day_proxy,9,63,4,2026-01-26,DRMJJ0027,2,low_frequency_sparse,0.0,0,108,0.1111111111111111,0.6535605838853816,12,3,0.25,0.40166666666666667,0.29814814814814816
60_day_proxy,9,63,4,2026-01-26,ETZP0003,2,low_frequency_sparse,38.0,1,108,0.1111111111111111,0.6535605838853816,12,3,0.25,0.40166666666666667,0.29814814814814816
60_day_proxy,9,63,4,2026-01-26,ETZP0004,2,low_frequency_sparse,39.0,1,108,0.4444444444444444,0.9949586429849352,12,5,0.4166666666666667,0.40166666666666667,0.29814814814814816
60_day_proxy,9,63,4,2026-01-26,FDBLHP0001,2,low_frequency_sparse,7.0,1,108,0.1111111111111111,0.6535605838853816,12,4,0.3333333333333333,0.40166666666666667,0.29814814814814816
60_day_proxy,9,63,4,2026-01-26,FDBLP0001,1,relative_active_persistent,9.0,1,108,0.8888888888888888,0.9999999974188252,12,5,0.4166666666666667,0.40166666666666667,0.5306122448979592
60_day_proxy,9,63,4,2026-01-26,FRC0003,1,relative_active_persistent,19.0,1,108,0.0,0.0,12,7,0.5833333333333334,0.40166666666666667,0.5306122448979592
60_day_proxy,9,63,4,2026-01-26,FRH0028,2,low_frequency_sparse,1.0,1,108,0.1111111111111111,0.6535605838853816,12,7,0.5833333333333334,0.40166666666666667,0.29814814814814816
60_day_proxy,9,63,4,2026-01-26,FRH0033,1,relative_active_persistent,19.0,1,108,0.3333333333333333,0.9739877051262511,12,11,0.9166666666666666,0.40166666666666667,0.5306122448979592
60_day_proxy,9,63,4,2026-01-26,FRH0034,1,relative_active_persistent,1.0,1,108,1.0,1.0,12,11,0.9166666666666666,0.40166666666666667,0.5306122448979592
60_day_proxy,9,63,4,2026-01-26,FRH0043,2,low_frequency_sparse,5.0,1,108,0.0,0.0,12,5,0.4166666666666667,0.40166666666666667,0.29814814814814816
60_day_proxy,9,63,4,2026-01-26,FRH0044,2,low_frequency_sparse,6.0,1,108,0.2222222222222222,0.8958402868568988,12,9,0.75,0.40166666666666667,0.29814814814814816
60_day_proxy,9,63,4,2026-01-26,FRH0046,1,relative_active_persistent,106.0,1,108,1.0,1.0,12,10,0.8333333333333334,0.40166666666666667,0.5306122448979592
60_day_proxy,9,63,4,2026-01-26,FRH0048,1,relative_active_persistent,81.0,1,108,1.0,1.0,12,9,0.75,0.40166666666666667,0.5306122448979592
60_day_proxy,9,63,4,2026-01-26,FRH0050,1,relative_active_persistent,6.0,1,108,0.3333333333333333,0.9739877051262511,12,10,0.8333333333333334,0.40166666666666667,0.5306122448979592
60_day_proxy,9,63,4,2026-01-26,FRH0051,1,relative_active_persistent,35.0,1,108,0.8888888888888888,0.9999999974188252,12,10,0.8333333333333334,0.40166666666666667,0.5306122448979592
60_day_proxy,9,63,4,2026-01-26,FRH0056,1,relative_active_persistent,56.0,1,108,1.0,1.0,12,10,0.8333333333333334,0.40166666666666667,0.5306122448979592
60_day_proxy,9,63,4,2026-01-26,FRH0056-1,2,low_frequency_sparse,4.0,1,108,0.5555555555555556,0.9993233605154012,12,2,0.16666666666666666,0.40166666666666667,0.29814814814814816
60_day_proxy,9,63,4,2026-01-26,FRH0059,1,relative_active_persistent,6.0,1,108,0.2222222222222222,0.8958402868568988,12,10,0.8333333333333334,0.40166666666666667,0.5306122448979592
60_day_proxy,9,63,4,2026-01-26,FRH0064,1,relative_active_persistent,4.0,1,108,1.0,1.0,12,3,0.25,0.40166666666666667,0.5306122448979592
60_day_proxy,9,63,4,2026-01-26,FRH0065,2,low_frequency_sparse,17.0,1,108,0.6666666666666666,0.9999491947365747,12,4,0.3333333333333333,0.40166666666666667,0.29814814814814816
60_day_proxy,9,63,4,2026-01-26,FRH0068,2,low_frequency_sparse,4.0,1,108,0.7777777777777778,0.9999986784385066,12,2,0.16666666666666666,0.40166666666666667,0.29814814814814816
60_day_proxy,9,63,4,2026-01-26,FRW0005,1,relative_active_persistent,25.0,1,108,0.6666666666666666,0.9999491947365747,12,9,0.75,0.40166666666666667,0.5306122448979592
60_day_proxy,9,63,4,2026-01-26,FRW0006,1,relative_active_persistent,42.0,1,108,1.0,1.0,12,10,0.8333333333333334,0.40166666666666667,0.5306122448979592
60_day_proxy,9,63,4,2026-01-26,FRW0008,2,low_frequency_sparse,2.0,1,108,0.2222222222222222,0.8958402868568988,12,2,0.16666666666666666,0.40166666666666667,0.29814814814814816
60_day_proxy,9,63,4,2026-01-26,FRW0009,2,low_frequency_sparse,7.0,1,108,0.3333333333333333,0.9739877051262511,12,4,0.3333333333333333,0.40166666666666667,0.29814814814814816
60_day_proxy,9,63,4,2026-01-26,FRW0015,1,relative_active_persistent,0.0,0,108,0.0,0.0,12,5,0.4166666666666667,0.40166666666666667,0.5306122448979592
60_day_proxy,9,63,4,2026-01-26,FRW0024,2,low_frequency_sparse,34.0,1,108,0.2222222222222222,0.8958402868568988,12,3,0.25,0.40166666666666667,0.29814814814814816
60_day_proxy,9,63,4,2026-01-26,FSTBY001,0,low_information,0.0,0,108,0.1111111111111111,0.6535605838853816,12,1,0.08333333333333333,0.40166666666666667,0.125
60_day_proxy,9,63,4,2026-01-26,FZGLS0001,0,low_information,1.0,1,108,0.2222222222222222,0.8958402868568988,12,1,0.08333333333333333,0.40166666666666667,0.125
60_day_proxy,9,63,4,2026-01-26,FZGLS0002,2,low_frequency_sparse,1.0,1,108,0.3333333333333333,0.9739877051262511,12,3,0.25,0.40166666666666667,0.29814814814814816
60_day_proxy,9,63,4,2026-01-26,FZLRICBHP0001,2,low_frequency_sparse,14.0,1,108,0.1111111111111111,0.6535605838853816,12,4,0.3333333333333333,0.40166666666666667,0.29814814814814816
60_day_proxy,9,63,4,2026-01-26,FZLRJ0001,2,low_frequency_sparse,32.0,1,108,0.2222222222222222,0.8958402868568988,12,5,0.4166666666666667,0.40166666666666667,0.29814814814814816
60_day_proxy,9,63,4,2026-01-26,FZLRJ0001double,0,low_information,1.0,1,108,0.0,0.0,12,1,0.08333333333333333,0.40166666666666667,0.125
60_day_proxy,9,63,4,2026-01-26,FZLRJ0002,1,relative_active_persistent,63.0,1,108,0.4444444444444444,0.9949586429849352,12,5,0.4166666666666667,0.40166666666666667,0.5306122448979592
60_day_proxy,9,63,4,2026-01-26,FZLRJ0002double,2,low_frequency_sparse,2.0,1,108,0.2222222222222222,0.8958402868568988,12,3,0.25,0.40166666666666667,0.29814814814814816
60_day_proxy,9,63,4,2026-01-26,GJMJWJX001,1,relative_active_persistent,1.0,1,108,0.8888888888888888,0.9999999974188252,12,8,0.6666666666666666,0.40166666666666667,0.5306122448979592
60_day_proxy,9,63,4,2026-01-26,GJMJWJXW001,1,relative_active_persistent,0.0,0,108,0.4444444444444444,0.9949586429849352,12,4,0.3333333333333333,0.40166666666666667,0.5306122448979592
60_day_proxy,9,63,4,2026-01-26,HLGKSLT0001,1,relative_active_persistent,14.0,1,108,0.4444444444444444,0.9949586429849352,12,6,0.5,0.40166666666666667,0.5306122448979592
60_day_proxy,9,63,4,2026-01-26,HWZDSKL0001,1,relative_active_persistent,0.0,0,108,0.0,0.0,12,3,0.25,0.40166666666666667,0.5306122448979592
60_day_proxy,9,63,4,2026-01-26,HWZDSKL0002,1,relative_active_persistent,2.0,1,108,0.1111111111111111,0.6535605838853816,12,5,0.4166666666666667,0.40166666666666667,0.5306122448979592
60_day_proxy,9,63,4,2026-01-26,HZSN0001,1,relative_active_persistent,25.0,1,108,0.7777777777777778,0.9999986784385066,12,7,0.5833333333333334,0.40166666666666667,0.5306122448979592
60_day_proxy,9,63,4,2026-01-26,JZJ00011,1,relative_active_persistent,19.0,1,108,0.7777777777777778,0.9999986784385066,12,4,0.3333333333333333,0.40166666666666667,0.5306122448979592
60_day_proxy,9,63,4,2026-01-26,JZJ00012,1,relative_active_persistent,13.0,1,108,0.7777777777777778,0.9999986784385066,12,6,0.5,0.40166666666666667,0.5306122448979592
60_day_proxy,9,63,4,2026-01-26,JZJ0002,1,relative_active_persistent,49.0,1,108,1.0,1.0,12,6,0.5,0.40166666666666667,0.5306122448979592
60_day_proxy,9,63,4,2026-01-26,JZJ0003,1,relative_active_persistent,96.0,1,108,1.0,1.0,12,6,0.5,0.40166666666666667,0.5306122448979592
60_day_proxy,9,63,4,2026-01-26,JZJ0009,1,relative_active_persistent,246.0,1,108,1.0,1.0,12,7,0.5833333333333334,0.40166666666666667,0.5306122448979592
60_day_proxy,9,63,4,2026-01-26,JZJ0013,1,relative_active_persistent,111.0,1,108,1.0,1.0,12,8,0.6666666666666666,0.40166666666666667,0.5306122448979592
60_day_proxy,9,63,4,2026-01-26,JZJ0014,2,low_frequency_sparse,0.0,0,108,0.3333333333333333,0.9739877051262511,12,4,0.3333333333333333,0.40166666666666667,0.29814814814814816
60_day_proxy,9,63,4,2026-01-26,JZJ0016,1,relative_active_persistent,11.0,1,108,0.2222222222222222,0.8958402868568988,12,9,0.75,0.40166666666666667,0.5306122448979592
60_day_proxy,9,63,4,2026-01-26,JZJ0017,2,low_frequency_sparse,1.0,1,108,0.0,0.0,12,4,0.3333333333333333,0.40166666666666667,0.29814814814814816
60_day_proxy,9,63,4,2026-01-26,JZJ0018,2,low_frequency_sparse,4.0,1,108,0.4444444444444444,0.9949586429849352,12,3,0.25,0.40166666666666667,0.29814814814814816
60_day_proxy,9,63,4,2026-01-26,JZJ0019,1,relative_active_persistent,25.0,1,108,0.5555555555555556,0.9993233605154012,12,4,0.3333333333333333,0.40166666666666667,0.5306122448979592
60_day_proxy,9,63,4,2026-01-26,KZCWBG001,2,low_frequency_sparse,3.0,1,108,0.1111111111111111,0.6535605838853816,12,5,0.4166666666666667,0.40166666666666667,0.29814814814814816
60_day_proxy,9,63,4,2026-01-26,LTKF0019,1,relative_active_persistent,8.0,1,108,0.4444444444444444,0.9949586429849352,12,6,0.5,0.40166666666666667,0.5306122448979592
60_day_proxy,9,63,4,2026-01-26,LTKF0020,1,relative_active_persistent,296.0,1,108,0.8888888888888888,0.9999999974188252,12,6,0.5,0.40166666666666667,0.5306122448979592
60_day_proxy,9,63,4,2026-01-26,LTKF0021,1,relative_active_persistent,35.0,1,108,0.5555555555555556,0.9993233605154012,12,6,0.5,0.40166666666666667,0.5306122448979592
60_day_proxy,9,63,4,2026-01-26,LTKF0022M,1,relative_active_persistent,61.0,1,108,0.2222222222222222,0.8958402868568988,12,5,0.4166666666666667,0.40166666666666667,0.5306122448979592
60_day_proxy,9,63,4,2026-01-26,LTKF0031,1,relative_active_persistent,11.0,1,108,0.8888888888888888,0.9999999974188252,12,6,0.5,0.40166666666666667,0.5306122448979592
60_day_proxy,9,63,4,2026-01-26,LTKF0047,2,low_frequency_sparse,1.0,1,108,0.0,0.0,12,4,0.3333333333333333,0.40166666666666667,0.29814814814814816
60_day_proxy,9,63,4,2026-01-26,LTKF0058,2,low_frequency_sparse,5.0,1,108,0.3333333333333333,0.9739877051262511,12,2,0.16666666666666666,0.40166666666666667,0.29814814814814816
60_day_proxy,9,63,4,2026-01-26,LTKF0101,1,relative_active_persistent,18.0,1,108,0.8888888888888888,0.9999999974188252,12,5,0.4166666666666667,0.40166666666666667,0.5306122448979592
60_day_proxy,9,63,4,2026-01-26,LTKF0102,2,low_frequency_sparse,5.0,1,108,0.5555555555555556,0.9993233605154012,12,3,0.25,0.40166666666666667,0.29814814814814816
60_day_proxy,9,63,4,2026-01-26,LTKF0106,0,low_information,1.0,1,108,0.0,0.0,12,1,0.08333333333333333,0.40166666666666667,0.125
60_day_proxy,9,63,4,2026-01-26,LTKF0111,2,low_frequency_sparse,17.0,1,108,0.3333333333333333,0.9739877051262511,12,3,0.25,0.40166666666666667,0.29814814814814816
60_day_proxy,9,63,4,2026-01-26,LTKF093,2,low_frequency_sparse,8.0,1,108,0.5555555555555556,0.9993233605154012,12,4,0.3333333333333333,0.40166666666666667,0.29814814814814816
60_day_proxy,9,63,4,2026-01-26,LTKF098,2,low_frequency_sparse,24.0,1,108,0.4444444444444444,0.9949586429849352,12,3,0.25,0.40166666666666667,0.29814814814814816
60_day_proxy,9,63,4,2026-01-26,LYC0201,1,relative_active_persistent,2.0,1,108,0.0,0.0,12,3,0.25,0.40166666666666667,0.5306122448979592
60_day_proxy,9,63,4,2026-01-26,LYC0203,2,low_frequency_sparse,2.0,1,108,0.1111111111111111,0.6535605838853816,12,3,0.25,0.40166666666666667,0.29814814814814816
60_day_proxy,9,63,4,2026-01-26,NNB0002,2,low_frequency_sparse,38.0,1,108,0.7777777777777778,0.9999986784385066,12,3,0.25,0.40166666666666667,0.29814814814814816
60_day_proxy,9,63,4,2026-01-26,QCCXC0004,1,relative_active_persistent,0.0,0,108,0.0,0.0,12,2,0.16666666666666666,0.40166666666666667,0.5306122448979592
60_day_proxy,9,63,4,2026-01-26,QFSJZ002-1,2,low_frequency_sparse,3.0,1,108,0.0,0.0,12,3,0.25,0.40166666666666667,0.29814814814814816
60_day_proxy,9,63,4,2026-01-26,QFSJZ003,2,low_frequency_sparse,1.0,1,108,0.0,0.0,12,3,0.25,0.40166666666666667,0.29814814814814816
60_day_proxy,9,63,4,2026-01-26,QFSJZ003-1,2,low_frequency_sparse,9.0,1,108,0.6666666666666666,0.9999491947365747,12,4,0.3333333333333333,0.40166666666666667,0.29814814814814816
60_day_proxy,9,63,4,2026-01-26,RLHZHMV000AMDE,1,relative_active_persistent,92.0,1,108,0.8888888888888888,0.9999999974188252,12,9,0.75,0.40166666666666667,0.5306122448979592
60_day_proxy,9,63,4,2026-01-26,SLT0003,2,low_frequency_sparse,2.0,1,108,1.0,1.0,12,5,0.4166666666666667,0.40166666666666667,0.29814814814814816
60_day_proxy,9,63,4,2026-01-26,SLT0004,2,low_frequency_sparse,1.0,1,108,0.1111111111111111,0.6535605838853816,12,3,0.25,0.40166666666666667,0.29814814814814816
60_day_proxy,9,63,4,2026-01-26,XHP0001,1,relative_active_persistent,193.0,1,108,0.6666666666666666,0.9999491947365747,12,3,0.25,0.40166666666666667,0.5306122448979592
60_day_proxy,9,63,4,2026-01-26,XHZXCZP0001,1,relative_active_persistent,32.0,1,108,0.8888888888888888,0.9999999974188252,12,8,0.6666666666666666,0.40166666666666667,0.5306122448979592
60_day_proxy,9,63,4,2026-01-26,XHZXCZP0002,2,low_frequency_sparse,7.0,1,108,0.2222222222222222,0.8958402868568988,12,3,0.25,0.40166666666666667,0.29814814814814816
60_day_proxy,9,63,4,2026-01-26,YDBZ001,1,relative_active_persistent,6.0,1,108,0.8888888888888888,0.9999999974188252,12,6,0.5,0.40166666666666667,0.5306122448979592
60_day_proxy,9,63,4,2026-01-26,YDBZ002,1,relative_active_persistent,23.0,1,108,0.8888888888888888,0.9999999974188252,12,7,0.5833333333333334,0.40166666666666667,0.5306122448979592
60_day_proxy,9,63,4,2026-01-26,YJLZHMV000AMDE,1,relative_active_persistent,6.0,1,108,0.1111111111111111,0.6535605838853816,12,9,0.75,0.40166666666666667,0.5306122448979592
60_day_proxy,9,63,4,2026-01-26,YXBLJ0001,2,low_frequency_sparse,2.0,1,108,0.6666666666666666,0.9999491947365747,12,2,0.16666666666666666,0.40166666666666667,0.29814814814814816
60_day_proxy,9,63,4,2026-01-26,ZBTZ0002,0,low_information,1.0,1,108,0.1111111111111111,0.6535605838853816,12,3,0.25,0.40166666666666667,0.125
60_day_proxy,9,63,4,2026-01-26,ZBTZ0003,2,low_frequency_sparse,1.0,1,108,0.4444444444444444,0.9949586429849352,12,3,0.25,0.40166666666666667,0.29814814814814816
60_day_proxy,9,63,4,2026-01-26,ZTD0001,2,low_frequency_sparse,0.0,0,108,0.6666666666666666,0.9999491947365747,12,1,0.08333333333333333,0.40166666666666667,0.29814814814814816
60_day_proxy,9,63,4,2026-01-26,ZTD0003,2,low_frequency_sparse,7.0,1,108,0.3333333333333333,0.9739877051262511,12,3,0.25,0.40166666666666667,0.29814814814814816
60_day_proxy,9,63,5,2026-03-30,BLP0001,1,relative_active_persistent,83.0,1,117,0.5555555555555556,0.9993233605154012,13,5,0.38461538461538464,0.44153846153846155,0.5290148448043185
60_day_proxy,9,63,5,2026-03-30,BLP0002,1,relative_active_persistent,14.0,1,117,0.5555555555555556,0.9993233605154012,13,4,0.3076923076923077,0.44153846153846155,0.5290148448043185
60_day_proxy,9,63,5,2026-03-30,BLP0003,2,low_frequency_sparse,2.0,1,117,0.3333333333333333,0.9739877051262511,13,3,0.23076923076923078,0.44153846153846155,0.34516765285996054
60_day_proxy,9,63,5,2026-03-30,BLP0004,2,low_frequency_sparse,0.0,0,117,0.2222222222222222,0.8958402868568988,13,3,0.23076923076923078,0.44153846153846155,0.34516765285996054
60_day_proxy,9,63,5,2026-03-30,BLP0005,0,low_information,0.0,0,12,0.3333333333333333,0.9739877051262511,1,1,,0.44153846153846155,0.1346153846153846
60_day_proxy,9,63,5,2026-03-30,BLP0007,0,low_information,0.0,0,12,0.0,0.0,1,0,,0.44153846153846155,0.1346153846153846
60_day_proxy,9,63,5,2026-03-30,CFSNT008,0,low_information,0.0,0,12,0.0,0.0,1,0,,0.44153846153846155,0.1346153846153846
60_day_proxy,9,63,5,2026-03-30,CLSSLT0003,2,low_frequency_sparse,0.0,0,117,0.3333333333333333,0.9739877051262511,13,7,0.5384615384615384,0.44153846153846155,0.34516765285996054
60_day_proxy,9,63,5,2026-03-30,CLSSLT0006,2,low_frequency_sparse,2.0,1,117,0.3333333333333333,0.9739877051262511,13,5,0.38461538461538464,0.44153846153846155,0.34516765285996054
60_day_proxy,9,63,5,2026-03-30,CWW0002,1,relative_active_persistent,112.0,1,117,1.0,1.0,13,4,0.3076923076923077,0.44153846153846155,0.5290148448043185
60_day_proxy,9,63,5,2026-03-30,DHZXCZP0001,1,relative_active_persistent,1.0,1,117,0.6666666666666666,0.9999491947365747,13,5,0.38461538461538464,0.44153846153846155,0.5290148448043185
60_day_proxy,9,63,5,2026-03-30,DRMJJ0021,2,low_frequency_sparse,2.0,1,117,0.2222222222222222,0.8958402868568988,13,4,0.3076923076923077,0.44153846153846155,0.34516765285996054
60_day_proxy,9,63,5,2026-03-30,DRMJJ0022,1,relative_active_persistent,8.0,1,117,0.5555555555555556,0.9993233605154012,13,5,0.38461538461538464,0.44153846153846155,0.5290148448043185
60_day_proxy,9,63,5,2026-03-30,DRMJJ0023,1,relative_active_persistent,10.0,1,117,0.8888888888888888,0.9999999974188252,13,6,0.46153846153846156,0.44153846153846155,0.5290148448043185
60_day_proxy,9,63,5,2026-03-30,DRMJJ0025,2,low_frequency_sparse,1.0,1,117,0.4444444444444444,0.9949586429849352,13,5,0.38461538461538464,0.44153846153846155,0.34516765285996054
60_day_proxy,9,63,5,2026-03-30,DRMJJ0026,2,low_frequency_sparse,4.0,1,117,0.1111111111111111,0.6535605838853816,13,4,0.3076923076923077,0.44153846153846155,0.34516765285996054
60_day_proxy,9,63,5,2026-03-30,DRMJJ0027,2,low_frequency_sparse,2.0,1,117,0.0,0.0,13,3,0.23076923076923078,0.44153846153846155,0.34516765285996054
60_day_proxy,9,63,5,2026-03-30,DRMJJ0038,0,low_information,5.0,1,12,0.2222222222222222,0.8958402868568988,1,1,,0.44153846153846155,0.1346153846153846
60_day_proxy,9,63,5,2026-03-30,DRMJJ0039,0,low_information,2.0,1,12,0.4444444444444444,0.9949586429849352,1,1,,0.44153846153846155,0.1346153846153846
60_day_proxy,9,63,5,2026-03-30,ETZP0003,1,relative_active_persistent,4.0,1,117,0.6666666666666666,0.9999491947365747,13,4,0.3076923076923077,0.44153846153846155,0.5290148448043185
60_day_proxy,9,63,5,2026-03-30,ETZP0004,1,relative_active_persistent,0.0,0,117,0.7777777777777778,0.9999986784385066,13,6,0.46153846153846156,0.44153846153846155,0.5290148448043185
60_day_proxy,9,63,5,2026-03-30,FDBLHP0001,2,low_frequency_sparse,0.0,0,117,0.4444444444444444,0.9949586429849352,13,5,0.38461538461538464,0.44153846153846155,0.34516765285996054
60_day_proxy,9,63,5,2026-03-30,FDBLP0001,1,relative_active_persistent,132.0,1,117,0.5555555555555556,0.9993233605154012,13,6,0.46153846153846156,0.44153846153846155,0.5290148448043185
60_day_proxy,9,63,5,2026-03-30,FRC0003,1,relative_active_persistent,22.0,1,117,0.5555555555555556,0.9993233605154012,13,8,0.6153846153846154,0.44153846153846155,0.5290148448043185
60_day_proxy,9,63,5,2026-03-30,FRH0028,2,low_frequency_sparse,0.0,0,117,0.1111111111111111,0.6535605838853816,13,8,0.6153846153846154,0.44153846153846155,0.34516765285996054
60_day_proxy,9,63,5,2026-03-30,FRH0033,1,relative_active_persistent,5.0,1,117,0.5555555555555556,0.9993233605154012,13,12,0.9230769230769231,0.44153846153846155,0.5290148448043185
60_day_proxy,9,63,5,2026-03-30,FRH0034,1,relative_active_persistent,0.0,0,117,0.1111111111111111,0.6535605838853816,13,12,0.9230769230769231,0.44153846153846155,0.5290148448043185
60_day_proxy,9,63,5,2026-03-30,FRH0043,2,low_frequency_sparse,1.0,1,117,0.2222222222222222,0.8958402868568988,13,6,0.46153846153846156,0.44153846153846155,0.34516765285996054
60_day_proxy,9,63,5,2026-03-30,FRH0044,2,low_frequency_sparse,5.0,1,117,0.5555555555555556,0.9993233605154012,13,10,0.7692307692307693,0.44153846153846155,0.34516765285996054
60_day_proxy,9,63,5,2026-03-30,FRH0046,1,relative_active_persistent,45.0,1,117,1.0,1.0,13,11,0.8461538461538461,0.44153846153846155,0.5290148448043185
60_day_proxy,9,63,5,2026-03-30,FRH0048,1,relative_active_persistent,57.0,1,117,1.0,1.0,13,10,0.7692307692307693,0.44153846153846155,0.5290148448043185
60_day_proxy,9,63,5,2026-03-30,FRH0050,1,relative_active_persistent,1.0,1,117,0.4444444444444444,0.9949586429849352,13,11,0.8461538461538461,0.44153846153846155,0.5290148448043185
60_day_proxy,9,63,5,2026-03-30,FRH0051,1,relative_active_persistent,20.0,1,117,1.0,1.0,13,11,0.8461538461538461,0.44153846153846155,0.5290148448043185
60_day_proxy,9,63,5,2026-03-30,FRH0056,1,relative_active_persistent,113.0,1,117,1.0,1.0,13,11,0.8461538461538461,0.44153846153846155,0.5290148448043185
60_day_proxy,9,63,5,2026-03-30,FRH0056-1,2,low_frequency_sparse,2.0,1,117,0.2222222222222222,0.8958402868568988,13,3,0.23076923076923078,0.44153846153846155,0.34516765285996054
60_day_proxy,9,63,5,2026-03-30,FRH0059,1,relative_active_persistent,5.0,1,117,0.2222222222222222,0.8958402868568988,13,11,0.8461538461538461,0.44153846153846155,0.5290148448043185
60_day_proxy,9,63,5,2026-03-30,FRH0064,1,relative_active_persistent,6.0,1,117,0.3333333333333333,0.9739877051262511,13,4,0.3076923076923077,0.44153846153846155,0.5290148448043185
60_day_proxy,9,63,5,2026-03-30,FRH0065,1,relative_active_persistent,8.0,1,117,0.7777777777777778,0.9999986784385066,13,5,0.38461538461538464,0.44153846153846155,0.5290148448043185
60_day_proxy,9,63,5,2026-03-30,FRH0068,2,low_frequency_sparse,0.0,0,117,0.3333333333333333,0.9739877051262511,13,3,0.23076923076923078,0.44153846153846155,0.34516765285996054
60_day_proxy,9,63,5,2026-03-30,FRW00023,0,low_information,3.0,1,12,0.0,0.0,1,0,,0.44153846153846155,0.1346153846153846
60_day_proxy,9,63,5,2026-03-30,FRW0005,1,relative_active_persistent,27.0,1,117,1.0,1.0,13,10,0.7692307692307693,0.44153846153846155,0.5290148448043185
60_day_proxy,9,63,5,2026-03-30,FRW0006,1,relative_active_persistent,9.0,1,117,1.0,1.0,13,11,0.8461538461538461,0.44153846153846155,0.5290148448043185
60_day_proxy,9,63,5,2026-03-30,FRW0008,2,low_frequency_sparse,1.0,1,117,0.1111111111111111,0.6535605838853816,13,3,0.23076923076923078,0.44153846153846155,0.34516765285996054
60_day_proxy,9,63,5,2026-03-30,FRW0009,2,low_frequency_sparse,14.0,1,117,0.4444444444444444,0.9949586429849352,13,5,0.38461538461538464,0.44153846153846155,0.34516765285996054
60_day_proxy,9,63,5,2026-03-30,FRW0015,1,relative_active_persistent,164.0,1,117,0.0,0.0,13,5,0.38461538461538464,0.44153846153846155,0.5290148448043185
60_day_proxy,9,63,5,2026-03-30,FRW0024,1,relative_active_persistent,16.0,1,117,0.6666666666666666,0.9999491947365747,13,4,0.3076923076923077,0.44153846153846155,0.5290148448043185
60_day_proxy,9,63,5,2026-03-30,FRW0025,0,low_information,0.0,0,12,0.2222222222222222,0.8958402868568988,1,1,,0.44153846153846155,0.1346153846153846
60_day_proxy,9,63,5,2026-03-30,FSTBY001,0,low_information,1.0,1,117,0.0,0.0,13,1,0.07692307692307693,0.44153846153846155,0.1346153846153846
60_day_proxy,9,63,5,2026-03-30,FZGLS0001,0,low_information,4.0,1,117,0.1111111111111111,0.6535605838853816,13,2,0.15384615384615385,0.44153846153846155,0.1346153846153846
60_day_proxy,9,63,5,2026-03-30,FZGLS0002,2,low_frequency_sparse,1.0,1,117,0.1111111111111111,0.6535605838853816,13,4,0.3076923076923077,0.44153846153846155,0.34516765285996054
60_day_proxy,9,63,5,2026-03-30,FZLRICBHP0001,2,low_frequency_sparse,0.0,0,117,0.3333333333333333,0.9739877051262511,13,5,0.38461538461538464,0.44153846153846155,0.34516765285996054
60_day_proxy,9,63,5,2026-03-30,FZLRJ0001,1,relative_active_persistent,8.0,1,117,0.7777777777777778,0.9999986784385066,13,6,0.46153846153846156,0.44153846153846155,0.5290148448043185
60_day_proxy,9,63,5,2026-03-30,FZLRJ0001double,0,low_information,0.0,0,117,0.1111111111111111,0.6535605838853816,13,2,0.15384615384615385,0.44153846153846155,0.1346153846153846
60_day_proxy,9,63,5,2026-03-30,FZLRJ0002,1,relative_active_persistent,30.0,1,117,1.0,1.0,13,6,0.46153846153846156,0.44153846153846155,0.5290148448043185
60_day_proxy,9,63,5,2026-03-30,FZLRJ0002double,2,low_frequency_sparse,0.0,0,117,0.1111111111111111,0.6535605838853816,13,4,0.3076923076923077,0.44153846153846155,0.34516765285996054
60_day_proxy,9,63,5,2026-03-30,FZLRJ0005,0,low_information,2.0,1,12,0.1111111111111111,0.6535605838853816,1,1,,0.44153846153846155,0.1346153846153846
60_day_proxy,9,63,5,2026-03-30,GJMJWJX001,1,relative_active_persistent,0.0,0,117,0.1111111111111111,0.6535605838853816,13,9,0.6923076923076923,0.44153846153846155,0.5290148448043185
60_day_proxy,9,63,5,2026-03-30,GJMJWJXW001,1,relative_active_persistent,0.0,0,117,0.0,0.0,13,4,0.3076923076923077,0.44153846153846155,0.5290148448043185
60_day_proxy,9,63,5,2026-03-30,HLGKSLT0001,1,relative_active_persistent,9.0,1,117,0.6666666666666666,0.9999491947365747,13,7,0.5384615384615384,0.44153846153846155,0.5290148448043185
60_day_proxy,9,63,5,2026-03-30,HWZDSKL0001,1,relative_active_persistent,38.0,1,117,0.0,0.0,13,3,0.23076923076923078,0.44153846153846155,0.5290148448043185
60_day_proxy,9,63,5,2026-03-30,HWZDSKL0002,2,low_frequency_sparse,0.0,0,117,0.1111111111111111,0.6535605838853816,13,6,0.46153846153846156,0.44153846153846155,0.34516765285996054
60_day_proxy,9,63,5,2026-03-30,HZSN0001,1,relative_active_persistent,12.0,1,117,0.7777777777777778,0.9999986784385066,13,8,0.6153846153846154,0.44153846153846155,0.5290148448043185
60_day_proxy,9,63,5,2026-03-30,JZJ00011,1,relative_active_persistent,8.0,1,117,0.7777777777777778,0.9999986784385066,13,5,0.38461538461538464,0.44153846153846155,0.5290148448043185
60_day_proxy,9,63,5,2026-03-30,JZJ00012,1,relative_active_persistent,18.0,1,117,0.5555555555555556,0.9993233605154012,13,7,0.5384615384615384,0.44153846153846155,0.5290148448043185
60_day_proxy,9,63,5,2026-03-30,JZJ0002,1,relative_active_persistent,59.0,1,117,1.0,1.0,13,7,0.5384615384615384,0.44153846153846155,0.5290148448043185
60_day_proxy,9,63,5,2026-03-30,JZJ0003,1,relative_active_persistent,82.0,1,117,1.0,1.0,13,7,0.5384615384615384,0.44153846153846155,0.5290148448043185
60_day_proxy,9,63,5,2026-03-30,JZJ0009,1,relative_active_persistent,131.0,1,117,1.0,1.0,13,8,0.6153846153846154,0.44153846153846155,0.5290148448043185
60_day_proxy,9,63,5,2026-03-30,JZJ0013,1,relative_active_persistent,106.0,1,117,1.0,1.0,13,9,0.6923076923076923,0.44153846153846155,0.5290148448043185
60_day_proxy,9,63,5,2026-03-30,JZJ0014,2,low_frequency_sparse,2.0,1,117,0.0,0.0,13,4,0.3076923076923077,0.44153846153846155,0.34516765285996054
60_day_proxy,9,63,5,2026-03-30,JZJ0016,1,relative_active_persistent,28.0,1,117,0.5555555555555556,0.9993233605154012,13,10,0.7692307692307693,0.44153846153846155,0.5290148448043185
60_day_proxy,9,63,5,2026-03-30,JZJ0017,2,low_frequency_sparse,1.0,1,117,0.1111111111111111,0.6535605838853816,13,5,0.38461538461538464,0.44153846153846155,0.34516765285996054
60_day_proxy,9,63,5,2026-03-30,JZJ0018,2,low_frequency_sparse,0.0,0,117,0.2222222222222222,0.8958402868568988,13,4,0.3076923076923077,0.44153846153846155,0.34516765285996054
60_day_proxy,9,63,5,2026-03-30,JZJ0019,1,relative_active_persistent,7.0,1,117,1.0,1.0,13,5,0.38461538461538464,0.44153846153846155,0.5290148448043185
60_day_proxy,9,63,5,2026-03-30,KFYFQ51mm,1,relative_active_persistent,56.0,1,12,0.4444444444444444,0.9949586429849352,1,1,,0.44153846153846155,0.5290148448043185
60_day_proxy,9,63,5,2026-03-30,KFYFQ54mm,0,low_information,55.0,1,12,0.3333333333333333,0.9739877051262511,1,1,,0.44153846153846155,0.1346153846153846
60_day_proxy,9,63,5,2026-03-30,KFYFQ58mm,1,relative_active_persistent,97.0,1,12,1.0,1.0,1,1,,0.44153846153846155,0.5290148448043185
60_day_proxy,9,63,5,2026-03-30,KZCWBG001,2,low_frequency_sparse,16.0,1,117,0.2222222222222222,0.8958402868568988,13,6,0.46153846153846156,0.44153846153846155,0.34516765285996054
60_day_proxy,9,63,5,2026-03-30,LTKF0019,1,relative_active_persistent,4.0,1,117,0.6666666666666666,0.9999491947365747,13,7,0.5384615384615384,0.44153846153846155,0.5290148448043185
60_day_proxy,9,63,5,2026-03-30,LTKF0020,1,relative_active_persistent,179.0,1,117,1.0,1.0,13,7,0.5384615384615384,0.44153846153846155,0.5290148448043185
60_day_proxy,9,63,5,2026-03-30,LTKF0021,1,relative_active_persistent,36.0,1,117,1.0,1.0,13,7,0.5384615384615384,0.44153846153846155,0.5290148448043185
60_day_proxy,9,63,5,2026-03-30,LTKF0022M,1,relative_active_persistent,11.0,1,117,1.0,1.0,13,6,0.46153846153846156,0.44153846153846155,0.5290148448043185
60_day_proxy,9,63,5,2026-03-30,LTKF0031,1,relative_active_persistent,6.0,1,117,0.8888888888888888,0.9999999974188252,13,7,0.5384615384615384,0.44153846153846155,0.5290148448043185
60_day_proxy,9,63,5,2026-03-30,LTKF0047,2,low_frequency_sparse,3.0,1,117,0.1111111111111111,0.6535605838853816,13,5,0.38461538461538464,0.44153846153846155,0.34516765285996054
60_day_proxy,9,63,5,2026-03-30,LTKF0058,2,low_frequency_sparse,5.0,1,117,0.3333333333333333,0.9739877051262511,13,3,0.23076923076923078,0.44153846153846155,0.34516765285996054
60_day_proxy,9,63,5,2026-03-30,LTKF0101,1,relative_active_persistent,90.0,1,117,0.3333333333333333,0.9739877051262511,13,6,0.46153846153846156,0.44153846153846155,0.5290148448043185
60_day_proxy,9,63,5,2026-03-30,LTKF0102,2,low_frequency_sparse,0.0,0,117,0.3333333333333333,0.9739877051262511,13,4,0.3076923076923077,0.44153846153846155,0.34516765285996054
60_day_proxy,9,63,5,2026-03-30,LTKF0106,0,low_information,1.0,1,117,0.1111111111111111,0.6535605838853816,13,2,0.15384615384615385,0.44153846153846155,0.1346153846153846
60_day_proxy,9,63,5,2026-03-30,LTKF0111,2,low_frequency_sparse,7.0,1,117,0.7777777777777778,0.9999986784385066,13,4,0.3076923076923077,0.44153846153846155,0.34516765285996054
60_day_proxy,9,63,5,2026-03-30,LTKF093,2,low_frequency_sparse,32.0,1,117,0.3333333333333333,0.9739877051262511,13,5,0.38461538461538464,0.44153846153846155,0.34516765285996054
60_day_proxy,9,63,5,2026-03-30,LTKF098,1,relative_active_persistent,17.0,1,117,0.3333333333333333,0.9739877051262511,13,4,0.3076923076923077,0.44153846153846155,0.5290148448043185
60_day_proxy,9,63,5,2026-03-30,LTKF098B,1,relative_active_persistent,14.0,1,12,1.0,1.0,1,1,,0.44153846153846155,0.5290148448043185
60_day_proxy,9,63,5,2026-03-30,LYC0201,2,low_frequency_sparse,17.0,1,117,0.1111111111111111,0.6535605838853816,13,4,0.3076923076923077,0.44153846153846155,0.34516765285996054
60_day_proxy,9,63,5,2026-03-30,LYC0203,2,low_frequency_sparse,5.0,1,117,0.2222222222222222,0.8958402868568988,13,4,0.3076923076923077,0.44153846153846155,0.34516765285996054
60_day_proxy,9,63,5,2026-03-30,NNB0002,1,relative_active_persistent,102.0,1,117,0.2222222222222222,0.8958402868568988,13,4,0.3076923076923077,0.44153846153846155,0.5290148448043185
60_day_proxy,9,63,5,2026-03-30,NNBZL01,0,low_information,16.0,1,12,0.2222222222222222,0.8958402868568988,1,1,,0.44153846153846155,0.1346153846153846
60_day_proxy,9,63,5,2026-03-30,QCCXC0004,1,relative_active_persistent,1.0,1,117,0.0,0.0,13,2,0.15384615384615385,0.44153846153846155,0.5290148448043185
60_day_proxy,9,63,5,2026-03-30,QFDNZGJK001,1,relative_active_persistent,5.0,1,12,0.6666666666666666,0.9999491947365747,1,1,,0.44153846153846155,0.5290148448043185
60_day_proxy,9,63,5,2026-03-30,QFDNZGJK002,1,relative_active_persistent,19.0,1,12,0.6666666666666666,0.9999491947365747,1,1,,0.44153846153846155,0.5290148448043185
60_day_proxy,9,63,5,2026-03-30,QFSJZ002-1,2,low_frequency_sparse,0.0,0,117,0.2222222222222222,0.8958402868568988,13,4,0.3076923076923077,0.44153846153846155,0.34516765285996054
60_day_proxy,9,63,5,2026-03-30,QFSJZ003,2,low_frequency_sparse,1.0,1,117,0.1111111111111111,0.6535605838853816,13,4,0.3076923076923077,0.44153846153846155,0.34516765285996054
60_day_proxy,9,63,5,2026-03-30,QFSJZ003-1,2,low_frequency_sparse,0.0,0,117,0.3333333333333333,0.9739877051262511,13,5,0.38461538461538464,0.44153846153846155,0.34516765285996054
60_day_proxy,9,63,5,2026-03-30,QFYF001,0,low_information,0.0,0,12,0.0,0.0,1,0,,0.44153846153846155,0.1346153846153846
60_day_proxy,9,63,5,2026-03-30,RLHZHMV000AMDE,1,relative_active_persistent,106.0,1,117,0.8888888888888888,0.9999999974188252,13,10,0.7692307692307693,0.44153846153846155,0.5290148448043185
60_day_proxy,9,63,5,2026-03-30,SKZ2FT01,0,low_information,3.0,1,12,0.0,0.0,1,0,,0.44153846153846155,0.1346153846153846
60_day_proxy,9,63,5,2026-03-30,SKZ3FT01,0,low_information,16.0,1,12,0.0,0.0,1,0,,0.44153846153846155,0.1346153846153846
60_day_proxy,9,63,5,2026-03-30,SLT0003,2,low_frequency_sparse,0.0,0,117,0.2222222222222222,0.8958402868568988,13,6,0.46153846153846156,0.44153846153846155,0.34516765285996054
60_day_proxy,9,63,5,2026-03-30,SLT0004,2,low_frequency_sparse,0.0,0,117,0.1111111111111111,0.6535605838853816,13,4,0.3076923076923077,0.44153846153846155,0.34516765285996054
60_day_proxy,9,63,5,2026-03-30,TTNX0002,0,low_information,0.0,0,12,0.0,0.0,1,0,,0.44153846153846155,0.1346153846153846
60_day_proxy,9,63,5,2026-03-30,XFTW0001,0,low_information,23.0,1,12,0.0,0.0,1,0,,0.44153846153846155,0.1346153846153846
60_day_proxy,9,63,5,2026-03-30,XGX9992,0,low_information,0.0,0,12,0.0,0.0,1,0,,0.44153846153846155,0.1346153846153846
60_day_proxy,9,63,5,2026-03-30,XGX9993,0,low_information,0.0,0,12,0.0,0.0,1,0,,0.44153846153846155,0.1346153846153846
60_day_proxy,9,63,5,2026-03-30,XGX9994,0,low_information,0.0,0,12,0.0,0.0,1,0,,0.44153846153846155,0.1346153846153846
60_day_proxy,9,63,5,2026-03-30,XGX9995,0,low_information,0.0,0,12,0.0,0.0,1,0,,0.44153846153846155,0.1346153846153846
60_day_proxy,9,63,5,2026-03-30,XGX99990,0,low_information,0.0,0,12,0.0,0.0,1,0,,0.44153846153846155,0.1346153846153846
60_day_proxy,9,63,5,2026-03-30,XGX99991,0,low_information,0.0,0,12,0.0,0.0,1,0,,0.44153846153846155,0.1346153846153846
60_day_proxy,9,63,5,2026-03-30,XGX99992,0,low_information,0.0,0,12,0.0,0.0,1,0,,0.44153846153846155,0.1346153846153846
60_day_proxy,9,63,5,2026-03-30,XGX99993,0,low_information,0.0,0,12,0.0,0.0,1,0,,0.44153846153846155,0.1346153846153846
60_day_proxy,9,63,5,2026-03-30,XHP0001,1,relative_active_persistent,603.0,1,117,0.7777777777777778,0.9999986784385066,13,4,0.3076923076923077,0.44153846153846155,0.5290148448043185
60_day_proxy,9,63,5,2026-03-30,XHZXCZP0001,1,relative_active_persistent,69.0,1,117,1.0,1.0,13,9,0.6923076923076923,0.44153846153846155,0.5290148448043185
60_day_proxy,9,63,5,2026-03-30,XHZXCZP0002,1,relative_active_persistent,68.0,1,117,0.8888888888888888,0.9999999974188252,13,4,0.3076923076923077,0.44153846153846155,0.5290148448043185
60_day_proxy,9,63,5,2026-03-30,XMJ0001,0,low_information,23.0,1,12,0.0,0.0,1,0,,0.44153846153846155,0.1346153846153846
60_day_proxy,9,63,5,2026-03-30,XMJ0004,0,low_information,30.0,1,12,0.0,0.0,1,0,,0.44153846153846155,0.1346153846153846
60_day_proxy,9,63,5,2026-03-30,XMSH0001,1,relative_active_persistent,26.0,1,12,0.5555555555555556,0.9993233605154012,1,1,,0.44153846153846155,0.5290148448043185
60_day_proxy,9,63,5,2026-03-30,XXGP0002,0,low_information,50.0,1,12,0.1111111111111111,0.6535605838853816,1,1,,0.44153846153846155,0.1346153846153846
60_day_proxy,9,63,5,2026-03-30,XYJ0001,0,low_information,28.0,1,12,0.4444444444444444,0.9949586429849352,1,1,,0.44153846153846155,0.1346153846153846
60_day_proxy,9,63,5,2026-03-30,XYMGPD0001,1,relative_active_persistent,0.0,0,12,1.0,1.0,1,1,,0.44153846153846155,0.5290148448043185
60_day_proxy,9,63,5,2026-03-30,XYMGPD0002,1,relative_active_persistent,11.0,1,12,0.5555555555555556,0.9993233605154012,1,1,,0.44153846153846155,0.5290148448043185
60_day_proxy,9,63,5,2026-03-30,XYMLRY00001,1,relative_active_persistent,10.0,1,12,0.5555555555555556,0.9993233605154012,1,1,,0.44153846153846155,0.5290148448043185
60_day_proxy,9,63,5,2026-03-30,XYMZD0017,0,low_information,0.0,0,12,0.0,0.0,1,0,,0.44153846153846155,0.1346153846153846
60_day_proxy,9,63,5,2026-03-30,XYMZG0016,0,low_information,0.0,0,12,0.0,0.0,1,0,,0.44153846153846155,0.1346153846153846
60_day_proxy,9,63,5,2026-03-30,YDBZ001,1,relative_active_persistent,2.0,1,117,0.3333333333333333,0.9739877051262511,13,7,0.5384615384615384,0.44153846153846155,0.5290148448043185
60_day_proxy,9,63,5,2026-03-30,YDBZ002,1,relative_active_persistent,0.0,0,117,0.4444444444444444,0.9949586429849352,13,8,0.6153846153846154,0.44153846153846155,0.5290148448043185
60_day_proxy,9,63,5,2026-03-30,YEC0009,1,relative_active_persistent,15.0,1,12,0.6666666666666666,0.9999491947365747,1,1,,0.44153846153846155,0.5290148448043185
60_day_proxy,9,63,5,2026-03-30,YJLZHMV000AMDE,1,relative_active_persistent,14.0,1,117,0.4444444444444444,0.9949586429849352,13,10,0.7692307692307693,0.44153846153846155,0.5290148448043185
60_day_proxy,9,63,5,2026-03-30,YXBLJ0001,2,low_frequency_sparse,3.0,1,117,0.2222222222222222,0.8958402868568988,13,3,0.23076923076923078,0.44153846153846155,0.34516765285996054
60_day_proxy,9,63,5,2026-03-30,ZBTZ0002,1,relative_active_persistent,17.0,1,117,0.1111111111111111,0.6535605838853816,13,4,0.3076923076923077,0.44153846153846155,0.5290148448043185
60_day_proxy,9,63,5,2026-03-30,ZBTZ0003,2,low_frequency_sparse,2.0,1,117,0.1111111111111111,0.6535605838853816,13,4,0.3076923076923077,0.44153846153846155,0.34516765285996054
60_day_proxy,9,63,5,2026-03-30,ZTD0001,2,low_frequency_sparse,19.0,1,117,0.0,0.0,13,1,0.07692307692307693,0.44153846153846155,0.34516765285996054
60_day_proxy,9,63,5,2026-03-30,ZTD0003,1,relative_active_persistent,13.0,1,117,1.0,1.0,13,4,0.3076923076923077,0.44153846153846155,0.5290148448043185
60_day_proxy,9,63,5,2026-03-30,ZTD0004,0,low_information,0.0,0,12,0.0,0.0,1,0,,0.44153846153846155,0.1346153846153846
60_day_proxy,9,63,5,2026-03-30,xgx0013,0,low_information,5.0,1,12,0.0,0.0,1,0,,0.44153846153846155,0.1346153846153846
60_day_proxy,9,63,5,2026-03-30,xgx0014,1,relative_active_persistent,7.0,1,12,0.6666666666666666,0.9999491947365747,1,1,,0.44153846153846155,0.5290148448043185
60_day_proxy,9,63,5,2026-03-30,xgx0015,1,relative_active_persistent,13.0,1,12,0.6666666666666666,0.9999491947365747,1,1,,0.44153846153846155,0.5290148448043185
60_day_proxy,9,63,5,2026-03-30,xgx0016,1,relative_active_persistent,7.0,1,12,1.0,1.0,1,1,,0.44153846153846155,0.5290148448043185
60_day_proxy,9,63,5,2026-03-30,xymzd0015,1,relative_active_persistent,7.0,1,12,0.4444444444444444,0.9949586429849352,1,1,,0.44153846153846155,0.5290148448043185
60_day_proxy,9,63,5,2026-03-30,xymzd0016,0,low_information,0.0,0,12,0.0,0.0,1,0,,0.44153846153846155,0.1346153846153846
60_day_proxy,9,63,5,2026-03-30,zxy0002,0,low_information,1.0,1,12,0.0,0.0,1,0,,0.44153846153846155,0.1346153846153846
60_day_proxy,9,63,6,2026-06-01,BLP0001,1,relative_active_persistent,74.0,1,126,1.0,1.0,14,6,0.42857142857142855,0.4718875502008032,0.5529531568228105
60_day_proxy,9,63,6,2026-06-01,BLP0002,1,relative_active_persistent,19.0,1,126,0.7777777777777778,0.9999986784385066,14,5,0.35714285714285715,0.4718875502008032,0.5529531568228105
60_day_proxy,9,63,6,2026-06-01,BLP0003,2,low_frequency_sparse,4.0,1,126,0.1111111111111111,0.6535605838853816,14,4,0.2857142857142857,0.4718875502008032,0.34523809523809523
60_day_proxy,9,63,6,2026-06-01,BLP0004,2,low_frequency_sparse,0.0,0,126,0.0,0.0,14,3,0.21428571428571427,0.4718875502008032,0.34523809523809523
60_day_proxy,9,63,6,2026-06-01,BLP0005,0,low_information,1.0,1,21,0.0,0.0,2,1,0.5,0.4718875502008032,0.18478260869565216
60_day_proxy,9,63,6,2026-06-01,BLP0007,0,low_information,1.0,1,21,0.0,0.0,2,0,0.0,0.4718875502008032,0.18478260869565216
60_day_proxy,9,63,6,2026-06-01,CFSNT008,0,low_information,13.0,1,21,0.0,0.0,2,0,0.0,0.4718875502008032,0.18478260869565216
60_day_proxy,9,63,6,2026-06-01,CLSSLT0003,2,low_frequency_sparse,8.0,1,126,0.0,0.0,14,7,0.5,0.4718875502008032,0.34523809523809523
60_day_proxy,9,63,6,2026-06-01,CLSSLT0006,2,low_frequency_sparse,6.0,1,126,0.2222222222222222,0.8958402868568988,14,6,0.42857142857142855,0.4718875502008032,0.34523809523809523
60_day_proxy,9,63,6,2026-06-01,CWW0002,1,relative_active_persistent,86.0,1,126,1.0,1.0,14,5,0.35714285714285715,0.4718875502008032,0.5529531568228105
60_day_proxy,9,63,6,2026-06-01,DHZXCZP0001,1,relative_active_persistent,19.0,1,126,0.1111111111111111,0.6535605838853816,14,6,0.42857142857142855,0.4718875502008032,0.5529531568228105
60_day_proxy,9,63,6,2026-06-01,DRMJJ0021,2,low_frequency_sparse,0.0,0,126,0.2222222222222222,0.8958402868568988,14,5,0.35714285714285715,0.4718875502008032,0.34523809523809523
60_day_proxy,9,63,6,2026-06-01,DRMJJ0022,1,relative_active_persistent,11.0,1,126,0.5555555555555556,0.9993233605154012,14,6,0.42857142857142855,0.4718875502008032,0.5529531568228105
60_day_proxy,9,63,6,2026-06-01,DRMJJ0023,1,relative_active_persistent,14.0,1,126,1.0,1.0,14,7,0.5,0.4718875502008032,0.5529531568228105
60_day_proxy,9,63,6,2026-06-01,DRMJJ0025,2,low_frequency_sparse,5.0,1,126,0.1111111111111111,0.6535605838853816,14,6,0.42857142857142855,0.4718875502008032,0.34523809523809523
60_day_proxy,9,63,6,2026-06-01,DRMJJ0026,1,relative_active_persistent,2.0,1,126,0.4444444444444444,0.9949586429849352,14,5,0.35714285714285715,0.4718875502008032,0.5529531568228105
60_day_proxy,9,63,6,2026-06-01,DRMJJ0027,2,low_frequency_sparse,2.0,1,126,0.1111111111111111,0.6535605838853816,14,4,0.2857142857142857,0.4718875502008032,0.34523809523809523
60_day_proxy,9,63,6,2026-06-01,DRMJJ0038,1,relative_active_persistent,0.0,0,21,0.4444444444444444,0.9949586429849352,2,2,1.0,0.4718875502008032,0.5529531568228105
60_day_proxy,9,63,6,2026-06-01,DRMJJ0039,1,relative_active_persistent,0.0,0,21,0.2222222222222222,0.8958402868568988,2,2,1.0,0.4718875502008032,0.5529531568228105
60_day_proxy,9,63,6,2026-06-01,ETZP0003,1,relative_active_persistent,9.0,1,126,0.1111111111111111,0.6535605838853816,14,5,0.35714285714285715,0.4718875502008032,0.5529531568228105
60_day_proxy,9,63,6,2026-06-01,ETZP0004,1,relative_active_persistent,6.0,1,126,0.0,0.0,14,6,0.42857142857142855,0.4718875502008032,0.5529531568228105
60_day_proxy,9,63,6,2026-06-01,FDBLHP0001,2,low_frequency_sparse,7.0,1,126,0.0,0.0,14,5,0.35714285714285715,0.4718875502008032,0.34523809523809523
60_day_proxy,9,63,6,2026-06-01,FDBLP0001,1,relative_active_persistent,103.0,1,126,0.5555555555555556,0.9993233605154012,14,7,0.5,0.4718875502008032,0.5529531568228105
60_day_proxy,9,63,6,2026-06-01,FRC0003,1,relative_active_persistent,15.0,1,126,0.5555555555555556,0.9993233605154012,14,9,0.6428571428571429,0.4718875502008032,0.5529531568228105
60_day_proxy,9,63,6,2026-06-01,FRH0028,2,low_frequency_sparse,3.0,1,126,0.0,0.0,14,8,0.5714285714285714,0.4718875502008032,0.34523809523809523
60_day_proxy,9,63,6,2026-06-01,FRH0033,1,relative_active_persistent,25.0,1,126,0.3333333333333333,0.9739877051262511,14,13,0.9285714285714286,0.4718875502008032,0.5529531568228105
60_day_proxy,9,63,6,2026-06-01,FRH0034,1,relative_active_persistent,0.0,0,126,0.0,0.0,14,12,0.8571428571428571,0.4718875502008032,0.5529531568228105
60_day_proxy,9,63,6,2026-06-01,FRH0043,2,low_frequency_sparse,0.0,0,126,0.1111111111111111,0.6535605838853816,14,7,0.5,0.4718875502008032,0.34523809523809523
60_day_proxy,9,63,6,2026-06-01,FRH0044,1,relative_active_persistent,0.0,0,126,0.4444444444444444,0.9949586429849352,14,11,0.7857142857142857,0.4718875502008032,0.5529531568228105
60_day_proxy,9,63,6,2026-06-01,FRH0046,1,relative_active_persistent,29.0,1,126,0.8888888888888888,0.9999999974188252,14,12,0.8571428571428571,0.4718875502008032,0.5529531568228105
60_day_proxy,9,63,6,2026-06-01,FRH0048,1,relative_active_persistent,33.0,1,126,1.0,1.0,14,11,0.7857142857142857,0.4718875502008032,0.5529531568228105
60_day_proxy,9,63,6,2026-06-01,FRH0050,1,relative_active_persistent,0.0,0,126,0.1111111111111111,0.6535605838853816,14,12,0.8571428571428571,0.4718875502008032,0.5529531568228105
60_day_proxy,9,63,6,2026-06-01,FRH0051,1,relative_active_persistent,28.0,1,126,1.0,1.0,14,12,0.8571428571428571,0.4718875502008032,0.5529531568228105
60_day_proxy,9,63,6,2026-06-01,FRH0056,1,relative_active_persistent,82.0,1,126,1.0,1.0,14,12,0.8571428571428571,0.4718875502008032,0.5529531568228105
60_day_proxy,9,63,6,2026-06-01,FRH0056-1,2,low_frequency_sparse,1.0,1,126,0.2222222222222222,0.8958402868568988,14,4,0.2857142857142857,0.4718875502008032,0.34523809523809523
60_day_proxy,9,63,6,2026-06-01,FRH0059,1,relative_active_persistent,19.0,1,126,0.4444444444444444,0.9949586429849352,14,12,0.8571428571428571,0.4718875502008032,0.5529531568228105
60_day_proxy,9,63,6,2026-06-01,FRH0064,1,relative_active_persistent,7.0,1,126,0.4444444444444444,0.9949586429849352,14,5,0.35714285714285715,0.4718875502008032,0.5529531568228105
60_day_proxy,9,63,6,2026-06-01,FRH0065,1,relative_active_persistent,4.0,1,126,0.8888888888888888,0.9999999974188252,14,6,0.42857142857142855,0.4718875502008032,0.5529531568228105
60_day_proxy,9,63,6,2026-06-01,FRH0068,1,relative_active_persistent,0.0,0,126,0.0,0.0,14,3,0.21428571428571427,0.4718875502008032,0.5529531568228105
60_day_proxy,9,63,6,2026-06-01,FRW00023,0,low_information,6.0,1,21,0.1111111111111111,0.6535605838853816,2,1,0.5,0.4718875502008032,0.18478260869565216
60_day_proxy,9,63,6,2026-06-01,FRW0005,1,relative_active_persistent,23.0,1,126,0.7777777777777778,0.9999986784385066,14,11,0.7857142857142857,0.4718875502008032,0.5529531568228105
60_day_proxy,9,63,6,2026-06-01,FRW0006,1,relative_active_persistent,8.0,1,126,0.6666666666666666,0.9999491947365747,14,12,0.8571428571428571,0.4718875502008032,0.5529531568228105
60_day_proxy,9,63,6,2026-06-01,FRW0008,2,low_frequency_sparse,10.0,1,126,0.1111111111111111,0.6535605838853816,14,4,0.2857142857142857,0.4718875502008032,0.34523809523809523
60_day_proxy,9,63,6,2026-06-01,FRW0009,2,low_frequency_sparse,5.0,1,126,0.6666666666666666,0.9999491947365747,14,6,0.42857142857142855,0.4718875502008032,0.34523809523809523
60_day_proxy,9,63,6,2026-06-01,FRW0015,1,relative_active_persistent,55.0,1,126,1.0,1.0,14,6,0.42857142857142855,0.4718875502008032,0.5529531568228105
60_day_proxy,9,63,6,2026-06-01,FRW0024,1,relative_active_persistent,11.0,1,126,0.7777777777777778,0.9999986784385066,14,5,0.35714285714285715,0.4718875502008032,0.5529531568228105
60_day_proxy,9,63,6,2026-06-01,FRW0025,0,low_information,5.0,1,21,0.0,0.0,2,1,0.5,0.4718875502008032,0.18478260869565216
60_day_proxy,9,63,6,2026-06-01,FSTBY001,0,low_information,7.0,1,126,0.1111111111111111,0.6535605838853816,14,2,0.14285714285714285,0.4718875502008032,0.18478260869565216
60_day_proxy,9,63,6,2026-06-01,FZGLS0001,2,low_frequency_sparse,0.0,0,126,0.3333333333333333,0.9739877051262511,14,3,0.21428571428571427,0.4718875502008032,0.34523809523809523
60_day_proxy,9,63,6,2026-06-01,FZGLS0002,2,low_frequency_sparse,0.0,0,126,0.1111111111111111,0.6535605838853816,14,5,0.35714285714285715,0.4718875502008032,0.34523809523809523
60_day_proxy,9,63,6,2026-06-01,FZLRICBHP0001,1,relative_active_persistent,10.0,1,126,0.0,0.0,14,5,0.35714285714285715,0.4718875502008032,0.5529531568228105
60_day_proxy,9,63,6,2026-06-01,FZLRJ0001,1,relative_active_persistent,15.0,1,126,0.5555555555555556,0.9993233605154012,14,7,0.5,0.4718875502008032,0.5529531568228105
60_day_proxy,9,63,6,2026-06-01,FZLRJ0001double,0,low_information,2.0,1,126,0.0,0.0,14,2,0.14285714285714285,0.4718875502008032,0.18478260869565216
60_day_proxy,9,63,6,2026-06-01,FZLRJ0002,1,relative_active_persistent,98.0,1,126,0.8888888888888888,0.9999999974188252,14,7,0.5,0.4718875502008032,0.5529531568228105
60_day_proxy,9,63,6,2026-06-01,FZLRJ0002double,2,low_frequency_sparse,9.0,1,126,0.0,0.0,14,4,0.2857142857142857,0.4718875502008032,0.34523809523809523
60_day_proxy,9,63,6,2026-06-01,FZLRJ0005,0,low_information,19.0,1,21,0.1111111111111111,0.6535605838853816,2,2,1.0,0.4718875502008032,0.18478260869565216
60_day_proxy,9,63,6,2026-06-01,GJMJWJX001,1,relative_active_persistent,0.0,0,126,0.0,0.0,14,9,0.6428571428571429,0.4718875502008032,0.5529531568228105
60_day_proxy,9,63,6,2026-06-01,GJMJWJXW001,1,relative_active_persistent,0.0,0,126,0.0,0.0,14,4,0.2857142857142857,0.4718875502008032,0.5529531568228105
60_day_proxy,9,63,6,2026-06-01,HLGKSLT0001,1,relative_active_persistent,13.0,1,126,0.7777777777777778,0.9999986784385066,14,8,0.5714285714285714,0.4718875502008032,0.5529531568228105
60_day_proxy,9,63,6,2026-06-01,HWZDSKL0001,1,relative_active_persistent,29.0,1,126,1.0,1.0,14,4,0.2857142857142857,0.4718875502008032,0.5529531568228105
60_day_proxy,9,63,6,2026-06-01,HWZDSKL0002,1,relative_active_persistent,0.0,0,126,0.0,0.0,14,6,0.42857142857142855,0.4718875502008032,0.5529531568228105
60_day_proxy,9,63,6,2026-06-01,HZSN0001,1,relative_active_persistent,31.0,1,126,0.8888888888888888,0.9999999974188252,14,9,0.6428571428571429,0.4718875502008032,0.5529531568228105
60_day_proxy,9,63,6,2026-06-01,JZJ00011,1,relative_active_persistent,2.0,1,126,0.5555555555555556,0.9993233605154012,14,6,0.42857142857142855,0.4718875502008032,0.5529531568228105
60_day_proxy,9,63,6,2026-06-01,JZJ00012,1,relative_active_persistent,17.0,1,126,1.0,1.0,14,8,0.5714285714285714,0.4718875502008032,0.5529531568228105
60_day_proxy,9,63,6,2026-06-01,JZJ0002,1,relative_active_persistent,106.0,1,126,1.0,1.0,14,8,0.5714285714285714,0.4718875502008032,0.5529531568228105
60_day_proxy,9,63,6,2026-06-01,JZJ0003,1,relative_active_persistent,100.0,1,126,1.0,1.0,14,8,0.5714285714285714,0.4718875502008032,0.5529531568228105
60_day_proxy,9,63,6,2026-06-01,JZJ0009,1,relative_active_persistent,266.0,1,126,1.0,1.0,14,9,0.6428571428571429,0.4718875502008032,0.5529531568228105
60_day_proxy,9,63,6,2026-06-01,JZJ0013,1,relative_active_persistent,102.0,1,126,1.0,1.0,14,10,0.7142857142857143,0.4718875502008032,0.5529531568228105
60_day_proxy,9,63,6,2026-06-01,JZJ0014,2,low_frequency_sparse,0.0,0,126,0.2222222222222222,0.8958402868568988,14,5,0.35714285714285715,0.4718875502008032,0.34523809523809523
60_day_proxy,9,63,6,2026-06-01,JZJ0016,1,relative_active_persistent,22.0,1,126,1.0,1.0,14,11,0.7857142857142857,0.4718875502008032,0.5529531568228105
60_day_proxy,9,63,6,2026-06-01,JZJ0017,2,low_frequency_sparse,9.0,1,126,0.1111111111111111,0.6535605838853816,14,6,0.42857142857142855,0.4718875502008032,0.34523809523809523
60_day_proxy,9,63,6,2026-06-01,JZJ0018,1,relative_active_persistent,5.0,1,126,0.0,0.0,14,4,0.2857142857142857,0.4718875502008032,0.5529531568228105
60_day_proxy,9,63,6,2026-06-01,JZJ0019,1,relative_active_persistent,42.0,1,126,0.3333333333333333,0.9739877051262511,14,6,0.42857142857142855,0.4718875502008032,0.5529531568228105
60_day_proxy,9,63,6,2026-06-01,KFYFQ51mm,1,relative_active_persistent,30.0,1,21,1.0,1.0,2,2,1.0,0.4718875502008032,0.5529531568228105
60_day_proxy,9,63,6,2026-06-01,KFYFQ54mm,1,relative_active_persistent,65.0,1,21,0.6666666666666666,0.9999491947365747,2,2,1.0,0.4718875502008032,0.5529531568228105
60_day_proxy,9,63,6,2026-06-01,KFYFQ58mm,1,relative_active_persistent,89.0,1,21,1.0,1.0,2,2,1.0,0.4718875502008032,0.5529531568228105
60_day_proxy,9,63,6,2026-06-01,KZCWBG001,1,relative_active_persistent,22.0,1,126,0.7777777777777778,0.9999986784385066,14,7,0.5,0.4718875502008032,0.5529531568228105
60_day_proxy,9,63,6,2026-06-01,LTKF0019,1,relative_active_persistent,2.0,1,126,0.3333333333333333,0.9739877051262511,14,8,0.5714285714285714,0.4718875502008032,0.5529531568228105
60_day_proxy,9,63,6,2026-06-01,LTKF0020,1,relative_active_persistent,212.0,1,126,1.0,1.0,14,8,0.5714285714285714,0.4718875502008032,0.5529531568228105
60_day_proxy,9,63,6,2026-06-01,LTKF0021,1,relative_active_persistent,9.0,1,126,1.0,1.0,14,8,0.5714285714285714,0.4718875502008032,0.5529531568228105
60_day_proxy,9,63,6,2026-06-01,LTKF0022M,1,relative_active_persistent,20.0,1,126,0.7777777777777778,0.9999986784385066,14,7,0.5,0.4718875502008032,0.5529531568228105
60_day_proxy,9,63,6,2026-06-01,LTKF0031,1,relative_active_persistent,30.0,1,126,0.7777777777777778,0.9999986784385066,14,8,0.5714285714285714,0.4718875502008032,0.5529531568228105
60_day_proxy,9,63,6,2026-06-01,LTKF0047,1,relative_active_persistent,20.0,1,126,0.2222222222222222,0.8958402868568988,14,6,0.42857142857142855,0.4718875502008032,0.5529531568228105
60_day_proxy,9,63,6,2026-06-01,LTKF0058,2,low_frequency_sparse,0.0,0,126,0.4444444444444444,0.9949586429849352,14,4,0.2857142857142857,0.4718875502008032,0.34523809523809523
60_day_proxy,9,63,6,2026-06-01,LTKF0101,1,relative_active_persistent,72.0,1,126,1.0,1.0,14,7,0.5,0.4718875502008032,0.5529531568228105
60_day_proxy,9,63,6,2026-06-01,LTKF0102,2,low_frequency_sparse,2.0,1,126,0.0,0.0,14,4,0.2857142857142857,0.4718875502008032,0.34523809523809523
60_day_proxy,9,63,6,2026-06-01,LTKF0106,0,low_information,1.0,1,126,0.1111111111111111,0.6535605838853816,14,3,0.21428571428571427,0.4718875502008032,0.18478260869565216
60_day_proxy,9,63,6,2026-06-01,LTKF0111,2,low_frequency_sparse,9.0,1,126,0.4444444444444444,0.9949586429849352,14,5,0.35714285714285715,0.4718875502008032,0.34523809523809523
60_day_proxy,9,63,6,2026-06-01,LTKF093,1,relative_active_persistent,11.0,1,126,0.6666666666666666,0.9999491947365747,14,6,0.42857142857142855,0.4718875502008032,0.5529531568228105
60_day_proxy,9,63,6,2026-06-01,LTKF098,1,relative_active_persistent,32.0,1,126,0.6666666666666666,0.9999491947365747,14,5,0.35714285714285715,0.4718875502008032,0.5529531568228105
60_day_proxy,9,63,6,2026-06-01,LTKF098B,1,relative_active_persistent,12.0,1,21,1.0,1.0,2,2,1.0,0.4718875502008032,0.5529531568228105
60_day_proxy,9,63,6,2026-06-01,LYC0201,1,relative_active_persistent,40.0,1,126,0.6666666666666666,0.9999491947365747,14,5,0.35714285714285715,0.4718875502008032,0.5529531568228105
60_day_proxy,9,63,6,2026-06-01,LYC0203,2,low_frequency_sparse,4.0,1,126,0.2222222222222222,0.8958402868568988,14,5,0.35714285714285715,0.4718875502008032,0.34523809523809523
60_day_proxy,9,63,6,2026-06-01,NNB0002,1,relative_active_persistent,0.0,0,126,0.5555555555555556,0.9993233605154012,14,5,0.35714285714285715,0.4718875502008032,0.5529531568228105
60_day_proxy,9,63,6,2026-06-01,NNBZL01,1,relative_active_persistent,1.0,1,21,0.6666666666666666,0.9999491947365747,2,2,1.0,0.4718875502008032,0.5529531568228105
60_day_proxy,9,63,6,2026-06-01,QCCXC0004,1,relative_active_persistent,0.0,0,126,0.1111111111111111,0.6535605838853816,14,3,0.21428571428571427,0.4718875502008032,0.5529531568228105
60_day_proxy,9,63,6,2026-06-01,QFDNZGJK001,1,relative_active_persistent,0.0,0,21,0.2222222222222222,0.8958402868568988,2,2,1.0,0.4718875502008032,0.5529531568228105
60_day_proxy,9,63,6,2026-06-01,QFDNZGJK002,1,relative_active_persistent,0.0,0,21,0.6666666666666666,0.9999491947365747,2,2,1.0,0.4718875502008032,0.5529531568228105
60_day_proxy,9,63,6,2026-06-01,QFSJZ002-1,2,low_frequency_sparse,0.0,0,126,0.0,0.0,14,4,0.2857142857142857,0.4718875502008032,0.34523809523809523
60_day_proxy,9,63,6,2026-06-01,QFSJZ003,2,low_frequency_sparse,0.0,0,126,0.1111111111111111,0.6535605838853816,14,5,0.35714285714285715,0.4718875502008032,0.34523809523809523
60_day_proxy,9,63,6,2026-06-01,QFSJZ003-1,2,low_frequency_sparse,0.0,0,126,0.0,0.0,14,5,0.35714285714285715,0.4718875502008032,0.34523809523809523
60_day_proxy,9,63,6,2026-06-01,QFYF001,0,low_information,3.0,1,21,0.0,0.0,2,0,0.0,0.4718875502008032,0.18478260869565216
60_day_proxy,9,63,6,2026-06-01,RLHZHMV000AMDE,1,relative_active_persistent,39.0,1,126,1.0,1.0,14,11,0.7857142857142857,0.4718875502008032,0.5529531568228105
60_day_proxy,9,63,6,2026-06-01,SKZ2FT01,0,low_information,30.0,1,21,0.1111111111111111,0.6535605838853816,2,1,0.5,0.4718875502008032,0.18478260869565216
60_day_proxy,9,63,6,2026-06-01,SKZ3FT01,0,low_information,44.0,1,21,0.3333333333333333,0.9739877051262511,2,1,0.5,0.4718875502008032,0.18478260869565216
60_day_proxy,9,63,6,2026-06-01,SLT0003,2,low_frequency_sparse,0.0,0,126,0.0,0.0,14,6,0.42857142857142855,0.4718875502008032,0.34523809523809523
60_day_proxy,9,63,6,2026-06-01,SLT0004,2,low_frequency_sparse,0.0,0,126,0.0,0.0,14,4,0.2857142857142857,0.4718875502008032,0.34523809523809523
60_day_proxy,9,63,6,2026-06-01,TTNX0002,0,low_information,2.0,1,21,0.0,0.0,2,0,0.0,0.4718875502008032,0.18478260869565216
60_day_proxy,9,63,6,2026-06-01,XFTW0001,1,relative_active_persistent,0.0,0,21,0.7777777777777778,0.9999986784385066,2,1,0.5,0.4718875502008032,0.5529531568228105
60_day_proxy,9,63,6,2026-06-01,XGX9992,0,low_information,10.0,1,21,0.0,0.0,2,0,0.0,0.4718875502008032,0.18478260869565216
60_day_proxy,9,63,6,2026-06-01,XGX9993,0,low_information,12.0,1,21,0.0,0.0,2,0,0.0,0.4718875502008032,0.18478260869565216
60_day_proxy,9,63,6,2026-06-01,XGX9994,0,low_information,15.0,1,21,0.0,0.0,2,0,0.0,0.4718875502008032,0.18478260869565216
60_day_proxy,9,63,6,2026-06-01,XGX9995,0,low_information,16.0,1,21,0.0,0.0,2,0,0.0,0.4718875502008032,0.18478260869565216
60_day_proxy,9,63,6,2026-06-01,XGX99990,0,low_information,4.0,1,21,0.0,0.0,2,0,0.0,0.4718875502008032,0.18478260869565216
60_day_proxy,9,63,6,2026-06-01,XGX99991,0,low_information,4.0,1,21,0.0,0.0,2,0,0.0,0.4718875502008032,0.18478260869565216
60_day_proxy,9,63,6,2026-06-01,XGX99992,0,low_information,6.0,1,21,0.0,0.0,2,0,0.0,0.4718875502008032,0.18478260869565216
60_day_proxy,9,63,6,2026-06-01,XGX99993,0,low_information,12.0,1,21,0.0,0.0,2,0,0.0,0.4718875502008032,0.18478260869565216
60_day_proxy,9,63,6,2026-06-01,XHP0001,1,relative_active_persistent,402.0,1,126,1.0,1.0,14,5,0.35714285714285715,0.4718875502008032,0.5529531568228105
60_day_proxy,9,63,6,2026-06-01,XHZXCZP0001,1,relative_active_persistent,112.0,1,126,1.0,1.0,14,10,0.7142857142857143,0.4718875502008032,0.5529531568228105
60_day_proxy,9,63,6,2026-06-01,XHZXCZP0002,1,relative_active_persistent,24.0,1,126,1.0,1.0,14,5,0.35714285714285715,0.4718875502008032,0.5529531568228105
60_day_proxy,9,63,6,2026-06-01,XMJ0001,0,low_information,0.0,0,21,0.3333333333333333,0.9739877051262511,2,1,0.5,0.4718875502008032,0.18478260869565216
60_day_proxy,9,63,6,2026-06-01,XMJ0004,1,relative_active_persistent,59.0,1,21,0.5555555555555556,0.9993233605154012,2,1,0.5,0.4718875502008032,0.5529531568228105
60_day_proxy,9,63,6,2026-06-01,XMSH0001,1,relative_active_persistent,42.0,1,21,0.4444444444444444,0.9949586429849352,2,2,1.0,0.4718875502008032,0.5529531568228105
60_day_proxy,9,63,6,2026-06-01,XXGP0002,1,relative_active_persistent,0.0,0,21,0.6666666666666666,0.9999491947365747,2,2,1.0,0.4718875502008032,0.5529531568228105
60_day_proxy,9,63,6,2026-06-01,XYJ0001,1,relative_active_persistent,23.0,1,21,0.5555555555555556,0.9993233605154012,2,2,1.0,0.4718875502008032,0.5529531568228105
60_day_proxy,9,63,6,2026-06-01,XYMGPD0001,1,relative_active_persistent,4.0,1,21,0.0,0.0,2,1,0.5,0.4718875502008032,0.5529531568228105
60_day_proxy,9,63,6,2026-06-01,XYMGPD0002,1,relative_active_persistent,0.0,0,21,0.6666666666666666,0.9999491947365747,2,2,1.0,0.4718875502008032,0.5529531568228105
60_day_proxy,9,63,6,2026-06-01,XYMLRY00001,1,relative_active_persistent,8.0,1,21,0.5555555555555556,0.9993233605154012,2,2,1.0,0.4718875502008032,0.5529531568228105
60_day_proxy,9,63,6,2026-06-01,XYMZD0017,0,low_information,24.0,1,21,0.0,0.0,2,0,0.0,0.4718875502008032,0.18478260869565216
60_day_proxy,9,63,6,2026-06-01,XYMZG0016,0,low_information,37.0,1,21,0.0,0.0,2,0,0.0,0.4718875502008032,0.18478260869565216
60_day_proxy,9,63,6,2026-06-01,YDBZ001,1,relative_active_persistent,6.0,1,126,0.2222222222222222,0.8958402868568988,14,8,0.5714285714285714,0.4718875502008032,0.5529531568228105
60_day_proxy,9,63,6,2026-06-01,YDBZ002,1,relative_active_persistent,0.0,0,126,0.0,0.0,14,8,0.5714285714285714,0.4718875502008032,0.5529531568228105
60_day_proxy,9,63,6,2026-06-01,YEC0009,1,relative_active_persistent,0.0,0,21,0.5555555555555556,0.9993233605154012,2,2,1.0,0.4718875502008032,0.5529531568228105
60_day_proxy,9,63,6,2026-06-01,YJLZHMV000AMDE,1,relative_active_persistent,4.0,1,126,0.8888888888888888,0.9999999974188252,14,11,0.7857142857142857,0.4718875502008032,0.5529531568228105
60_day_proxy,9,63,6,2026-06-01,YXBLJ0001,2,low_frequency_sparse,3.0,1,126,0.2222222222222222,0.8958402868568988,14,4,0.2857142857142857,0.4718875502008032,0.34523809523809523
60_day_proxy,9,63,6,2026-06-01,ZBTZ0002,1,relative_active_persistent,0.0,0,126,0.4444444444444444,0.9949586429849352,14,5,0.35714285714285715,0.4718875502008032,0.5529531568228105
60_day_proxy,9,63,6,2026-06-01,ZBTZ0003,2,low_frequency_sparse,0.0,0,126,0.1111111111111111,0.6535605838853816,14,5,0.35714285714285715,0.4718875502008032,0.34523809523809523
60_day_proxy,9,63,6,2026-06-01,ZTD0001,2,low_frequency_sparse,38.0,1,126,0.7777777777777778,0.9999986784385066,14,2,0.14285714285714285,0.4718875502008032,0.34523809523809523
60_day_proxy,9,63,6,2026-06-01,ZTD0003,1,relative_active_persistent,5.0,1,126,0.6666666666666666,0.9999491947365747,14,5,0.35714285714285715,0.4718875502008032,0.5529531568228105
60_day_proxy,9,63,6,2026-06-01,ZTD0004,0,low_information,5.0,1,21,0.0,0.0,2,0,0.0,0.4718875502008032,0.18478260869565216
60_day_proxy,9,63,6,2026-06-01,xgx0013,0,low_information,15.0,1,21,0.2222222222222222,0.8958402868568988,2,1,0.5,0.4718875502008032,0.18478260869565216
60_day_proxy,9,63,6,2026-06-01,xgx0014,1,relative_active_persistent,22.0,1,21,0.3333333333333333,0.9739877051262511,2,2,1.0,0.4718875502008032,0.5529531568228105
60_day_proxy,9,63,6,2026-06-01,xgx0015,1,relative_active_persistent,32.0,1,21,0.7777777777777778,0.9999986784385066,2,2,1.0,0.4718875502008032,0.5529531568228105
60_day_proxy,9,63,6,2026-06-01,xgx0016,1,relative_active_persistent,37.0,1,21,0.6666666666666666,0.9999491947365747,2,2,1.0,0.4718875502008032,0.5529531568228105
60_day_proxy,9,63,6,2026-06-01,xymzd0015,1,relative_active_persistent,47.0,1,21,1.0,1.0,2,2,1.0,0.4718875502008032,0.5529531568228105
60_day_proxy,9,63,6,2026-06-01,xymzd0016,0,low_information,13.0,1,21,0.0,0.0,2,0,0.0,0.4718875502008032,0.18478260869565216
60_day_proxy,9,63,6,2026-06-01,zxy0002,0,low_information,4.0,1,21,0.1111111111111111,0.6535605838853816,2,1,0.5,0.4718875502008032,0.18478260869565216
90_day_proxy,13,91,1,2025-02-03,BLJZ0001,0,low_information,0.0,0,57,0.0,0.0,4,0,0.0,0.24743589743589745,0.08461538461538462
90_day_proxy,13,91,1,2025-02-03,BLP0001,0,low_information,0.0,0,57,0.0,0.0,4,0,0.0,0.24743589743589745,0.08461538461538462
90_day_proxy,13,91,1,2025-02-03,BLP0002,0,low_information,0.0,0,57,0.0,0.0,4,0,0.0,0.24743589743589745,0.08461538461538462
90_day_proxy,13,91,1,2025-02-03,BLP0003,0,low_information,0.0,0,57,0.0,0.0,4,0,0.0,0.24743589743589745,0.08461538461538462
90_day_proxy,13,91,1,2025-02-03,BLP0004,0,low_information,0.0,0,57,0.0,0.0,4,0,0.0,0.24743589743589745,0.08461538461538462
90_day_proxy,13,91,1,2025-02-03,CBJZ0001,0,low_information,0.0,0,57,0.0,0.0,4,1,0.25,0.24743589743589745,0.08461538461538462
90_day_proxy,13,91,1,2025-02-03,CLSSLT0003,0,low_information,16.0,1,57,0.0,0.0,4,0,0.0,0.24743589743589745,0.08461538461538462
90_day_proxy,13,91,1,2025-02-03,CLSSLT0006,0,low_information,0.0,0,57,0.0,0.0,4,0,0.0,0.24743589743589745,0.08461538461538462
90_day_proxy,13,91,1,2025-02-03,CWW0002,0,low_information,0.0,0,57,0.0,0.0,4,0,0.0,0.24743589743589745,0.08461538461538462
90_day_proxy,13,91,1,2025-02-03,DGNTYBV001AMDE,0,low_information,1.0,1,57,0.07692307692307693,0.6467415015288391,4,1,0.25,0.24743589743589745,0.08461538461538462
90_day_proxy,13,91,1,2025-02-03,DHZXCZP0001,0,low_information,0.0,0,57,0.0,0.0,4,0,0.0,0.24743589743589745,0.08461538461538462
90_day_proxy,13,91,1,2025-02-03,DRMJJ0020,0,low_information,0.0,0,57,0.0,0.0,4,0,0.0,0.24743589743589745,0.08461538461538462
90_day_proxy,13,91,1,2025-02-03,DRMJJ0021,0,low_information,0.0,0,57,0.0,0.0,4,0,0.0,0.24743589743589745,0.08461538461538462
90_day_proxy,13,91,1,2025-02-03,DRMJJ0022,0,low_information,6.0,1,57,0.0,0.0,4,0,0.0,0.24743589743589745,0.08461538461538462
90_day_proxy,13,91,1,2025-02-03,DRMJJ0023,0,low_information,17.0,1,57,0.0,0.0,4,0,0.0,0.24743589743589745,0.08461538461538462
90_day_proxy,13,91,1,2025-02-03,DRMJJ0024,0,low_information,1.0,1,57,0.0,0.0,4,0,0.0,0.24743589743589745,0.08461538461538462
90_day_proxy,13,91,1,2025-02-03,DRMJJ0025,0,low_information,1.0,1,57,0.0,0.0,4,0,0.0,0.24743589743589745,0.08461538461538462
90_day_proxy,13,91,1,2025-02-03,DRMJJ0026,0,low_information,0.0,0,57,0.0,0.0,4,0,0.0,0.24743589743589745,0.08461538461538462
90_day_proxy,13,91,1,2025-02-03,DRMJJ0027,0,low_information,0.0,0,57,0.0,0.0,4,0,0.0,0.24743589743589745,0.08461538461538462
90_day_proxy,13,91,1,2025-02-03,ETZP0003,0,low_information,0.0,0,57,0.0,0.0,4,0,0.0,0.24743589743589745,0.08461538461538462
90_day_proxy,13,91,1,2025-02-03,ETZP0004,0,low_information,0.0,0,57,0.0,0.0,4,0,0.0,0.24743589743589745,0.08461538461538462
90_day_proxy,13,91,1,2025-02-03,FDBLHP0001,0,low_information,0.0,0,57,0.0,0.0,4,0,0.0,0.24743589743589745,0.08461538461538462
90_day_proxy,13,91,1,2025-02-03,FDBLP0001,0,low_information,7.0,1,57,0.0,0.0,4,0,0.0,0.24743589743589745,0.08461538461538462
90_day_proxy,13,91,1,2025-02-03,FRC0002,1,relative_active_persistent,0.0,0,57,0.0,0.0,4,2,0.5,0.24743589743589745,0.5882352941176471
90_day_proxy,13,91,1,2025-02-03,FRC0003,1,relative_active_persistent,20.0,1,57,0.23076923076923078,0.9669830904476988,4,3,0.75,0.24743589743589745,0.5882352941176471
90_day_proxy,13,91,1,2025-02-03,FRC0010,2,low_frequency_sparse,0.0,0,57,0.38461538461538464,0.9981848762017008,4,3,0.75,0.24743589743589745,0.5564516129032258
90_day_proxy,13,91,1,2025-02-03,FRC0011,0,low_information,0.0,0,57,0.0,0.0,4,1,0.25,0.24743589743589745,0.08461538461538462
90_day_proxy,13,91,1,2025-02-03,FRH0001,1,relative_active_persistent,7.0,1,57,1.0,1.0,4,4,1.0,0.24743589743589745,0.5882352941176471
90_day_proxy,13,91,1,2025-02-03,FRH0002,2,low_frequency_sparse,7.0,1,57,1.0,1.0,4,4,1.0,0.24743589743589745,0.5564516129032258
90_day_proxy,13,91,1,2025-02-03,FRH0003,1,relative_active_persistent,28.0,1,57,1.0,1.0,4,3,0.75,0.24743589743589745,0.5882352941176471
90_day_proxy,13,91,1,2025-02-03,FRH0004,1,relative_active_persistent,0.0,0,57,0.3076923076923077,0.9916075445851976,4,3,0.75,0.24743589743589745,0.5882352941176471
90_day_proxy,13,91,1,2025-02-03,FRH0012,0,low_information,0.0,0,57,0.0,0.0,4,1,0.25,0.24743589743589745,0.08461538461538462
90_day_proxy,13,91,1,2025-02-03,FRH0028,2,low_frequency_sparse,22.0,1,57,0.5384615384615384,0.9999568776246983,4,2,0.5,0.24743589743589745,0.5564516129032258
90_day_proxy,13,91,1,2025-02-03,FRH0029,2,low_frequency_sparse,20.0,1,57,0.6153846153846154,0.9999959696155332,4,3,0.75,0.24743589743589745,0.5564516129032258
90_day_proxy,13,91,1,2025-02-03,FRH0031,0,low_information,5.0,1,57,0.07692307692307693,0.6467415015288391,4,3,0.75,0.24743589743589745,0.08461538461538462
90_day_proxy,13,91,1,2025-02-03,FRH0033,1,relative_active_persistent,91.0,1,57,1.0,1.0,4,4,1.0,0.24743589743589745,0.5882352941176471
90_day_proxy,13,91,1,2025-02-03,FRH0034,2,low_frequency_sparse,26.0,1,57,1.0,1.0,4,4,1.0,0.24743589743589745,0.5564516129032258
90_day_proxy,13,91,1,2025-02-03,FRH0035,2,low_frequency_sparse,0.0,0,57,0.0,0.0,4,2,0.5,0.24743589743589745,0.5564516129032258
90_day_proxy,13,91,1,2025-02-03,FRH0036,0,low_information,0.0,0,57,0.0,0.0,4,2,0.5,0.24743589743589745,0.08461538461538462
90_day_proxy,13,91,1,2025-02-03,FRH0037,2,low_frequency_sparse,0.0,0,57,0.07692307692307693,0.6467415015288391,4,3,0.75,0.24743589743589745,0.5564516129032258
90_day_proxy,13,91,1,2025-02-03,FRH0040,1,relative_active_persistent,0.0,0,57,0.7692307692307693,0.9999999947360382,4,3,0.75,0.24743589743589745,0.5882352941176471
90_day_proxy,13,91,1,2025-02-03,FRH0042,0,low_information,12.0,1,57,0.15384615384615385,0.88601667356437,4,2,0.5,0.24743589743589745,0.08461538461538462
90_day_proxy,13,91,1,2025-02-03,FRH0043,0,low_information,1.0,1,57,0.23076923076923078,0.9669830904476988,4,1,0.25,0.24743589743589745,0.08461538461538462
90_day_proxy,13,91,1,2025-02-03,FRH0044,2,low_frequency_sparse,6.0,1,57,0.23076923076923078,0.9669830904476988,4,3,0.75,0.24743589743589745,0.5564516129032258
90_day_proxy,13,91,1,2025-02-03,FRH0045,1,relative_active_persistent,39.0,1,57,0.23076923076923078,0.9669830904476988,4,2,0.5,0.24743589743589745,0.5882352941176471
90_day_proxy,13,91,1,2025-02-03,FRH0046,2,low_frequency_sparse,9.0,1,57,0.6153846153846154,0.9999959696155332,4,3,0.75,0.24743589743589745,0.5564516129032258
90_day_proxy,13,91,1,2025-02-03,FRH0047,2,low_frequency_sparse,16.0,1,57,0.3076923076923077,0.9916075445851976,4,3,0.75,0.24743589743589745,0.5564516129032258
90_day_proxy,13,91,1,2025-02-03,FRH0048,1,relative_active_persistent,77.0,1,57,1.0,1.0,4,3,0.75,0.24743589743589745,0.5882352941176471
90_day_proxy,13,91,1,2025-02-03,FRH0049,2,low_frequency_sparse,0.0,0,57,0.0,0.0,4,2,0.5,0.24743589743589745,0.5564516129032258
90_day_proxy,13,91,1,2025-02-03,FRH0050,2,low_frequency_sparse,18.0,1,57,0.6923076923076923,0.9999997784272707,4,3,0.75,0.24743589743589745,0.5564516129032258
90_day_proxy,13,91,1,2025-02-03,FRH0051,1,relative_active_persistent,93.0,1,57,0.9230769230769231,0.9999999999999967,4,3,0.75,0.24743589743589745,0.5882352941176471
90_day_proxy,13,91,1,2025-02-03,FRH0052,0,low_information,1.0,1,57,0.07692307692307693,0.6467415015288391,4,2,0.5,0.24743589743589745,0.08461538461538462
90_day_proxy,13,91,1,2025-02-03,FRH0056,1,relative_active_persistent,113.0,1,57,0.9230769230769231,0.9999999999999967,4,3,0.75,0.24743589743589745,0.5882352941176471
90_day_proxy,13,91,1,2025-02-03,FRH0056-1,0,low_information,0.0,0,57,0.0,0.0,4,0,0.0,0.24743589743589745,0.08461538461538462
90_day_proxy,13,91,1,2025-02-03,FRH0058,0,low_information,0.0,0,57,0.0,0.0,4,1,0.25,0.24743589743589745,0.08461538461538462
90_day_proxy,13,91,1,2025-02-03,FRH0059,1,relative_active_persistent,0.0,0,57,0.9230769230769231,0.9999999999999967,4,3,0.75,0.24743589743589745,0.5882352941176471
90_day_proxy,13,91,1,2025-02-03,FRH0064,0,low_information,0.0,0,57,0.0,0.0,4,0,0.0,0.24743589743589745,0.08461538461538462
90_day_proxy,13,91,1,2025-02-03,FRH0065,0,low_information,0.0,0,57,0.0,0.0,4,0,0.0,0.24743589743589745,0.08461538461538462
90_day_proxy,13,91,1,2025-02-03,FRH0068,0,low_information,0.0,0,57,0.0,0.0,4,0,0.0,0.24743589743589745,0.08461538461538462
90_day_proxy,13,91,1,2025-02-03,FRW00011,0,low_information,3.0,1,57,0.07692307692307693,0.6467415015288391,4,1,0.25,0.24743589743589745,0.08461538461538462
90_day_proxy,13,91,1,2025-02-03,FRW0005,1,relative_active_persistent,67.0,1,57,0.9230769230769231,0.9999999999999967,4,3,0.75,0.24743589743589745,0.5882352941176471
90_day_proxy,13,91,1,2025-02-03,FRW0006,1,relative_active_persistent,71.0,1,57,1.0,1.0,4,3,0.75,0.24743589743589745,0.5882352941176471
90_day_proxy,13,91,1,2025-02-03,FRW0007,0,low_information,0.0,0,57,0.07692307692307693,0.6467415015288391,4,2,0.5,0.24743589743589745,0.08461538461538462
90_day_proxy,13,91,1,2025-02-03,FRW0008,0,low_information,0.0,0,57,0.0,0.0,4,0,0.0,0.24743589743589745,0.08461538461538462
90_day_proxy,13,91,1,2025-02-03,FRW0009,0,low_information,0.0,0,57,0.0,0.0,4,0,0.0,0.24743589743589745,0.08461538461538462
90_day_proxy,13,91,1,2025-02-03,FRW0011,2,low_frequency_sparse,0.0,0,57,0.0,0.0,4,2,0.5,0.24743589743589745,0.5564516129032258
90_day_proxy,13,91,1,2025-02-03,FRW0013,1,relative_active_persistent,0.0,0,57,0.0,0.0,4,2,0.5,0.24743589743589745,0.5882352941176471
90_day_proxy,13,91,1,2025-02-03,FRW0014,2,low_frequency_sparse,0.0,0,57,0.0,0.0,4,2,0.5,0.24743589743589745,0.5564516129032258
90_day_proxy,13,91,1,2025-02-03,FRW0015,1,relative_active_persistent,42.0,1,57,0.07692307692307693,0.6467415015288391,4,3,0.75,0.24743589743589745,0.5882352941176471
90_day_proxy,13,91,1,2025-02-03,FRW0016,2,low_frequency_sparse,0.0,0,57,0.38461538461538464,0.9981848762017008,4,2,0.5,0.24743589743589745,0.5564516129032258
90_day_proxy,13,91,1,2025-02-03,FRW0017,1,relative_active_persistent,0.0,0,57,0.0,0.0,4,1,0.25,0.24743589743589745,0.5882352941176471
90_day_proxy,13,91,1,2025-02-03,FRW0020,2,low_frequency_sparse,0.0,0,57,0.0,0.0,4,2,0.5,0.24743589743589745,0.5564516129032258
90_day_proxy,13,91,1,2025-02-03,FRW0021,0,low_information,1.0,1,57,0.07692307692307693,0.6467415015288391,4,2,0.5,0.24743589743589745,0.08461538461538462
90_day_proxy,13,91,1,2025-02-03,FRW0022,0,low_information,3.0,1,57,0.07692307692307693,0.6467415015288391,4,2,0.5,0.24743589743589745,0.08461538461538462
90_day_proxy,13,91,1,2025-02-03,FRW0023,0,low_information,1.0,1,57,0.0,0.0,4,2,0.5,0.24743589743589745,0.08461538461538462
90_day_proxy,13,91,1,2025-02-03,FRW0024,0,low_information,0.0,0,57,0.0,0.0,4,0,0.0,0.24743589743589745,0.08461538461538462
90_day_proxy,13,91,1,2025-02-03,FSTBY001,0,low_information,0.0,0,57,0.0,0.0,4,0,0.0,0.24743589743589745,0.08461538461538462
90_day_proxy,13,91,1,2025-02-03,FZGLS0001,0,low_information,0.0,0,57,0.0,0.0,4,0,0.0,0.24743589743589745,0.08461538461538462
90_day_proxy,13,91,1,2025-02-03,FZGLS0002,0,low_information,0.0,0,57,0.0,0.0,4,0,0.0,0.24743589743589745,0.08461538461538462
90_day_proxy,13,91,1,2025-02-03,FZLRICBHP0001,0,low_information,6.0,1,57,0.0,0.0,4,0,0.0,0.24743589743589745,0.08461538461538462
90_day_proxy,13,91,1,2025-02-03,FZLRJ0001,0,low_information,0.0,0,57,0.0,0.0,4,0,0.0,0.24743589743589745,0.08461538461538462
90_day_proxy,13,91,1,2025-02-03,FZLRJ0001double,0,low_information,0.0,0,57,0.0,0.0,4,0,0.0,0.24743589743589745,0.08461538461538462
90_day_proxy,13,91,1,2025-02-03,FZLRJ0002,0,low_information,7.0,1,57,0.0,0.0,4,0,0.0,0.24743589743589745,0.08461538461538462
90_day_proxy,13,91,1,2025-02-03,FZLRJ0002double,0,low_information,3.0,1,57,0.0,0.0,4,0,0.0,0.24743589743589745,0.08461538461538462
90_day_proxy,13,91,1,2025-02-03,GJMJSLW001,1,relative_active_persistent,0.0,0,57,0.7692307692307693,0.9999999947360382,4,2,0.5,0.24743589743589745,0.5882352941176471
90_day_proxy,13,91,1,2025-02-03,GJMJSW001,0,low_information,0.0,0,57,0.0,0.0,4,1,0.25,0.24743589743589745,0.08461538461538462
90_day_proxy,13,91,1,2025-02-03,GJMJWJX001,1,relative_active_persistent,18.0,1,57,1.0,1.0,4,2,0.5,0.24743589743589745,0.5882352941176471
90_day_proxy,13,91,1,2025-02-03,GJMJWJXW001,1,relative_active_persistent,0.0,0,57,0.7692307692307693,0.9999999947360382,4,2,0.5,0.24743589743589745,0.5882352941176471
90_day_proxy,13,91,1,2025-02-03,GJMUSDW001,0,low_information,0.0,0,57,0.15384615384615385,0.88601667356437,4,1,0.25,0.24743589743589745,0.08461538461538462
90_day_proxy,13,91,1,2025-02-03,HLGKSLT0001,0,low_information,18.0,1,57,0.0,0.0,4,0,0.0,0.24743589743589745,0.08461538461538462
90_day_proxy,13,91,1,2025-02-03,HSAKSLT0001,0,low_information,2.0,1,57,0.0,0.0,4,0,0.0,0.24743589743589745,0.08461538461538462
90_day_proxy,13,91,1,2025-02-03,HWZDSKL0001,0,low_information,64.0,1,57,0.0,0.0,4,0,0.0,0.24743589743589745,0.08461538461538462
90_day_proxy,13,91,1,2025-02-03,HWZDSKL0002,0,low_information,19.0,1,57,0.0,0.0,4,0,0.0,0.24743589743589745,0.08461538461538462
90_day_proxy,13,91,1,2025-02-03,HZSN0001,1,relative_active_persistent,37.0,1,57,0.5384615384615384,0.9999568776246983,4,1,0.25,0.24743589743589745,0.5882352941176471
90_day_proxy,13,91,1,2025-02-03,JZJ00011,0,low_information,0.0,0,57,0.0,0.0,4,0,0.0,0.24743589743589745,0.08461538461538462
90_day_proxy,13,91,1,2025-02-03,JZJ00012,0,low_information,19.0,1,57,0.0,0.0,4,0,0.0,0.24743589743589745,0.08461538461538462
90_day_proxy,13,91,1,2025-02-03,JZJ0002,0,low_information,175.0,1,57,0.15384615384615385,0.88601667356437,4,1,0.25,0.24743589743589745,0.08461538461538462
90_day_proxy,13,91,1,2025-02-03,JZJ0003,0,low_information,195.0,1,57,0.15384615384615385,0.88601667356437,4,1,0.25,0.24743589743589745,0.08461538461538462
90_day_proxy,13,91,1,2025-02-03,JZJ0004,0,low_information,10.0,1,57,0.07692307692307693,0.6467415015288391,4,1,0.25,0.24743589743589745,0.08461538461538462
90_day_proxy,13,91,1,2025-02-03,JZJ0005,0,low_information,24.0,1,57,0.0,0.0,4,0,0.0,0.24743589743589745,0.08461538461538462
90_day_proxy,13,91,1,2025-02-03,JZJ0008,0,low_information,72.0,1,57,0.0,0.0,4,0,0.0,0.24743589743589745,0.08461538461538462
90_day_proxy,13,91,1,2025-02-03,JZJ0009,1,relative_active_persistent,10.0,1,57,0.6153846153846154,0.9999959696155332,4,1,0.25,0.24743589743589745,0.5882352941176471
90_day_proxy,13,91,1,2025-02-03,JZJ0013,1,relative_active_persistent,39.0,1,57,0.46153846153846156,0.9996801024306781,4,2,0.5,0.24743589743589745,0.5882352941176471
90_day_proxy,13,91,1,2025-02-03,JZJ0014,0,low_information,0.0,0,57,0.0,0.0,4,0,0.0,0.24743589743589745,0.08461538461538462
90_day_proxy,13,91,1,2025-02-03,JZJ0016,2,low_frequency_sparse,6.0,1,57,0.9230769230769231,0.9999999999999967,4,2,0.5,0.24743589743589745,0.5564516129032258
90_day_proxy,13,91,1,2025-02-03,JZJ0017,0,low_information,1.0,1,57,0.0,0.0,4,0,0.0,0.24743589743589745,0.08461538461538462
90_day_proxy,13,91,1,2025-02-03,JZJ0018,0,low_information,0.0,0,57,0.0,0.0,4,0,0.0,0.24743589743589745,0.08461538461538462
90_day_proxy,13,91,1,2025-02-03,JZJ0019,0,low_information,0.0,0,57,0.0,0.0,4,0,0.0,0.24743589743589745,0.08461538461538462
90_day_proxy,13,91,1,2025-02-03,JZQCQ001,1,relative_active_persistent,176.0,1,57,0.8461538461538461,0.9999999999729525,4,2,0.5,0.24743589743589745,0.5882352941176471
90_day_proxy,13,91,1,2025-02-03,JZQCQ003,1,relative_active_persistent,273.0,1,57,0.8461538461538461,0.9999999999729525,4,2,0.5,0.24743589743589745,0.5882352941176471
90_day_proxy,13,91,1,2025-02-03,JZQCQ004,0,low_information,18.0,1,57,0.3076923076923077,0.9916075445851976,4,1,0.25,0.24743589743589745,0.08461538461538462
90_day_proxy,13,91,1,2025-02-03,KFZ0001,0,low_information,3.0,1,57,0.07692307692307693,0.6467415015288391,4,1,0.25,0.24743589743589745,0.08461538461538462
90_day_proxy,13,91,1,2025-02-03,KZCWBG001,0,low_information,0.0,0,57,0.0,0.0,4,0,0.0,0.24743589743589745,0.08461538461538462
90_day_proxy,13,91,1,2025-02-03,LRKF0001,1,relative_active_persistent,0.0,0,57,0.3076923076923077,0.9916075445851976,4,2,0.5,0.24743589743589745,0.5882352941176471
90_day_proxy,13,91,1,2025-02-03,LTKF0002,2,low_frequency_sparse,0.0,0,57,0.15384615384615385,0.88601667356437,4,2,0.5,0.24743589743589745,0.5564516129032258
90_day_proxy,13,91,1,2025-02-03,LTKF0003B,0,low_information,0.0,0,57,0.07692307692307693,0.6467415015288391,4,1,0.25,0.24743589743589745,0.08461538461538462
90_day_proxy,13,91,1,2025-02-03,LTKF0005A,0,low_information,10.0,1,57,0.07692307692307693,0.6467415015288391,4,1,0.25,0.24743589743589745,0.08461538461538462
90_day_proxy,13,91,1,2025-02-03,LTKF0006A,0,low_information,0.0,0,57,0.0,0.0,4,1,0.25,0.24743589743589745,0.08461538461538462
90_day_proxy,13,91,1,2025-02-03,LTKF0008,2,low_frequency_sparse,0.0,0,57,0.23076923076923078,0.9669830904476988,4,2,0.5,0.24743589743589745,0.5564516129032258
90_day_proxy,13,91,1,2025-02-03,LTKF0009,2,low_frequency_sparse,0.0,0,57,0.23076923076923078,0.9669830904476988,4,2,0.5,0.24743589743589745,0.5564516129032258
90_day_proxy,13,91,1,2025-02-03,LTKF0010,0,low_information,0.0,0,57,0.07692307692307693,0.6467415015288391,4,1,0.25,0.24743589743589745,0.08461538461538462
90_day_proxy,13,91,1,2025-02-03,LTKF0012,0,low_information,0.0,0,57,0.23076923076923078,0.9669830904476988,4,1,0.25,0.24743589743589745,0.08461538461538462
90_day_proxy,13,91,1,2025-02-03,LTKF0016,0,low_information,0.0,0,57,0.15384615384615385,0.88601667356437,4,1,0.25,0.24743589743589745,0.08461538461538462
90_day_proxy,13,91,1,2025-02-03,LTKF0018A,0,low_information,0.0,0,57,0.07692307692307693,0.6467415015288391,4,1,0.25,0.24743589743589745,0.08461538461538462
90_day_proxy,13,91,1,2025-02-03,LTKF0019,0,low_information,34.0,1,57,0.0,0.0,4,0,0.0,0.24743589743589745,0.08461538461538462
90_day_proxy,13,91,1,2025-02-03,LTKF0020,0,low_information,123.0,1,57,0.15384615384615385,0.88601667356437,4,1,0.25,0.24743589743589745,0.08461538461538462
90_day_proxy,13,91,1,2025-02-03,LTKF0021,0,low_information,47.0,1,57,0.0,0.0,4,0,0.0,0.24743589743589745,0.08461538461538462
90_day_proxy,13,91,1,2025-02-03,LTKF0022,0,low_information,2.0,1,57,0.0,0.0,4,0,0.0,0.24743589743589745,0.08461538461538462
90_day_proxy,13,91,1,2025-02-03,LTKF0022M,0,low_information,10.0,1,57,0.0,0.0,4,0,0.0,0.24743589743589745,0.08461538461538462
90_day_proxy,13,91,1,2025-02-03,LTKF0023,0,low_information,0.0,0,57,0.0,0.0,4,1,0.25,0.24743589743589745,0.08461538461538462
90_day_proxy,13,91,1,2025-02-03,LTKF0024A,0,low_information,12.0,1,57,0.0,0.0,4,0,0.0,0.24743589743589745,0.08461538461538462
90_day_proxy,13,91,1,2025-02-03,LTKF0031,0,low_information,40.0,1,57,0.0,0.0,4,0,0.0,0.24743589743589745,0.08461538461538462
90_day_proxy,13,91,1,2025-02-03,LTKF0047,0,low_information,7.0,1,57,0.0,0.0,4,0,0.0,0.24743589743589745,0.08461538461538462
90_day_proxy,13,91,1,2025-02-03,LTKF0058,0,low_information,0.0,0,57,0.0,0.0,4,0,0.0,0.24743589743589745,0.08461538461538462
90_day_proxy,13,91,1,2025-02-03,LTKF0101,0,low_information,47.0,1,57,0.0,0.0,4,0,0.0,0.24743589743589745,0.08461538461538462
90_day_proxy,13,91,1,2025-02-03,LTKF0102,0,low_information,0.0,0,57,0.0,0.0,4,0,0.0,0.24743589743589745,0.08461538461538462
90_day_proxy,13,91,1,2025-02-03,LTKF0103,0,low_information,0.0,0,57,0.0,0.0,4,0,0.0,0.24743589743589745,0.08461538461538462
90_day_proxy,13,91,1,2025-02-03,LTKF0106,0,low_information,0.0,0,57,0.0,0.0,4,0,0.0,0.24743589743589745,0.08461538461538462
90_day_proxy,13,91,1,2025-02-03,LTKF0111,0,low_information,0.0,0,57,0.0,0.0,4,0,0.0,0.24743589743589745,0.08461538461538462
90_day_proxy,13,91,1,2025-02-03,LTKF093,0,low_information,0.0,0,57,0.0,0.0,4,0,0.0,0.24743589743589745,0.08461538461538462
90_day_proxy,13,91,1,2025-02-03,LTKF098,0,low_information,0.0,0,57,0.0,0.0,4,0,0.0,0.24743589743589745,0.08461538461538462
90_day_proxy,13,91,1,2025-02-03,LYC0201,0,low_information,0.0,0,57,0.0,0.0,4,0,0.0,0.24743589743589745,0.08461538461538462
90_day_proxy,13,91,1,2025-02-03,LYC0203,0,low_information,0.0,0,57,0.0,0.0,4,0,0.0,0.24743589743589745,0.08461538461538462
90_day_proxy,13,91,1,2025-02-03,NNB0002,0,low_information,0.0,0,57,0.0,0.0,4,0,0.0,0.24743589743589745,0.08461538461538462
90_day_proxy,13,91,1,2025-02-03,QCCXC0004,1,relative_active_persistent,72.0,1,57,0.6923076923076923,0.9999997784272707,4,1,0.25,0.24743589743589745,0.5882352941176471
90_day_proxy,13,91,1,2025-02-03,QCCXC0005,2,low_frequency_sparse,33.0,1,57,0.5384615384615384,0.9999568776246983,4,1,0.25,0.24743589743589745,0.5564516129032258
90_day_proxy,13,91,1,2025-02-03,QCCXC0007,1,relative_active_persistent,100.0,1,57,0.7692307692307693,0.9999999947360382,4,1,0.25,0.24743589743589745,0.5882352941176471
90_day_proxy,13,91,1,2025-02-03,QCSSXC0004,0,low_information,1.0,1,57,0.15384615384615385,0.88601667356437,4,1,0.25,0.24743589743589745,0.08461538461538462
90_day_proxy,13,91,1,2025-02-03,QCSSXC0005,2,low_frequency_sparse,5.0,1,57,0.46153846153846156,0.9996801024306781,4,1,0.25,0.24743589743589745,0.5564516129032258
90_day_proxy,13,91,1,2025-02-03,QCSSXC0006,0,low_information,3.0,1,57,0.23076923076923078,0.9669830904476988,4,1,0.25,0.24743589743589745,0.08461538461538462
90_day_proxy,13,91,1,2025-02-03,QCXDS001,1,relative_active_persistent,71.0,1,57,0.7692307692307693,0.9999999947360382,4,2,0.5,0.24743589743589745,0.5882352941176471
90_day_proxy,13,91,1,2025-02-03,QCXXC0001,2,low_frequency_sparse,11.0,1,57,0.46153846153846156,0.9996801024306781,4,1,0.25,0.24743589743589745,0.5564516129032258
90_day_proxy,13,91,1,2025-02-03,QCXXC0002,2,low_frequency_sparse,9.0,1,57,0.38461538461538464,0.9981848762017008,4,1,0.25,0.24743589743589745,0.5564516129032258
90_day_proxy,13,91,1,2025-02-03,QFSJZ001-1,0,low_information,0.0,0,57,0.0,0.0,4,0,0.0,0.24743589743589745,0.08461538461538462
90_day_proxy,13,91,1,2025-02-03,QFSJZ002-1,0,low_information,0.0,0,57,0.0,0.0,4,0,0.0,0.24743589743589745,0.08461538461538462
90_day_proxy,13,91,1,2025-02-03,QFSJZ003,0,low_information,0.0,0,57,0.0,0.0,4,0,0.0,0.24743589743589745,0.08461538461538462
90_day_proxy,13,91,1,2025-02-03,QFSJZ003-1,0,low_information,0.0,0,57,0.0,0.0,4,0,0.0,0.24743589743589745,0.08461538461538462
90_day_proxy,13,91,1,2025-02-03,QYGZIPJ,0,low_information,0.0,0,57,0.0,0.0,4,0,0.0,0.24743589743589745,0.08461538461538462
90_day_proxy,13,91,1,2025-02-03,RLHZHMV000AMDE,1,relative_active_persistent,262.0,1,57,0.6923076923076923,0.9999997784272707,4,2,0.5,0.24743589743589745,0.5882352941176471
90_day_proxy,13,91,1,2025-02-03,SLT0001,0,low_information,0.0,0,57,0.07692307692307693,0.6467415015288391,4,1,0.25,0.24743589743589745,0.08461538461538462
90_day_proxy,13,91,1,2025-02-03,SLT0003,0,low_information,3.0,1,57,0.0,0.0,4,0,0.0,0.24743589743589745,0.08461538461538462
90_day_proxy,13,91,1,2025-02-03,SLT0004,0,low_information,0.0,0,57,0.0,0.0,4,0,0.0,0.24743589743589745,0.08461538461538462
90_day_proxy,13,91,1,2025-02-03,SPH0001,0,low_information,0.0,0,57,0.0,0.0,4,0,0.0,0.24743589743589745,0.08461538461538462
90_day_proxy,13,91,1,2025-02-03,SRPDZS0001,0,low_information,0.0,0,57,0.0,0.0,4,0,0.0,0.24743589743589745,0.08461538461538462
90_day_proxy,13,91,1,2025-02-03,SRPDZS0002,0,low_information,0.0,0,57,0.0,0.0,4,0,0.0,0.24743589743589745,0.08461538461538462
90_day_proxy,13,91,1,2025-02-03,WSJZS0002,0,low_information,0.0,0,57,0.0,0.0,4,0,0.0,0.24743589743589745,0.08461538461538462
90_day_proxy,13,91,1,2025-02-03,WSJZS0004,0,low_information,0.0,0,57,0.0,0.0,4,0,0.0,0.24743589743589745,0.08461538461538462
90_day_proxy,13,91,1,2025-02-03,XHP0001,0,low_information,0.0,0,57,0.0,0.0,4,0,0.0,0.24743589743589745,0.08461538461538462
90_day_proxy,13,91,1,2025-02-03,XHZXCZP0001,1,relative_active_persistent,185.0,1,57,0.38461538461538464,0.9981848762017008,4,2,0.5,0.24743589743589745,0.5882352941176471
90_day_proxy,13,91,1,2025-02-03,XHZXCZP0002,0,low_information,0.0,0,57,0.0,0.0,4,0,0.0,0.24743589743589745,0.08461538461538462
90_day_proxy,13,91,1,2025-02-03,YBB0001,0,low_information,0.0,0,57,0.0,0.0,4,0,0.0,0.24743589743589745,0.08461538461538462
90_day_proxy,13,91,1,2025-02-03,YDBZ001,2,low_frequency_sparse,5.0,1,57,0.6153846153846154,0.9999959696155332,4,1,0.25,0.24743589743589745,0.5564516129032258
90_day_proxy,13,91,1,2025-02-03,YDBZ002,2,low_frequency_sparse,30.0,1,57,0.38461538461538464,0.9981848762017008,4,1,0.25,0.24743589743589745,0.5564516129032258
90_day_proxy,13,91,1,2025-02-03,YDBZLV0001AMDE,2,low_frequency_sparse,1.0,1,57,0.5384615384615384,0.9999568776246983,4,2,0.5,0.24743589743589745,0.5564516129032258
90_day_proxy,13,91,1,2025-02-03,YDBZWV0001AMDE,0,low_information,9.0,1,57,0.3076923076923077,0.9916075445851976,4,1,0.25,0.24743589743589745,0.08461538461538462
90_day_proxy,13,91,1,2025-02-03,YJL0002,0,low_information,0.0,0,57,0.0,0.0,4,0,0.0,0.24743589743589745,0.08461538461538462
90_day_proxy,13,91,1,2025-02-03,YJLZHMV000AMDE,2,low_frequency_sparse,46.0,1,57,0.6153846153846154,0.9999959696155332,4,2,0.5,0.24743589743589745,0.5564516129032258
90_day_proxy,13,91,1,2025-02-03,YJX0022,0,low_information,4.0,1,57,0.0,0.0,4,0,0.0,0.24743589743589745,0.08461538461538462
90_day_proxy,13,91,1,2025-02-03,YJX0023,0,low_information,9.0,1,57,0.0,0.0,4,0,0.0,0.24743589743589745,0.08461538461538462
90_day_proxy,13,91,1,2025-02-03,YJX0024,0,low_information,9.0,1,57,0.0,0.0,4,0,0.0,0.24743589743589745,0.08461538461538462
90_day_proxy,13,91,1,2025-02-03,YJX0025,0,low_information,5.0,1,57,0.0,0.0,4,0,0.0,0.24743589743589745,0.08461538461538462
90_day_proxy,13,91,1,2025-02-03,YKLLW0004,0,low_information,2.0,1,57,0.0,0.0,4,0,0.0,0.24743589743589745,0.08461538461538462
90_day_proxy,13,91,1,2025-02-03,YKLLW0005,0,low_information,8.0,1,57,0.0,0.0,4,0,0.0,0.24743589743589745,0.08461538461538462
90_day_proxy,13,91,1,2025-02-03,YKLLW0006,0,low_information,3.0,1,57,0.0,0.0,4,0,0.0,0.24743589743589745,0.08461538461538462
90_day_proxy,13,91,1,2025-02-03,YXBLJ0001,0,low_information,0.0,0,57,0.0,0.0,4,0,0.0,0.24743589743589745,0.08461538461538462
90_day_proxy,13,91,1,2025-02-03,ZBTZ0002,0,low_information,0.0,0,57,0.0,0.0,4,0,0.0,0.24743589743589745,0.08461538461538462
90_day_proxy,13,91,1,2025-02-03,ZBTZ0003,0,low_information,0.0,0,57,0.0,0.0,4,0,0.0,0.24743589743589745,0.08461538461538462
90_day_proxy,13,91,1,2025-02-03,ZJJSJBV001AMDE,2,low_frequency_sparse,1.0,1,57,0.23076923076923078,0.9669830904476988,4,3,0.75,0.24743589743589745,0.5564516129032258
90_day_proxy,13,91,1,2025-02-03,ZJJSJSV001AMDE,1,relative_active_persistent,1.0,1,57,0.38461538461538464,0.9981848762017008,4,3,0.75,0.24743589743589745,0.5882352941176471
90_day_proxy,13,91,1,2025-02-03,ZJJYZBV001AMDE,1,relative_active_persistent,7.0,1,57,0.38461538461538464,0.9981848762017008,4,3,0.75,0.24743589743589745,0.5882352941176471
90_day_proxy,13,91,1,2025-02-03,ZJJYZSJBV1AMDE,2,low_frequency_sparse,3.0,1,57,0.23076923076923078,0.9669830904476988,4,3,0.75,0.24743589743589745,0.5564516129032258
90_day_proxy,13,91,1,2025-02-03,ZJJYZSJSV1AMDE,1,relative_active_persistent,0.0,0,57,0.0,0.0,4,2,0.5,0.24743589743589745,0.5882352941176471
90_day_proxy,13,91,1,2025-02-03,ZJJYZSJSV2AMDE,2,low_frequency_sparse,0.0,0,57,0.07692307692307693,0.6467415015288391,4,2,0.5,0.24743589743589745,0.5564516129032258
90_day_proxy,13,91,1,2025-02-03,ZTD0001,0,low_information,0.0,0,57,0.0,0.0,4,0,0.0,0.24743589743589745,0.08461538461538462
90_day_proxy,13,91,1,2025-02-03,ZTD0003,0,low_information,0.0,0,57,0.0,0.0,4,0,0.0,0.24743589743589745,0.08461538461538462
90_day_proxy,13,91,2,2025-05-05,BLJZ0001,0,low_information,0.0,0,70,0.0,0.0,5,0,0.0,0.2953846153846154,0.11454545454545455
90_day_proxy,13,91,2,2025-05-05,BLP0001,0,low_information,20.0,1,70,0.0,0.0,5,0,0.0,0.2953846153846154,0.11454545454545455
90_day_proxy,13,91,2,2025-05-05,BLP0002,0,low_information,1.0,1,70,0.0,0.0,5,0,0.0,0.2953846153846154,0.11454545454545455
90_day_proxy,13,91,2,2025-05-05,BLP0003,0,low_information,0.0,0,70,0.0,0.0,5,0,0.0,0.2953846153846154,0.11454545454545455
90_day_proxy,13,91,2,2025-05-05,BLP0004,0,low_information,0.0,0,70,0.0,0.0,5,0,0.0,0.2953846153846154,0.11454545454545455
90_day_proxy,13,91,2,2025-05-05,CBJZ0001,0,low_information,0.0,0,70,0.0,0.0,5,1,0.2,0.2953846153846154,0.11454545454545455
90_day_proxy,13,91,2,2025-05-05,CLSSLT0003,2,low_frequency_sparse,2.0,1,70,0.5384615384615384,0.9999568776246983,5,1,0.2,0.2953846153846154,0.5023255813953489
90_day_proxy,13,91,2,2025-05-05,CLSSLT0006,0,low_information,10.0,1,70,0.0,0.0,5,0,0.0,0.2953846153846154,0.11454545454545455
90_day_proxy,13,91,2,2025-05-05,CWW0002,0,low_information,10.0,1,70,0.0,0.0,5,0,0.0,0.2953846153846154,0.11454545454545455
90_day_proxy,13,91,2,2025-05-05,DGNTYBV001AMDE,0,low_information,0.0,0,70,0.07692307692307693,0.6467415015288391,5,2,0.4,0.2953846153846154,0.11454545454545455
90_day_proxy,13,91,2,2025-05-05,DHZXCZP0001,0,low_information,41.0,1,70,0.0,0.0,5,0,0.0,0.2953846153846154,0.11454545454545455
90_day_proxy,13,91,2,2025-05-05,DRMJJ0020,0,low_information,4.0,1,70,0.0,0.0,5,0,0.0,0.2953846153846154,0.11454545454545455
90_day_proxy,13,91,2,2025-05-05,DRMJJ0021,0,low_information,14.0,1,70,0.0,0.0,5,0,0.0,0.2953846153846154,0.11454545454545455
90_day_proxy,13,91,2,2025-05-05,DRMJJ0022,2,low_frequency_sparse,14.0,1,70,0.38461538461538464,0.9981848762017008,5,1,0.2,0.2953846153846154,0.5023255813953489
90_day_proxy,13,91,2,2025-05-05,DRMJJ0023,2,low_frequency_sparse,13.0,1,70,0.38461538461538464,0.9981848762017008,5,1,0.2,0.2953846153846154,0.5023255813953489
90_day_proxy,13,91,2,2025-05-05,DRMJJ0024,0,low_information,1.0,1,70,0.07692307692307693,0.6467415015288391,5,1,0.2,0.2953846153846154,0.11454545454545455
90_day_proxy,13,91,2,2025-05-05,DRMJJ0025,0,low_information,15.0,1,70,0.07692307692307693,0.6467415015288391,5,1,0.2,0.2953846153846154,0.11454545454545455
90_day_proxy,13,91,2,2025-05-05,DRMJJ0026,0,low_information,0.0,0,70,0.0,0.0,5,0,0.0,0.2953846153846154,0.11454545454545455
90_day_proxy,13,91,2,2025-05-05,DRMJJ0027,0,low_information,0.0,0,70,0.0,0.0,5,0,0.0,0.2953846153846154,0.11454545454545455
90_day_proxy,13,91,2,2025-05-05,ETZP0003,0,low_information,0.0,0,70,0.0,0.0,5,0,0.0,0.2953846153846154,0.11454545454545455
90_day_proxy,13,91,2,2025-05-05,ETZP0004,0,low_information,18.0,1,70,0.0,0.0,5,0,0.0,0.2953846153846154,0.11454545454545455
90_day_proxy,13,91,2,2025-05-05,FDBLHP0001,0,low_information,11.0,1,70,0.0,0.0,5,0,0.0,0.2953846153846154,0.11454545454545455
90_day_proxy,13,91,2,2025-05-05,FDBLP0001,0,low_information,51.0,1,70,0.15384615384615385,0.88601667356437,5,1,0.2,0.2953846153846154,0.11454545454545455
90_day_proxy,13,91,2,2025-05-05,FRC0002,1,relative_active_persistent,0.0,0,70,0.0,0.0,5,2,0.4,0.2953846153846154,0.5571428571428572
90_day_proxy,13,91,2,2025-05-05,FRC0003,1,relative_active_persistent,8.0,1,70,0.7692307692307693,0.9999999947360382,5,4,0.8,0.2953846153846154,0.5571428571428572
90_day_proxy,13,91,2,2025-05-05,FRC0010,2,low_frequency_sparse,0.0,0,70,0.0,0.0,5,3,0.6,0.2953846153846154,0.5023255813953489
90_day_proxy,13,91,2,2025-05-05,FRC0011,0,low_information,0.0,0,70,0.0,0.0,5,1,0.2,0.2953846153846154,0.11454545454545455
90_day_proxy,13,91,2,2025-05-05,FRH0001,1,relative_active_persistent,0.0,0,70,0.15384615384615385,0.88601667356437,5,5,1.0,0.2953846153846154,0.5571428571428572
90_day_proxy,13,91,2,2025-05-05,FRH0002,2,low_frequency_sparse,0.0,0,70,0.15384615384615385,0.88601667356437,5,5,1.0,0.2953846153846154,0.5023255813953489
90_day_proxy,13,91,2,2025-05-05,FRH0003,1,relative_active_persistent,1.0,1,70,0.6153846153846154,0.9999959696155332,5,4,0.8,0.2953846153846154,0.5571428571428572
90_day_proxy,13,91,2,2025-05-05,FRH0004,1,relative_active_persistent,0.0,0,70,0.0,0.0,5,3,0.6,0.2953846153846154,0.5571428571428572
90_day_proxy,13,91,2,2025-05-05,FRH0012,0,low_information,0.0,0,70,0.0,0.0,5,1,0.2,0.2953846153846154,0.11454545454545455
90_day_proxy,13,91,2,2025-05-05,FRH0028,2,low_frequency_sparse,0.0,0,70,0.6923076923076923,0.9999997784272707,5,3,0.6,0.2953846153846154,0.5023255813953489
90_day_proxy,13,91,2,2025-05-05,FRH0029,2,low_frequency_sparse,0.0,0,70,0.7692307692307693,0.9999999947360382,5,4,0.8,0.2953846153846154,0.5023255813953489
90_day_proxy,13,91,2,2025-05-05,FRH0031,2,low_frequency_sparse,0.0,0,70,0.23076923076923078,0.9669830904476988,5,4,0.8,0.2953846153846154,0.5023255813953489
90_day_proxy,13,91,2,2025-05-05,FRH0033,1,relative_active_persistent,25.0,1,70,0.7692307692307693,0.9999999947360382,5,5,1.0,0.2953846153846154,0.5571428571428572
90_day_proxy,13,91,2,2025-05-05,FRH0034,2,low_frequency_sparse,4.0,1,70,0.6923076923076923,0.9999997784272707,5,5,1.0,0.2953846153846154,0.5023255813953489
90_day_proxy,13,91,2,2025-05-05,FRH0035,2,low_frequency_sparse,0.0,0,70,0.0,0.0,5,2,0.4,0.2953846153846154,0.5023255813953489
90_day_proxy,13,91,2,2025-05-05,FRH0036,0,low_information,0.0,0,70,0.0,0.0,5,2,0.4,0.2953846153846154,0.11454545454545455
90_day_proxy,13,91,2,2025-05-05,FRH0037,2,low_frequency_sparse,0.0,0,70,0.0,0.0,5,3,0.6,0.2953846153846154,0.5023255813953489
90_day_proxy,13,91,2,2025-05-05,FRH0040,1,relative_active_persistent,0.0,0,70,0.0,0.0,5,3,0.6,0.2953846153846154,0.5571428571428572
90_day_proxy,13,91,2,2025-05-05,FRH0042,2,low_frequency_sparse,0.0,0,70,0.5384615384615384,0.9999568776246983,5,3,0.6,0.2953846153846154,0.5023255813953489
90_day_proxy,13,91,2,2025-05-05,FRH0043,0,low_information,0.0,0,70,0.07692307692307693,0.6467415015288391,5,2,0.4,0.2953846153846154,0.11454545454545455
90_day_proxy,13,91,2,2025-05-05,FRH0044,2,low_frequency_sparse,6.0,1,70,0.3076923076923077,0.9916075445851976,5,4,0.8,0.2953846153846154,0.5023255813953489
90_day_proxy,13,91,2,2025-05-05,FRH0045,1,relative_active_persistent,0.0,0,70,0.23076923076923078,0.9669830904476988,5,3,0.6,0.2953846153846154,0.5571428571428572
90_day_proxy,13,91,2,2025-05-05,FRH0046,2,low_frequency_sparse,11.0,1,70,0.9230769230769231,0.9999999999999967,5,4,0.8,0.2953846153846154,0.5023255813953489
90_day_proxy,13,91,2,2025-05-05,FRH0047,2,low_frequency_sparse,0.0,0,70,0.38461538461538464,0.9981848762017008,5,4,0.8,0.2953846153846154,0.5023255813953489
90_day_proxy,13,91,2,2025-05-05,FRH0048,1,relative_active_persistent,72.0,1,70,1.0,1.0,5,4,0.8,0.2953846153846154,0.5571428571428572
90_day_proxy,13,91,2,2025-05-05,FRH0049,2,low_frequency_sparse,0.0,0,70,0.0,0.0,5,2,0.4,0.2953846153846154,0.5023255813953489
90_day_proxy,13,91,2,2025-05-05,FRH0050,2,low_frequency_sparse,15.0,1,70,0.8461538461538461,0.9999999999729525,5,4,0.8,0.2953846153846154,0.5023255813953489
90_day_proxy,13,91,2,2025-05-05,FRH0051,1,relative_active_persistent,54.0,1,70,1.0,1.0,5,4,0.8,0.2953846153846154,0.5571428571428572
90_day_proxy,13,91,2,2025-05-05,FRH0052,0,low_information,0.0,0,70,0.07692307692307693,0.6467415015288391,5,3,0.6,0.2953846153846154,0.11454545454545455
90_day_proxy,13,91,2,2025-05-05,FRH0056,1,relative_active_persistent,159.0,1,70,0.9230769230769231,0.9999999999999967,5,4,0.8,0.2953846153846154,0.5571428571428572
90_day_proxy,13,91,2,2025-05-05,FRH0056-1,0,low_information,0.0,0,70,0.0,0.0,5,0,0.0,0.2953846153846154,0.11454545454545455
90_day_proxy,13,91,2,2025-05-05,FRH0058,0,low_information,0.0,0,70,0.0,0.0,5,1,0.2,0.2953846153846154,0.11454545454545455
90_day_proxy,13,91,2,2025-05-05,FRH0059,1,relative_active_persistent,20.0,1,70,0.0,0.0,5,3,0.6,0.2953846153846154,0.5571428571428572
90_day_proxy,13,91,2,2025-05-05,FRH0064,0,low_information,10.0,1,70,0.0,0.0,5,0,0.0,0.2953846153846154,0.11454545454545455
90_day_proxy,13,91,2,2025-05-05,FRH0065,0,low_information,12.0,1,70,0.0,0.0,5,0,0.0,0.2953846153846154,0.11454545454545455
90_day_proxy,13,91,2,2025-05-05,FRH0068,0,low_information,0.0,0,70,0.0,0.0,5,0,0.0,0.2953846153846154,0.11454545454545455
90_day_proxy,13,91,2,2025-05-05,FRW00011,0,low_information,4.0,1,70,0.23076923076923078,0.9669830904476988,5,2,0.4,0.2953846153846154,0.11454545454545455
90_day_proxy,13,91,2,2025-05-05,FRW0005,1,relative_active_persistent,48.0,1,70,1.0,1.0,5,4,0.8,0.2953846153846154,0.5571428571428572
90_day_proxy,13,91,2,2025-05-05,FRW0006,1,relative_active_persistent,95.0,1,70,1.0,1.0,5,4,0.8,0.2953846153846154,0.5571428571428572
90_day_proxy,13,91,2,2025-05-05,FRW0007,0,low_information,0.0,0,70,0.0,0.0,5,2,0.4,0.2953846153846154,0.11454545454545455
90_day_proxy,13,91,2,2025-05-05,FRW0008,0,low_information,1.0,1,70,0.0,0.0,5,0,0.0,0.2953846153846154,0.11454545454545455
90_day_proxy,13,91,2,2025-05-05,FRW0009,0,low_information,12.0,1,70,0.0,0.0,5,0,0.0,0.2953846153846154,0.11454545454545455
90_day_proxy,13,91,2,2025-05-05,FRW0011,2,low_frequency_sparse,0.0,0,70,0.0,0.0,5,2,0.4,0.2953846153846154,0.5023255813953489
90_day_proxy,13,91,2,2025-05-05,FRW0013,1,relative_active_persistent,0.0,0,70,0.0,0.0,5,2,0.4,0.2953846153846154,0.5571428571428572
90_day_proxy,13,91,2,2025-05-05,FRW0014,2,low_frequency_sparse,0.0,0,70,0.0,0.0,5,2,0.4,0.2953846153846154,0.5023255813953489
90_day_proxy,13,91,2,2025-05-05,FRW0015,1,relative_active_persistent,62.0,1,70,0.38461538461538464,0.9981848762017008,5,4,0.8,0.2953846153846154,0.5571428571428572
90_day_proxy,13,91,2,2025-05-05,FRW0016,2,low_frequency_sparse,0.0,0,70,0.0,0.0,5,2,0.4,0.2953846153846154,0.5023255813953489
90_day_proxy,13,91,2,2025-05-05,FRW0017,1,relative_active_persistent,0.0,0,70,0.0,0.0,5,1,0.2,0.2953846153846154,0.5571428571428572
90_day_proxy,13,91,2,2025-05-05,FRW0020,2,low_frequency_sparse,0.0,0,70,0.0,0.0,5,2,0.4,0.2953846153846154,0.5023255813953489
90_day_proxy,13,91,2,2025-05-05,FRW0021,0,low_information,1.0,1,70,0.07692307692307693,0.6467415015288391,5,3,0.6,0.2953846153846154,0.11454545454545455
90_day_proxy,13,91,2,2025-05-05,FRW0022,0,low_information,0.0,0,70,0.15384615384615385,0.88601667356437,5,3,0.6,0.2953846153846154,0.11454545454545455
90_day_proxy,13,91,2,2025-05-05,FRW0023,0,low_information,4.0,1,70,0.07692307692307693,0.6467415015288391,5,3,0.6,0.2953846153846154,0.11454545454545455
90_day_proxy,13,91,2,2025-05-05,FRW0024,0,low_information,0.0,0,70,0.0,0.0,5,0,0.0,0.2953846153846154,0.11454545454545455
90_day_proxy,13,91,2,2025-05-05,FSTBY001,0,low_information,0.0,0,70,0.0,0.0,5,0,0.0,0.2953846153846154,0.11454545454545455
90_day_proxy,13,91,2,2025-05-05,FZGLS0001,0,low_information,0.0,0,70,0.0,0.0,5,0,0.0,0.2953846153846154,0.11454545454545455
90_day_proxy,13,91,2,2025-05-05,FZGLS0002,0,low_information,2.0,1,70,0.0,0.0,5,0,0.0,0.2953846153846154,0.11454545454545455
90_day_proxy,13,91,2,2025-05-05,FZLRICBHP0001,0,low_information,9.0,1,70,0.3076923076923077,0.9916075445851976,5,1,0.2,0.2953846153846154,0.11454545454545455
90_day_proxy,13,91,2,2025-05-05,FZLRJ0001,0,low_information,40.0,1,70,0.0,0.0,5,0,0.0,0.2953846153846154,0.11454545454545455
90_day_proxy,13,91,2,2025-05-05,FZLRJ0001double,0,low_information,2.0,1,70,0.0,0.0,5,0,0.0,0.2953846153846154,0.11454545454545455
90_day_proxy,13,91,2,2025-05-05,FZLRJ0002,0,low_information,40.0,1,70,0.15384615384615385,0.88601667356437,5,1,0.2,0.2953846153846154,0.11454545454545455
90_day_proxy,13,91,2,2025-05-05,FZLRJ0002double,0,low_information,6.0,1,70,0.15384615384615385,0.88601667356437,5,1,0.2,0.2953846153846154,0.11454545454545455
90_day_proxy,13,91,2,2025-05-05,GJMJSLW001,1,relative_active_persistent,0.0,0,70,0.0,0.0,5,2,0.4,0.2953846153846154,0.5571428571428572
90_day_proxy,13,91,2,2025-05-05,GJMJSW001,0,low_information,0.0,0,70,0.0,0.0,5,1,0.2,0.2953846153846154,0.11454545454545455
90_day_proxy,13,91,2,2025-05-05,GJMJWJX001,1,relative_active_persistent,28.0,1,70,0.8461538461538461,0.9999999999729525,5,3,0.6,0.2953846153846154,0.5571428571428572
90_day_proxy,13,91,2,2025-05-05,GJMJWJXW001,1,relative_active_persistent,0.0,0,70,0.0,0.0,5,2,0.4,0.2953846153846154,0.5571428571428572
90_day_proxy,13,91,2,2025-05-05,GJMUSDW001,0,low_information,0.0,0,70,0.0,0.0,5,1,0.2,0.2953846153846154,0.11454545454545455
90_day_proxy,13,91,2,2025-05-05,HLGKSLT0001,2,low_frequency_sparse,15.0,1,70,0.5384615384615384,0.9999568776246983,5,1,0.2,0.2953846153846154,0.5023255813953489
90_day_proxy,13,91,2,2025-05-05,HSAKSLT0001,0,low_information,6.0,1,70,0.07692307692307693,0.6467415015288391,5,1,0.2,0.2953846153846154,0.11454545454545455
90_day_proxy,13,91,2,2025-05-05,HWZDSKL0001,0,low_information,60.0,1,70,0.3076923076923077,0.9916075445851976,5,1,0.2,0.2953846153846154,0.11454545454545455
90_day_proxy,13,91,2,2025-05-05,HWZDSKL0002,0,low_information,4.0,1,70,0.3076923076923077,0.9916075445851976,5,1,0.2,0.2953846153846154,0.11454545454545455
90_day_proxy,13,91,2,2025-05-05,HZSN0001,1,relative_active_persistent,80.0,1,70,0.9230769230769231,0.9999999999999967,5,2,0.4,0.2953846153846154,0.5571428571428572
90_day_proxy,13,91,2,2025-05-05,JZJ00011,0,low_information,19.0,1,70,0.0,0.0,5,0,0.0,0.2953846153846154,0.11454545454545455
90_day_proxy,13,91,2,2025-05-05,JZJ00012,0,low_information,86.0,1,70,0.3076923076923077,0.9916075445851976,5,1,0.2,0.2953846153846154,0.11454545454545455
90_day_proxy,13,91,2,2025-05-05,JZJ0002,1,relative_active_persistent,134.0,1,70,1.0,1.0,5,2,0.4,0.2953846153846154,0.5571428571428572
90_day_proxy,13,91,2,2025-05-05,JZJ0003,1,relative_active_persistent,247.0,1,70,0.9230769230769231,0.9999999999999967,5,2,0.4,0.2953846153846154,0.5571428571428572
90_day_proxy,13,91,2,2025-05-05,JZJ0004,2,low_frequency_sparse,13.0,1,70,0.46153846153846156,0.9996801024306781,5,2,0.4,0.2953846153846154,0.5023255813953489
90_day_proxy,13,91,2,2025-05-05,JZJ0005,2,low_frequency_sparse,33.0,1,70,0.6153846153846154,0.9999959696155332,5,1,0.2,0.2953846153846154,0.5023255813953489
90_day_proxy,13,91,2,2025-05-05,JZJ0008,1,relative_active_persistent,74.0,1,70,0.5384615384615384,0.9999568776246983,5,1,0.2,0.2953846153846154,0.5571428571428572
90_day_proxy,13,91,2,2025-05-05,JZJ0009,2,low_frequency_sparse,200.0,1,70,0.07692307692307693,0.6467415015288391,5,2,0.4,0.2953846153846154,0.5023255813953489
90_day_proxy,13,91,2,2025-05-05,JZJ0013,1,relative_active_persistent,329.0,1,70,0.3076923076923077,0.9916075445851976,5,3,0.6,0.2953846153846154,0.5571428571428572
90_day_proxy,13,91,2,2025-05-05,JZJ0014,0,low_information,8.0,1,70,0.0,0.0,5,0,0.0,0.2953846153846154,0.11454545454545455
90_day_proxy,13,91,2,2025-05-05,JZJ0016,2,low_frequency_sparse,20.0,1,70,0.46153846153846156,0.9996801024306781,5,3,0.6,0.2953846153846154,0.5023255813953489
90_day_proxy,13,91,2,2025-05-05,JZJ0017,0,low_information,6.0,1,70,0.07692307692307693,0.6467415015288391,5,1,0.2,0.2953846153846154,0.11454545454545455
90_day_proxy,13,91,2,2025-05-05,JZJ0018,0,low_information,2.0,1,70,0.0,0.0,5,0,0.0,0.2953846153846154,0.11454545454545455
90_day_proxy,13,91,2,2025-05-05,JZJ0019,0,low_information,35.0,1,70,0.0,0.0,5,0,0.0,0.2953846153846154,0.11454545454545455
90_day_proxy,13,91,2,2025-05-05,JZQCQ001,1,relative_active_persistent,49.0,1,70,1.0,1.0,5,3,0.6,0.2953846153846154,0.5571428571428572
90_day_proxy,13,91,2,2025-05-05,JZQCQ003,1,relative_active_persistent,38.0,1,70,1.0,1.0,5,3,0.6,0.2953846153846154,0.5571428571428572
90_day_proxy,13,91,2,2025-05-05,JZQCQ004,2,low_frequency_sparse,34.0,1,70,0.6153846153846154,0.9999959696155332,5,2,0.4,0.2953846153846154,0.5023255813953489
90_day_proxy,13,91,2,2025-05-05,KFZ0001,0,low_information,1.0,1,70,0.23076923076923078,0.9669830904476988,5,2,0.4,0.2953846153846154,0.11454545454545455
90_day_proxy,13,91,2,2025-05-05,KZCWBG001,0,low_information,18.0,1,70,0.0,0.0,5,0,0.0,0.2953846153846154,0.11454545454545455
90_day_proxy,13,91,2,2025-05-05,LRKF0001,1,relative_active_persistent,0.0,0,70,0.0,0.0,5,2,0.4,0.2953846153846154,0.5571428571428572
90_day_proxy,13,91,2,2025-05-05,LTKF0002,2,low_frequency_sparse,0.0,0,70,0.0,0.0,5,2,0.4,0.2953846153846154,0.5023255813953489
90_day_proxy,13,91,2,2025-05-05,LTKF0003B,0,low_information,0.0,0,70,0.0,0.0,5,1,0.2,0.2953846153846154,0.11454545454545455
90_day_proxy,13,91,2,2025-05-05,LTKF0005A,2,low_frequency_sparse,6.0,1,70,0.46153846153846156,0.9996801024306781,5,2,0.4,0.2953846153846154,0.5023255813953489
90_day_proxy,13,91,2,2025-05-05,LTKF0006A,0,low_information,0.0,0,70,0.0,0.0,5,1,0.2,0.2953846153846154,0.11454545454545455
90_day_proxy,13,91,2,2025-05-05,LTKF0008,2,low_frequency_sparse,0.0,0,70,0.0,0.0,5,2,0.4,0.2953846153846154,0.5023255813953489
90_day_proxy,13,91,2,2025-05-05,LTKF0009,2,low_frequency_sparse,0.0,0,70,0.0,0.0,5,2,0.4,0.2953846153846154,0.5023255813953489
90_day_proxy,13,91,2,2025-05-05,LTKF0010,0,low_information,0.0,0,70,0.0,0.0,5,1,0.2,0.2953846153846154,0.11454545454545455
90_day_proxy,13,91,2,2025-05-05,LTKF0012,0,low_information,0.0,0,70,0.0,0.0,5,1,0.2,0.2953846153846154,0.11454545454545455
90_day_proxy,13,91,2,2025-05-05,LTKF0016,0,low_information,0.0,0,70,0.0,0.0,5,1,0.2,0.2953846153846154,0.11454545454545455
90_day_proxy,13,91,2,2025-05-05,LTKF0018A,0,low_information,0.0,0,70,0.0,0.0,5,1,0.2,0.2953846153846154,0.11454545454545455
90_day_proxy,13,91,2,2025-05-05,LTKF0019,1,relative_active_persistent,12.0,1,70,0.5384615384615384,0.9999568776246983,5,1,0.2,0.2953846153846154,0.5571428571428572
90_day_proxy,13,91,2,2025-05-05,LTKF0020,1,relative_active_persistent,258.0,1,70,0.5384615384615384,0.9999568776246983,5,2,0.4,0.2953846153846154,0.5571428571428572
90_day_proxy,13,91,2,2025-05-05,LTKF0021,1,relative_active_persistent,90.0,1,70,0.7692307692307693,0.9999999947360382,5,1,0.2,0.2953846153846154,0.5571428571428572
90_day_proxy,13,91,2,2025-05-05,LTKF0022,0,low_information,22.0,1,70,0.15384615384615385,0.88601667356437,5,1,0.2,0.2953846153846154,0.11454545454545455
90_day_proxy,13,91,2,2025-05-05,LTKF0022M,0,low_information,26.0,1,70,0.3076923076923077,0.9916075445851976,5,1,0.2,0.2953846153846154,0.11454545454545455
90_day_proxy,13,91,2,2025-05-05,LTKF0023,0,low_information,0.0,0,70,0.0,0.0,5,1,0.2,0.2953846153846154,0.11454545454545455
90_day_proxy,13,91,2,2025-05-05,LTKF0024A,2,low_frequency_sparse,4.0,1,70,0.6153846153846154,0.9999959696155332,5,1,0.2,0.2953846153846154,0.5023255813953489
90_day_proxy,13,91,2,2025-05-05,LTKF0031,1,relative_active_persistent,74.0,1,70,0.46153846153846156,0.9996801024306781,5,1,0.2,0.2953846153846154,0.5571428571428572
90_day_proxy,13,91,2,2025-05-05,LTKF0047,0,low_information,21.0,1,70,0.3076923076923077,0.9916075445851976,5,1,0.2,0.2953846153846154,0.11454545454545455
90_day_proxy,13,91,2,2025-05-05,LTKF0058,0,low_information,0.0,0,70,0.0,0.0,5,0,0.0,0.2953846153846154,0.11454545454545455
90_day_proxy,13,91,2,2025-05-05,LTKF0101,0,low_information,37.0,1,70,0.23076923076923078,0.9669830904476988,5,1,0.2,0.2953846153846154,0.11454545454545455
90_day_proxy,13,91,2,2025-05-05,LTKF0102,0,low_information,0.0,0,70,0.0,0.0,5,0,0.0,0.2953846153846154,0.11454545454545455
90_day_proxy,13,91,2,2025-05-05,LTKF0103,0,low_information,0.0,0,70,0.0,0.0,5,0,0.0,0.2953846153846154,0.11454545454545455
90_day_proxy,13,91,2,2025-05-05,LTKF0106,0,low_information,0.0,0,70,0.0,0.0,5,0,0.0,0.2953846153846154,0.11454545454545455
90_day_proxy,13,91,2,2025-05-05,LTKF0111,0,low_information,0.0,0,70,0.0,0.0,5,0,0.0,0.2953846153846154,0.11454545454545455
90_day_proxy,13,91,2,2025-05-05,LTKF093,0,low_information,7.0,1,70,0.0,0.0,5,0,0.0,0.2953846153846154,0.11454545454545455
90_day_proxy,13,91,2,2025-05-05,LTKF098,0,low_information,3.0,1,70,0.0,0.0,5,0,0.0,0.2953846153846154,0.11454545454545455
90_day_proxy,13,91,2,2025-05-05,LYC0201,0,low_information,3.0,1,70,0.0,0.0,5,0,0.0,0.2953846153846154,0.11454545454545455
90_day_proxy,13,91,2,2025-05-05,LYC0203,0,low_information,2.0,1,70,0.0,0.0,5,0,0.0,0.2953846153846154,0.11454545454545455
90_day_proxy,13,91,2,2025-05-05,NNB0002,0,low_information,1.0,1,70,0.0,0.0,5,0,0.0,0.2953846153846154,0.11454545454545455
90_day_proxy,13,91,2,2025-05-05,QCCXC0004,1,relative_active_persistent,0.0,0,70,0.23076923076923078,0.9669830904476988,5,2,0.4,0.2953846153846154,0.5571428571428572
90_day_proxy,13,91,2,2025-05-05,QCCXC0005,2,low_frequency_sparse,57.0,1,70,0.7692307692307693,0.9999999947360382,5,2,0.4,0.2953846153846154,0.5023255813953489
90_day_proxy,13,91,2,2025-05-05,QCCXC0007,1,relative_active_persistent,82.0,1,70,1.0,1.0,5,2,0.4,0.2953846153846154,0.5571428571428572
90_day_proxy,13,91,2,2025-05-05,QCSSXC0004,0,low_information,0.0,0,70,0.07692307692307693,0.6467415015288391,5,2,0.4,0.2953846153846154,0.11454545454545455
90_day_proxy,13,91,2,2025-05-05,QCSSXC0005,2,low_frequency_sparse,27.0,1,70,0.3076923076923077,0.9916075445851976,5,2,0.4,0.2953846153846154,0.5023255813953489
90_day_proxy,13,91,2,2025-05-05,QCSSXC0006,2,low_frequency_sparse,24.0,1,70,0.23076923076923078,0.9669830904476988,5,2,0.4,0.2953846153846154,0.5023255813953489
90_day_proxy,13,91,2,2025-05-05,QCXDS001,1,relative_active_persistent,1.0,1,70,0.3076923076923077,0.9916075445851976,5,3,0.6,0.2953846153846154,0.5571428571428572
90_day_proxy,13,91,2,2025-05-05,QCXXC0001,2,low_frequency_sparse,14.0,1,70,0.38461538461538464,0.9981848762017008,5,2,0.4,0.2953846153846154,0.5023255813953489
90_day_proxy,13,91,2,2025-05-05,QCXXC0002,2,low_frequency_sparse,2.0,1,70,0.38461538461538464,0.9981848762017008,5,2,0.4,0.2953846153846154,0.5023255813953489
90_day_proxy,13,91,2,2025-05-05,QFSJZ001-1,0,low_information,11.0,1,70,0.0,0.0,5,0,0.0,0.2953846153846154,0.11454545454545455
90_day_proxy,13,91,2,2025-05-05,QFSJZ002-1,0,low_information,4.0,1,70,0.0,0.0,5,0,0.0,0.2953846153846154,0.11454545454545455
90_day_proxy,13,91,2,2025-05-05,QFSJZ003,0,low_information,3.0,1,70,0.0,0.0,5,0,0.0,0.2953846153846154,0.11454545454545455
90_day_proxy,13,91,2,2025-05-05,QFSJZ003-1,0,low_information,8.0,1,70,0.0,0.0,5,0,0.0,0.2953846153846154,0.11454545454545455
90_day_proxy,13,91,2,2025-05-05,QYGZIPJ,0,low_information,0.0,0,70,0.0,0.0,5,0,0.0,0.2953846153846154,0.11454545454545455
90_day_proxy,13,91,2,2025-05-05,RLHZHMV000AMDE,1,relative_active_persistent,155.0,1,70,1.0,1.0,5,3,0.6,0.2953846153846154,0.5571428571428572
90_day_proxy,13,91,2,2025-05-05,SLT0001,0,low_information,0.0,0,70,0.0,0.0,5,1,0.2,0.2953846153846154,0.11454545454545455
90_day_proxy,13,91,2,2025-05-05,SLT0003,0,low_information,5.0,1,70,0.23076923076923078,0.9669830904476988,5,1,0.2,0.2953846153846154,0.11454545454545455
90_day_proxy,13,91,2,2025-05-05,SLT0004,0,low_information,1.0,1,70,0.0,0.0,5,0,0.0,0.2953846153846154,0.11454545454545455
90_day_proxy,13,91,2,2025-05-05,SPH0001,0,low_information,0.0,0,70,0.0,0.0,5,0,0.0,0.2953846153846154,0.11454545454545455
90_day_proxy,13,91,2,2025-05-05,SRPDZS0001,0,low_information,5.0,1,70,0.0,0.0,5,0,0.0,0.2953846153846154,0.11454545454545455
90_day_proxy,13,91,2,2025-05-05,SRPDZS0002,0,low_information,8.0,1,70,0.0,0.0,5,0,0.0,0.2953846153846154,0.11454545454545455
90_day_proxy,13,91,2,2025-05-05,WSJZS0002,0,low_information,0.0,0,70,0.0,0.0,5,0,0.0,0.2953846153846154,0.11454545454545455
90_day_proxy,13,91,2,2025-05-05,WSJZS0004,0,low_information,0.0,0,70,0.0,0.0,5,0,0.0,0.2953846153846154,0.11454545454545455
90_day_proxy,13,91,2,2025-05-05,XHP0001,0,low_information,54.0,1,70,0.0,0.0,5,0,0.0,0.2953846153846154,0.11454545454545455
90_day_proxy,13,91,2,2025-05-05,XHZXCZP0001,1,relative_active_persistent,264.0,1,70,0.5384615384615384,0.9999568776246983,5,3,0.6,0.2953846153846154,0.5571428571428572
90_day_proxy,13,91,2,2025-05-05,XHZXCZP0002,0,low_information,0.0,0,70,0.0,0.0,5,0,0.0,0.2953846153846154,0.11454545454545455
90_day_proxy,13,91,2,2025-05-05,YBB0001,0,low_information,3.0,1,70,0.0,0.0,5,0,0.0,0.2953846153846154,0.11454545454545455
90_day_proxy,13,91,2,2025-05-05,YDBZ001,2,low_frequency_sparse,4.0,1,70,0.15384615384615385,0.88601667356437,5,2,0.4,0.2953846153846154,0.5023255813953489
90_day_proxy,13,91,2,2025-05-05,YDBZ002,1,relative_active_persistent,3.0,1,70,0.23076923076923078,0.9669830904476988,5,2,0.4,0.2953846153846154,0.5571428571428572
90_day_proxy,13,91,2,2025-05-05,YDBZLV0001AMDE,2,low_frequency_sparse,0.0,0,70,0.07692307692307693,0.6467415015288391,5,3,0.6,0.2953846153846154,0.5023255813953489
90_day_proxy,13,91,2,2025-05-05,YDBZWV0001AMDE,2,low_frequency_sparse,0.0,0,70,0.38461538461538464,0.9981848762017008,5,2,0.4,0.2953846153846154,0.5023255813953489
90_day_proxy,13,91,2,2025-05-05,YJL0002,0,low_information,0.0,0,70,0.0,0.0,5,0,0.0,0.2953846153846154,0.11454545454545455
90_day_proxy,13,91,2,2025-05-05,YJLZHMV000AMDE,1,relative_active_persistent,27.0,1,70,0.9230769230769231,0.9999999999999967,5,3,0.6,0.2953846153846154,0.5571428571428572
90_day_proxy,13,91,2,2025-05-05,YJX0022,0,low_information,0.0,0,70,0.23076923076923078,0.9669830904476988,5,1,0.2,0.2953846153846154,0.11454545454545455
90_day_proxy,13,91,2,2025-05-05,YJX0023,0,low_information,0.0,0,70,0.15384615384615385,0.88601667356437,5,1,0.2,0.2953846153846154,0.11454545454545455
90_day_proxy,13,91,2,2025-05-05,YJX0024,0,low_information,2.0,1,70,0.3076923076923077,0.9916075445851976,5,1,0.2,0.2953846153846154,0.11454545454545455
90_day_proxy,13,91,2,2025-05-05,YJX0025,0,low_information,1.0,1,70,0.23076923076923078,0.9669830904476988,5,1,0.2,0.2953846153846154,0.11454545454545455
90_day_proxy,13,91,2,2025-05-05,YKLLW0004,0,low_information,22.0,1,70,0.07692307692307693,0.6467415015288391,5,1,0.2,0.2953846153846154,0.11454545454545455
90_day_proxy,13,91,2,2025-05-05,YKLLW0005,0,low_information,53.0,1,70,0.07692307692307693,0.6467415015288391,5,1,0.2,0.2953846153846154,0.11454545454545455
90_day_proxy,13,91,2,2025-05-05,YKLLW0006,0,low_information,12.0,1,70,0.07692307692307693,0.6467415015288391,5,1,0.2,0.2953846153846154,0.11454545454545455
90_day_proxy,13,91,2,2025-05-05,YXBLJ0001,0,low_information,0.0,0,70,0.0,0.0,5,0,0.0,0.2953846153846154,0.11454545454545455
90_day_proxy,13,91,2,2025-05-05,ZBTZ0002,0,low_information,28.0,1,70,0.0,0.0,5,0,0.0,0.2953846153846154,0.11454545454545455
90_day_proxy,13,91,2,2025-05-05,ZBTZ0003,0,low_information,2.0,1,70,0.0,0.0,5,0,0.0,0.2953846153846154,0.11454545454545455
90_day_proxy,13,91,2,2025-05-05,ZJJSJBV001AMDE,2,low_frequency_sparse,3.0,1,70,0.07692307692307693,0.6467415015288391,5,4,0.8,0.2953846153846154,0.5023255813953489
90_day_proxy,13,91,2,2025-05-05,ZJJSJSV001AMDE,1,relative_active_persistent,0.0,0,70,0.07692307692307693,0.6467415015288391,5,4,0.8,0.2953846153846154,0.5571428571428572
90_day_proxy,13,91,2,2025-05-05,ZJJYZBV001AMDE,1,relative_active_persistent,2.0,1,70,0.3076923076923077,0.9916075445851976,5,4,0.8,0.2953846153846154,0.5571428571428572
90_day_proxy,13,91,2,2025-05-05,ZJJYZSJBV1AMDE,2,low_frequency_sparse,0.0,0,70,0.15384615384615385,0.88601667356437,5,4,0.8,0.2953846153846154,0.5023255813953489
90_day_proxy,13,91,2,2025-05-05,ZJJYZSJSV1AMDE,1,relative_active_persistent,0.0,0,70,0.0,0.0,5,2,0.4,0.2953846153846154,0.5571428571428572
90_day_proxy,13,91,2,2025-05-05,ZJJYZSJSV2AMDE,2,low_frequency_sparse,0.0,0,70,0.0,0.0,5,2,0.4,0.2953846153846154,0.5023255813953489
90_day_proxy,13,91,2,2025-05-05,ZTD0001,0,low_information,0.0,0,70,0.0,0.0,5,0,0.0,0.2953846153846154,0.11454545454545455
90_day_proxy,13,91,2,2025-05-05,ZTD0003,0,low_information,0.0,0,70,0.0,0.0,5,0,0.0,0.2953846153846154,0.11454545454545455
90_day_proxy,13,91,3,2025-08-04,BLJZ0001,0,low_information,5.0,1,83,0.0,0.0,6,0,0.0,0.34273504273504274,0.15020576131687244
90_day_proxy,13,91,3,2025-08-04,BLP0001,0,low_information,72.0,1,83,0.23076923076923078,0.9669830904476988,6,1,0.16666666666666666,0.34273504273504274,0.15020576131687244
90_day_proxy,13,91,3,2025-08-04,BLP0002,0,low_information,24.0,1,83,0.07692307692307693,0.6467415015288391,6,1,0.16666666666666666,0.34273504273504274,0.15020576131687244
90_day_proxy,13,91,3,2025-08-04,BLP0003,0,low_information,2.0,1,83,0.0,0.0,6,0,0.0,0.34273504273504274,0.15020576131687244
90_day_proxy,13,91,3,2025-08-04,BLP0004,0,low_information,0.0,0,83,0.0,0.0,6,0,0.0,0.34273504273504274,0.15020576131687244
90_day_proxy,13,91,3,2025-08-04,CBJZ0001,0,low_information,0.0,0,83,0.0,0.0,6,1,0.16666666666666666,0.34273504273504274,0.15020576131687244
90_day_proxy,13,91,3,2025-08-04,CLSSLT0003,2,low_frequency_sparse,4.0,1,83,0.15384615384615385,0.88601667356437,6,2,0.3333333333333333,0.34273504273504274,0.4111111111111111
90_day_proxy,13,91,3,2025-08-04,CLSSLT0006,0,low_information,18.0,1,83,0.3076923076923077,0.9916075445851976,6,1,0.16666666666666666,0.34273504273504274,0.15020576131687244
90_day_proxy,13,91,3,2025-08-04,CWW0002,0,low_information,111.0,1,83,0.15384615384615385,0.88601667356437,6,1,0.16666666666666666,0.34273504273504274,0.15020576131687244
90_day_proxy,13,91,3,2025-08-04,DGNTYBV001AMDE,0,low_information,0.0,0,83,0.0,0.0,6,2,0.3333333333333333,0.34273504273504274,0.15020576131687244
90_day_proxy,13,91,3,2025-08-04,DHZXCZP0001,2,low_frequency_sparse,31.0,1,83,0.38461538461538464,0.9981848762017008,6,1,0.16666666666666666,0.34273504273504274,0.4111111111111111
90_day_proxy,13,91,3,2025-08-04,DRMJJ0020,0,low_information,19.0,1,83,0.23076923076923078,0.9669830904476988,6,1,0.16666666666666666,0.34273504273504274,0.15020576131687244
90_day_proxy,13,91,3,2025-08-04,DRMJJ0021,2,low_frequency_sparse,2.0,1,83,0.46153846153846156,0.9996801024306781,6,1,0.16666666666666666,0.34273504273504274,0.4111111111111111
90_day_proxy,13,91,3,2025-08-04,DRMJJ0022,2,low_frequency_sparse,15.0,1,83,0.5384615384615384,0.9999568776246983,6,2,0.3333333333333333,0.34273504273504274,0.4111111111111111
90_day_proxy,13,91,3,2025-08-04,DRMJJ0023,2,low_frequency_sparse,51.0,1,83,0.46153846153846156,0.9996801024306781,6,2,0.3333333333333333,0.34273504273504274,0.4111111111111111
90_day_proxy,13,91,3,2025-08-04,DRMJJ0024,0,low_information,0.0,0,83,0.07692307692307693,0.6467415015288391,6,2,0.3333333333333333,0.34273504273504274,0.15020576131687244
90_day_proxy,13,91,3,2025-08-04,DRMJJ0025,2,low_frequency_sparse,1.0,1,83,0.5384615384615384,0.9999568776246983,6,2,0.3333333333333333,0.34273504273504274,0.4111111111111111
90_day_proxy,13,91,3,2025-08-04,DRMJJ0026,0,low_information,18.0,1,83,0.0,0.0,6,0,0.0,0.34273504273504274,0.15020576131687244
90_day_proxy,13,91,3,2025-08-04,DRMJJ0027,0,low_information,10.0,1,83,0.0,0.0,6,0,0.0,0.34273504273504274,0.15020576131687244
90_day_proxy,13,91,3,2025-08-04,ETZP0003,0,low_information,16.0,1,83,0.0,0.0,6,0,0.0,0.34273504273504274,0.15020576131687244
90_day_proxy,13,91,3,2025-08-04,ETZP0004,2,low_frequency_sparse,25.0,1,83,0.7692307692307693,0.9999999947360382,6,1,0.16666666666666666,0.34273504273504274,0.4111111111111111
90_day_proxy,13,91,3,2025-08-04,FDBLHP0001,0,low_information,19.0,1,83,0.23076923076923078,0.9669830904476988,6,1,0.16666666666666666,0.34273504273504274,0.15020576131687244
90_day_proxy,13,91,3,2025-08-04,FDBLP0001,1,relative_active_persistent,46.0,1,83,0.46153846153846156,0.9996801024306781,6,2,0.3333333333333333,0.34273504273504274,0.5555555555555556
90_day_proxy,13,91,3,2025-08-04,FRC0002,1,relative_active_persistent,0.0,0,83,0.0,0.0,6,2,0.3333333333333333,0.34273504273504274,0.5555555555555556
90_day_proxy,13,91,3,2025-08-04,FRC0003,1,relative_active_persistent,7.0,1,83,0.46153846153846156,0.9996801024306781,6,5,0.8333333333333334,0.34273504273504274,0.5555555555555556
90_day_proxy,13,91,3,2025-08-04,FRC0010,2,low_frequency_sparse,0.0,0,83,0.0,0.0,6,3,0.5,0.34273504273504274,0.4111111111111111
90_day_proxy,13,91,3,2025-08-04,FRC0011,0,low_information,0.0,0,83,0.0,0.0,6,1,0.16666666666666666,0.34273504273504274,0.15020576131687244
90_day_proxy,13,91,3,2025-08-04,FRH0001,1,relative_active_persistent,0.0,0,83,0.0,0.0,6,5,0.8333333333333334,0.34273504273504274,0.5555555555555556
90_day_proxy,13,91,3,2025-08-04,FRH0002,1,relative_active_persistent,0.0,0,83,0.0,0.0,6,5,0.8333333333333334,0.34273504273504274,0.5555555555555556
90_day_proxy,13,91,3,2025-08-04,FRH0003,1,relative_active_persistent,0.0,0,83,0.07692307692307693,0.6467415015288391,6,5,0.8333333333333334,0.34273504273504274,0.5555555555555556
90_day_proxy,13,91,3,2025-08-04,FRH0004,1,relative_active_persistent,0.0,0,83,0.0,0.0,6,3,0.5,0.34273504273504274,0.5555555555555556
90_day_proxy,13,91,3,2025-08-04,FRH0012,0,low_information,0.0,0,83,0.0,0.0,6,1,0.16666666666666666,0.34273504273504274,0.15020576131687244
90_day_proxy,13,91,3,2025-08-04,FRH0028,2,low_frequency_sparse,3.0,1,83,0.0,0.0,6,3,0.5,0.34273504273504274,0.4111111111111111
90_day_proxy,13,91,3,2025-08-04,FRH0029,2,low_frequency_sparse,2.0,1,83,0.0,0.0,6,4,0.6666666666666666,0.34273504273504274,0.4111111111111111
90_day_proxy,13,91,3,2025-08-04,FRH0031,2,low_frequency_sparse,0.0,0,83,0.0,0.0,6,4,0.6666666666666666,0.34273504273504274,0.4111111111111111
90_day_proxy,13,91,3,2025-08-04,FRH0033,1,relative_active_persistent,62.0,1,83,0.8461538461538461,0.9999999999729525,6,6,1.0,0.34273504273504274,0.5555555555555556
90_day_proxy,13,91,3,2025-08-04,FRH0034,2,low_frequency_sparse,14.0,1,83,0.23076923076923078,0.9669830904476988,6,6,1.0,0.34273504273504274,0.4111111111111111
90_day_proxy,13,91,3,2025-08-04,FRH0035,2,low_frequency_sparse,0.0,0,83,0.0,0.0,6,2,0.3333333333333333,0.34273504273504274,0.4111111111111111
90_day_proxy,13,91,3,2025-08-04,FRH0036,0,low_information,0.0,0,83,0.0,0.0,6,2,0.3333333333333333,0.34273504273504274,0.15020576131687244
90_day_proxy,13,91,3,2025-08-04,FRH0037,2,low_frequency_sparse,0.0,0,83,0.0,0.0,6,3,0.5,0.34273504273504274,0.4111111111111111
90_day_proxy,13,91,3,2025-08-04,FRH0040,1,relative_active_persistent,0.0,0,83,0.0,0.0,6,3,0.5,0.34273504273504274,0.5555555555555556
90_day_proxy,13,91,3,2025-08-04,FRH0042,2,low_frequency_sparse,0.0,0,83,0.0,0.0,6,3,0.5,0.34273504273504274,0.4111111111111111
90_day_proxy,13,91,3,2025-08-04,FRH0043,0,low_information,5.0,1,83,0.0,0.0,6,2,0.3333333333333333,0.34273504273504274,0.15020576131687244
90_day_proxy,13,91,3,2025-08-04,FRH0044,2,low_frequency_sparse,4.0,1,83,0.38461538461538464,0.9981848762017008,6,5,0.8333333333333334,0.34273504273504274,0.4111111111111111
90_day_proxy,13,91,3,2025-08-04,FRH0045,1,relative_active_persistent,0.0,0,83,0.0,0.0,6,3,0.5,0.34273504273504274,0.5555555555555556
90_day_proxy,13,91,3,2025-08-04,FRH0046,2,low_frequency_sparse,10.0,1,83,0.6153846153846154,0.9999959696155332,6,5,0.8333333333333334,0.34273504273504274,0.4111111111111111
90_day_proxy,13,91,3,2025-08-04,FRH0047,2,low_frequency_sparse,0.0,0,83,0.0,0.0,6,4,0.6666666666666666,0.34273504273504274,0.4111111111111111
90_day_proxy,13,91,3,2025-08-04,FRH0048,1,relative_active_persistent,67.0,1,83,1.0,1.0,6,5,0.8333333333333334,0.34273504273504274,0.5555555555555556
90_day_proxy,13,91,3,2025-08-04,FRH0049,2,low_frequency_sparse,0.0,0,83,0.0,0.0,6,2,0.3333333333333333,0.34273504273504274,0.4111111111111111
90_day_proxy,13,91,3,2025-08-04,FRH0050,2,low_frequency_sparse,21.0,1,83,0.6923076923076923,0.9999997784272707,6,5,0.8333333333333334,0.34273504273504274,0.4111111111111111
90_day_proxy,13,91,3,2025-08-04,FRH0051,1,relative_active_persistent,47.0,1,83,1.0,1.0,6,5,0.8333333333333334,0.34273504273504274,0.5555555555555556
90_day_proxy,13,91,3,2025-08-04,FRH0052,0,low_information,0.0,0,83,0.0,0.0,6,3,0.5,0.34273504273504274,0.15020576131687244
90_day_proxy,13,91,3,2025-08-04,FRH0056,1,relative_active_persistent,134.0,1,83,1.0,1.0,6,5,0.8333333333333334,0.34273504273504274,0.5555555555555556
90_day_proxy,13,91,3,2025-08-04,FRH0056-1,0,low_information,1.0,1,83,0.0,0.0,6,0,0.0,0.34273504273504274,0.15020576131687244
90_day_proxy,13,91,3,2025-08-04,FRH0058,0,low_information,0.0,0,83,0.0,0.0,6,1,0.16666666666666666,0.34273504273504274,0.15020576131687244
90_day_proxy,13,91,3,2025-08-04,FRH0059,1,relative_active_persistent,20.0,1,83,0.7692307692307693,0.9999999947360382,6,4,0.6666666666666666,0.34273504273504274,0.5555555555555556
90_day_proxy,13,91,3,2025-08-04,FRH0064,0,low_information,36.0,1,83,0.07692307692307693,0.6467415015288391,6,1,0.16666666666666666,0.34273504273504274,0.15020576131687244
90_day_proxy,13,91,3,2025-08-04,FRH0065,0,low_information,11.0,1,83,0.23076923076923078,0.9669830904476988,6,1,0.16666666666666666,0.34273504273504274,0.15020576131687244
90_day_proxy,13,91,3,2025-08-04,FRH0068,0,low_information,3.0,1,83,0.0,0.0,6,0,0.0,0.34273504273504274,0.15020576131687244
90_day_proxy,13,91,3,2025-08-04,FRW00011,2,low_frequency_sparse,1.0,1,83,0.15384615384615385,0.88601667356437,6,3,0.5,0.34273504273504274,0.4111111111111111
90_day_proxy,13,91,3,2025-08-04,FRW0005,1,relative_active_persistent,52.0,1,83,0.9230769230769231,0.9999999999999967,6,5,0.8333333333333334,0.34273504273504274,0.5555555555555556
90_day_proxy,13,91,3,2025-08-04,FRW0006,1,relative_active_persistent,76.0,1,83,1.0,1.0,6,5,0.8333333333333334,0.34273504273504274,0.5555555555555556
90_day_proxy,13,91,3,2025-08-04,FRW0007,0,low_information,0.0,0,83,0.0,0.0,6,2,0.3333333333333333,0.34273504273504274,0.15020576131687244
90_day_proxy,13,91,3,2025-08-04,FRW0008,0,low_information,2.0,1,83,0.07692307692307693,0.6467415015288391,6,1,0.16666666666666666,0.34273504273504274,0.15020576131687244
90_day_proxy,13,91,3,2025-08-04,FRW0009,2,low_frequency_sparse,4.0,1,83,0.46153846153846156,0.9996801024306781,6,1,0.16666666666666666,0.34273504273504274,0.4111111111111111
90_day_proxy,13,91,3,2025-08-04,FRW0011,2,low_frequency_sparse,0.0,0,83,0.0,0.0,6,2,0.3333333333333333,0.34273504273504274,0.4111111111111111
90_day_proxy,13,91,3,2025-08-04,FRW0013,2,low_frequency_sparse,0.0,0,83,0.0,0.0,6,2,0.3333333333333333,0.34273504273504274,0.4111111111111111
90_day_proxy,13,91,3,2025-08-04,FRW0014,2,low_frequency_sparse,0.0,0,83,0.0,0.0,6,2,0.3333333333333333,0.34273504273504274,0.4111111111111111
90_day_proxy,13,91,3,2025-08-04,FRW0015,1,relative_active_persistent,0.0,0,83,0.6923076923076923,0.9999997784272707,6,5,0.8333333333333334,0.34273504273504274,0.5555555555555556
90_day_proxy,13,91,3,2025-08-04,FRW0016,2,low_frequency_sparse,0.0,0,83,0.0,0.0,6,2,0.3333333333333333,0.34273504273504274,0.4111111111111111
90_day_proxy,13,91,3,2025-08-04,FRW0017,2,low_frequency_sparse,0.0,0,83,0.0,0.0,6,1,0.16666666666666666,0.34273504273504274,0.4111111111111111
90_day_proxy,13,91,3,2025-08-04,FRW0020,2,low_frequency_sparse,0.0,0,83,0.0,0.0,6,2,0.3333333333333333,0.34273504273504274,0.4111111111111111
90_day_proxy,13,91,3,2025-08-04,FRW0021,0,low_information,0.0,0,83,0.07692307692307693,0.6467415015288391,6,4,0.6666666666666666,0.34273504273504274,0.15020576131687244
90_day_proxy,13,91,3,2025-08-04,FRW0022,0,low_information,0.0,0,83,0.0,0.0,6,3,0.5,0.34273504273504274,0.15020576131687244
90_day_proxy,13,91,3,2025-08-04,FRW0023,2,low_frequency_sparse,2.0,1,83,0.3076923076923077,0.9916075445851976,6,4,0.6666666666666666,0.34273504273504274,0.4111111111111111
90_day_proxy,13,91,3,2025-08-04,FRW0024,0,low_information,16.0,1,83,0.0,0.0,6,0,0.0,0.34273504273504274,0.15020576131687244
90_day_proxy,13,91,3,2025-08-04,FSTBY001,0,low_information,0.0,0,83,0.0,0.0,6,0,0.0,0.34273504273504274,0.15020576131687244
90_day_proxy,13,91,3,2025-08-04,FZGLS0001,0,low_information,0.0,0,83,0.0,0.0,6,0,0.0,0.34273504273504274,0.15020576131687244
90_day_proxy,13,91,3,2025-08-04,FZGLS0002,0,low_information,0.0,0,83,0.15384615384615385,0.88601667356437,6,1,0.16666666666666666,0.34273504273504274,0.15020576131687244
90_day_proxy,13,91,3,2025-08-04,FZLRICBHP0001,2,low_frequency_sparse,2.0,1,83,0.23076923076923078,0.9669830904476988,6,2,0.3333333333333333,0.34273504273504274,0.4111111111111111
90_day_proxy,13,91,3,2025-08-04,FZLRJ0001,2,low_frequency_sparse,5.0,1,83,0.7692307692307693,0.9999999947360382,6,1,0.16666666666666666,0.34273504273504274,0.4111111111111111
90_day_proxy,13,91,3,2025-08-04,FZLRJ0001double,0,low_information,0.0,0,83,0.15384615384615385,0.88601667356437,6,1,0.16666666666666666,0.34273504273504274,0.15020576131687244
90_day_proxy,13,91,3,2025-08-04,FZLRJ0002,2,low_frequency_sparse,12.0,1,83,1.0,1.0,6,2,0.3333333333333333,0.34273504273504274,0.4111111111111111
90_day_proxy,13,91,3,2025-08-04,FZLRJ0002double,2,low_frequency_sparse,0.0,0,83,0.3076923076923077,0.9916075445851976,6,2,0.3333333333333333,0.34273504273504274,0.4111111111111111
90_day_proxy,13,91,3,2025-08-04,GJMJSLW001,1,relative_active_persistent,0.0,0,83,0.0,0.0,6,2,0.3333333333333333,0.34273504273504274,0.5555555555555556
90_day_proxy,13,91,3,2025-08-04,GJMJSW001,0,low_information,0.0,0,83,0.0,0.0,6,1,0.16666666666666666,0.34273504273504274,0.15020576131687244
90_day_proxy,13,91,3,2025-08-04,GJMJWJX001,1,relative_active_persistent,115.0,1,83,1.0,1.0,6,4,0.6666666666666666,0.34273504273504274,0.5555555555555556
90_day_proxy,13,91,3,2025-08-04,GJMJWJXW001,1,relative_active_persistent,138.0,1,83,0.0,0.0,6,2,0.3333333333333333,0.34273504273504274,0.5555555555555556
90_day_proxy,13,91,3,2025-08-04,GJMUSDW001,0,low_information,0.0,0,83,0.0,0.0,6,1,0.16666666666666666,0.34273504273504274,0.15020576131687244
90_day_proxy,13,91,3,2025-08-04,HLGKSLT0001,2,low_frequency_sparse,51.0,1,83,0.5384615384615384,0.9999568776246983,6,2,0.3333333333333333,0.34273504273504274,0.4111111111111111
90_day_proxy,13,91,3,2025-08-04,HSAKSLT0001,2,low_frequency_sparse,1.0,1,83,0.3076923076923077,0.9916075445851976,6,2,0.3333333333333333,0.34273504273504274,0.4111111111111111
90_day_proxy,13,91,3,2025-08-04,HWZDSKL0001,1,relative_active_persistent,11.0,1,83,0.7692307692307693,0.9999999947360382,6,2,0.3333333333333333,0.34273504273504274,0.5555555555555556
90_day_proxy,13,91,3,2025-08-04,HWZDSKL0002,2,low_frequency_sparse,3.0,1,83,0.23076923076923078,0.9669830904476988,6,2,0.3333333333333333,0.34273504273504274,0.4111111111111111
90_day_proxy,13,91,3,2025-08-04,HZSN0001,1,relative_active_persistent,27.0,1,83,1.0,1.0,6,3,0.5,0.34273504273504274,0.5555555555555556
90_day_proxy,13,91,3,2025-08-04,JZJ00011,2,low_frequency_sparse,23.0,1,83,0.46153846153846156,0.9996801024306781,6,1,0.16666666666666666,0.34273504273504274,0.4111111111111111
90_day_proxy,13,91,3,2025-08-04,JZJ00012,1,relative_active_persistent,53.0,1,83,0.7692307692307693,0.9999999947360382,6,2,0.3333333333333333,0.34273504273504274,0.5555555555555556
90_day_proxy,13,91,3,2025-08-04,JZJ0002,1,relative_active_persistent,93.0,1,83,1.0,1.0,6,3,0.5,0.34273504273504274,0.5555555555555556
90_day_proxy,13,91,3,2025-08-04,JZJ0003,1,relative_active_persistent,214.0,1,83,1.0,1.0,6,3,0.5,0.34273504273504274,0.5555555555555556
90_day_proxy,13,91,3,2025-08-04,JZJ0004,2,low_frequency_sparse,0.0,0,83,0.6153846153846154,0.9999959696155332,6,3,0.5,0.34273504273504274,0.4111111111111111
90_day_proxy,13,91,3,2025-08-04,JZJ0005,1,relative_active_persistent,3.0,1,83,1.0,1.0,6,2,0.3333333333333333,0.34273504273504274,0.5555555555555556
90_day_proxy,13,91,3,2025-08-04,JZJ0008,1,relative_active_persistent,63.0,1,83,1.0,1.0,6,2,0.3333333333333333,0.34273504273504274,0.5555555555555556
90_day_proxy,13,91,3,2025-08-04,JZJ0009,1,relative_active_persistent,355.0,1,83,1.0,1.0,6,3,0.5,0.34273504273504274,0.5555555555555556
90_day_proxy,13,91,3,2025-08-04,JZJ0013,1,relative_active_persistent,258.0,1,83,1.0,1.0,6,4,0.6666666666666666,0.34273504273504274,0.5555555555555556
90_day_proxy,13,91,3,2025-08-04,JZJ0014,0,low_information,3.0,1,83,0.23076923076923078,0.9669830904476988,6,1,0.16666666666666666,0.34273504273504274,0.15020576131687244
90_day_proxy,13,91,3,2025-08-04,JZJ0016,1,relative_active_persistent,36.0,1,83,0.38461538461538464,0.9981848762017008,6,4,0.6666666666666666,0.34273504273504274,0.5555555555555556
90_day_proxy,13,91,3,2025-08-04,JZJ0017,0,low_information,5.0,1,83,0.23076923076923078,0.9669830904476988,6,2,0.3333333333333333,0.34273504273504274,0.15020576131687244
90_day_proxy,13,91,3,2025-08-04,JZJ0018,0,low_information,28.0,1,83,0.07692307692307693,0.6467415015288391,6,1,0.16666666666666666,0.34273504273504274,0.15020576131687244
90_day_proxy,13,91,3,2025-08-04,JZJ0019,1,relative_active_persistent,46.0,1,83,0.6923076923076923,0.9999997784272707,6,1,0.16666666666666666,0.34273504273504274,0.5555555555555556
90_day_proxy,13,91,3,2025-08-04,JZQCQ001,1,relative_active_persistent,0.0,0,83,0.3076923076923077,0.9916075445851976,6,4,0.6666666666666666,0.34273504273504274,0.5555555555555556
90_day_proxy,13,91,3,2025-08-04,JZQCQ003,1,relative_active_persistent,0.0,0,83,0.7692307692307693,0.9999999947360382,6,4,0.6666666666666666,0.34273504273504274,0.5555555555555556
90_day_proxy,13,91,3,2025-08-04,JZQCQ004,1,relative_active_persistent,0.0,0,83,0.5384615384615384,0.9999568776246983,6,3,0.5,0.34273504273504274,0.5555555555555556
90_day_proxy,13,91,3,2025-08-04,KFZ0001,2,low_frequency_sparse,1.0,1,83,0.07692307692307693,0.6467415015288391,6,3,0.5,0.34273504273504274,0.4111111111111111
90_day_proxy,13,91,3,2025-08-04,KZCWBG001,2,low_frequency_sparse,8.0,1,83,0.46153846153846156,0.9996801024306781,6,1,0.16666666666666666,0.34273504273504274,0.4111111111111111
90_day_proxy,13,91,3,2025-08-04,LRKF0001,1,relative_active_persistent,0.0,0,83,0.0,0.0,6,2,0.3333333333333333,0.34273504273504274,0.5555555555555556
90_day_proxy,13,91,3,2025-08-04,LTKF0002,2,low_frequency_sparse,0.0,0,83,0.0,0.0,6,2,0.3333333333333333,0.34273504273504274,0.4111111111111111
90_day_proxy,13,91,3,2025-08-04,LTKF0003B,0,low_information,0.0,0,83,0.0,0.0,6,1,0.16666666666666666,0.34273504273504274,0.15020576131687244
90_day_proxy,13,91,3,2025-08-04,LTKF0005A,2,low_frequency_sparse,1.0,1,83,0.38461538461538464,0.9981848762017008,6,3,0.5,0.34273504273504274,0.4111111111111111
90_day_proxy,13,91,3,2025-08-04,LTKF0006A,0,low_information,0.0,0,83,0.0,0.0,6,1,0.16666666666666666,0.34273504273504274,0.15020576131687244
90_day_proxy,13,91,3,2025-08-04,LTKF0008,2,low_frequency_sparse,0.0,0,83,0.0,0.0,6,2,0.3333333333333333,0.34273504273504274,0.4111111111111111
90_day_proxy,13,91,3,2025-08-04,LTKF0009,2,low_frequency_sparse,0.0,0,83,0.0,0.0,6,2,0.3333333333333333,0.34273504273504274,0.4111111111111111
90_day_proxy,13,91,3,2025-08-04,LTKF0010,0,low_information,0.0,0,83,0.0,0.0,6,1,0.16666666666666666,0.34273504273504274,0.15020576131687244
90_day_proxy,13,91,3,2025-08-04,LTKF0012,0,low_information,0.0,0,83,0.0,0.0,6,1,0.16666666666666666,0.34273504273504274,0.15020576131687244
90_day_proxy,13,91,3,2025-08-04,LTKF0016,0,low_information,0.0,0,83,0.0,0.0,6,1,0.16666666666666666,0.34273504273504274,0.15020576131687244
90_day_proxy,13,91,3,2025-08-04,LTKF0018A,0,low_information,0.0,0,83,0.0,0.0,6,1,0.16666666666666666,0.34273504273504274,0.15020576131687244
90_day_proxy,13,91,3,2025-08-04,LTKF0019,1,relative_active_persistent,10.0,1,83,0.5384615384615384,0.9999568776246983,6,2,0.3333333333333333,0.34273504273504274,0.5555555555555556
90_day_proxy,13,91,3,2025-08-04,LTKF0020,1,relative_active_persistent,244.0,1,83,1.0,1.0,6,3,0.5,0.34273504273504274,0.5555555555555556
90_day_proxy,13,91,3,2025-08-04,LTKF0021,1,relative_active_persistent,55.0,1,83,1.0,1.0,6,2,0.3333333333333333,0.34273504273504274,0.5555555555555556
90_day_proxy,13,91,3,2025-08-04,LTKF0022,2,low_frequency_sparse,1.0,1,83,0.6923076923076923,0.9999997784272707,6,2,0.3333333333333333,0.34273504273504274,0.4111111111111111
90_day_proxy,13,91,3,2025-08-04,LTKF0022M,2,low_frequency_sparse,40.0,1,83,0.8461538461538461,0.9999999999729525,6,2,0.3333333333333333,0.34273504273504274,0.4111111111111111
90_day_proxy,13,91,3,2025-08-04,LTKF0023,0,low_information,0.0,0,83,0.0,0.0,6,1,0.16666666666666666,0.34273504273504274,0.15020576131687244
90_day_proxy,13,91,3,2025-08-04,LTKF0024A,2,low_frequency_sparse,5.0,1,83,0.23076923076923078,0.9669830904476988,6,2,0.3333333333333333,0.34273504273504274,0.4111111111111111
90_day_proxy,13,91,3,2025-08-04,LTKF0031,1,relative_active_persistent,79.0,1,83,0.8461538461538461,0.9999999999729525,6,2,0.3333333333333333,0.34273504273504274,0.5555555555555556
90_day_proxy,13,91,3,2025-08-04,LTKF0047,2,low_frequency_sparse,1.0,1,83,0.6923076923076923,0.9999997784272707,6,2,0.3333333333333333,0.34273504273504274,0.4111111111111111
90_day_proxy,13,91,3,2025-08-04,LTKF0058,0,low_information,0.0,0,83,0.0,0.0,6,0,0.0,0.34273504273504274,0.15020576131687244
90_day_proxy,13,91,3,2025-08-04,LTKF0101,1,relative_active_persistent,81.0,1,83,0.38461538461538464,0.9981848762017008,6,2,0.3333333333333333,0.34273504273504274,0.5555555555555556
90_day_proxy,13,91,3,2025-08-04,LTKF0102,0,low_information,11.0,1,83,0.0,0.0,6,0,0.0,0.34273504273504274,0.15020576131687244
90_day_proxy,13,91,3,2025-08-04,LTKF0103,0,low_information,4.0,1,83,0.0,0.0,6,0,0.0,0.34273504273504274,0.15020576131687244
90_day_proxy,13,91,3,2025-08-04,LTKF0106,0,low_information,2.0,1,83,0.0,0.0,6,0,0.0,0.34273504273504274,0.15020576131687244
90_day_proxy,13,91,3,2025-08-04,LTKF0111,0,low_information,2.0,1,83,0.0,0.0,6,0,0.0,0.34273504273504274,0.15020576131687244
90_day_proxy,13,91,3,2025-08-04,LTKF093,0,low_information,12.0,1,83,0.3076923076923077,0.9916075445851976,6,1,0.16666666666666666,0.34273504273504274,0.15020576131687244
90_day_proxy,13,91,3,2025-08-04,LTKF098,0,low_information,85.0,1,83,0.07692307692307693,0.6467415015288391,6,1,0.16666666666666666,0.34273504273504274,0.15020576131687244
90_day_proxy,13,91,3,2025-08-04,LYC0201,0,low_information,26.0,1,83,0.15384615384615385,0.88601667356437,6,1,0.16666666666666666,0.34273504273504274,0.15020576131687244
90_day_proxy,13,91,3,2025-08-04,LYC0203,0,low_information,9.0,1,83,0.15384615384615385,0.88601667356437,6,1,0.16666666666666666,0.34273504273504274,0.15020576131687244
90_day_proxy,13,91,3,2025-08-04,NNB0002,0,low_information,2.0,1,83,0.07692307692307693,0.6467415015288391,6,1,0.16666666666666666,0.34273504273504274,0.15020576131687244
90_day_proxy,13,91,3,2025-08-04,QCCXC0004,1,relative_active_persistent,0.0,0,83,0.0,0.0,6,2,0.3333333333333333,0.34273504273504274,0.5555555555555556
90_day_proxy,13,91,3,2025-08-04,QCCXC0005,1,relative_active_persistent,28.0,1,83,0.8461538461538461,0.9999999999729525,6,3,0.5,0.34273504273504274,0.5555555555555556
90_day_proxy,13,91,3,2025-08-04,QCCXC0007,1,relative_active_persistent,34.0,1,83,1.0,1.0,6,3,0.5,0.34273504273504274,0.5555555555555556
90_day_proxy,13,91,3,2025-08-04,QCSSXC0004,0,low_information,0.0,0,83,0.0,0.0,6,2,0.3333333333333333,0.34273504273504274,0.15020576131687244
90_day_proxy,13,91,3,2025-08-04,QCSSXC0005,1,relative_active_persistent,57.0,1,83,0.5384615384615384,0.9999568776246983,6,3,0.5,0.34273504273504274,0.5555555555555556
90_day_proxy,13,91,3,2025-08-04,QCSSXC0006,1,relative_active_persistent,47.0,1,83,0.6153846153846154,0.9999959696155332,6,3,0.5,0.34273504273504274,0.5555555555555556
90_day_proxy,13,91,3,2025-08-04,QCXDS001,1,relative_active_persistent,0.0,0,83,0.07692307692307693,0.6467415015288391,6,4,0.6666666666666666,0.34273504273504274,0.5555555555555556
90_day_proxy,13,91,3,2025-08-04,QCXXC0001,2,low_frequency_sparse,2.0,1,83,0.5384615384615384,0.9999568776246983,6,3,0.5,0.34273504273504274,0.4111111111111111
90_day_proxy,13,91,3,2025-08-04,QCXXC0002,2,low_frequency_sparse,0.0,0,83,0.15384615384615385,0.88601667356437,6,3,0.5,0.34273504273504274,0.4111111111111111
90_day_proxy,13,91,3,2025-08-04,QFSJZ001-1,2,low_frequency_sparse,39.0,1,83,0.38461538461538464,0.9981848762017008,6,1,0.16666666666666666,0.34273504273504274,0.4111111111111111
90_day_proxy,13,91,3,2025-08-04,QFSJZ002-1,0,low_information,9.0,1,83,0.3076923076923077,0.9916075445851976,6,1,0.16666666666666666,0.34273504273504274,0.15020576131687244
90_day_proxy,13,91,3,2025-08-04,QFSJZ003,0,low_information,5.0,1,83,0.23076923076923078,0.9669830904476988,6,1,0.16666666666666666,0.34273504273504274,0.15020576131687244
90_day_proxy,13,91,3,2025-08-04,QFSJZ003-1,0,low_information,17.0,1,83,0.23076923076923078,0.9669830904476988,6,1,0.16666666666666666,0.34273504273504274,0.15020576131687244
90_day_proxy,13,91,3,2025-08-04,QYGZIPJ,0,low_information,3.0,1,83,0.0,0.0,6,0,0.0,0.34273504273504274,0.15020576131687244
90_day_proxy,13,91,3,2025-08-04,RLHZHMV000AMDE,1,relative_active_persistent,58.0,1,83,1.0,1.0,6,4,0.6666666666666666,0.34273504273504274,0.5555555555555556
90_day_proxy,13,91,3,2025-08-04,SLT0001,0,low_information,0.0,0,83,0.0,0.0,6,1,0.16666666666666666,0.34273504273504274,0.15020576131687244
90_day_proxy,13,91,3,2025-08-04,SLT0003,2,low_frequency_sparse,12.0,1,83,0.15384615384615385,0.88601667356437,6,2,0.3333333333333333,0.34273504273504274,0.4111111111111111
90_day_proxy,13,91,3,2025-08-04,SLT0004,0,low_information,7.0,1,83,0.07692307692307693,0.6467415015288391,6,1,0.16666666666666666,0.34273504273504274,0.15020576131687244
90_day_proxy,13,91,3,2025-08-04,SPH0001,0,low_information,30.0,1,83,0.0,0.0,6,0,0.0,0.34273504273504274,0.15020576131687244
90_day_proxy,13,91,3,2025-08-04,SRPDZS0001,0,low_information,0.0,0,83,0.3076923076923077,0.9916075445851976,6,1,0.16666666666666666,0.34273504273504274,0.15020576131687244
90_day_proxy,13,91,3,2025-08-04,SRPDZS0002,2,low_frequency_sparse,0.0,0,83,0.38461538461538464,0.9981848762017008,6,1,0.16666666666666666,0.34273504273504274,0.4111111111111111
90_day_proxy,13,91,3,2025-08-04,WSJZS0002,0,low_information,55.0,1,83,0.0,0.0,6,0,0.0,0.34273504273504274,0.15020576131687244
90_day_proxy,13,91,3,2025-08-04,WSJZS0004,0,low_information,114.0,1,83,0.0,0.0,6,0,0.0,0.34273504273504274,0.15020576131687244
90_day_proxy,13,91,3,2025-08-04,XHP0001,0,low_information,62.0,1,83,0.3076923076923077,0.9916075445851976,6,1,0.16666666666666666,0.34273504273504274,0.15020576131687244
90_day_proxy,13,91,3,2025-08-04,XHZXCZP0001,1,relative_active_persistent,115.0,1,83,1.0,1.0,6,4,0.6666666666666666,0.34273504273504274,0.5555555555555556
90_day_proxy,13,91,3,2025-08-04,XHZXCZP0002,0,low_information,19.0,1,83,0.0,0.0,6,0,0.0,0.34273504273504274,0.15020576131687244
90_day_proxy,13,91,3,2025-08-04,YBB0001,0,low_information,30.0,1,83,0.15384615384615385,0.88601667356437,6,1,0.16666666666666666,0.34273504273504274,0.15020576131687244
90_day_proxy,13,91,3,2025-08-04,YDBZ001,2,low_frequency_sparse,49.0,1,83,0.07692307692307693,0.6467415015288391,6,3,0.5,0.34273504273504274,0.4111111111111111
90_day_proxy,13,91,3,2025-08-04,YDBZ002,1,relative_active_persistent,39.0,1,83,0.15384615384615385,0.88601667356437,6,3,0.5,0.34273504273504274,0.5555555555555556
90_day_proxy,13,91,3,2025-08-04,YDBZLV0001AMDE,2,low_frequency_sparse,0.0,0,83,0.0,0.0,6,3,0.5,0.34273504273504274,0.4111111111111111
90_day_proxy,13,91,3,2025-08-04,YDBZWV0001AMDE,2,low_frequency_sparse,0.0,0,83,0.0,0.0,6,2,0.3333333333333333,0.34273504273504274,0.4111111111111111
90_day_proxy,13,91,3,2025-08-04,YJL0002,0,low_information,3.0,1,83,0.0,0.0,6,0,0.0,0.34273504273504274,0.15020576131687244
90_day_proxy,13,91,3,2025-08-04,YJLZHMV000AMDE,1,relative_active_persistent,12.0,1,83,0.8461538461538461,0.9999999999729525,6,4,0.6666666666666666,0.34273504273504274,0.5555555555555556
90_day_proxy,13,91,3,2025-08-04,YJX0022,0,low_information,0.0,0,83,0.0,0.0,6,1,0.16666666666666666,0.34273504273504274,0.15020576131687244
90_day_proxy,13,91,3,2025-08-04,YJX0023,0,low_information,0.0,0,83,0.0,0.0,6,1,0.16666666666666666,0.34273504273504274,0.15020576131687244
90_day_proxy,13,91,3,2025-08-04,YJX0024,2,low_frequency_sparse,0.0,0,83,0.07692307692307693,0.6467415015288391,6,2,0.3333333333333333,0.34273504273504274,0.4111111111111111
90_day_proxy,13,91,3,2025-08-04,YJX0025,0,low_information,2.0,1,83,0.07692307692307693,0.6467415015288391,6,2,0.3333333333333333,0.34273504273504274,0.15020576131687244
90_day_proxy,13,91,3,2025-08-04,YKLLW0004,0,low_information,0.0,0,83,0.15384615384615385,0.88601667356437,6,2,0.3333333333333333,0.34273504273504274,0.15020576131687244
90_day_proxy,13,91,3,2025-08-04,YKLLW0005,1,relative_active_persistent,0.0,0,83,0.46153846153846156,0.9996801024306781,6,2,0.3333333333333333,0.34273504273504274,0.5555555555555556
90_day_proxy,13,91,3,2025-08-04,YKLLW0006,0,low_information,0.0,0,83,0.07692307692307693,0.6467415015288391,6,2,0.3333333333333333,0.34273504273504274,0.15020576131687244
90_day_proxy,13,91,3,2025-08-04,YXBLJ0001,0,low_information,2.0,1,83,0.0,0.0,6,0,0.0,0.34273504273504274,0.15020576131687244
90_day_proxy,13,91,3,2025-08-04,ZBTZ0002,0,low_information,1.0,1,83,0.15384615384615385,0.88601667356437,6,1,0.16666666666666666,0.34273504273504274,0.15020576131687244
90_day_proxy,13,91,3,2025-08-04,ZBTZ0003,0,low_information,1.0,1,83,0.15384615384615385,0.88601667356437,6,1,0.16666666666666666,0.34273504273504274,0.15020576131687244
90_day_proxy,13,91,3,2025-08-04,ZJJSJBV001AMDE,2,low_frequency_sparse,4.0,1,83,0.15384615384615385,0.88601667356437,6,5,0.8333333333333334,0.34273504273504274,0.4111111111111111
90_day_proxy,13,91,3,2025-08-04,ZJJSJSV001AMDE,1,relative_active_persistent,0.0,0,83,0.0,0.0,6,4,0.6666666666666666,0.34273504273504274,0.5555555555555556
90_day_proxy,13,91,3,2025-08-04,ZJJYZBV001AMDE,1,relative_active_persistent,20.0,1,83,0.15384615384615385,0.88601667356437,6,5,0.8333333333333334,0.34273504273504274,0.5555555555555556
90_day_proxy,13,91,3,2025-08-04,ZJJYZSJBV1AMDE,2,low_frequency_sparse,0.0,0,83,0.0,0.0,6,4,0.6666666666666666,0.34273504273504274,0.4111111111111111
90_day_proxy,13,91,3,2025-08-04,ZJJYZSJSV1AMDE,1,relative_active_persistent,0.0,0,83,0.0,0.0,6,2,0.3333333333333333,0.34273504273504274,0.5555555555555556
90_day_proxy,13,91,3,2025-08-04,ZJJYZSJSV2AMDE,2,low_frequency_sparse,0.0,0,83,0.0,0.0,6,2,0.3333333333333333,0.34273504273504274,0.4111111111111111
90_day_proxy,13,91,3,2025-08-04,ZTD0001,0,low_information,0.0,0,83,0.0,0.0,6,0,0.0,0.34273504273504274,0.15020576131687244
90_day_proxy,13,91,3,2025-08-04,ZTD0003,0,low_information,9.0,1,83,0.0,0.0,6,0,0.0,0.34273504273504274,0.15020576131687244
90_day_proxy,13,91,4,2025-11-03,BLP0001,1,relative_active_persistent,40.0,1,96,0.6923076923076923,0.9999997784272707,7,2,0.2857142857142857,0.40285714285714286,0.47959183673469385
90_day_proxy,13,91,4,2025-11-03,BLP0002,2,low_frequency_sparse,32.0,1,96,0.6923076923076923,0.9999997784272707,7,2,0.2857142857142857,0.40285714285714286,0.4126984126984127
90_day_proxy,13,91,4,2025-11-03,BLP0003,0,low_information,10.0,1,96,0.15384615384615385,0.88601667356437,7,1,0.14285714285714285,0.40285714285714286,0.13445378151260504
90_day_proxy,13,91,4,2025-11-03,BLP0004,0,low_information,8.0,1,96,0.0,0.0,7,0,0.0,0.40285714285714286,0.13445378151260504
90_day_proxy,13,91,4,2025-11-03,CLSSLT0003,2,low_frequency_sparse,7.0,1,96,0.23076923076923078,0.9669830904476988,7,3,0.42857142857142855,0.40285714285714286,0.4126984126984127
90_day_proxy,13,91,4,2025-11-03,CLSSLT0006,2,low_frequency_sparse,8.0,1,96,0.5384615384615384,0.9999568776246983,7,2,0.2857142857142857,0.40285714285714286,0.4126984126984127
90_day_proxy,13,91,4,2025-11-03,CWW0002,1,relative_active_persistent,196.0,1,96,0.6153846153846154,0.9999959696155332,7,2,0.2857142857142857,0.40285714285714286,0.47959183673469385
90_day_proxy,13,91,4,2025-11-03,DHZXCZP0001,1,relative_active_persistent,7.0,1,96,0.7692307692307693,0.9999999947360382,7,2,0.2857142857142857,0.40285714285714286,0.47959183673469385
90_day_proxy,13,91,4,2025-11-03,DRMJJ0021,1,relative_active_persistent,6.0,1,96,0.07692307692307693,0.6467415015288391,7,2,0.2857142857142857,0.40285714285714286,0.47959183673469385
90_day_proxy,13,91,4,2025-11-03,DRMJJ0022,1,relative_active_persistent,24.0,1,96,0.3076923076923077,0.9916075445851976,7,3,0.42857142857142855,0.40285714285714286,0.47959183673469385
90_day_proxy,13,91,4,2025-11-03,DRMJJ0023,1,relative_active_persistent,64.0,1,96,0.8461538461538461,0.9999999999729525,7,3,0.42857142857142855,0.40285714285714286,0.47959183673469385
90_day_proxy,13,91,4,2025-11-03,DRMJJ0025,2,low_frequency_sparse,7.0,1,96,0.07692307692307693,0.6467415015288391,7,3,0.42857142857142855,0.40285714285714286,0.4126984126984127
90_day_proxy,13,91,4,2025-11-03,DRMJJ0026,1,relative_active_persistent,8.0,1,96,0.38461538461538464,0.9981848762017008,7,1,0.14285714285714285,0.40285714285714286,0.47959183673469385
90_day_proxy,13,91,4,2025-11-03,DRMJJ0027,1,relative_active_persistent,1.0,1,96,0.38461538461538464,0.9981848762017008,7,1,0.14285714285714285,0.40285714285714286,0.47959183673469385
90_day_proxy,13,91,4,2025-11-03,ETZP0003,1,relative_active_persistent,11.0,1,96,0.5384615384615384,0.9999568776246983,7,1,0.14285714285714285,0.40285714285714286,0.47959183673469385
90_day_proxy,13,91,4,2025-11-03,ETZP0004,2,low_frequency_sparse,19.0,1,96,0.8461538461538461,0.9999999999729525,7,2,0.2857142857142857,0.40285714285714286,0.4126984126984127
90_day_proxy,13,91,4,2025-11-03,FDBLHP0001,2,low_frequency_sparse,6.0,1,96,0.46153846153846156,0.9996801024306781,7,2,0.2857142857142857,0.40285714285714286,0.4126984126984127
90_day_proxy,13,91,4,2025-11-03,FDBLP0001,1,relative_active_persistent,15.0,1,96,0.9230769230769231,0.9999999999999967,7,3,0.42857142857142855,0.40285714285714286,0.47959183673469385
90_day_proxy,13,91,4,2025-11-03,FRC0003,1,relative_active_persistent,0.0,0,96,0.38461538461538464,0.9981848762017008,7,6,0.8571428571428571,0.40285714285714286,0.47959183673469385
90_day_proxy,13,91,4,2025-11-03,FRH0028,2,low_frequency_sparse,2.0,1,96,0.23076923076923078,0.9669830904476988,7,4,0.5714285714285714,0.40285714285714286,0.4126984126984127
90_day_proxy,13,91,4,2025-11-03,FRH0033,1,relative_active_persistent,17.0,1,96,1.0,1.0,7,7,1.0,0.40285714285714286,0.47959183673469385
90_day_proxy,13,91,4,2025-11-03,FRH0034,2,low_frequency_sparse,23.0,1,96,0.6923076923076923,0.9999997784272707,7,7,1.0,0.40285714285714286,0.4126984126984127
90_day_proxy,13,91,4,2025-11-03,FRH0043,2,low_frequency_sparse,3.0,1,96,0.38461538461538464,0.9981848762017008,7,3,0.42857142857142855,0.40285714285714286,0.4126984126984127
90_day_proxy,13,91,4,2025-11-03,FRH0044,2,low_frequency_sparse,6.0,1,96,0.3076923076923077,0.9916075445851976,7,6,0.8571428571428571,0.40285714285714286,0.4126984126984127
90_day_proxy,13,91,4,2025-11-03,FRH0046,2,low_frequency_sparse,48.0,1,96,0.6153846153846154,0.9999959696155332,7,6,0.8571428571428571,0.40285714285714286,0.4126984126984127
90_day_proxy,13,91,4,2025-11-03,FRH0048,1,relative_active_persistent,126.0,1,96,1.0,1.0,7,6,0.8571428571428571,0.40285714285714286,0.47959183673469385
90_day_proxy,13,91,4,2025-11-03,FRH0050,2,low_frequency_sparse,33.0,1,96,0.5384615384615384,0.9999568776246983,7,6,0.8571428571428571,0.40285714285714286,0.4126984126984127
90_day_proxy,13,91,4,2025-11-03,FRH0051,1,relative_active_persistent,51.0,1,96,1.0,1.0,7,6,0.8571428571428571,0.40285714285714286,0.47959183673469385
90_day_proxy,13,91,4,2025-11-03,FRH0056,1,relative_active_persistent,160.0,1,96,1.0,1.0,7,6,0.8571428571428571,0.40285714285714286,0.47959183673469385
90_day_proxy,13,91,4,2025-11-03,FRH0056-1,0,low_information,6.0,1,96,0.07692307692307693,0.6467415015288391,7,1,0.14285714285714285,0.40285714285714286,0.13445378151260504
90_day_proxy,13,91,4,2025-11-03,FRH0059,1,relative_active_persistent,14.0,1,96,0.46153846153846156,0.9996801024306781,7,5,0.7142857142857143,0.40285714285714286,0.47959183673469385
90_day_proxy,13,91,4,2025-11-03,FRH0064,1,relative_active_persistent,42.0,1,96,0.6923076923076923,0.9999997784272707,7,2,0.2857142857142857,0.40285714285714286,0.47959183673469385
90_day_proxy,13,91,4,2025-11-03,FRH0065,1,relative_active_persistent,21.0,1,96,0.46153846153846156,0.9996801024306781,7,2,0.2857142857142857,0.40285714285714286,0.47959183673469385
90_day_proxy,13,91,4,2025-11-03,FRH0068,0,low_information,23.0,1,96,0.15384615384615385,0.88601667356437,7,1,0.14285714285714285,0.40285714285714286,0.13445378151260504
90_day_proxy,13,91,4,2025-11-03,FRW0005,1,relative_active_persistent,31.0,1,96,0.9230769230769231,0.9999999999999967,7,6,0.8571428571428571,0.40285714285714286,0.47959183673469385
90_day_proxy,13,91,4,2025-11-03,FRW0006,1,relative_active_persistent,105.0,1,96,1.0,1.0,7,6,0.8571428571428571,0.40285714285714286,0.47959183673469385
90_day_proxy,13,91,4,2025-11-03,FRW0008,0,low_information,2.0,1,96,0.15384615384615385,0.88601667356437,7,2,0.2857142857142857,0.40285714285714286,0.13445378151260504
90_day_proxy,13,91,4,2025-11-03,FRW0009,2,low_frequency_sparse,6.0,1,96,0.3076923076923077,0.9916075445851976,7,2,0.2857142857142857,0.40285714285714286,0.4126984126984127
90_day_proxy,13,91,4,2025-11-03,FRW0015,1,relative_active_persistent,0.0,0,96,0.0,0.0,7,5,0.7142857142857143,0.40285714285714286,0.47959183673469385
90_day_proxy,13,91,4,2025-11-03,FRW0024,1,relative_active_persistent,14.0,1,96,0.6153846153846154,0.9999959696155332,7,1,0.14285714285714285,0.40285714285714286,0.47959183673469385
90_day_proxy,13,91,4,2025-11-03,FSTBY001,0,low_information,1.0,1,96,0.0,0.0,7,0,0.0,0.40285714285714286,0.13445378151260504
90_day_proxy,13,91,4,2025-11-03,FZGLS0001,0,low_information,2.0,1,96,0.0,0.0,7,0,0.0,0.40285714285714286,0.13445378151260504
90_day_proxy,13,91,4,2025-11-03,FZGLS0002,0,low_information,4.0,1,96,0.0,0.0,7,1,0.14285714285714285,0.40285714285714286,0.13445378151260504
90_day_proxy,13,91,4,2025-11-03,FZLRICBHP0001,1,relative_active_persistent,5.0,1,96,0.15384615384615385,0.88601667356437,7,3,0.42857142857142855,0.40285714285714286,0.47959183673469385
90_day_proxy,13,91,4,2025-11-03,FZLRJ0001,2,low_frequency_sparse,5.0,1,96,0.23076923076923078,0.9669830904476988,7,2,0.2857142857142857,0.40285714285714286,0.4126984126984127
90_day_proxy,13,91,4,2025-11-03,FZLRJ0001double,0,low_information,0.0,0,96,0.0,0.0,7,1,0.14285714285714285,0.40285714285714286,0.13445378151260504
90_day_proxy,13,91,4,2025-11-03,FZLRJ0002,1,relative_active_persistent,24.0,1,96,0.8461538461538461,0.9999999999729525,7,3,0.42857142857142855,0.40285714285714286,0.47959183673469385
90_day_proxy,13,91,4,2025-11-03,FZLRJ0002double,2,low_frequency_sparse,2.0,1,96,0.0,0.0,7,2,0.2857142857142857,0.40285714285714286,0.4126984126984127
90_day_proxy,13,91,4,2025-11-03,GJMJWJX001,1,relative_active_persistent,288.0,1,96,1.0,1.0,7,5,0.7142857142857143,0.40285714285714286,0.47959183673469385
90_day_proxy,13,91,4,2025-11-03,GJMJWJXW001,1,relative_active_persistent,475.0,1,96,0.23076923076923078,0.9669830904476988,7,3,0.42857142857142855,0.40285714285714286,0.47959183673469385
90_day_proxy,13,91,4,2025-11-03,HLGKSLT0001,1,relative_active_persistent,24.0,1,96,1.0,1.0,7,3,0.42857142857142855,0.40285714285714286,0.47959183673469385
90_day_proxy,13,91,4,2025-11-03,HWZDSKL0001,1,relative_active_persistent,0.0,0,96,0.3076923076923077,0.9916075445851976,7,3,0.42857142857142855,0.40285714285714286,0.47959183673469385
90_day_proxy,13,91,4,2025-11-03,HWZDSKL0002,2,low_frequency_sparse,1.0,1,96,0.15384615384615385,0.88601667356437,7,3,0.42857142857142855,0.40285714285714286,0.4126984126984127
90_day_proxy,13,91,4,2025-11-03,HZSN0001,1,relative_active_persistent,33.0,1,96,1.0,1.0,7,4,0.5714285714285714,0.40285714285714286,0.47959183673469385
90_day_proxy,13,91,4,2025-11-03,JZJ00011,1,relative_active_persistent,17.0,1,96,0.6923076923076923,0.9999997784272707,7,2,0.2857142857142857,0.40285714285714286,0.47959183673469385
90_day_proxy,13,91,4,2025-11-03,JZJ00012,1,relative_active_persistent,25.0,1,96,0.9230769230769231,0.9999999999999967,7,3,0.42857142857142855,0.40285714285714286,0.47959183673469385
90_day_proxy,13,91,4,2025-11-03,JZJ0002,1,relative_active_persistent,138.0,1,96,1.0,1.0,7,4,0.5714285714285714,0.40285714285714286,0.47959183673469385
90_day_proxy,13,91,4,2025-11-03,JZJ0003,1,relative_active_persistent,241.0,1,96,1.0,1.0,7,4,0.5714285714285714,0.40285714285714286,0.47959183673469385
90_day_proxy,13,91,4,2025-11-03,JZJ0009,1,relative_active_persistent,280.0,1,96,1.0,1.0,7,4,0.5714285714285714,0.40285714285714286,0.47959183673469385
90_day_proxy,13,91,4,2025-11-03,JZJ0013,1,relative_active_persistent,272.0,1,96,1.0,1.0,7,5,0.7142857142857143,0.40285714285714286,0.47959183673469385
90_day_proxy,13,91,4,2025-11-03,JZJ0014,2,low_frequency_sparse,3.0,1,96,0.15384615384615385,0.88601667356437,7,2,0.2857142857142857,0.40285714285714286,0.4126984126984127
90_day_proxy,13,91,4,2025-11-03,JZJ0016,1,relative_active_persistent,8.0,1,96,0.8461538461538461,0.9999999999729525,7,5,0.7142857142857143,0.40285714285714286,0.47959183673469385
90_day_proxy,13,91,4,2025-11-03,JZJ0017,2,low_frequency_sparse,0.0,0,96,0.3076923076923077,0.9916075445851976,7,3,0.42857142857142855,0.40285714285714286,0.4126984126984127
90_day_proxy,13,91,4,2025-11-03,JZJ0018,1,relative_active_persistent,8.0,1,96,0.6923076923076923,0.9999997784272707,7,2,0.2857142857142857,0.40285714285714286,0.47959183673469385
90_day_proxy,13,91,4,2025-11-03,JZJ0019,1,relative_active_persistent,41.0,1,96,1.0,1.0,7,2,0.2857142857142857,0.40285714285714286,0.47959183673469385
90_day_proxy,13,91,4,2025-11-03,KZCWBG001,2,low_frequency_sparse,2.0,1,96,0.46153846153846156,0.9996801024306781,7,2,0.2857142857142857,0.40285714285714286,0.4126984126984127
90_day_proxy,13,91,4,2025-11-03,LTKF0019,1,relative_active_persistent,13.0,1,96,0.46153846153846156,0.9996801024306781,7,3,0.42857142857142855,0.40285714285714286,0.47959183673469385
90_day_proxy,13,91,4,2025-11-03,LTKF0020,1,relative_active_persistent,206.0,1,96,1.0,1.0,7,4,0.5714285714285714,0.40285714285714286,0.47959183673469385
90_day_proxy,13,91,4,2025-11-03,LTKF0021,1,relative_active_persistent,32.0,1,96,0.8461538461538461,0.9999999999729525,7,3,0.42857142857142855,0.40285714285714286,0.47959183673469385
90_day_proxy,13,91,4,2025-11-03,LTKF0022M,1,relative_active_persistent,13.0,1,96,0.9230769230769231,0.9999999999999967,7,3,0.42857142857142855,0.40285714285714286,0.47959183673469385
90_day_proxy,13,91,4,2025-11-03,LTKF0031,1,relative_active_persistent,34.0,1,96,1.0,1.0,7,3,0.42857142857142855,0.40285714285714286,0.47959183673469385
90_day_proxy,13,91,4,2025-11-03,LTKF0047,1,relative_active_persistent,1.0,1,96,0.07692307692307693,0.6467415015288391,7,3,0.42857142857142855,0.40285714285714286,0.47959183673469385
90_day_proxy,13,91,4,2025-11-03,LTKF0058,0,low_information,8.0,1,96,0.0,0.0,7,0,0.0,0.40285714285714286,0.13445378151260504
90_day_proxy,13,91,4,2025-11-03,LTKF0101,1,relative_active_persistent,86.0,1,96,0.7692307692307693,0.9999999947360382,7,3,0.42857142857142855,0.40285714285714286,0.47959183673469385
90_day_proxy,13,91,4,2025-11-03,LTKF0102,1,relative_active_persistent,11.0,1,96,0.5384615384615384,0.9999568776246983,7,1,0.14285714285714285,0.40285714285714286,0.47959183673469385
90_day_proxy,13,91,4,2025-11-03,LTKF0106,0,low_information,2.0,1,96,0.07692307692307693,0.6467415015288391,7,1,0.14285714285714285,0.40285714285714286,0.13445378151260504
90_day_proxy,13,91,4,2025-11-03,LTKF0111,0,low_information,5.0,1,96,0.15384615384615385,0.88601667356437,7,1,0.14285714285714285,0.40285714285714286,0.13445378151260504
90_day_proxy,13,91,4,2025-11-03,LTKF093,2,low_frequency_sparse,13.0,1,96,0.5384615384615384,0.9999568776246983,7,2,0.2857142857142857,0.40285714285714286,0.4126984126984127
90_day_proxy,13,91,4,2025-11-03,LTKF098,1,relative_active_persistent,30.0,1,96,1.0,1.0,7,2,0.2857142857142857,0.40285714285714286,0.47959183673469385
90_day_proxy,13,91,4,2025-11-03,LYC0201,2,low_frequency_sparse,0.0,0,96,0.7692307692307693,0.9999999947360382,7,2,0.2857142857142857,0.40285714285714286,0.4126984126984127
90_day_proxy,13,91,4,2025-11-03,LYC0203,2,low_frequency_sparse,3.0,1,96,0.38461538461538464,0.9981848762017008,7,2,0.2857142857142857,0.40285714285714286,0.4126984126984127
90_day_proxy,13,91,4,2025-11-03,NNB0002,0,low_information,96.0,1,96,0.15384615384615385,0.88601667356437,7,2,0.2857142857142857,0.40285714285714286,0.13445378151260504
90_day_proxy,13,91,4,2025-11-03,QCCXC0004,1,relative_active_persistent,0.0,0,96,0.0,0.0,7,2,0.2857142857142857,0.40285714285714286,0.47959183673469385
90_day_proxy,13,91,4,2025-11-03,QFSJZ002-1,2,low_frequency_sparse,0.0,0,96,0.38461538461538464,0.9981848762017008,7,2,0.2857142857142857,0.40285714285714286,0.4126984126984127
90_day_proxy,13,91,4,2025-11-03,QFSJZ003,2,low_frequency_sparse,1.0,1,96,0.3076923076923077,0.9916075445851976,7,2,0.2857142857142857,0.40285714285714286,0.4126984126984127
90_day_proxy,13,91,4,2025-11-03,QFSJZ003-1,2,low_frequency_sparse,19.0,1,96,0.6153846153846154,0.9999959696155332,7,2,0.2857142857142857,0.40285714285714286,0.4126984126984127
90_day_proxy,13,91,4,2025-11-03,RLHZHMV000AMDE,1,relative_active_persistent,48.0,1,96,1.0,1.0,7,5,0.7142857142857143,0.40285714285714286,0.47959183673469385
90_day_proxy,13,91,4,2025-11-03,SLT0003,2,low_frequency_sparse,17.0,1,96,0.6153846153846154,0.9999959696155332,7,3,0.42857142857142855,0.40285714285714286,0.4126984126984127
90_day_proxy,13,91,4,2025-11-03,SLT0004,1,relative_active_persistent,9.0,1,96,0.3076923076923077,0.9916075445851976,7,2,0.2857142857142857,0.40285714285714286,0.47959183673469385
90_day_proxy,13,91,4,2025-11-03,XHP0001,1,relative_active_persistent,67.0,1,96,0.38461538461538464,0.9981848762017008,7,2,0.2857142857142857,0.40285714285714286,0.47959183673469385
90_day_proxy,13,91,4,2025-11-03,XHZXCZP0001,1,relative_active_persistent,32.0,1,96,1.0,1.0,7,5,0.7142857142857143,0.40285714285714286,0.47959183673469385
90_day_proxy,13,91,4,2025-11-03,XHZXCZP0002,1,relative_active_persistent,10.0,1,96,0.46153846153846156,0.9996801024306781,7,1,0.14285714285714285,0.40285714285714286,0.47959183673469385
90_day_proxy,13,91,4,2025-11-03,YDBZ001,1,relative_active_persistent,30.0,1,96,0.9230769230769231,0.9999999999999967,7,4,0.5714285714285714,0.40285714285714286,0.47959183673469385
90_day_proxy,13,91,4,2025-11-03,YDBZ002,1,relative_active_persistent,28.0,1,96,0.8461538461538461,0.9999999999729525,7,4,0.5714285714285714,0.40285714285714286,0.47959183673469385
90_day_proxy,13,91,4,2025-11-03,YJLZHMV000AMDE,1,relative_active_persistent,2.0,1,96,0.5384615384615384,0.9999568776246983,7,5,0.7142857142857143,0.40285714285714286,0.47959183673469385
90_day_proxy,13,91,4,2025-11-03,YXBLJ0001,0,low_information,15.0,1,96,0.15384615384615385,0.88601667356437,7,1,0.14285714285714285,0.40285714285714286,0.13445378151260504
90_day_proxy,13,91,4,2025-11-03,ZBTZ0002,0,low_information,1.0,1,96,0.07692307692307693,0.6467415015288391,7,2,0.2857142857142857,0.40285714285714286,0.13445378151260504
90_day_proxy,13,91,4,2025-11-03,ZBTZ0003,0,low_information,8.0,1,96,0.07692307692307693,0.6467415015288391,7,2,0.2857142857142857,0.40285714285714286,0.13445378151260504
90_day_proxy,13,91,4,2025-11-03,ZTD0001,0,low_information,21.0,1,96,0.0,0.0,7,0,0.0,0.40285714285714286,0.13445378151260504
90_day_proxy,13,91,4,2025-11-03,ZTD0003,2,low_frequency_sparse,36.0,1,96,0.5384615384615384,0.9999568776246983,7,1,0.14285714285714285,0.40285714285714286,0.4126984126984127
90_day_proxy,13,91,5,2026-02-02,BLP0001,1,relative_active_persistent,72.0,1,109,0.7692307692307693,0.9999999947360382,8,3,0.375,0.4675,0.5235507246376812
90_day_proxy,13,91,5,2026-02-02,BLP0002,1,relative_active_persistent,9.0,1,109,0.8461538461538461,0.9999999999729525,8,3,0.375,0.4675,0.5235507246376812
90_day_proxy,13,91,5,2026-02-02,BLP0003,2,low_frequency_sparse,5.0,1,109,0.6153846153846154,0.9999959696155332,8,2,0.25,0.4675,0.38
90_day_proxy,13,91,5,2026-02-02,BLP0004,0,low_information,1.0,1,109,0.3076923076923077,0.9916075445851976,8,1,0.125,0.4675,0.1875
90_day_proxy,13,91,5,2026-02-02,CLSSLT0003,2,low_frequency_sparse,2.0,1,109,0.38461538461538464,0.9981848762017008,8,4,0.5,0.4675,0.38
90_day_proxy,13,91,5,2026-02-02,CLSSLT0006,2,low_frequency_sparse,6.0,1,109,0.46153846153846156,0.9996801024306781,8,3,0.375,0.4675,0.38
90_day_proxy,13,91,5,2026-02-02,CWW0002,1,relative_active_persistent,326.0,1,109,1.0,1.0,8,3,0.375,0.4675,0.5235507246376812
90_day_proxy,13,91,5,2026-02-02,DHZXCZP0001,1,relative_active_persistent,7.0,1,109,0.3076923076923077,0.9916075445851976,8,3,0.375,0.4675,0.5235507246376812
90_day_proxy,13,91,5,2026-02-02,DRMJJ0021,1,relative_active_persistent,5.0,1,109,0.3076923076923077,0.9916075445851976,8,3,0.375,0.4675,0.5235507246376812
90_day_proxy,13,91,5,2026-02-02,DRMJJ0022,1,relative_active_persistent,18.0,1,109,0.5384615384615384,0.9999568776246983,8,4,0.5,0.4675,0.5235507246376812
90_day_proxy,13,91,5,2026-02-02,DRMJJ0023,1,relative_active_persistent,20.0,1,109,0.9230769230769231,0.9999999999999967,8,4,0.5,0.4675,0.5235507246376812
90_day_proxy,13,91,5,2026-02-02,DRMJJ0025,1,relative_active_persistent,7.0,1,109,0.3076923076923077,0.9916075445851976,8,4,0.5,0.4675,0.5235507246376812
90_day_proxy,13,91,5,2026-02-02,DRMJJ0026,2,low_frequency_sparse,4.0,1,109,0.23076923076923078,0.9669830904476988,8,2,0.25,0.4675,0.38
90_day_proxy,13,91,5,2026-02-02,DRMJJ0027,1,relative_active_persistent,0.0,0,109,0.07692307692307693,0.6467415015288391,8,2,0.25,0.4675,0.5235507246376812
90_day_proxy,13,91,5,2026-02-02,ETZP0003,1,relative_active_persistent,37.0,1,109,0.23076923076923078,0.9669830904476988,8,2,0.25,0.4675,0.5235507246376812
90_day_proxy,13,91,5,2026-02-02,ETZP0004,2,low_frequency_sparse,31.0,1,109,0.5384615384615384,0.9999568776246983,8,3,0.375,0.4675,0.38
90_day_proxy,13,91,5,2026-02-02,FDBLHP0001,1,relative_active_persistent,6.0,1,109,0.23076923076923078,0.9669830904476988,8,3,0.375,0.4675,0.5235507246376812
90_day_proxy,13,91,5,2026-02-02,FDBLP0001,1,relative_active_persistent,139.0,1,109,0.8461538461538461,0.9999999999729525,8,4,0.5,0.4675,0.5235507246376812
90_day_proxy,13,91,5,2026-02-02,FRC0003,1,relative_active_persistent,30.0,1,109,0.0,0.0,8,6,0.75,0.4675,0.5235507246376812
90_day_proxy,13,91,5,2026-02-02,FRH0028,2,low_frequency_sparse,1.0,1,109,0.07692307692307693,0.6467415015288391,8,5,0.625,0.4675,0.38
90_day_proxy,13,91,5,2026-02-02,FRH0033,1,relative_active_persistent,22.0,1,109,0.3076923076923077,0.9916075445851976,8,8,1.0,0.4675,0.5235507246376812
90_day_proxy,13,91,5,2026-02-02,FRH0034,1,relative_active_persistent,1.0,1,109,0.7692307692307693,0.9999999947360382,8,8,1.0,0.4675,0.5235507246376812
90_day_proxy,13,91,5,2026-02-02,FRH0043,2,low_frequency_sparse,3.0,1,109,0.07692307692307693,0.6467415015288391,8,4,0.5,0.4675,0.38
90_day_proxy,13,91,5,2026-02-02,FRH0044,2,low_frequency_sparse,10.0,1,109,0.3076923076923077,0.9916075445851976,8,7,0.875,0.4675,0.38
90_day_proxy,13,91,5,2026-02-02,FRH0046,1,relative_active_persistent,134.0,1,109,1.0,1.0,8,7,0.875,0.4675,0.5235507246376812
90_day_proxy,13,91,5,2026-02-02,FRH0048,1,relative_active_persistent,98.0,1,109,1.0,1.0,8,7,0.875,0.4675,0.5235507246376812
90_day_proxy,13,91,5,2026-02-02,FRH0050,1,relative_active_persistent,6.0,1,109,0.5384615384615384,0.9999568776246983,8,7,0.875,0.4675,0.5235507246376812
90_day_proxy,13,91,5,2026-02-02,FRH0051,1,relative_active_persistent,37.0,1,109,0.9230769230769231,0.9999999999999967,8,7,0.875,0.4675,0.5235507246376812
90_day_proxy,13,91,5,2026-02-02,FRH0056,1,relative_active_persistent,116.0,1,109,1.0,1.0,8,7,0.875,0.4675,0.5235507246376812
90_day_proxy,13,91,5,2026-02-02,FRH0056-1,2,low_frequency_sparse,5.0,1,109,0.38461538461538464,0.9981848762017008,8,2,0.25,0.4675,0.38
90_day_proxy,13,91,5,2026-02-02,FRH0059,1,relative_active_persistent,5.0,1,109,0.38461538461538464,0.9981848762017008,8,6,0.75,0.4675,0.5235507246376812
90_day_proxy,13,91,5,2026-02-02,FRH0064,1,relative_active_persistent,7.0,1,109,0.9230769230769231,0.9999999999999967,8,3,0.375,0.4675,0.5235507246376812
90_day_proxy,13,91,5,2026-02-02,FRH0065,1,relative_active_persistent,14.0,1,109,0.6153846153846154,0.9999959696155332,8,3,0.375,0.4675,0.5235507246376812
90_day_proxy,13,91,5,2026-02-02,FRH0068,2,low_frequency_sparse,3.0,1,109,0.7692307692307693,0.9999999947360382,8,2,0.25,0.4675,0.38
90_day_proxy,13,91,5,2026-02-02,FRW0005,1,relative_active_persistent,39.0,1,109,0.7692307692307693,0.9999999947360382,8,7,0.875,0.4675,0.5235507246376812
90_day_proxy,13,91,5,2026-02-02,FRW0006,1,relative_active_persistent,42.0,1,109,1.0,1.0,8,7,0.875,0.4675,0.5235507246376812
90_day_proxy,13,91,5,2026-02-02,FRW0008,2,low_frequency_sparse,3.0,1,109,0.15384615384615385,0.88601667356437,8,3,0.375,0.4675,0.38
90_day_proxy,13,91,5,2026-02-02,FRW0009,2,low_frequency_sparse,18.0,1,109,0.3076923076923077,0.9916075445851976,8,3,0.375,0.4675,0.38
90_day_proxy,13,91,5,2026-02-02,FRW0015,1,relative_active_persistent,97.0,1,109,0.0,0.0,8,5,0.625,0.4675,0.5235507246376812
90_day_proxy,13,91,5,2026-02-02,FRW0024,1,relative_active_persistent,44.0,1,109,0.38461538461538464,0.9981848762017008,8,2,0.25,0.4675,0.5235507246376812
90_day_proxy,13,91,5,2026-02-02,FSTBY001,0,low_information,0.0,0,109,0.07692307692307693,0.6467415015288391,8,1,0.125,0.4675,0.1875
90_day_proxy,13,91,5,2026-02-02,FZGLS0001,0,low_information,3.0,1,109,0.15384615384615385,0.88601667356437,8,1,0.125,0.4675,0.1875
90_day_proxy,13,91,5,2026-02-02,FZGLS0002,2,low_frequency_sparse,2.0,1,109,0.3076923076923077,0.9916075445851976,8,2,0.25,0.4675,0.38
90_day_proxy,13,91,5,2026-02-02,FZLRICBHP0001,1,relative_active_persistent,10.0,1,109,0.15384615384615385,0.88601667356437,8,4,0.5,0.4675,0.5235507246376812
90_day_proxy,13,91,5,2026-02-02,FZLRJ0001,1,relative_active_persistent,36.0,1,109,0.23076923076923078,0.9669830904476988,8,3,0.375,0.4675,0.5235507246376812
90_day_proxy,13,91,5,2026-02-02,FZLRJ0001double,0,low_information,1.0,1,109,0.0,0.0,8,1,0.125,0.4675,0.1875
90_day_proxy,13,91,5,2026-02-02,FZLRJ0002,1,relative_active_persistent,78.0,1,109,0.38461538461538464,0.9981848762017008,8,4,0.5,0.4675,0.5235507246376812
90_day_proxy,13,91,5,2026-02-02,FZLRJ0002double,2,low_frequency_sparse,2.0,1,109,0.15384615384615385,0.88601667356437,8,3,0.375,0.4675,0.38
90_day_proxy,13,91,5,2026-02-02,GJMJWJX001,1,relative_active_persistent,1.0,1,109,0.8461538461538461,0.9999999999729525,8,6,0.75,0.4675,0.5235507246376812
90_day_proxy,13,91,5,2026-02-02,GJMJWJXW001,1,relative_active_persistent,0.0,0,109,0.5384615384615384,0.9999568776246983,8,4,0.5,0.4675,0.5235507246376812
90_day_proxy,13,91,5,2026-02-02,HLGKSLT0001,1,relative_active_persistent,16.0,1,109,0.6153846153846154,0.9999959696155332,8,4,0.5,0.4675,0.5235507246376812
90_day_proxy,13,91,5,2026-02-02,HWZDSKL0001,1,relative_active_persistent,22.0,1,109,0.0,0.0,8,3,0.375,0.4675,0.5235507246376812
90_day_proxy,13,91,5,2026-02-02,HWZDSKL0002,1,relative_active_persistent,2.0,1,109,0.07692307692307693,0.6467415015288391,8,4,0.5,0.4675,0.5235507246376812
90_day_proxy,13,91,5,2026-02-02,HZSN0001,1,relative_active_persistent,28.0,1,109,0.8461538461538461,0.9999999999729525,8,5,0.625,0.4675,0.5235507246376812
90_day_proxy,13,91,5,2026-02-02,JZJ00011,1,relative_active_persistent,24.0,1,109,0.6923076923076923,0.9999997784272707,8,3,0.375,0.4675,0.5235507246376812
90_day_proxy,13,91,5,2026-02-02,JZJ00012,1,relative_active_persistent,21.0,1,109,0.7692307692307693,0.9999999947360382,8,4,0.5,0.4675,0.5235507246376812
90_day_proxy,13,91,5,2026-02-02,JZJ0002,1,relative_active_persistent,69.0,1,109,1.0,1.0,8,5,0.625,0.4675,0.5235507246376812
90_day_proxy,13,91,5,2026-02-02,JZJ0003,1,relative_active_persistent,129.0,1,109,1.0,1.0,8,5,0.625,0.4675,0.5235507246376812
90_day_proxy,13,91,5,2026-02-02,JZJ0009,1,relative_active_persistent,264.0,1,109,1.0,1.0,8,5,0.625,0.4675,0.5235507246376812
90_day_proxy,13,91,5,2026-02-02,JZJ0013,1,relative_active_persistent,156.0,1,109,1.0,1.0,8,6,0.75,0.4675,0.5235507246376812
90_day_proxy,13,91,5,2026-02-02,JZJ0014,2,low_frequency_sparse,0.0,0,109,0.23076923076923078,0.9669830904476988,8,3,0.375,0.4675,0.38
90_day_proxy,13,91,5,2026-02-02,JZJ0016,1,relative_active_persistent,19.0,1,109,0.9230769230769231,0.9999999999999967,8,6,0.75,0.4675,0.5235507246376812
90_day_proxy,13,91,5,2026-02-02,JZJ0017,2,low_frequency_sparse,1.0,1,109,0.0,0.0,8,3,0.375,0.4675,0.38
90_day_proxy,13,91,5,2026-02-02,JZJ0018,1,relative_active_persistent,4.0,1,109,0.46153846153846156,0.9996801024306781,8,3,0.375,0.4675,0.5235507246376812
90_day_proxy,13,91,5,2026-02-02,JZJ0019,1,relative_active_persistent,32.0,1,109,0.6153846153846154,0.9999959696155332,8,3,0.375,0.4675,0.5235507246376812
90_day_proxy,13,91,5,2026-02-02,KZCWBG001,1,relative_active_persistent,7.0,1,109,0.15384615384615385,0.88601667356437,8,3,0.375,0.4675,0.5235507246376812
90_day_proxy,13,91,5,2026-02-02,LTKF0019,1,relative_active_persistent,10.0,1,109,0.5384615384615384,0.9999568776246983,8,4,0.5,0.4675,0.5235507246376812
90_day_proxy,13,91,5,2026-02-02,LTKF0020,1,relative_active_persistent,337.0,1,109,0.9230769230769231,0.9999999999999967,8,5,0.625,0.4675,0.5235507246376812
90_day_proxy,13,91,5,2026-02-02,LTKF0021,1,relative_active_persistent,51.0,1,109,0.6923076923076923,0.9999997784272707,8,4,0.5,0.4675,0.5235507246376812
90_day_proxy,13,91,5,2026-02-02,LTKF0022M,1,relative_active_persistent,63.0,1,109,0.3076923076923077,0.9916075445851976,8,4,0.5,0.4675,0.5235507246376812
90_day_proxy,13,91,5,2026-02-02,LTKF0031,1,relative_active_persistent,9.0,1,109,0.9230769230769231,0.9999999999999967,8,4,0.5,0.4675,0.5235507246376812
90_day_proxy,13,91,5,2026-02-02,LTKF0047,1,relative_active_persistent,3.0,1,109,0.07692307692307693,0.6467415015288391,8,4,0.5,0.4675,0.5235507246376812
90_day_proxy,13,91,5,2026-02-02,LTKF0058,1,relative_active_persistent,8.0,1,109,0.38461538461538464,0.9981848762017008,8,1,0.125,0.4675,0.5235507246376812
90_day_proxy,13,91,5,2026-02-02,LTKF0101,1,relative_active_persistent,79.0,1,109,0.8461538461538461,0.9999999999729525,8,4,0.5,0.4675,0.5235507246376812
90_day_proxy,13,91,5,2026-02-02,LTKF0102,2,low_frequency_sparse,4.0,1,109,0.46153846153846156,0.9996801024306781,8,2,0.25,0.4675,0.38
90_day_proxy,13,91,5,2026-02-02,LTKF0106,0,low_information,1.0,1,109,0.07692307692307693,0.6467415015288391,8,2,0.25,0.4675,0.1875
90_day_proxy,13,91,5,2026-02-02,LTKF0111,2,low_frequency_sparse,21.0,1,109,0.3076923076923077,0.9916075445851976,8,2,0.25,0.4675,0.38
90_day_proxy,13,91,5,2026-02-02,LTKF093,2,low_frequency_sparse,25.0,1,109,0.6153846153846154,0.9999959696155332,8,3,0.375,0.4675,0.38
90_day_proxy,13,91,5,2026-02-02,LTKF098,1,relative_active_persistent,11.0,1,109,0.7692307692307693,0.9999999947360382,8,3,0.375,0.4675,0.5235507246376812
90_day_proxy,13,91,5,2026-02-02,LYC0201,1,relative_active_persistent,5.0,1,109,0.0,0.0,8,2,0.25,0.4675,0.5235507246376812
90_day_proxy,13,91,5,2026-02-02,LYC0203,2,low_frequency_sparse,1.0,1,109,0.23076923076923078,0.9669830904476988,8,3,0.375,0.4675,0.38
90_day_proxy,13,91,5,2026-02-02,NNB0002,1,relative_active_persistent,140.0,1,109,0.6923076923076923,0.9999997784272707,8,3,0.375,0.4675,0.5235507246376812
90_day_proxy,13,91,5,2026-02-02,QCCXC0004,1,relative_active_persistent,1.0,1,109,0.0,0.0,8,2,0.25,0.4675,0.5235507246376812
90_day_proxy,13,91,5,2026-02-02,QFSJZ002-1,1,relative_active_persistent,3.0,1,109,0.0,0.0,8,2,0.25,0.4675,0.5235507246376812
90_day_proxy,13,91,5,2026-02-02,QFSJZ003,2,low_frequency_sparse,0.0,0,109,0.07692307692307693,0.6467415015288391,8,3,0.375,0.4675,0.38
90_day_proxy,13,91,5,2026-02-02,QFSJZ003-1,2,low_frequency_sparse,7.0,1,109,0.6153846153846154,0.9999959696155332,8,3,0.375,0.4675,0.38
90_day_proxy,13,91,5,2026-02-02,RLHZHMV000AMDE,1,relative_active_persistent,156.0,1,109,0.8461538461538461,0.9999999999729525,8,6,0.75,0.4675,0.5235507246376812
90_day_proxy,13,91,5,2026-02-02,SLT0003,2,low_frequency_sparse,1.0,1,109,0.9230769230769231,0.9999999999999967,8,4,0.5,0.4675,0.38
90_day_proxy,13,91,5,2026-02-02,SLT0004,1,relative_active_persistent,0.0,0,109,0.38461538461538464,0.9981848762017008,8,3,0.375,0.4675,0.5235507246376812
90_day_proxy,13,91,5,2026-02-02,XHP0001,1,relative_active_persistent,594.0,1,109,0.5384615384615384,0.9999568776246983,8,3,0.375,0.4675,0.5235507246376812
90_day_proxy,13,91,5,2026-02-02,XHZXCZP0001,1,relative_active_persistent,74.0,1,109,0.9230769230769231,0.9999999999999967,8,6,0.75,0.4675,0.5235507246376812
90_day_proxy,13,91,5,2026-02-02,XHZXCZP0002,1,relative_active_persistent,37.0,1,109,0.38461538461538464,0.9981848762017008,8,2,0.25,0.4675,0.5235507246376812
90_day_proxy,13,91,5,2026-02-02,YDBZ001,1,relative_active_persistent,7.0,1,109,0.8461538461538461,0.9999999999729525,8,5,0.625,0.4675,0.5235507246376812
90_day_proxy,13,91,5,2026-02-02,YDBZ002,1,relative_active_persistent,13.0,1,109,0.9230769230769231,0.9999999999999967,8,5,0.625,0.4675,0.5235507246376812
90_day_proxy,13,91,5,2026-02-02,YJLZHMV000AMDE,1,relative_active_persistent,12.0,1,109,0.15384615384615385,0.88601667356437,8,6,0.75,0.4675,0.5235507246376812
90_day_proxy,13,91,5,2026-02-02,YXBLJ0001,2,low_frequency_sparse,1.0,1,109,0.7692307692307693,0.9999999947360382,8,2,0.25,0.4675,0.38
90_day_proxy,13,91,5,2026-02-02,ZBTZ0002,0,low_information,6.0,1,109,0.07692307692307693,0.6467415015288391,8,3,0.375,0.4675,0.1875
90_day_proxy,13,91,5,2026-02-02,ZBTZ0003,2,low_frequency_sparse,1.0,1,109,0.3076923076923077,0.9916075445851976,8,3,0.375,0.4675,0.38
90_day_proxy,13,91,5,2026-02-02,ZTD0001,1,relative_active_persistent,11.0,1,109,0.46153846153846156,0.9996801024306781,8,1,0.125,0.4675,0.5235507246376812
90_day_proxy,13,91,5,2026-02-02,ZTD0003,1,relative_active_persistent,17.0,1,109,0.46153846153846156,0.9996801024306781,8,2,0.25,0.4675,0.5235507246376812
90_day_proxy,13,91,6,2026-05-04,BLP0001,1,relative_active_persistent,110.0,1,122,1.0,1.0,9,4,0.4444444444444444,0.52,0.5717171717171717
90_day_proxy,13,91,6,2026-05-04,BLP0002,1,relative_active_persistent,29.0,1,122,0.5384615384615384,0.9999568776246983,9,4,0.4444444444444444,0.52,0.5717171717171717
90_day_proxy,13,91,6,2026-05-04,BLP0003,2,low_frequency_sparse,4.0,1,122,0.3076923076923077,0.9916075445851976,9,3,0.3333333333333333,0.52,0.4796747967479675
90_day_proxy,13,91,6,2026-05-04,BLP0004,2,low_frequency_sparse,0.0,0,122,0.07692307692307693,0.6467415015288391,9,2,0.2222222222222222,0.52,0.4796747967479675
90_day_proxy,13,91,6,2026-05-04,BLP0005,0,low_information,1.0,1,17,0.23076923076923078,0.9669830904476988,1,1,,0.52,0.2222222222222222
90_day_proxy,13,91,6,2026-05-04,BLP0007,0,low_information,1.0,1,17,0.0,0.0,1,0,,0.52,0.2222222222222222
90_day_proxy,13,91,6,2026-05-04,CFSNT008,0,low_information,13.0,1,17,0.0,0.0,1,0,,0.52,0.2222222222222222
90_day_proxy,13,91,6,2026-05-04,CLSSLT0003,2,low_frequency_sparse,8.0,1,122,0.15384615384615385,0.88601667356437,9,5,0.5555555555555556,0.52,0.4796747967479675
90_day_proxy,13,91,6,2026-05-04,CLSSLT0006,2,low_frequency_sparse,8.0,1,122,0.23076923076923078,0.9669830904476988,9,4,0.4444444444444444,0.52,0.4796747967479675
90_day_proxy,13,91,6,2026-05-04,CWW0002,1,relative_active_persistent,102.0,1,122,1.0,1.0,9,4,0.4444444444444444,0.52,0.5717171717171717
90_day_proxy,13,91,6,2026-05-04,DHZXCZP0001,1,relative_active_persistent,20.0,1,122,0.38461538461538464,0.9981848762017008,9,4,0.4444444444444444,0.52,0.5717171717171717
90_day_proxy,13,91,6,2026-05-04,DRMJJ0021,2,low_frequency_sparse,1.0,1,122,0.23076923076923078,0.9669830904476988,9,4,0.4444444444444444,0.52,0.4796747967479675
90_day_proxy,13,91,6,2026-05-04,DRMJJ0022,1,relative_active_persistent,12.0,1,122,0.8461538461538461,0.9999999999729525,9,5,0.5555555555555556,0.52,0.5717171717171717
90_day_proxy,13,91,6,2026-05-04,DRMJJ0023,1,relative_active_persistent,20.0,1,122,0.7692307692307693,0.9999999947360382,9,5,0.5555555555555556,0.52,0.5717171717171717
90_day_proxy,13,91,6,2026-05-04,DRMJJ0025,2,low_frequency_sparse,6.0,1,122,0.3076923076923077,0.9916075445851976,9,5,0.5555555555555556,0.52,0.4796747967479675
90_day_proxy,13,91,6,2026-05-04,DRMJJ0026,2,low_frequency_sparse,3.0,1,122,0.3076923076923077,0.9916075445851976,9,3,0.3333333333333333,0.52,0.4796747967479675
90_day_proxy,13,91,6,2026-05-04,DRMJJ0027,2,low_frequency_sparse,4.0,1,122,0.0,0.0,9,2,0.2222222222222222,0.52,0.4796747967479675
90_day_proxy,13,91,6,2026-05-04,DRMJJ0038,2,low_frequency_sparse,2.0,1,17,0.38461538461538464,0.9981848762017008,1,1,,0.52,0.4796747967479675
90_day_proxy,13,91,6,2026-05-04,DRMJJ0039,2,low_frequency_sparse,0.0,0,17,0.38461538461538464,0.9981848762017008,1,1,,0.52,0.4796747967479675
90_day_proxy,13,91,6,2026-05-04,ETZP0003,1,relative_active_persistent,9.0,1,122,0.46153846153846156,0.9996801024306781,9,3,0.3333333333333333,0.52,0.5717171717171717
90_day_proxy,13,91,6,2026-05-04,ETZP0004,1,relative_active_persistent,6.0,1,122,0.46153846153846156,0.9996801024306781,9,4,0.4444444444444444,0.52,0.5717171717171717
90_day_proxy,13,91,6,2026-05-04,FDBLHP0001,2,low_frequency_sparse,7.0,1,122,0.23076923076923078,0.9669830904476988,9,4,0.4444444444444444,0.52,0.4796747967479675
90_day_proxy,13,91,6,2026-05-04,FDBLP0001,1,relative_active_persistent,104.0,1,122,0.6153846153846154,0.9999959696155332,9,5,0.5555555555555556,0.52,0.5717171717171717
90_day_proxy,13,91,6,2026-05-04,FRC0003,2,low_frequency_sparse,26.0,1,122,0.6153846153846154,0.9999959696155332,9,7,0.7777777777777778,0.52,0.4796747967479675
90_day_proxy,13,91,6,2026-05-04,FRH0028,2,low_frequency_sparse,3.0,1,122,0.07692307692307693,0.6467415015288391,9,6,0.6666666666666666,0.52,0.4796747967479675
90_day_proxy,13,91,6,2026-05-04,FRH0033,2,low_frequency_sparse,27.0,1,122,0.5384615384615384,0.9999568776246983,9,9,1.0,0.52,0.4796747967479675
90_day_proxy,13,91,6,2026-05-04,FRH0034,2,low_frequency_sparse,0.0,0,122,0.07692307692307693,0.6467415015288391,9,9,1.0,0.52,0.4796747967479675
90_day_proxy,13,91,6,2026-05-04,FRH0043,2,low_frequency_sparse,0.0,0,122,0.15384615384615385,0.88601667356437,9,5,0.5555555555555556,0.52,0.4796747967479675
90_day_proxy,13,91,6,2026-05-04,FRH0044,2,low_frequency_sparse,1.0,1,122,0.6153846153846154,0.9999959696155332,9,8,0.8888888888888888,0.52,0.4796747967479675
90_day_proxy,13,91,6,2026-05-04,FRH0046,1,relative_active_persistent,40.0,1,122,1.0,1.0,9,8,0.8888888888888888,0.52,0.5717171717171717
90_day_proxy,13,91,6,2026-05-04,FRH0048,1,relative_active_persistent,59.0,1,122,1.0,1.0,9,8,0.8888888888888888,0.52,0.5717171717171717
90_day_proxy,13,91,6,2026-05-04,FRH0050,2,low_frequency_sparse,0.0,0,122,0.3076923076923077,0.9916075445851976,9,8,0.8888888888888888,0.52,0.4796747967479675
90_day_proxy,13,91,6,2026-05-04,FRH0051,1,relative_active_persistent,38.0,1,122,1.0,1.0,9,8,0.8888888888888888,0.52,0.5717171717171717
90_day_proxy,13,91,6,2026-05-04,FRH0056,1,relative_active_persistent,127.0,1,122,1.0,1.0,9,8,0.8888888888888888,0.52,0.5717171717171717
90_day_proxy,13,91,6,2026-05-04,FRH0056-1,2,low_frequency_sparse,2.0,1,122,0.23076923076923078,0.9669830904476988,9,3,0.3333333333333333,0.52,0.4796747967479675
90_day_proxy,13,91,6,2026-05-04,FRH0059,1,relative_active_persistent,20.0,1,122,0.3076923076923077,0.9916075445851976,9,7,0.7777777777777778,0.52,0.5717171717171717
90_day_proxy,13,91,6,2026-05-04,FRH0064,1,relative_active_persistent,8.0,1,122,0.38461538461538464,0.9981848762017008,9,4,0.4444444444444444,0.52,0.5717171717171717
90_day_proxy,13,91,6,2026-05-04,FRH0065,1,relative_active_persistent,8.0,1,122,0.6923076923076923,0.9999997784272707,9,4,0.4444444444444444,0.52,0.5717171717171717
90_day_proxy,13,91,6,2026-05-04,FRH0068,2,low_frequency_sparse,0.0,0,122,0.15384615384615385,0.88601667356437,9,3,0.3333333333333333,0.52,0.4796747967479675
90_day_proxy,13,91,6,2026-05-04,FRW00023,0,low_information,9.0,1,17,0.0,0.0,1,0,,0.52,0.2222222222222222
90_day_proxy,13,91,6,2026-05-04,FRW0005,1,relative_active_persistent,30.0,1,122,1.0,1.0,9,8,0.8888888888888888,0.52,0.5717171717171717
90_day_proxy,13,91,6,2026-05-04,FRW0006,1,relative_active_persistent,11.0,1,122,0.8461538461538461,0.9999999999729525,9,8,0.8888888888888888,0.52,0.5717171717171717
90_day_proxy,13,91,6,2026-05-04,FRW0008,2,low_frequency_sparse,10.0,1,122,0.15384615384615385,0.88601667356437,9,4,0.4444444444444444,0.52,0.4796747967479675
90_day_proxy,13,91,6,2026-05-04,FRW0009,2,low_frequency_sparse,8.0,1,122,0.6153846153846154,0.9999959696155332,9,4,0.4444444444444444,0.52,0.4796747967479675
90_day_proxy,13,91,6,2026-05-04,FRW0015,1,relative_active_persistent,122.0,1,122,0.38461538461538464,0.9981848762017008,9,6,0.6666666666666666,0.52,0.5717171717171717
90_day_proxy,13,91,6,2026-05-04,FRW0024,1,relative_active_persistent,17.0,1,122,0.6923076923076923,0.9999997784272707,9,3,0.3333333333333333,0.52,0.5717171717171717
90_day_proxy,13,91,6,2026-05-04,FRW0025,0,low_information,5.0,1,17,0.15384615384615385,0.88601667356437,1,1,,0.52,0.2222222222222222
90_day_proxy,13,91,6,2026-05-04,FSTBY001,0,low_information,8.0,1,122,0.0,0.0,9,1,0.1111111111111111,0.52,0.2222222222222222
90_day_proxy,13,91,6,2026-05-04,FZGLS0001,0,low_information,2.0,1,122,0.15384615384615385,0.88601667356437,9,2,0.2222222222222222,0.52,0.2222222222222222
90_day_proxy,13,91,6,2026-05-04,FZGLS0002,2,low_frequency_sparse,0.0,0,122,0.15384615384615385,0.88601667356437,9,3,0.3333333333333333,0.52,0.4796747967479675
90_day_proxy,13,91,6,2026-05-04,FZLRICBHP0001,1,relative_active_persistent,10.0,1,122,0.15384615384615385,0.88601667356437,9,5,0.5555555555555556,0.52,0.5717171717171717
90_day_proxy,13,91,6,2026-05-04,FZLRJ0001,1,relative_active_persistent,18.0,1,122,0.6923076923076923,0.9999997784272707,9,4,0.4444444444444444,0.52,0.5717171717171717
90_day_proxy,13,91,6,2026-05-04,FZLRJ0001double,0,low_information,2.0,1,122,0.07692307692307693,0.6467415015288391,9,2,0.2222222222222222,0.52,0.2222222222222222
90_day_proxy,13,91,6,2026-05-04,FZLRJ0002,1,relative_active_persistent,109.0,1,122,0.9230769230769231,0.9999999999999967,9,5,0.5555555555555556,0.52,0.5717171717171717
90_day_proxy,13,91,6,2026-05-04,FZLRJ0002double,2,low_frequency_sparse,9.0,1,122,0.07692307692307693,0.6467415015288391,9,4,0.4444444444444444,0.52,0.4796747967479675
90_day_proxy,13,91,6,2026-05-04,FZLRJ0005,0,low_information,21.0,1,17,0.0,0.0,1,0,,0.52,0.2222222222222222
90_day_proxy,13,91,6,2026-05-04,GJMJWJX001,1,relative_active_persistent,0.0,0,122,0.07692307692307693,0.6467415015288391,9,7,0.7777777777777778,0.52,0.5717171717171717
90_day_proxy,13,91,6,2026-05-04,GJMJWJXW001,1,relative_active_persistent,0.0,0,122,0.0,0.0,9,4,0.4444444444444444,0.52,0.5717171717171717
90_day_proxy,13,91,6,2026-05-04,HLGKSLT0001,1,relative_active_persistent,16.0,1,122,0.6923076923076923,0.9999997784272707,9,5,0.5555555555555556,0.52,0.5717171717171717
90_day_proxy,13,91,6,2026-05-04,HWZDSKL0001,1,relative_active_persistent,45.0,1,122,0.38461538461538464,0.9981848762017008,9,4,0.4444444444444444,0.52,0.5717171717171717
90_day_proxy,13,91,6,2026-05-04,HWZDSKL0002,2,low_frequency_sparse,0.0,0,122,0.07692307692307693,0.6467415015288391,9,5,0.5555555555555556,0.52,0.4796747967479675
90_day_proxy,13,91,6,2026-05-04,HZSN0001,1,relative_active_persistent,39.0,1,122,0.8461538461538461,0.9999999999729525,9,6,0.6666666666666666,0.52,0.5717171717171717
90_day_proxy,13,91,6,2026-05-04,JZJ00011,1,relative_active_persistent,4.0,1,122,0.6923076923076923,0.9999997784272707,9,4,0.4444444444444444,0.52,0.5717171717171717
90_day_proxy,13,91,6,2026-05-04,JZJ00012,1,relative_active_persistent,27.0,1,122,0.7692307692307693,0.9999999947360382,9,5,0.5555555555555556,0.52,0.5717171717171717
90_day_proxy,13,91,6,2026-05-04,JZJ0002,1,relative_active_persistent,138.0,1,122,1.0,1.0,9,6,0.6666666666666666,0.52,0.5717171717171717
90_day_proxy,13,91,6,2026-05-04,JZJ0003,1,relative_active_persistent,138.0,1,122,1.0,1.0,9,6,0.6666666666666666,0.52,0.5717171717171717
90_day_proxy,13,91,6,2026-05-04,JZJ0009,1,relative_active_persistent,356.0,1,122,1.0,1.0,9,6,0.6666666666666666,0.52,0.5717171717171717
90_day_proxy,13,91,6,2026-05-04,JZJ0013,1,relative_active_persistent,154.0,1,122,1.0,1.0,9,7,0.7777777777777778,0.52,0.5717171717171717
90_day_proxy,13,91,6,2026-05-04,JZJ0014,2,low_frequency_sparse,2.0,1,122,0.0,0.0,9,3,0.3333333333333333,0.52,0.4796747967479675
90_day_proxy,13,91,6,2026-05-04,JZJ0016,2,low_frequency_sparse,40.0,1,122,0.6923076923076923,0.9999997784272707,9,7,0.7777777777777778,0.52,0.4796747967479675
90_day_proxy,13,91,6,2026-05-04,JZJ0017,2,low_frequency_sparse,10.0,1,122,0.07692307692307693,0.6467415015288391,9,4,0.4444444444444444,0.52,0.4796747967479675
90_day_proxy,13,91,6,2026-05-04,JZJ0018,1,relative_active_persistent,5.0,1,122,0.15384615384615385,0.88601667356437,9,4,0.4444444444444444,0.52,0.5717171717171717
90_day_proxy,13,91,6,2026-05-04,JZJ0019,1,relative_active_persistent,42.0,1,122,0.8461538461538461,0.9999999999729525,9,4,0.4444444444444444,0.52,0.5717171717171717
90_day_proxy,13,91,6,2026-05-04,KFYFQ51mm,2,low_frequency_sparse,54.0,1,17,0.8461538461538461,0.9999999999729525,1,1,,0.52,0.4796747967479675
90_day_proxy,13,91,6,2026-05-04,KFYFQ54mm,1,relative_active_persistent,75.0,1,17,0.5384615384615384,0.9999568776246983,1,1,,0.52,0.5717171717171717
90_day_proxy,13,91,6,2026-05-04,KFYFQ58mm,2,low_frequency_sparse,127.0,1,17,1.0,1.0,1,1,,0.52,0.4796747967479675
90_day_proxy,13,91,6,2026-05-04,KZCWBG001,2,low_frequency_sparse,34.0,1,122,0.46153846153846156,0.9996801024306781,9,4,0.4444444444444444,0.52,0.4796747967479675
90_day_proxy,13,91,6,2026-05-04,LTKF0019,1,relative_active_persistent,4.0,1,122,0.5384615384615384,0.9999568776246983,9,5,0.5555555555555556,0.52,0.5717171717171717
90_day_proxy,13,91,6,2026-05-04,LTKF0020,1,relative_active_persistent,301.0,1,122,1.0,1.0,9,6,0.6666666666666666,0.52,0.5717171717171717
90_day_proxy,13,91,6,2026-05-04,LTKF0021,1,relative_active_persistent,21.0,1,122,1.0,1.0,9,5,0.5555555555555556,0.52,0.5717171717171717
90_day_proxy,13,91,6,2026-05-04,LTKF0022M,1,relative_active_persistent,24.0,1,122,0.9230769230769231,0.9999999999999967,9,5,0.5555555555555556,0.52,0.5717171717171717
90_day_proxy,13,91,6,2026-05-04,LTKF0031,1,relative_active_persistent,34.0,1,122,0.6923076923076923,0.9999997784272707,9,5,0.5555555555555556,0.52,0.5717171717171717
90_day_proxy,13,91,6,2026-05-04,LTKF0047,1,relative_active_persistent,21.0,1,122,0.15384615384615385,0.88601667356437,9,5,0.5555555555555556,0.52,0.5717171717171717
90_day_proxy,13,91,6,2026-05-04,LTKF0058,2,low_frequency_sparse,2.0,1,122,0.38461538461538464,0.9981848762017008,9,2,0.2222222222222222,0.52,0.4796747967479675
90_day_proxy,13,91,6,2026-05-04,LTKF0101,1,relative_active_persistent,101.0,1,122,0.6153846153846154,0.9999959696155332,9,5,0.5555555555555556,0.52,0.5717171717171717
90_day_proxy,13,91,6,2026-05-04,LTKF0102,2,low_frequency_sparse,2.0,1,122,0.15384615384615385,0.88601667356437,9,3,0.3333333333333333,0.52,0.4796747967479675
90_day_proxy,13,91,6,2026-05-04,LTKF0106,0,low_information,2.0,1,122,0.07692307692307693,0.6467415015288391,9,3,0.3333333333333333,0.52,0.2222222222222222
90_day_proxy,13,91,6,2026-05-04,LTKF0111,2,low_frequency_sparse,12.0,1,122,0.6923076923076923,0.9999997784272707,9,3,0.3333333333333333,0.52,0.4796747967479675
90_day_proxy,13,91,6,2026-05-04,LTKF093,1,relative_active_persistent,25.0,1,122,0.46153846153846156,0.9996801024306781,9,4,0.4444444444444444,0.52,0.5717171717171717
90_day_proxy,13,91,6,2026-05-04,LTKF098,1,relative_active_persistent,47.0,1,122,0.3076923076923077,0.9916075445851976,9,4,0.4444444444444444,0.52,0.5717171717171717
90_day_proxy,13,91,6,2026-05-04,LTKF098B,2,low_frequency_sparse,21.0,1,17,0.8461538461538461,0.9999999999729525,1,1,,0.52,0.4796747967479675
90_day_proxy,13,91,6,2026-05-04,LYC0201,2,low_frequency_sparse,54.0,1,122,0.3076923076923077,0.9916075445851976,9,3,0.3333333333333333,0.52,0.4796747967479675
90_day_proxy,13,91,6,2026-05-04,LYC0203,2,low_frequency_sparse,9.0,1,122,0.07692307692307693,0.6467415015288391,9,4,0.4444444444444444,0.52,0.4796747967479675
90_day_proxy,13,91,6,2026-05-04,NNB0002,1,relative_active_persistent,0.0,0,122,1.0,1.0,9,4,0.4444444444444444,0.52,0.5717171717171717
90_day_proxy,13,91,6,2026-05-04,NNBZL01,1,relative_active_persistent,2.0,1,17,0.5384615384615384,0.9999568776246983,1,1,,0.52,0.5717171717171717
90_day_proxy,13,91,6,2026-05-04,QCCXC0004,1,relative_active_persistent,0.0,0,122,0.07692307692307693,0.6467415015288391,9,3,0.3333333333333333,0.52,0.5717171717171717
90_day_proxy,13,91,6,2026-05-04,QFDNZGJK001,2,low_frequency_sparse,0.0,0,17,0.6153846153846154,0.9999959696155332,1,1,,0.52,0.4796747967479675
90_day_proxy,13,91,6,2026-05-04,QFDNZGJK002,2,low_frequency_sparse,2.0,1,17,0.8461538461538461,0.9999999999729525,1,1,,0.52,0.4796747967479675
90_day_proxy,13,91,6,2026-05-04,QFSJZ002-1,2,low_frequency_sparse,0.0,0,122,0.15384615384615385,0.88601667356437,9,3,0.3333333333333333,0.52,0.4796747967479675
90_day_proxy,13,91,6,2026-05-04,QFSJZ003,2,low_frequency_sparse,1.0,1,122,0.0,0.0,9,3,0.3333333333333333,0.52,0.4796747967479675
90_day_proxy,13,91,6,2026-05-04,QFSJZ003-1,2,low_frequency_sparse,0.0,0,122,0.15384615384615385,0.88601667356437,9,4,0.4444444444444444,0.52,0.4796747967479675
90_day_proxy,13,91,6,2026-05-04,QFYF001,0,low_information,3.0,1,17,0.0,0.0,1,0,,0.52,0.2222222222222222
90_day_proxy,13,91,6,2026-05-04,RLHZHMV000AMDE,1,relative_active_persistent,81.0,1,122,1.0,1.0,9,7,0.7777777777777778,0.52,0.5717171717171717
90_day_proxy,13,91,6,2026-05-04,SKZ2FT01,0,low_information,33.0,1,17,0.0,0.0,1,0,,0.52,0.2222222222222222
90_day_proxy,13,91,6,2026-05-04,SKZ3FT01,0,low_information,60.0,1,17,0.0,0.0,1,0,,0.52,0.2222222222222222
90_day_proxy,13,91,6,2026-05-04,SLT0003,2,low_frequency_sparse,0.0,0,122,0.07692307692307693,0.6467415015288391,9,5,0.5555555555555556,0.52,0.4796747967479675
90_day_proxy,13,91,6,2026-05-04,SLT0004,2,low_frequency_sparse,0.0,0,122,0.0,0.0,9,3,0.3333333333333333,0.52,0.4796747967479675
90_day_proxy,13,91,6,2026-05-04,TTNX0002,0,low_information,2.0,1,17,0.0,0.0,1,0,,0.52,0.2222222222222222
90_day_proxy,13,91,6,2026-05-04,XFTW0001,0,low_information,19.0,1,17,0.23076923076923078,0.9669830904476988,1,1,,0.52,0.2222222222222222
90_day_proxy,13,91,6,2026-05-04,XGX9992,0,low_information,10.0,1,17,0.0,0.0,1,0,,0.52,0.2222222222222222
90_day_proxy,13,91,6,2026-05-04,XGX9993,0,low_information,12.0,1,17,0.0,0.0,1,0,,0.52,0.2222222222222222
90_day_proxy,13,91,6,2026-05-04,XGX9994,0,low_information,15.0,1,17,0.0,0.0,1,0,,0.52,0.2222222222222222
90_day_proxy,13,91,6,2026-05-04,XGX9995,0,low_information,16.0,1,17,0.0,0.0,1,0,,0.52,0.2222222222222222
90_day_proxy,13,91,6,2026-05-04,XGX99990,0,low_information,4.0,1,17,0.0,0.0,1,0,,0.52,0.2222222222222222
90_day_proxy,13,91,6,2026-05-04,XGX99991,0,low_information,4.0,1,17,0.0,0.0,1,0,,0.52,0.2222222222222222
90_day_proxy,13,91,6,2026-05-04,XGX99992,0,low_information,6.0,1,17,0.0,0.0,1,0,,0.52,0.2222222222222222
90_day_proxy,13,91,6,2026-05-04,XGX99993,0,low_information,12.0,1,17,0.0,0.0,1,0,,0.52,0.2222222222222222
90_day_proxy,13,91,6,2026-05-04,XHP0001,1,relative_active_persistent,603.0,1,122,0.8461538461538461,0.9999999999729525,9,4,0.4444444444444444,0.52,0.5717171717171717
90_day_proxy,13,91,6,2026-05-04,XHZXCZP0001,1,relative_active_persistent,138.0,1,122,1.0,1.0,9,7,0.7777777777777778,0.52,0.5717171717171717
90_day_proxy,13,91,6,2026-05-04,XHZXCZP0002,1,relative_active_persistent,62.0,1,122,0.9230769230769231,0.9999999999999967,9,3,0.3333333333333333,0.52,0.5717171717171717
90_day_proxy,13,91,6,2026-05-04,XMJ0001,0,low_information,3.0,1,17,0.15384615384615385,0.88601667356437,1,1,,0.52,0.2222222222222222
90_day_proxy,13,91,6,2026-05-04,XMJ0004,0,low_information,71.0,1,17,0.3076923076923077,0.9916075445851976,1,1,,0.52,0.2222222222222222
90_day_proxy,13,91,6,2026-05-04,XMSH0001,1,relative_active_persistent,68.0,1,17,0.38461538461538464,0.9981848762017008,1,1,,0.52,0.5717171717171717
90_day_proxy,13,91,6,2026-05-04,XXGP0002,1,relative_active_persistent,2.0,1,17,0.46153846153846156,0.9996801024306781,1,1,,0.52,0.5717171717171717
90_day_proxy,13,91,6,2026-05-04,XYJ0001,1,relative_active_persistent,24.0,1,17,0.6153846153846154,0.9999959696155332,1,1,,0.52,0.5717171717171717
90_day_proxy,13,91,6,2026-05-04,XYMGPD0001,1,relative_active_persistent,4.0,1,17,0.6153846153846154,0.9999959696155332,1,1,,0.52,0.5717171717171717
90_day_proxy,13,91,6,2026-05-04,XYMGPD0002,2,low_frequency_sparse,1.0,1,17,0.7692307692307693,0.9999999947360382,1,1,,0.52,0.4796747967479675
90_day_proxy,13,91,6,2026-05-04,XYMLRY00001,2,low_frequency_sparse,14.0,1,17,0.46153846153846156,0.9996801024306781,1,1,,0.52,0.4796747967479675
90_day_proxy,13,91,6,2026-05-04,XYMZD0017,0,low_information,24.0,1,17,0.0,0.0,1,0,,0.52,0.2222222222222222
90_day_proxy,13,91,6,2026-05-04,XYMZG0016,0,low_information,37.0,1,17,0.0,0.0,1,0,,0.52,0.2222222222222222
90_day_proxy,13,91,6,2026-05-04,YDBZ001,1,relative_active_persistent,6.0,1,122,0.3076923076923077,0.9916075445851976,9,6,0.6666666666666666,0.52,0.5717171717171717
90_day_proxy,13,91,6,2026-05-04,YDBZ002,1,relative_active_persistent,0.0,0,122,0.23076923076923078,0.9669830904476988,9,6,0.6666666666666666,0.52,0.5717171717171717
90_day_proxy,13,91,6,2026-05-04,YEC0009,1,relative_active_persistent,3.0,1,17,0.6153846153846154,0.9999959696155332,1,1,,0.52,0.5717171717171717
90_day_proxy,13,91,6,2026-05-04,YJLZHMV000AMDE,2,low_frequency_sparse,12.0,1,122,0.6923076923076923,0.9999997784272707,9,7,0.7777777777777778,0.52,0.4796747967479675
90_day_proxy,13,91,6,2026-05-04,YXBLJ0001,2,low_frequency_sparse,6.0,1,122,0.07692307692307693,0.6467415015288391,9,3,0.3333333333333333,0.52,0.4796747967479675
90_day_proxy,13,91,6,2026-05-04,ZBTZ0002,1,relative_active_persistent,12.0,1,122,0.3076923076923077,0.9916075445851976,9,4,0.4444444444444444,0.52,0.5717171717171717
90_day_proxy,13,91,6,2026-05-04,ZBTZ0003,2,low_frequency_sparse,2.0,1,122,0.07692307692307693,0.6467415015288391,9,4,0.4444444444444444,0.52,0.4796747967479675
90_day_proxy,13,91,6,2026-05-04,ZTD0001,2,low_frequency_sparse,46.0,1,122,0.3076923076923077,0.9916075445851976,9,2,0.2222222222222222,0.52,0.4796747967479675
90_day_proxy,13,91,6,2026-05-04,ZTD0003,1,relative_active_persistent,8.0,1,122,0.9230769230769231,0.9999999999999967,9,3,0.3333333333333333,0.52,0.5717171717171717
90_day_proxy,13,91,6,2026-05-04,ZTD0004,0,low_information,5.0,1,17,0.0,0.0,1,0,,0.52,0.2222222222222222
90_day_proxy,13,91,6,2026-05-04,xgx0013,0,low_information,19.0,1,17,0.07692307692307693,0.6467415015288391,1,1,,0.52,0.2222222222222222
90_day_proxy,13,91,6,2026-05-04,xgx0014,2,low_frequency_sparse,28.0,1,17,0.46153846153846156,0.9996801024306781,1,1,,0.52,0.4796747967479675
90_day_proxy,13,91,6,2026-05-04,xgx0015,2,low_frequency_sparse,35.0,1,17,0.6923076923076923,0.9999997784272707,1,1,,0.52,0.4796747967479675
90_day_proxy,13,91,6,2026-05-04,xgx0016,2,low_frequency_sparse,38.0,1,17,1.0,1.0,1,1,,0.52,0.4796747967479675
90_day_proxy,13,91,6,2026-05-04,xymzd0015,1,relative_active_persistent,54.0,1,17,0.23076923076923078,0.9669830904476988,1,1,,0.52,0.5717171717171717
90_day_proxy,13,91,6,2026-05-04,xymzd0016,0,low_information,13.0,1,17,0.0,0.0,1,0,,0.52,0.2222222222222222
90_day_proxy,13,91,6,2026-05-04,zxy0002,0,low_information,5.0,1,17,0.0,0.0,1,0,,0.52,0.2222222222222222
