origin_index,origin,sku,cluster,demand_profile,model,mase_scale,ses_alpha,adida_ses_alpha,sba_alpha,mase,mae,wape,bias_units,bias_ratio,actual_sum,forecast_sum,abs_error_sum,signed_error_sum,pool_profile,pool_eligible
1,2025-09-01,BLP0001,0,low_information,SBA,0.4186046511627907,0.1539289405783833,0.0915851361811491,0.615911287740517,15.767978256660289,6.600549037671749,0.8800732050228999,-6.2010980753434986,-0.8268130767124665,60.0,10.391215397252004,52.804392301374,-49.60878460274799,low_information,False
1,2025-09-01,BLP0002,0,low_information,SBA,0.0697674418604651,0.3048297157272239,0.999999970046711,0.999999970046711,25.083333279667027,1.749999996255839,0.9333333313364476,-1.3749999850233556,-0.7333333253457897,15.0,4.000000119813156,13.999999970046712,-10.999999880186843,low_information,False
1,2025-09-01,CLSSLT0003,2,cluster_2,SBA,0.1627906976744186,0.8945959352431475,0.2935873775932375,0.4321821565548562,3.099778198945408,0.5046150556422757,1.3456401483794018,-0.1157698887154485,-0.3087197032411961,3.0,2.073840890276412,4.036920445138206,-0.9261591097235884,highly_intermittent,True
1,2025-09-01,CLSSLT0006,2,cluster_2,SBA,0.1860465116279069,0.3176681202355683,0.677540416680424,0.999999970046711,6.046875020124868,1.1250000037441614,1.1250000037441614,0.5000000149766453,0.5000000149766453,8.0,12.000000119813162,9.000000029953291,4.000000119813162,highly_intermittent,True
1,2025-09-01,CWW0002,1,cluster_1,SBA,0.5348837209302325,0.999999970046711,0.8393765045201538,0.999999970046711,14.021739270433857,7.500000074883224,0.9677419451462224,-4.749999700467104,-0.6129031871570456,62.0,24.000002396263177,60.00000059906579,-37.99999760373683,active_moderate_intermittent,False
1,2025-09-01,DGNTYBV001AMDE,0,low_information,SBA,0.0465116279069767,0.0163814244798797,0.0363758924676714,1.00629803365999e-06,0.3771931589223949,0.0175438678568555,,0.0175438678568555,,0.0,0.1403509428548446,0.1403509428548446,0.1403509428548446,low_information,False
1,2025-09-01,DHZXCZP0001,1,cluster_1,SBA,0.3604651162790697,0.5735570421407229,0.6802319629621225,0.999999970046711,4.508064453806866,1.624999977535033,0.684210516856856,-0.874999955070066,-0.368421033713712,19.0,12.000000359439472,12.999999820280264,-6.999999640560528,active_moderate_intermittent,False
1,2025-09-01,DRMJJ0020,2,cluster_2,SBA,0.0930232558139534,0.2893853310418987,0.3333333406038765,0.9999070139767392,17.46862505002963,1.6249883767469422,0.8666604675983691,-1.3749767534938848,-0.7333209351967386,15.0,4.000185972048922,12.999907013975536,-10.99981402795108,highly_intermittent,True
1,2025-09-01,DRMJJ0021,2,cluster_2,SBA,0.1627906976744186,0.6827646992216674,0.3764212860704486,0.999999970046711,6.142857602854076,1.0000000748832218,,1.0000000748832218,,0.0,8.000000599065775,8.000000599065775,8.000000599065775,highly_intermittent,True
1,2025-09-01,DRMJJ0022,1,cluster_1,SBA,0.2906976744186046,0.1566244057473277,0.3561096337274394,0.7460288848052415,5.781080286076223,1.6805465947896,1.6805465947896,0.3610931895791999,0.3610931895791999,8.0,10.8887455166336,13.4443727583168,2.8887455166336,active_moderate_intermittent,False
1,2025-09-01,DRMJJ0023,1,cluster_1,SBA,0.4069767441860465,0.3543273104633113,0.4816346516924232,0.9528638169818944,9.684210994154304,3.941248660411636,0.9554542207058512,-3.757497320823271,-0.910908441411702,33.0,2.940021433413833,31.529989283293084,-30.059978566586167,active_moderate_intermittent,False
1,2025-09-01,DRMJJ0024,0,low_information,SBA,0.0465116279069767,0.024976184026298,0.0577054019648251,1.0037376640824325e-06,0.3115943230161818,0.0144927592100549,,0.0144927592100549,,0.0,0.1159420736804397,0.1159420736804397,0.1159420736804397,low_information,False
1,2025-09-01,DRMJJ0025,2,cluster_2,SBA,0.2093023255813953,0.4453989781644892,0.999999970046711,0.9901884742822628,1.212114637231135,0.253698412443726,,0.253698412443726,,0.0,2.029587299549808,2.029587299549808,2.029587299549808,highly_intermittent,True
1,2025-09-01,ETZP0004,2,cluster_2,SBA,0.2558139534883721,0.1992809115883588,0.3866869357451788,0.8329670816175028,3.251184077933969,0.8316982524947363,0.4158491262473681,-0.4422643366596483,-0.2211321683298241,16.0,12.461885306722811,6.65358601995789,-3.538114693277187,highly_intermittent,True
1,2025-09-01,FDBLHP0001,2,cluster_2,SBA,0.1860465116279069,0.94679744862087,0.9999999691707924,0.999999970046711,6.7187502414984,1.2500000449299349,1.6666667265732464,0.2500000599065797,0.3333334132087729,6.0,8.000000479252638,10.00000035943948,2.0000004792526376,highly_intermittent,True
1,2025-09-01,FDBLP0001,1,cluster_1,SBA,0.6976744186046512,0.999999970046711,0.2440180634738371,0.9993536592468952,1.6134264222288897,1.1256463410899231,0.4288176537485421,0.3762926821798462,0.14334959321137,21.0,24.01034145743877,9.005170728719385,3.01034145743877,active_moderate_intermittent,False
1,2025-09-01,FRC0002,1,cluster_1,SBA,0.4651162790697674,0.999999970046711,0.9293025313228028,0.999999970046711,2.15000009659936,1.0000000449299349,,1.0000000449299349,,0.0,8.000000359439479,8.000000359439479,8.000000359439479,active_moderate_intermittent,False
1,2025-09-01,FRC0003,1,cluster_1,SBA,0.6976744186046512,0.5612465588062011,0.1527592404606968,0.2594723324640553,1.1555321262246363,0.8061852043427695,2.149827211580719,0.487370408685539,1.2996544231614375,3.0,6.898963269484312,6.449481634742156,3.898963269484312,active_moderate_intermittent,False
1,2025-09-01,FRC0010,2,cluster_2,SBA,0.1627906976744186,0.1142383461128552,0.099492664470115,0.1050287871134345,0.4849872163167538,0.0789514073073785,,0.0789514073073785,,0.0,0.6316112584590282,0.6316112584590282,0.6316112584590282,highly_intermittent,True
1,2025-09-01,FRH0001,1,cluster_1,SBA,1.044186046511628,0.4619087676114274,0.4941391509582315,0.8277791392838372,0.6307439488068195,0.6586140302657255,,0.6586140302657255,,0.0,5.268912242125804,5.268912242125804,5.268912242125804,active_moderate_intermittent,False
1,2025-09-01,FRH0002,1,cluster_1,SBA,0.9767441860465116,0.2658683667371615,0.4426973520287139,0.9999999770925844,1.0238095824416005,1.00000005726854,,1.00000005726854,,0.0,8.00000045814832,8.00000045814832,8.00000045814832,active_moderate_intermittent,False
1,2025-09-01,FRH0003,1,cluster_1,SBA,1.6046511627906976,0.4538509925913718,0.5979011459183076,0.4227350909057149,0.153321414662456,0.2460273863188248,,0.2460273863188248,,0.0,1.9682190905505983,1.9682190905505983,1.9682190905505983,active_moderate_intermittent,False
1,2025-09-01,FRH0004,1,cluster_1,SBA,0.6511627906976745,0.4768074152214536,0.9147945275704406,0.696571147087954,1.0084584141363824,0.6566705952515979,,0.6566705952515979,,0.0,5.253364762012783,5.253364762012783,5.253364762012783,active_moderate_intermittent,False
1,2025-09-01,FRH0012,0,low_information,SBA,0.0930232558139534,0.0050682169309374,0.010570290814407,0.999999970046711,0.5375000112699251,0.0500000010483651,,0.0500000010483651,,0.0,0.400000008386921,0.400000008386921,0.400000008386921,low_information,False
1,2025-09-01,FRH0028,1,cluster_1,SBA,0.6046511627906976,0.1969025971163684,0.3430295836079556,0.999999970046711,1.0336539699991747,0.6250000748832218,1.6666668663552582,0.6250000748832218,1.6666668663552582,3.0,8.000000599065775,5.000000599065775,5.000000599065775,active_moderate_intermittent,False
1,2025-09-01,FRH0029,1,cluster_1,SBA,0.5581395348837209,0.214093214715912,0.4415306977141543,0.9024111475404144,1.4504515035292278,0.8095543275511969,3.238217310204788,0.8095543275511969,3.238217310204788,2.0,8.476434620409576,6.476434620409576,6.476434620409576,active_moderate_intermittent,False
1,2025-09-01,FRH0031,2,cluster_2,SBA,0.2558139534883721,0.0380092326643593,0.0630133685516411,0.0099222304735159,0.3220208365080372,0.0823774232927537,,0.0823774232927537,,0.0,0.6590193863420297,0.6590193863420297,0.6590193863420297,highly_intermittent,True
1,2025-09-01,FRH0033,1,cluster_1,SBA,3.161627906976744,0.18306956897944,0.3443416059136188,0.3181030406477834,1.0173384648037689,3.216445681164473,0.6771464591925207,0.1157827246578933,0.0243753104542933,38.0,38.926261797263145,25.731565449315788,0.9262617972631464,active_moderate_intermittent,False
1,2025-09-01,FRH0034,1,cluster_1,SBA,1.172093023255814,0.2277256337629092,0.4807299704041221,0.5229263483003816,0.7955911188685544,0.9325067997901196,0.7460054398320957,-0.8266757330534926,-0.6613405864427941,10.0,3.3865941355720595,7.460054398320956,-6.613405864427941,active_moderate_intermittent,False
1,2025-09-01,FRH0035,2,cluster_2,SBA,0.3023255813953488,0.3126932202067317,0.472681463864621,0.999999970046711,3.307692505844833,1.0000000599065777,,1.0000000599065777,,0.0,8.00000047925262,8.00000047925262,8.00000047925262,highly_intermittent,True
1,2025-09-01,FRH0036,0,low_information,SBA,0.0465116279069767,0.999999970046711,0.0138424701010599,1.0037376640824325e-06,1.4333353954592063,0.0666667625794979,,0.0666667625794979,,0.0,0.5333341006359839,0.5333341006359839,0.5333341006359839,low_information,False
1,2025-09-01,FRH0037,2,cluster_2,SBA,0.1860465116279069,0.3132762825500681,0.4856707314500764,0.999999970046711,0.8958333691108733,0.1666666733229531,,0.1666666733229531,,0.0,1.3333333865836254,1.3333333865836254,1.3333333865836254,highly_intermittent,True
1,2025-09-01,FRH0040,1,cluster_1,SBA,0.813953488372093,0.3824010165202574,0.3516038982738098,0.999999970046711,1.8428572164566543,1.5000000599065793,,1.5000000599065793,,0.0,12.000000479252634,12.000000479252634,12.000000479252634,active_moderate_intermittent,False
1,2025-09-01,FRH0042,2,cluster_2,SBA,0.1860465116279069,0.5711523970024919,0.1144600787193263,0.1465495119425091,0.9570896618375406,0.1780631929000075,,0.1780631929000075,,0.0,1.4245055432000604,1.4245055432000604,1.4245055432000604,highly_intermittent,True
1,2025-09-01,FRH0043,2,cluster_2,SBA,0.127906976744186,0.042064457237876,0.0748893498751517,0.537505724556077,3.1263241699874555,0.3998786729053722,1.0663431277476592,-0.2754853083785111,-0.734627489009363,3.0,0.7961175329719108,3.1990293832429777,-2.203882467028089,highly_intermittent,True
1,2025-09-01,FRH0044,2,cluster_2,SBA,0.3604651162790697,0.0673076759844662,0.1368157431979466,0.5187589153597711,0.9324652086465672,0.3361211798609719,2.688969438887775,0.1564949064812958,1.251959251850367,1.0,2.251959251850367,2.688969438887775,1.251959251850367,highly_intermittent,True
1,2025-09-01,FRH0045,1,cluster_1,SBA,0.8372093023255814,0.999999970046711,0.09461580926723,0.1316401849866695,0.9555273850721736,0.7999764154092617,,0.7999764154092617,,0.0,6.399811323274093,6.399811323274093,6.399811323274093,active_moderate_intermittent,False
1,2025-09-01,FRH0046,1,cluster_1,SBA,0.5697674418604651,0.1265360731766308,0.2272911824173784,0.8732049606579323,1.3335625311708388,0.7598205119461756,0.8683662993670579,-0.4142820477847024,-0.4734651974682314,7.0,3.685743617722381,6.078564095569405,-3.31425638227762,active_moderate_intermittent,False
1,2025-09-01,FRH0047,2,cluster_2,SBA,0.4418604651162791,0.4561425740440911,0.1511634129082478,0.999999970046711,1.6973684803680278,0.7500000262091285,,0.7500000262091285,,0.0,6.000000209673028,6.000000209673028,6.000000209673028,highly_intermittent,True
1,2025-09-01,FRH0048,1,cluster_1,SBA,2.2945736434108523,0.3213631420889075,0.5964432789987504,0.5489892437514229,0.7626689189189191,1.75,0.35,-0.0216062761991269,-0.0043212552398253,40.0,39.827149790406985,14.0,-0.1728502095930153,active_moderate_intermittent,False
1,2025-09-01,FRH0049,2,cluster_2,SBA,0.1860465116279069,0.1804770656626092,0.713291908519379,0.0266852176384017,0.2744660308457173,0.0510634475992032,,0.0510634475992032,,0.0,0.4085075807936258,0.4085075807936258,0.4085075807936258,highly_intermittent,True
1,2025-09-01,FRH0050,1,cluster_1,SBA,0.9767441860465116,0.0781087858480229,0.1547173798515579,0.2666106368815112,1.4294778134225188,1.3962341433429253,0.859221011287954,-0.7099365733717015,-0.4368840451518163,13.0,7.320507413026388,11.169873146743402,-5.679492586973612,active_moderate_intermittent,False
1,2025-09-01,FRH0051,1,cluster_1,SBA,1.930232558139535,0.3712549958005612,0.3846851623312357,0.4223755494072777,0.5992311482165902,1.1566554721389997,0.2891638680347499,-0.6266218885559982,-0.1566554721389995,32.0,26.98702489155201,9.253243777111996,-5.012975108447986,active_moderate_intermittent,False
1,2025-09-01,FRH0052,0,low_information,SBA,0.0697674418604651,0.0129163542287593,0.0271461424701026,1.0037376640824325e-06,0.5733333448427491,0.0400000008029824,,0.0400000008029824,,0.0,0.3200000064238599,0.3200000064238599,0.3200000064238599,low_information,False
1,2025-09-01,FRH0056,1,cluster_1,SBA,3.2906976744186047,0.6176014475648581,0.3067433321613869,0.4609208321841597,0.9876325088339224,3.25,0.3823529411764705,-0.0955176266363828,-0.0112373678395744,68.0,67.23585898690894,26.0,-0.7641410130910629,active_moderate_intermittent,False
1,2025-09-01,FRH0058,0,low_information,SBA,0.1627906976744186,0.009142375384775,0.0193371058133472,1.0051072813990444e-06,0.6640927588034532,0.1081081235261435,,0.1081081235261435,,0.0,0.8648649882091485,0.8648649882091485,0.8648649882091485,low_information,False
1,2025-09-01,FRH0059,1,cluster_1,SBA,1.441860465116279,0.7740855101521162,0.999999970046711,0.674692027500784,1.5556769487077724,2.243069088834462,0.944450142667142,-1.847276355337849,-0.777800570668568,19.0,4.221789157297206,17.944552710675698,-14.778210842702793,active_moderate_intermittent,False
1,2025-09-01,FRH0064,0,low_information,SBA,0.2441860465116279,0.1582954378011042,1.0037376640824325e-06,1.0037376640824325e-06,11.527108297094548,2.814759002778901,0.9790466096622265,-2.7545180055578022,-0.9580932193244528,23.0,0.9638559555375829,22.51807202223121,-22.036144044462414,low_information,False
1,2025-09-01,FRH0065,2,cluster_2,SBA,0.1395348837209302,0.999999970046711,0.9999999808980664,0.999999970046711,8.958333547998567,1.2500000299532883,5.000000119813153,1.2500000299532883,5.000000119813153,2.0,12.000000239626306,10.000000239626306,10.000000239626306,highly_intermittent,True
1,2025-09-01,FRW00011,2,cluster_2,SBA,0.1860465116279069,0.0558257731858348,0.1178538426431571,0.999999970046711,0.3359375138358462,0.0625000025741109,,0.0625000025741109,,0.0,0.5000000205928874,0.5000000205928874,0.5000000205928874,highly_intermittent,True
1,2025-09-01,FRW0005,1,cluster_1,SBA,1.302325581395349,0.3336791386332358,0.4245519458291323,0.3768746254424656,1.7576026411606758,2.288970881511578,0.5231933443455036,-1.030883526046312,-0.235630520239157,35.0,26.752931791629504,18.311767052092623,-8.247068208370496,active_moderate_intermittent,False
1,2025-09-01,FRW0006,1,cluster_1,SBA,2.755813953488372,0.3103176637139227,0.5320239420886294,0.3425198590998063,1.2480162761047318,3.439300667870017,0.5732167779783361,-2.8786013357400337,-0.4797668892900056,48.0,24.97118931407973,27.51440534296013,-23.02881068592027,active_moderate_intermittent,False
1,2025-09-01,FRW0007,0,low_information,SBA,0.0930232558139534,0.1082791548359593,0.2810579030270016,1.0037376640824325e-06,0.3161774506662784,0.0294118558759328,,0.0294118558759328,,0.0,0.235294847007463,0.235294847007463,0.235294847007463,low_information,False
1,2025-09-01,FRW0008,0,low_information,SBA,0.0581395348837209,0.191223625637027,0.2928932115712685,0.999999970046711,2.866666781154726,0.1666666733229491,,0.1666666733229491,,0.0,1.3333333865835937,1.3333333865835937,1.3333333865835937,low_information,False
1,2025-09-01,FRW0009,2,cluster_2,SBA,0.1162790697674418,0.6705378029100073,0.6472599281461534,0.4010073895878335,3.73590313140634,0.4344073408612022,1.1584195756298727,-0.1373706365551911,-0.3663216974805096,3.0,1.9010349075584712,3.475258726889618,-1.0989650924415288,highly_intermittent,True
1,2025-09-01,FRW0011,2,cluster_2,SBA,0.1162790697674418,0.3013090889350659,0.529382196266186,0.0392008203450609,0.4022899029957276,0.0467778956971776,,0.0467778956971776,,0.0,0.374223165577421,0.374223165577421,0.374223165577421,highly_intermittent,True
1,2025-09-01,FRW0013,1,cluster_1,SBA,0.2325581395348837,0.6077441631802007,0.999999970046711,0.9999999667800776,2.1500000714228378,0.5000000166099623,,0.5000000166099623,,0.0,4.000000132879698,4.000000132879698,4.000000132879698,active_moderate_intermittent,False
1,2025-09-01,FRW0014,2,cluster_2,SBA,0.0930232558139534,0.5046368422950996,0.999999970046711,0.0475387639376937,0.6016300235189872,0.0559655835831615,,0.0559655835831615,,0.0,0.4477246686652927,0.4477246686652927,0.4477246686652927,highly_intermittent,True
1,2025-09-01,FRW0015,1,cluster_1,SBA,1.1395348837209305,0.9999999776953862,0.6524330241165088,0.9606282627045276,1.844138397256812,2.101460034083344,,2.101460034083344,,0.0,16.811680272666752,16.811680272666752,16.811680272666752,active_moderate_intermittent,False
1,2025-09-01,FRW0016,2,cluster_2,SBA,0.3255813953488372,0.104703546231633,0.2505338978563151,0.1396639158181608,0.3415917458062595,0.1112159172392473,,0.1112159172392473,,0.0,0.8897273379139785,0.8897273379139785,0.8897273379139785,highly_intermittent,True
1,2025-09-01,FRW0017,2,cluster_2,SBA,0.1860465116279069,0.8427629966898774,0.999999970046711,0.0766885259569748,0.5977471907838443,0.1112087796807152,,0.1112087796807152,,0.0,0.8896702374457218,0.8896702374457218,0.8896702374457218,highly_intermittent,True
1,2025-09-01,FRW0020,2,cluster_2,SBA,0.0697674418604651,0.2581686635777136,0.329202267938035,1.004853366743791e-06,0.551283819688782,0.0384616618387522,,0.0384616618387522,,0.0,0.3076932947100179,0.3076932947100179,0.3076932947100179,highly_intermittent,True
1,2025-09-01,FRW0021,0,low_information,SBA,0.0930232558139534,0.0230443793167233,0.0487313903656405,1.0037376640824325e-06,0.2986115357249703,0.0277778172767414,,0.0277778172767414,,0.0,0.2222225382139314,0.2222225382139314,0.2222225382139314,low_information,False
1,2025-09-01,FRW0022,0,low_information,SBA,0.0930232558139534,0.0210146183025529,0.0236823220587513,1.004718674114764e-06,0.3839294531210406,0.0357143677321898,,0.0357143677321898,,0.0,0.2857149418575186,0.2857149418575186,0.2857149418575186,low_information,False
1,2025-09-01,FRW0023,2,cluster_2,SBA,0.1627906976744186,0.0653411924465639,0.1020020428035285,0.4171334675322037,1.7661244849773658,0.2875086370893386,2.3000690967147093,0.0916781827857849,0.7334254622862793,1.0,1.7334254622862793,2.3000690967147093,0.7334254622862793,highly_intermittent,True
1,2025-09-01,FZGLS0002,0,low_information,SBA,0.0232558139534883,0.0513167020213595,1.0037376640824325e-06,1.0037376640824325e-06,0.5584418314266465,0.0129870193355034,,0.0129870193355034,,0.0,0.1038961546840272,0.1038961546840272,0.1038961546840272,low_information,False
1,2025-09-01,FZLRICBHP0001,2,cluster_2,SBA,0.1162790697674418,0.8745274989998653,0.7826383936812281,0.293961001309072,3.069350720402935,0.3569012465584808,1.4276049862339233,-0.0361975068830383,-0.1447900275321534,2.0,1.7104199449356932,2.8552099724678466,-0.2895800550643068,highly_intermittent,True
1,2025-09-01,FZLRJ0001,2,cluster_2,SBA,0.3953488372093023,0.4506617574106006,0.999999970046711,0.999999970046711,1.5808824239701178,0.6250000280812094,2.500000112324837,0.2500000374416125,1.00000014976645,2.0,4.0000002995329,5.000000224649675,2.0000002995329,highly_intermittent,True
1,2025-09-01,FZLRJ0001double,0,low_information,SBA,0.0465116279069767,0.0438812344754576,0.1055728086846621,1.0037376640824325e-06,0.2828948713458641,0.0131579009928308,,0.0131579009928308,,0.0,0.1052632079426471,0.1052632079426471,0.1052632079426471,low_information,False
1,2025-09-01,FZLRJ0002,1,cluster_1,SBA,0.4651162790697674,0.3747783691712267,0.5064883357153879,0.6365018224464704,1.4817825364315749,0.6892011797356162,0.7876584911264185,-0.1318047189424649,-0.1506339645056742,7.0,5.94556224846028,5.51360943788493,-1.05443775153972,active_moderate_intermittent,False
1,2025-09-01,FZLRJ0002double,2,cluster_2,SBA,0.1395348837209302,0.0918741000290139,0.09292933987939,0.3696168447462767,1.031469361789937,0.143925957459061,,0.143925957459061,,0.0,1.151407659672488,1.151407659672488,1.151407659672488,highly_intermittent,True
1,2025-09-01,GJMJSLW001,1,cluster_1,SBA,2.7209302325581395,0.1722808127039225,0.4310225588390426,0.999999970046711,0.551282045777815,1.4999999850233572,,1.4999999850233572,,0.0,11.999999880186856,11.999999880186856,11.999999880186856,active_moderate_intermittent,False
1,2025-09-01,GJMJWJX001,1,cluster_1,SBA,5.542635658914728,0.2048944600827523,0.3257758026873703,0.5422361622932671,0.9782617055065314,5.422148212691239,0.570752443441183,-4.844296425382478,-0.509925939513945,76.0,37.24562859694018,43.37718570152991,-38.75437140305982,active_moderate_intermittent,False
1,2025-09-01,GJMJWJXW001,1,cluster_1,SBA,7.046511627906977,0.3757313149779135,0.999999970046711,0.999999970046711,1.2417491908579796,8.750000112324834,1.4000000179719734,-2.249999850233555,-0.3599999760373688,50.0,32.000001198131564,70.00000089859867,-17.99999880186844,active_moderate_intermittent,False
1,2025-09-01,GJMUSDW001,0,low_information,SBA,0.0232558139534883,0.6180343707159061,1.0037376640824325e-06,1.0055730375865397e-06,0.9555560146435492,0.0222222328986871,,0.0222222328986871,,0.0,0.1777778631894975,0.1777778631894975,0.1777778631894975,low_information,False
1,2025-09-01,HLGKSLT0001,2,cluster_2,SBA,0.5465116279069767,0.1661527645767813,0.4119377925793201,0.4604716264010171,6.108584778434719,3.3384126114701367,0.6848025869682332,-3.3384126114701367,-0.6848025869682332,39.0,12.292699108238905,26.707300891761093,-26.707300891761093,highly_intermittent,True
1,2025-09-01,HSAKSLT0001,2,cluster_2,SBA,0.1860465116279069,0.1074009924492073,0.2506759980096835,0.9566444679917104,1.4911689630848102,0.2774267838297321,,0.2774267838297321,,0.0,2.219414270637857,2.219414270637857,2.219414270637857,highly_intermittent,True
1,2025-09-01,HWZDSKL0001,1,cluster_1,SBA,1.4069767441860466,0.147014764356683,0.1655658999033256,0.6378737665701288,0.8803655095597943,1.2386537983341293,,1.2386537983341293,,0.0,9.909230386673034,9.909230386673034,9.909230386673034,active_moderate_intermittent,False
1,2025-09-01,HWZDSKL0002,2,cluster_2,SBA,0.2558139534883721,0.704660252278919,0.0838610620312143,0.4478361541654871,1.7875211031501217,0.4572728403407288,1.8290913613629152,0.0263637871209716,0.1054551484838867,2.0,2.2109102969677736,3.6581827227258303,0.2109102969677735,highly_intermittent,True
1,2025-09-01,HZSN0001,1,cluster_1,SBA,0.8255813953488372,0.5799169307235311,0.999999970046711,0.5147936588891053,2.371455835009468,1.9578298172752584,0.7831319269101034,-1.415659634550517,-0.5662638538202068,20.0,8.674722923595862,15.662638538202067,-11.325277076404136,active_moderate_intermittent,False
1,2025-09-01,JZJ00011,2,cluster_2,SBA,0.1627906976744186,0.999999970046711,0.999999970046711,0.999999970046711,12.285714147715195,1.999999977535032,0.8421052536989609,-1.8749999700467093,-0.7894736715986145,19.0,4.000000239626322,15.999999820280255,-14.999999760373676,highly_intermittent,True
1,2025-09-01,JZJ00012,1,cluster_1,SBA,0.9186046511627908,0.6983298411252118,0.5769590474926032,0.6932177911544573,3.414401516648337,3.1364851141304486,0.7169108832298168,-2.897970228260897,-0.6623931950310622,35.0,11.81623817391282,25.09188091304359,-23.183761826087174,active_moderate_intermittent,False
1,2025-09-01,JZJ0002,1,cluster_1,SBA,1.5813953488372092,0.9935892382472378,0.5706124437087657,0.713678963089936,1.6017907959380833,2.5330645145067363,0.361866359215248,-2.5330645145067363,-0.361866359215248,56.0,35.73548388394611,20.26451611605389,-20.26451611605389,active_moderate_intermittent,False
1,2025-09-01,JZJ0003,1,cluster_1,SBA,2.9302325581395348,0.4953555154574781,0.4203196991426173,0.5177291145921457,1.239301185340148,3.631440682624619,0.2361912639105443,-1.4007627304984762,-0.0911065190568114,123.0,111.7938981560122,29.051525460996952,-11.20610184398781,active_moderate_intermittent,False
1,2025-09-01,JZJ0004,2,cluster_2,SBA,0.3255813953488372,0.1295400068081615,0.2219143474880114,0.256123611406272,2.2345040271564294,0.7275129390741863,,0.7275129390741863,,0.0,5.820103512593491,5.820103512593491,5.820103512593491,highly_intermittent,True
1,2025-09-01,JZJ0005,1,cluster_1,SBA,0.6434108527131783,0.3505396982570434,0.4440480408418366,0.7289573973698023,1.562220554591647,1.005149659155866,,1.005149659155866,,0.0,8.041197273246928,8.041197273246928,8.041197273246928,active_moderate_intermittent,False
1,2025-09-01,JZJ0008,1,cluster_1,SBA,0.9651162790697676,0.5879063331281305,0.5416529689210644,0.9999999771261784,3.756024066759809,3.624999971407723,0.644444439361373,-3.124999942815446,-0.5555555453894127,45.0,20.000000457476432,28.999999771261784,-24.999999542523568,active_moderate_intermittent,False
1,2025-09-01,JZJ0009,1,cluster_1,SBA,1.6046511627906976,0.9999999744596778,0.5970521447633342,0.4330760051869051,5.274894621867806,8.464365788578572,0.305022190579408,-8.464365788578572,-0.305022190579408,222.0,154.28507369137142,67.71492630862858,-67.71492630862858,active_moderate_intermittent,False
1,2025-09-01,JZJ0013,1,cluster_1,SBA,2.604651162790698,0.9999999798379594,0.8993220706755205,0.6865450422445831,1.8079221047668736,4.709006412416043,0.2494837834392605,-3.2110256496641707,-0.1701205642206183,151.0,125.31179480268663,37.672051299328345,-25.68820519731337,active_moderate_intermittent,False
1,2025-09-01,JZJ0014,0,low_information,SBA,0.2093023255813953,0.074758328612043,0.1941324529415402,0.999999970046711,1.4930556293467303,0.3125000154446645,2.5000001235573164,0.1250000205928861,1.000000164743089,1.0,2.000000164743089,2.5000001235573164,1.000000164743089,low_information,False
1,2025-09-01,JZJ0016,1,cluster_1,SBA,1.0,0.3026479165169341,0.413234712294371,0.8304154725048553,2.1099470013452297,2.1099470013452297,0.625169481880068,-1.3147880053809184,-0.389566816409161,27.0,16.481695956952652,16.879576010761838,-10.518304043047348,active_moderate_intermittent,False
1,2025-09-01,JZJ0017,2,cluster_2,SBA,0.1046511627906976,0.6012043605885914,0.0608663419433569,0.4879519285330366,5.049475308429279,0.5284334625100409,1.0568669250200815,-0.3862661499598367,-0.7725322999196735,4.0,0.909870800321306,4.227467700080327,-3.090129199678694,highly_intermittent,True
1,2025-09-01,JZJ0018,2,cluster_2,SBA,0.0930232558139534,0.9999999752433224,0.999999970046711,0.999999970046711,16.125000201248664,1.5000000187208058,1.0000000124805373,-0.4999999251167768,-0.3333332834111845,12.0,8.000000599065785,12.000000149766446,-3.999999400934215,highly_intermittent,True
1,2025-09-01,JZJ0019,1,cluster_1,SBA,0.3023255813953488,0.6345887055452349,0.999999970046711,0.999999970046711,11.163461513692472,3.374999992511677,0.6585365839047175,-3.1249999850233543,-0.6097560946387033,41.0,16.000000119813162,26.999999940093417,-24.999999880186834,active_moderate_intermittent,False
1,2025-09-01,JZQCQ001,1,cluster_1,SBA,3.0930232558139537,0.5424169412561594,0.8628666073151083,0.6967334123962016,2.044101291061138,6.322452830491426,,6.322452830491426,,0.0,50.57962264393141,50.57962264393141,50.57962264393141,active_moderate_intermittent,False
1,2025-09-01,JZQCQ003,1,cluster_1,SBA,4.27906976744186,0.4473888879767528,0.5761301901895268,0.7967679478316756,0.2524396780440281,1.0802069944209574,,1.0802069944209574,,0.0,8.641655955367659,8.641655955367659,8.641655955367659,active_moderate_intermittent,False
1,2025-09-01,JZQCQ004,1,cluster_1,SBA,0.7674418604651163,0.6264763771406808,0.999999970046711,0.999999970046711,0.6515153271503522,0.5000001347898052,,0.5000001347898052,,0.0,4.000001078318442,4.000001078318442,4.000001078318442,active_moderate_intermittent,False
1,2025-09-01,KFZ0001,2,cluster_2,SBA,0.1395348837209302,0.0548795829907195,0.1440711183734617,0.6185367305088572,0.8066733871525914,0.1125590772771057,,0.1125590772771057,,0.0,0.9004726182168462,0.9004726182168462,0.9004726182168462,highly_intermittent,True
1,2025-09-01,KZCWBG001,2,cluster_2,SBA,0.2093023255813953,0.8116033269806108,0.4011752959308389,0.6289644757583781,2.986111111111111,0.625,1.0,-0.1748728279559537,-0.2797965247295259,5.0,3.6010173763523703,5.0,-1.3989826236476297,highly_intermittent,True
1,2025-09-01,LRKF0001,1,cluster_1,SBA,0.4883720930232558,0.7869556051534478,0.8847925400523585,0.1286896701351266,0.8847602221953057,0.4320922015372423,,0.4320922015372423,,0.0,3.4567376122979385,3.4567376122979385,3.4567376122979385,active_moderate_intermittent,False
1,2025-09-01,LTKF0002,2,cluster_2,SBA,0.0465116279069767,0.9999999638290566,0.585786449215478,0.1042488676986868,1.0141098379978055,0.0471678994417583,,0.0471678994417583,,0.0,0.3773431955340671,0.3773431955340671,0.3773431955340671,highly_intermittent,True
1,2025-09-01,LTKF0005A,2,cluster_2,SBA,0.2790697674418604,0.1062201184401955,0.1808158760615741,0.5776487049799801,1.0899105043870374,0.3041610709917313,,0.3041610709917313,,0.0,2.4332885679338507,2.4332885679338507,2.4332885679338507,highly_intermittent,True
1,2025-09-01,LTKF0008,2,cluster_2,SBA,0.1860465116279069,0.2310274719334674,0.4999999988313685,1.004697774472758e-06,0.2559533789605854,0.0476192332949926,,0.0476192332949926,,0.0,0.380953866359941,0.380953866359941,0.380953866359941,highly_intermittent,True
1,2025-09-01,LTKF0009,2,cluster_2,SBA,0.2325581395348837,0.2989118583128349,0.999999970046711,0.1572870467333493,0.3968654611813979,0.0922942932979995,,0.0922942932979995,,0.0,0.7383543463839961,0.7383543463839961,0.7383543463839961,highly_intermittent,True
1,2025-09-01,LTKF0012,0,low_information,SBA,0.0697674418604651,0.2679492007139013,0.0229703238177098,1.005664397480057e-06,0.3185196254130614,0.0222222994474228,,0.0222222994474228,,0.0,0.1777783955793831,0.1777783955793831,0.1777783955793831,low_information,False
1,2025-09-01,LTKF0016,0,low_information,SBA,0.0930232558139534,0.0118995951350887,1.0037376640824325e-06,1.004797223654126e-06,0.9148938272830368,0.0851064025379569,,0.0851064025379569,,0.0,0.6808512203036553,0.6808512203036553,0.6808512203036553,low_information,False
1,2025-09-01,LTKF0019,1,cluster_1,SBA,0.686046511627907,0.2876465885611874,0.4421430649777491,0.976265801141991,1.101766495539353,0.755863060893277,1.2093808974292433,-0.1015477564268917,-0.1624764102830268,5.0,4.187617948584866,6.046904487146216,-0.8123820514151341,active_moderate_intermittent,False
1,2025-09-01,LTKF0020,1,cluster_1,SBA,2.872093023255814,0.6350562626080551,0.999999970046711,0.5154596939230865,3.4750674789726257,9.98071706170045,0.4839135545066884,-8.765956082267266,-0.4250160524735644,165.0,94.87235134186189,79.8457364936036,-70.12764865813813,active_moderate_intermittent,False
1,2025-09-01,LTKF0021,1,cluster_1,SBA,1.1162790697674418,0.3018212871860668,0.5492479981406211,0.5392739955032313,2.3057688600323205,2.5738815181756136,0.5719736707056919,-1.6477630363512272,-0.366169563633606,36.0,22.817895709190186,20.59105214540491,-13.182104290809818,active_moderate_intermittent,False
1,2025-09-01,LTKF0022,1,cluster_1,SBA,0.3023255813953488,0.4821632931235034,0.999999970046711,0.999999970046711,1.6538462033842858,0.5000000149766445,,0.5000000149766445,,0.0,4.000000119813156,4.000000119813156,4.000000119813156,active_moderate_intermittent,False
1,2025-09-01,LTKF0022M,1,cluster_1,SBA,0.3798449612403101,0.3094927325335728,0.5386510563267995,0.7868212846637698,7.608946373054245,2.890219940152388,0.8257771257578251,-2.890219940152388,-0.8257771257578251,28.0,4.878240478780897,23.121759521219104,-23.121759521219104,active_moderate_intermittent,False
1,2025-09-01,LTKF0024A,2,cluster_2,SBA,0.1744186046511628,0.350647933605773,0.5816747712903078,0.9514547703862822,1.9252514391125923,0.3357996696126614,2.686397356901292,0.1560662261502152,1.248529809201722,1.0,2.248529809201722,2.686397356901292,1.248529809201722,highly_intermittent,True
1,2025-09-01,LTKF0031,1,cluster_1,SBA,1.069767441860465,0.5721559337307549,0.999999970046711,0.9586382423137164,2.878101848327319,3.0788996516989924,0.5240680258211051,-2.81353286893199,-0.4788992117331047,47.0,24.49173704854408,24.63119721359194,-22.50826295145592,active_moderate_intermittent,False
1,2025-09-01,LTKF0047,1,cluster_1,SBA,0.2790697674418604,0.5739187139596171,0.8472064025477253,0.9960544106541376,0.901138643534717,0.251480551684107,,0.251480551684107,,0.0,2.0118444134728564,2.0118444134728564,2.0118444134728564,active_moderate_intermittent,False
1,2025-09-01,LTKF0101,1,cluster_1,SBA,1.069767441860465,0.5210241432411319,0.1213063763736965,0.9563882637567463,3.9229851345669497,4.196681771862318,0.5995259674089025,-1.7867270874492711,-0.2552467267784673,56.0,41.70618330040583,33.573454174898544,-14.293816699594167,active_moderate_intermittent,False
1,2025-09-01,LTKF0102,0,low_information,SBA,0.0348837209302325,0.999992990983974,0.999999970046711,0.9999983159197297,25.08333333333333,0.875,1.0,-0.3749983160388473,-0.4285695040443969,7.0,4.000013471689221,7.0,-2.9999865283107785,low_information,False
1,2025-09-01,LTKF093,2,cluster_2,SBA,0.1860465116279069,0.1370127729826216,0.2474784970628481,0.9999999758358824,4.927083315294148,0.9166666633105393,0.9166666633105393,-0.6666666532421568,-0.6666666532421568,8.0,2.6666667740627457,7.333333306484313,-5.333333225937254,highly_intermittent,True
1,2025-09-01,LTKF098,2,cluster_2,SBA,0.1511627906976744,0.999999971980805,0.999999970046711,0.999999970046711,29.76923010046599,4.4999998989076495,0.6545454398411127,-4.374999865210199,-0.6363636167578471,55.0,20.00000107831841,35.9999991912612,-34.999998921681595,highly_intermittent,True
1,2025-09-01,LYC0201,2,cluster_2,SBA,0.1162790697674418,0.999999970046711,0.5478736624397066,0.9830035774465729,18.381436298969486,2.137376313833661,1.1399340340446191,1.149752627667322,0.6132014014225717,15.0,24.198021021338576,17.099010510669288,9.198021021338576,highly_intermittent,True
1,2025-09-01,LYC0203,0,low_information,SBA,0.0930232558139534,0.2460584055420249,0.1701743573189817,0.8812248239158778,6.459424441038479,0.6008766921896259,1.2017533843792518,-0.0964932312414964,-0.1929864624829928,4.0,3.2280541500680284,4.807013537517007,-0.7719458499319714,low_information,False
1,2025-09-01,QCCXC0004,1,cluster_1,SBA,1.441860465116279,0.39992983113045,0.354690919669137,0.999999970046711,0.346774463611119,0.5000003893927762,,0.5000003893927762,,0.0,4.00000311514221,4.00000311514221,4.00000311514221,active_moderate_intermittent,False
1,2025-09-01,QCCXC0005,1,cluster_1,SBA,1.2325581395348837,0.2148656885116917,0.8317151241006203,0.6674360797783826,1.5532235819771365,1.914438368483447,2.5525844913112627,1.914438368483447,2.5525844913112627,6.0,21.315506947867576,15.315506947867576,15.315506947867576,active_moderate_intermittent,False
1,2025-09-01,QCCXC0007,1,cluster_1,SBA,1.872093023255814,0.3143374324549342,0.4975234591641355,0.5524011631508552,1.001552795031056,1.875,0.8823529411764706,-0.363553992120793,-0.1710842315862555,17.0,14.091568063033655,15.0,-2.9084319369663443,active_moderate_intermittent,False
1,2025-09-01,QCSSXC0004,0,low_information,SBA,0.0697674418604651,0.0242373743143079,0.0524560337717122,1.0037376640824325e-06,0.2866670177075261,0.0200000244912227,,0.0200000244912227,,0.0,0.160000195929782,0.160000195929782,0.160000195929782,low_information,False
1,2025-09-01,QCSSXC0005,1,cluster_1,SBA,0.6744186046511628,0.2802358322980048,0.5270159451198478,0.4739393572979907,6.857758620689656,4.625,0.8604651162790697,-1.7905475620492406,-0.3331251278231145,43.0,28.67561950360608,37.0,-14.324380496393925,active_moderate_intermittent,False
1,2025-09-01,QCSSXC0006,1,cluster_1,SBA,0.3837209302325581,0.3222858939708326,0.618920074788658,0.5433821392470878,7.166666666666666,2.75,0.6470588235294118,-1.6943873933458065,-0.3986793866696015,34.0,20.44490085323355,22.0,-13.555099146766452,active_moderate_intermittent,False
1,2025-09-01,QCXDS001,1,cluster_1,SBA,1.5116279069767442,0.8226851647848388,0.354021941264517,0.999999977094089,0.0220512829604706,0.0333333347076882,,0.0333333347076882,,0.0,0.2666666776615061,0.2666666776615061,0.2666666776615061,active_moderate_intermittent,False
1,2025-09-01,QCXXC0001,2,cluster_2,SBA,0.4883720930232558,0.1241282192015807,0.1268080046252366,0.2595866851405361,1.6291678813406063,0.7956401280965752,3.182560512386301,0.7956401280965752,3.182560512386301,2.0,8.365121024772602,6.365121024772602,6.365121024772602,highly_intermittent,True
1,2025-09-01,QCXXC0002,2,cluster_2,SBA,0.3488372093023256,0.1790526117259476,0.2534036848526152,0.8216501745364361,0.1896700714052288,0.0661639783971728,,0.0661639783971728,,0.0,0.5293118271773827,0.5293118271773827,0.5293118271773827,highly_intermittent,True
1,2025-09-01,QFSJZ001-1,2,cluster_2,SBA,0.2441860465116279,0.201269315062861,0.306952180224391,0.7772104632754837,9.013286579584134,2.200918815944963,0.5679790492761194,-1.9762250879266172,-0.5099935710778367,31.0,15.190199296587062,17.607350527559703,-15.80980070341294,highly_intermittent,True
1,2025-09-01,QFSJZ002-1,2,cluster_2,SBA,0.1162790697674418,0.3421130906518272,0.999999970046711,0.9832852718746676,5.378200737292752,0.6253721787549711,1.6676591433465895,0.6253721787549711,1.6676591433465895,3.0,8.002977430039769,5.002977430039769,5.002977430039769,highly_intermittent,True
1,2025-09-01,QFSJZ003,0,low_information,SBA,0.0697674418604651,0.1725285048918449,0.9999999668270316,0.999999970046711,8.062500040249732,0.5625000028081208,1.1250000056162417,-0.2499999887675166,-0.4999999775350333,4.0,2.0000000898598667,4.500000022464967,-1.999999910140133,low_information,False
1,2025-09-01,QFSJZ003-1,2,cluster_2,SBA,0.1511627906976744,0.4375316430045958,0.6569296816519021,0.999999970046711,9.509615353654052,1.4374999953197984,0.958333330213199,-1.2499999812791938,-0.8333333208527959,12.0,2.000000149766449,11.499999962558388,-9.99999985023355,highly_intermittent,True
1,2025-09-01,RLHZHMV000AMDE,1,cluster_1,SBA,3.058139534883721,0.6821179823041783,0.8934310450102297,0.5195783561786455,0.6131178707224334,1.875,0.4054054054054054,-0.9442584535483416,-0.2041639899563981,37.0,29.445932371613267,15.0,-7.554067628386733,active_moderate_intermittent,False
1,2025-09-01,SLT0003,2,cluster_2,SBA,0.1860465116279069,0.0750430443232921,0.1623008835270941,0.5924068662554409,5.519821520393559,1.0269435386778714,0.9128387010469968,-0.9288870773557428,-0.8256774020939938,9.0,1.568903381154057,8.21554830942297,-7.431096618845943,highly_intermittent,True
1,2025-09-01,SRPDZS0001,0,low_information,SBA,0.0930232558139534,0.1518499738205382,0.1716186619685114,0.8542730564011315,2.3380142816839307,0.2174897006217609,,0.2174897006217609,,0.0,1.739917604974088,1.739917604974088,1.739917604974088,low_information,False
1,2025-09-01,SRPDZS0002,2,cluster_2,SBA,0.0697674418604651,0.999999975604094,0.1423419244616056,0.4309700471751826,2.437712546681038,0.1700729683730956,,0.1700729683730956,,0.0,1.3605837469847657,1.3605837469847657,1.3605837469847657,highly_intermittent,True
1,2025-09-01,XHP0001,1,cluster_1,SBA,1.2790697674418603,0.1736692534275059,0.2536715718144906,0.9999999744816042,1.0750001795567177,1.3750002296655688,2.2000003674649102,0.3750003062207585,0.6000004899532136,5.0,8.000002449766068,11.00000183732455,3.000002449766068,active_moderate_intermittent,False
1,2025-09-01,XHZXCZP0001,1,cluster_1,SBA,2.755813953488372,0.9839689777543232,0.999999970046711,0.5796447097869516,1.2921426314707638,3.5609046937043143,0.5179497736297184,3.0395395916057524,0.4421148496881094,55.0,79.31631673284602,28.487237549634514,24.31631673284602,active_moderate_intermittent,False
1,2025-09-01,YBB0001,2,cluster_2,SBA,0.0930232558139534,0.999999972516037,0.999999970046711,0.999999970046711,13.43750072449518,1.2500000673949003,0.8333333782632669,0.5000000898598671,0.3333333932399114,12.0,16.000000718878937,10.000000539159204,4.000000718878937,highly_intermittent,True
1,2025-09-01,YDBZ001,2,cluster_2,SBA,0.2906976744186046,0.7059123055708142,0.746241559290078,0.2704398426491702,10.817974572901353,3.144760050262021,0.8115509807127798,-2.9013467336826952,-0.748734640950373,31.0,7.789226130538436,25.15808040209617,-23.21077386946156,highly_intermittent,True
1,2025-09-01,YDBZ002,1,cluster_1,SBA,0.7325581395348837,0.4533976513439054,0.0675149146610966,0.3131282908394227,2.4022405017114843,1.7597808326491104,0.7821248145107158,-0.2304383347017791,-0.1024170376452351,18.0,16.156493322385767,14.078246661192884,-1.8435066776142328,active_moderate_intermittent,False
1,2025-09-01,YDBZLV0001AMDE,2,cluster_2,SBA,0.1860465116279069,0.2175622444227406,0.5238961588701465,0.9999999648378336,0.6718750649675986,0.1250000120869951,,0.1250000120869951,,0.0,1.0000000966959608,1.0000000966959608,1.0000000966959608,highly_intermittent,True
1,2025-09-01,YDBZWV0001AMDE,2,cluster_2,SBA,0.2093023255813953,0.300797922536936,0.5081107906618232,0.999999970046711,1.1944445338882963,0.2500000187208062,,0.2500000187208062,,0.0,2.00000014976645,2.00000014976645,2.00000014976645,highly_intermittent,True
1,2025-09-01,YJLZHMV000AMDE,1,cluster_1,SBA,1.0232558139534884,0.2807400196987292,0.348221196399459,0.3854467336105362,0.8605848264293101,0.8805984270439453,0.7827541573723958,-0.1473937081757815,-0.1310166294895835,9.0,7.8208503345937475,7.0447874163515625,-1.179149665406252,active_moderate_intermittent,False
1,2025-09-01,YJX0022,0,low_information,SBA,0.0697674418604651,0.1804493842597826,0.999999970046711,1.003856947797895e-06,0.2171722489828645,0.0151515522546184,,0.0151515522546184,,0.0,0.1212124180369476,0.1212124180369476,0.1212124180369476,low_information,False
1,2025-09-01,YJX0023,0,low_information,SBA,0.1162790697674418,0.0233886725586208,0.0499750265671125,1.0037376640824325e-06,0.5212125056559431,0.0606061053088305,,0.0606061053088305,,0.0,0.4848488424706447,0.4848488424706447,0.4848488424706447,low_information,False
1,2025-09-01,YJX0024,2,cluster_2,SBA,0.1627906976744186,0.3634472146116023,0.8695935201407186,0.2875587356054288,0.6135238854305421,0.099875981349158,,0.099875981349158,,0.0,0.7990078507932642,0.7990078507932642,0.7990078507932642,highly_intermittent,True
1,2025-09-01,YJX0025,2,cluster_2,SBA,0.1627906976744186,0.0611726485309743,0.1420238894420436,0.5663628049947795,0.9949632272529648,0.1619707579249012,,0.1619707579249012,,0.0,1.29576606339921,1.29576606339921,1.29576606339921,highly_intermittent,True
1,2025-09-01,YKLLW0004,0,low_information,SBA,0.5116279069767442,0.0085223024270513,0.0193135644952866,1.0053581511211817e-06,0.0558447365273164,0.0285717256651386,,0.0285717256651386,,0.0,0.2285738053211092,0.2285738053211092,0.2285738053211092,low_information,False
1,2025-09-01,YKLLW0005,1,cluster_1,SBA,1.186046511627907,0.0178506209418252,0.0363200018885449,1.0057697122063175e-06,0.0963591231741794,0.1142864019042593,,0.1142864019042593,,0.0,0.914291215234075,0.914291215234075,0.914291215234075,active_moderate_intermittent,False
1,2025-09-01,YKLLW0006,0,low_information,SBA,0.2790697674418604,0.0135096828415008,0.0301512088999762,1.0065179273525272e-06,0.1535719673669386,0.0428572932186805,,0.0428572932186805,,0.0,0.3428583457494443,0.3428583457494443,0.3428583457494443,low_information,False
1,2025-09-01,ZBTZ0002,0,low_information,SBA,0.627906976744186,0.0070037874472058,0.0050209938280925,0.7044804478964509,0.2354052255846388,0.1478125835066336,,0.1478125835066336,,0.0,1.1825006680530694,1.1825006680530694,1.1825006680530694,low_information,False
1,2025-09-01,ZBTZ0003,0,low_information,SBA,0.0232558139534883,0.0317541673260325,1.0037376640824325e-06,1.0037376640824325e-06,5.82922557365299,0.1355633854337904,1.0845070834703237,-0.1109154860882793,-0.887323888706235,1.0,0.112676111293765,1.0845070834703237,-0.887323888706235,low_information,False
1,2025-09-01,ZJJSJBV001AMDE,2,cluster_2,SBA,0.4186046511627907,0.2144329210653964,0.3779683258382805,0.6988461143738188,1.1231889641254456,0.4701721245176283,1.8806884980705132,0.1903442490352567,0.761376996141027,2.0,3.522753992282054,3.761376996141027,1.522753992282054,highly_intermittent,True
1,2025-09-01,ZJJSJSV001AMDE,1,cluster_1,SBA,0.7209302325581395,0.3945555482789047,0.999999970046711,0.999999971466516,0.2311828066930091,0.1666666745926344,,0.1666666745926344,,0.0,1.3333333967410756,1.3333333967410756,1.3333333967410756,active_moderate_intermittent,False
1,2025-09-01,ZJJYZBV001AMDE,1,cluster_1,SBA,0.5930232558139535,0.7720497903655412,0.6180336089872027,0.9999999791392136,2.950980427333875,1.7500000208607864,1.7500000208607864,0.5000000417215726,0.5000000417215726,8.0,12.00000033377258,14.000000166886291,4.000000333772581,active_moderate_intermittent,False
1,2025-09-01,ZJJYZSJBV1AMDE,1,cluster_1,SBA,0.4418604651162791,0.3498044623727491,0.999999970046711,0.984075057257397,0.3812084660107407,0.1684409500977691,,0.1684409500977691,,0.0,1.3475276007821533,1.3475276007821533,1.3475276007821533,active_moderate_intermittent,False
1,2025-09-01,ZJJYZSJSV1AMDE,1,cluster_1,SBA,0.4418604651162791,0.9999999766847976,0.999999970046711,0.9999999686040776,2.2631580723716738,1.000000078489809,,1.000000078489809,,0.0,8.000000627918475,8.000000627918475,8.000000627918475,active_moderate_intermittent,False
1,2025-09-01,ZJJYZSJSV2AMDE,2,cluster_2,SBA,0.2093023255813953,0.3884067894961663,0.6240639706376866,0.999999965064913,0.7962963704794477,0.1666666821933727,,0.1666666821933727,,0.0,1.3333334575469822,1.3333334575469822,1.3333334575469822,highly_intermittent,True
2,2025-10-27,BLJZ0001,0,low_information,SBA,0.0638297872340425,0.2653780176867606,0.3058542782402369,0.999999970046711,13.708333333333334,0.875,1.0,-0.3750000000000197,-0.4285714285714511,7.0,3.999999999999842,7.0,-3.0000000000001577,low_information,False
2,2025-10-27,BLP0001,1,cluster_1,SBA,0.7659574468085106,0.9901591777670378,0.2586196711468885,0.6702696512932621,13.979089812716795,10.707387941655416,12.237014790463334,10.707387941655416,12.237014790463334,7.0,92.65910353324334,85.65910353324334,85.65910353324334,active_moderate_intermittent,False
2,2025-10-27,BLP0002,2,cluster_2,SBA,0.2446808510638297,0.3143507684008868,0.925897823602843,0.8339223041719138,10.636785804061049,2.60261780312132,0.6940314141656854,-1.95523560624264,-0.521396161664704,30.0,14.358115150058875,20.82094242497056,-15.64188484994112,highly_intermittent,True
2,2025-10-27,BLP0003,0,low_information,SBA,0.0106382978723404,0.999999970046711,0.999999970046711,1.0037376640824325e-06,47.0,0.5,1.0,-0.4893616969022206,-0.9787233938044412,4.0,0.0851064247822348,4.0,-3.914893575217765,low_information,False
2,2025-10-27,CLSSLT0003,2,cluster_2,SBA,0.1914893617021276,0.8436554110456363,0.2454552486997801,0.4155120394981525,2.3308984783845474,0.4463422618183176,1.1902460315155137,-0.0896309527267296,-0.2390158739379456,3.0,2.2829523781861627,3.570738094546541,-0.7170476218138371,highly_intermittent,True
2,2025-10-27,CLSSLT0006,2,cluster_2,SBA,0.2978723404255319,0.2399593725530056,0.3339222477648617,0.999999970046711,2.5178571554268263,0.750000003744161,0.750000003744161,-1.4976643758490837e-08,-1.4976643758490837e-08,8.0,7.99999988018685,6.000000029953288,-1.198131500679267e-07,highly_intermittent,True
2,2025-10-27,CWW0002,1,cluster_1,SBA,0.9787234042553192,0.999999970046711,0.2833051169564257,0.9999999672870412,11.366847759238734,11.12499993457408,0.9780219722702488,-10.37499973829632,-0.9120878890809953,91.0,8.000002093629428,88.99999947659263,-82.99999790637057,active_moderate_intermittent,False
2,2025-10-27,DGNTYBV001AMDE,0,low_information,SBA,0.0425531914893617,0.0129736422386264,0.0281746879868816,1.0059668715259367e-06,0.4122808945726308,0.0175438678541545,,0.0175438678541545,,0.0,0.140350942833236,0.140350942833236,0.140350942833236,low_information,False
2,2025-10-27,DHZXCZP0001,1,cluster_1,SBA,0.4468085106382978,0.5579877152448568,0.6402462843238432,0.999999970046711,0.839285767357714,0.3750000237130211,3.000000189704169,0.2083333649506948,1.6666669196055586,1.0,2.6666669196055586,3.000000189704169,1.6666669196055586,active_moderate_intermittent,False
2,2025-10-27,DRMJJ0020,1,cluster_1,SBA,0.2872340425531915,0.1831380926148662,0.3243926594828372,0.663380404431869,3.036581864284091,0.8722096844220262,6.977677475376209,0.8712795792293683,6.970236633834946,1.0,7.970236633834946,6.977677475376209,6.970236633834946,active_moderate_intermittent,False
2,2025-10-27,DRMJJ0021,2,cluster_2,SBA,0.1489361702127659,0.6959604411140496,0.5768975861086082,0.3327941995616348,1.9116361358414784,0.2847117649125606,,0.2847117649125606,,0.0,2.277694119300485,2.277694119300485,2.277694119300485,highly_intermittent,True
2,2025-10-27,DRMJJ0022,1,cluster_1,SBA,0.3191489361702128,0.7042183384583005,0.1720001561206189,0.2559435571273701,4.201865405932165,1.3410208742336698,1.7880278323115597,0.4320417484673395,0.5760556646231194,6.0,9.456333987738716,10.728166993869358,3.4563339877387165,active_moderate_intermittent,False
2,2025-10-27,DRMJJ0023,1,cluster_1,SBA,0.648936170212766,0.2371956321033407,0.3382753366777957,0.5525184614483072,9.09955799208471,5.905032314012418,0.8144872157258508,-5.4567097520165575,-0.7526496209678011,58.0,14.346321983867549,47.24025851209935,-43.65367801613246,active_moderate_intermittent,False
2,2025-10-27,DRMJJ0024,0,low_information,SBA,0.0425531914893617,0.0173385213699356,0.0382289890489561,1.0037376640824325e-06,0.3405798414362918,0.0144927592100549,,0.0144927592100549,,0.0,0.1159420736804397,0.1159420736804397,0.1159420736804397,low_information,False
2,2025-10-27,DRMJJ0025,2,cluster_2,SBA,0.1914893617021276,0.4521614379673535,0.999999970046711,0.9999999680546858,1.6319444913641252,0.3125000089846197,2.5000000718769577,0.125000011979493,1.000000095835944,1.0,2.000000095835944,2.5000000718769577,1.000000095835944,highly_intermittent,True
2,2025-10-27,DRMJJ0026,2,cluster_2,SBA,0.2127659574468085,0.3095394207877354,0.9999999728238644,0.999999970046711,2.350000351951156,0.5000000748832246,,0.5000000748832246,,0.0,4.000000599065797,4.000000599065797,4.000000599065797,highly_intermittent,True
2,2025-10-27,DRMJJ0027,2,cluster_2,SBA,0.0851063829787234,0.8663580583900227,0.4104017755365293,0.999999970046711,5.875000703902296,0.5000000599065784,,0.5000000599065784,,0.0,4.000000479252627,4.000000479252627,4.000000479252627,highly_intermittent,True
2,2025-10-27,ETZP0003,2,cluster_2,SBA,0.0744680851063829,0.5058081634032131,0.999999965846192,0.999999970046711,25.178571478850163,1.875000003744161,1.250000002496107,1.497664392502429e-08,9.984429283349527e-09,12.0,12.000000119813151,15.000000029953288,1.1981315140019433e-07,highly_intermittent,True
2,2025-10-27,ETZP0004,2,cluster_2,SBA,0.3404255319148936,0.1853501405911353,0.373689605384235,0.7165475320686826,3.3046875,1.125,0.6923076923076923,-0.3431852663293921,-0.2111909331257798,13.0,10.254517869364864,9.0,-2.7454821306351374,highly_intermittent,True
2,2025-10-27,FDBLHP0001,2,cluster_2,SBA,0.2978723404255319,0.6190317412502632,0.999999970046711,0.5008176249187523,3.423400914194853,1.0197364425261264,1.6315783080418025,0.1644728850522527,0.2631566160836043,5.0,6.315783080418021,8.157891540209011,1.3157830804180215,highly_intermittent,True
2,2025-10-27,FDBLP0001,1,cluster_1,SBA,0.776595744680851,0.999999970046711,0.224194748172195,0.9992662911251085,0.6441901671868262,0.5002753426025353,1.3340675802734274,0.1261013704101408,0.3362703210937088,3.0,4.008810963281126,4.002202740820282,1.0088109632811264,active_moderate_intermittent,False
2,2025-10-27,FRC0002,1,cluster_1,SBA,0.425531914893617,0.999999970046711,0.9293025142024824,0.999999970046711,2.3500001055853468,1.0000000449299349,,1.0000000449299349,,0.0,8.000000359439479,8.000000359439479,8.000000359439479,active_moderate_intermittent,False
2,2025-10-27,FRC0003,1,cluster_1,SBA,0.7021276595744681,0.5365834008514987,0.1551873503244578,0.259926045229488,1.2332601271790034,0.8659060467427044,,0.8659060467427044,,0.0,6.927248373941636,6.927248373941636,6.927248373941636,active_moderate_intermittent,False
2,2025-10-27,FRC0010,2,cluster_2,SBA,0.1489361702127659,0.1147186253960838,0.1118285819509539,0.0836691074316754,0.4525356134705357,0.0673989211551861,,0.0673989211551861,,0.0,0.5391913692414894,0.5391913692414894,0.5391913692414894,highly_intermittent,True
2,2025-10-27,FRH0001,1,cluster_1,SBA,0.9553191489361704,0.4619087573563951,0.4941392644010534,0.8514317403824354,0.6139079660049319,0.5864780356089669,,0.5864780356089669,,0.0,4.691824284871736,4.691824284871736,4.691824284871736,active_moderate_intermittent,False
2,2025-10-27,FRH0002,1,cluster_1,SBA,0.8936170212765957,0.2658684474774013,0.4426979418212603,0.999999964075438,1.1190477195508597,1.0000000898114063,,1.0000000898114063,,0.0,8.00000071849125,8.00000071849125,8.00000071849125,active_moderate_intermittent,False
2,2025-10-27,FRH0003,1,cluster_1,SBA,1.4680851063829787,0.4538510202579733,0.5979022878061767,0.4235896784348851,0.21035140369681,0.3088137628740403,2.470510102992322,0.120085017165387,0.960680137323096,1.0,1.960680137323096,2.470510102992322,0.960680137323096,active_moderate_intermittent,False
2,2025-10-27,FRH0004,1,cluster_1,SBA,0.5957446808510638,0.4768074048188992,0.9147945275663224,0.7198284074941201,1.0287921502360284,0.6128974512044424,,0.6128974512044424,,0.0,4.903179609635539,4.903179609635539,4.903179609635539,active_moderate_intermittent,False
2,2025-10-27,FRH0012,0,low_information,SBA,0.0851063829787234,0.0044258031751531,0.009181176888523,0.999999970046711,0.5875000123182903,0.0500000010483651,,0.0500000010483651,,0.0,0.400000008386921,0.400000008386921,0.400000008386921,low_information,False
2,2025-10-27,FRH0028,1,cluster_1,SBA,0.6170212765957447,0.1904169092120043,0.3392099957040624,0.999999970046711,0.7090517332401135,0.4375000056162402,1.750000022464961,7.488320366566548e-09,2.995328146626619e-08,2.0,2.000000059906563,3.500000044929922,5.990656293253238e-08,active_moderate_intermittent,False
2,2025-10-27,FRH0029,1,cluster_1,SBA,0.5425531914893617,0.2119682536457123,0.4351691732056651,0.9331595757586596,1.1519607843137256,0.625,1.0,-0.4986172517396794,-0.797787602783487,5.0,1.0110619860825645,5.0,-3.9889380139174353,active_moderate_intermittent,False
2,2025-10-27,FRH0031,2,cluster_2,SBA,0.2340425531914893,0.0455277727744043,0.0684953126143531,1.0055773353819983e-06,0.341819192370453,0.0800002365122336,,0.0800002365122336,,0.0,0.6400018920978695,0.6400018920978695,0.6400018920978695,highly_intermittent,True
2,2025-10-27,FRH0033,1,cluster_1,SBA,3.1904255319148933,0.1714839445332362,0.3349471202432941,0.3040760616089819,1.288962358926232,4.112338419595499,2.3499076683402853,4.112338419595499,2.3499076683402853,14.0,46.89870735676399,32.89870735676399,32.89870735676399,active_moderate_intermittent,False
2,2025-10-27,FRH0034,1,cluster_1,SBA,1.1148936170212769,0.2329230144371642,0.503385995702596,0.5275009815006027,0.6954079771704937,0.7753059149730611,1.5506118299461222,0.5337412199640814,1.0674824399281628,4.0,8.269929759712651,6.202447319784489,4.269929759712651,active_moderate_intermittent,False
2,2025-10-27,FRH0035,2,cluster_2,SBA,0.2765957446808511,0.3126932145768394,0.4726814638687103,0.999999970046711,3.615384831969934,1.0000000599065777,,1.0000000599065777,,0.0,8.00000047925262,8.00000047925262,8.00000047925262,highly_intermittent,True
2,2025-10-27,FRH0036,0,low_information,SBA,0.0425531914893617,0.999999970046711,0.0120858533190888,1.0037376640824325e-06,1.5666689206182025,0.0666667625794979,,0.0666667625794979,,0.0,0.5333341006359839,0.5333341006359839,0.5333341006359839,low_information,False
2,2025-10-27,FRH0037,2,cluster_2,SBA,0.1702127659574468,0.3132762825422928,0.4856707208864914,0.999999970046711,0.97916670577235,0.1666666733229531,,0.1666666733229531,,0.0,1.3333333865836254,1.3333333865836254,1.3333333865836254,highly_intermittent,True
2,2025-10-27,FRH0040,1,cluster_1,SBA,0.7446808510638298,0.382401016501791,0.3516082008941879,0.999999970046711,2.014285794731692,1.5000000599065793,,1.5000000599065793,,0.0,12.000000479252634,12.000000479252634,12.000000479252634,active_moderate_intermittent,False
2,2025-10-27,FRH0042,2,cluster_2,SBA,0.1702127659574468,0.5711523733814131,0.2444505364571668,0.1035729262188542,0.7677925311100553,0.1306880904017115,,0.1306880904017115,,0.0,1.0455047232136925,1.0455047232136925,1.0455047232136925,highly_intermittent,True
2,2025-10-27,FRH0043,2,cluster_2,SBA,0.1595744680851064,0.1349250297128301,0.3232634532856807,0.6524972220903233,2.408266908244106,0.3842979108900169,,0.3842979108900169,,0.0,3.0743832871201358,3.0743832871201358,3.0743832871201358,highly_intermittent,True
2,2025-10-27,FRH0044,2,cluster_2,SBA,0.351063829787234,0.0653456291627198,0.1481262122871151,0.5477737277664653,1.5194761314639815,0.5334331099820362,1.0668662199640724,-0.3662675600718552,-0.7325351201437104,4.0,1.0698595194251588,4.2674648798562895,-2.930140480574841,highly_intermittent,True
2,2025-10-27,FRH0045,1,cluster_1,SBA,0.7659574468085106,0.999999970046711,0.1261987130103977,0.1155172647404704,0.8600245474661149,0.6587422065697901,,0.6587422065697901,,0.0,5.269937652558321,5.269937652558321,5.269937652558321,active_moderate_intermittent,False
2,2025-10-27,FRH0046,1,cluster_1,SBA,0.6276595744680851,0.1140634336941247,0.2125060823272674,0.8614745112050779,3.3183876957979783,2.0828178090646885,0.8769759196061846,-2.0828178090646885,-0.8769759196061846,19.0,2.3374575274824934,16.662542472517508,-16.662542472517508,active_moderate_intermittent,False
2,2025-10-27,FRH0047,2,cluster_2,SBA,0.4042553191489361,0.4561425842308728,0.167322041481896,0.999999970046711,1.8552632227278445,0.7500000262091285,,0.7500000262091285,,0.0,6.000000209673028,6.000000209673028,6.000000209673028,highly_intermittent,True
2,2025-10-27,FRH0048,1,cluster_1,SBA,2.354609929078014,0.314865845168706,0.6014707232915071,0.5048704968510446,2.1508060481666806,5.064309276534312,0.6534592614882982,-5.064309276534312,-0.6534592614882982,62.0,21.485525787725503,40.51447421227449,-40.51447421227449,active_moderate_intermittent,False
2,2025-10-27,FRH0049,2,cluster_2,SBA,0.1702127659574468,0.1804771164053422,0.7132919224487382,0.0104811407885371,0.2654929135743252,0.0451902831615872,,0.0451902831615872,,0.0,0.3615222652926982,0.3615222652926982,0.3615222652926982,highly_intermittent,True
2,2025-10-27,FRH0050,1,cluster_1,SBA,1.0319148936170213,0.0739308832725245,0.1473724103222424,0.2224797492561791,3.565120435879235,3.6789008753221895,0.7745054474362504,-3.3218678337629197,-0.6993405965816673,38.0,11.425057329896646,29.43120700257752,-26.574942670103358,active_moderate_intermittent,False
2,2025-10-27,FRH0051,1,cluster_1,SBA,1.8829787234042556,0.3627695501308424,0.3352702793799272,0.4114485138130372,1.0323929439443715,1.9439739476399336,0.4859934869099834,-0.7758957905597348,-0.1939739476399337,32.0,25.79283367552212,15.55179158111947,-6.207166324477878,active_moderate_intermittent,False
2,2025-10-27,FRH0052,0,low_information,SBA,0.0638297872340425,0.0115873776248579,0.0242721765780269,1.0037376640824325e-06,0.6266666792467258,0.0400000008029824,,0.0400000008029824,,0.0,0.3200000064238599,0.3200000064238599,0.3200000064238599,low_information,False
2,2025-10-27,FRH0056,1,cluster_1,SBA,3.3297872340425534,0.6039626457448306,0.2768452602268327,0.4312951119640694,1.1400069613523511,3.7959806266307017,0.3163317188858918,-3.727974168840936,-0.3106645140700779,96.0,66.17620664927252,30.367845013045613,-29.823793350727485,active_moderate_intermittent,False
2,2025-10-27,FRH0058,0,low_information,SBA,0.1489361702127659,0.0079144389635079,0.0166161987058011,1.0062641211340728e-06,0.72586882950897,0.1081081235438891,,0.1081081235438891,,0.0,0.8648649883511131,0.8648649883511131,0.8648649883511131,low_information,False
2,2025-10-27,FRH0059,1,cluster_1,SBA,1.4609929078014183,0.7608115213616929,0.999999970046711,0.6696202695282336,2.15511076313471,3.1486015404663137,8.396270774576836,3.1486015404663137,8.396270774576836,3.0,28.18881232373051,25.18881232373051,25.18881232373051,active_moderate_intermittent,False
2,2025-10-27,FRH0064,1,cluster_1,SBA,0.425531914893617,0.1683072555366062,0.1758792340044291,0.8096081454554322,5.504743494327261,2.3424440401392603,0.6045016877778736,-1.744776160557041,-0.4502648156276235,31.0,17.04179071554367,18.739552321114083,-13.95820928445633,active_moderate_intermittent,False
2,2025-10-27,FRH0065,2,cluster_2,SBA,0.1595744680851064,0.9999999694456344,0.999999970046711,0.50641112514743,6.63994814265352,1.0595661929766256,0.9418366159792227,-0.863264771906502,-0.7673464639168907,9.0,2.093881824747984,8.476529543813005,-6.906118175252016,highly_intermittent,True
2,2025-10-27,FRH0068,0,low_information,SBA,0.0212765957446808,0.999999970046711,0.999999970046711,1.0037376640824325e-06,93.74999962626764,1.9946808431120775,0.9973404215560387,-1.9893616862241557,-0.9946808431120776,16.0,0.0851065102067588,15.957446744896622,-15.914893489793243,low_information,False
2,2025-10-27,FRW00011,2,cluster_2,SBA,0.1702127659574468,0.0549248262244796,0.1094082878075176,0.999999970046711,0.3671875151229017,0.0625000025741109,,0.0625000025741109,,0.0,0.5000000205928874,0.5000000205928874,0.5000000205928874,highly_intermittent,True
2,2025-10-27,FRW0005,1,cluster_1,SBA,1.372340425531915,0.3313350424415822,0.354347114498181,0.3758492909368287,1.1841085271317828,1.625,0.6190476190476191,-0.3272632542019864,-0.124671715886471,21.0,18.38189396638411,13.0,-2.6181060336158914,active_moderate_intermittent,False
2,2025-10-27,FRW0006,1,cluster_1,SBA,2.691489361702128,0.3170837287592605,0.5279877264265527,0.3381310711455124,2.078456170367246,5.594142671307588,0.5085584246643262,-4.792190228410117,-0.4356536571281925,88.0,49.66247817271906,44.7531413704607,-38.33752182728094,active_moderate_intermittent,False
2,2025-10-27,FRW0007,0,low_information,SBA,0.0851063829787234,0.1083775793075165,0.2810672189807945,1.0037376640824325e-06,0.3455893065422113,0.0294118558759328,,0.0294118558759328,,0.0,0.235294847007463,0.235294847007463,0.235294847007463,low_information,False
2,2025-10-27,FRW0008,0,low_information,SBA,0.0638297872340425,0.0774812478114027,0.1809450825588587,1.0037376640824325e-06,4.01219525993298,0.2560975697829561,1.024390279131825,-0.2378048604340877,-0.9512194417363508,2.0,0.0975611165272983,2.0487805582636494,-1.9024388834727013,low_information,False
2,2025-10-27,FRW0009,2,cluster_2,SBA,0.1595744680851064,0.5660513829214565,0.5992999216507453,0.4249831133966128,4.7,0.75,1.0,-0.5199439004145352,-0.693258533886047,6.0,1.8404487966837184,6.0,-4.159551203316282,highly_intermittent,True
2,2025-10-27,FRW0011,2,cluster_2,SBA,0.1063829787234042,0.3013090811238483,0.5293821948357589,0.0185340934874704,0.3888720457444664,0.0413693665685602,,0.0413693665685602,,0.0,0.3309549325484821,0.3309549325484821,0.3309549325484821,highly_intermittent,True
2,2025-10-27,FRW0013,1,cluster_1,SBA,0.2127659574468085,0.6077441631802007,0.999999970046711,0.9999999683089392,2.3500000744739977,0.5000000158455314,,0.5000000158455314,,0.0,4.000000126764252,4.000000126764252,4.000000126764252,active_moderate_intermittent,False
2,2025-10-27,FRW0014,2,cluster_2,SBA,0.0851063829787234,0.5046368422950996,0.999999970046711,0.0337007215839974,0.5910927367430607,0.0503057648291966,,0.0503057648291966,,0.0,0.4024461186335732,0.4024461186335732,0.4024461186335732,highly_intermittent,True
2,2025-10-27,FRW0015,1,cluster_1,SBA,1.0425531914893618,0.999999977643702,0.6536937307691997,0.9772394333227572,1.9739278351527263,2.057924764308161,,2.057924764308161,,0.0,16.463398114465292,16.463398114465292,16.463398114465292,active_moderate_intermittent,False
2,2025-10-27,FRW0016,2,cluster_2,SBA,0.2978723404255319,0.1049381283153256,0.2506488923674194,0.117710381860932,0.3167963647782307,0.0943648746147921,,0.0943648746147921,,0.0,0.754918996918337,0.754918996918337,0.754918996918337,highly_intermittent,True
2,2025-10-27,FRW0017,2,cluster_2,SBA,0.1702127659574468,0.8427629966898774,0.999999970046711,0.059240038251055,0.5747990012499038,0.097838127872324,,0.097838127872324,,0.0,0.7827050229785925,0.7827050229785925,0.7827050229785925,highly_intermittent,True
2,2025-10-27,FRW0020,2,cluster_2,SBA,0.0638297872340425,0.2581686687190254,0.3292022950279107,1.004418761456405e-06,0.6025660346377882,0.0384616617853907,,0.0384616617853907,,0.0,0.3076932942831258,0.3076932942831258,0.3076932942831258,highly_intermittent,True
2,2025-10-27,FRW0021,0,low_information,SBA,0.0851063829787234,0.0201879761354898,0.0421106328979348,1.0037376640824325e-06,0.3263893530017117,0.0277778172767414,,0.0277778172767414,,0.0,0.2222225382139314,0.2222225382139314,0.2222225382139314,low_information,False
2,2025-10-27,FRW0022,0,low_information,SBA,0.0851063829787234,0.0189461818796533,0.0201339428564147,1.0044344470199063e-06,0.419643820580604,0.0357143677089875,,0.0357143677089875,,0.0,0.2857149416719006,0.2857149416719006,0.2857149416719006,low_information,False
2,2025-10-27,FRW0023,2,cluster_2,SBA,0.1702127659574468,0.048698331452666,0.079399476482935,0.3510045582602605,0.7473257347127814,0.1272043803766436,,0.1272043803766436,,0.0,1.017635043013149,1.017635043013149,1.017635043013149,highly_intermittent,True
2,2025-10-27,FRW0024,2,cluster_2,SBA,0.0957446808510638,0.4741094377131619,0.999999969917661,0.999999970046711,16.97222214401086,1.624999992511678,0.812499996255839,-0.4999999700467126,-0.2499999850233563,16.0,12.0000002396263,12.999999940093424,-3.9999997603737008,highly_intermittent,True
2,2025-10-27,FZGLS0002,0,low_information,SBA,0.0212765957446808,0.0281746879868816,1.0037376640824325e-06,1.0037376640824325e-06,6.332792431576495,0.1347402645016275,1.0779221160130203,-0.1120129806644966,-0.8961038453159728,1.0,0.1038961546840272,1.0779221160130203,-0.8961038453159728,low_information,False
2,2025-10-27,FZLRICBHP0001,2,cluster_2,SBA,0.1489361702127659,0.7693968205655414,0.7892254870863035,0.2950981943441841,1.040007113868751,0.1548946765336437,,0.1548946765336437,,0.0,1.23915741226915,1.23915741226915,1.23915741226915,highly_intermittent,True
2,2025-10-27,FZLRJ0001,2,cluster_2,SBA,0.4042553191489361,0.4555430583233162,0.999999970046711,0.999999970046711,0.7558479605343972,0.3055555585139052,1.2222222340556208,-0.1388888829721896,-0.5555555318887584,2.0,0.8888889362224833,2.4444444681112416,-1.1111110637775168,highly_intermittent,True
2,2025-10-27,FZLRJ0001double,0,low_information,SBA,0.0425531914893617,0.025671396843561,0.057190956533862,1.0037376640824325e-06,0.3092106733315259,0.0131579009928308,,0.0131579009928308,,0.0,0.1052632079426471,0.1052632079426471,0.1052632079426471,low_information,False
2,2025-10-27,FZLRJ0002,1,cluster_1,SBA,0.5106382978723404,0.370455379252947,0.5807921033205871,0.6307378303250836,1.7354305122414515,0.8861772828466987,3.544709131386795,0.5982363771289315,2.392945508515726,2.0,6.785891017031452,7.08941826277359,4.785891017031452,active_moderate_intermittent,False
2,2025-10-27,FZLRJ0002double,2,cluster_2,SBA,0.1276595744680851,0.130399328962485,0.0693487794006709,0.2592784620145628,0.6484583924375519,0.0827819224388364,,0.0827819224388364,,0.0,0.6622553795106912,0.6622553795106912,0.6622553795106912,highly_intermittent,True
2,2025-10-27,GJMJSLW001,1,cluster_1,SBA,2.48936170212766,0.1722934237654881,0.4310226746640402,0.999999970046711,0.6025640965478443,1.4999999850233572,,1.4999999850233572,,0.0,11.999999880186856,11.999999880186856,11.999999880186856,active_moderate_intermittent,False
2,2025-10-27,GJMJWJX001,1,cluster_1,SBA,5.613475177304964,0.2072714411053686,0.3314156631885323,0.5395823853461437,4.782212622010245,26.844831846249,0.7615555133687659,-26.844831846249,-0.7615555133687659,282.0,67.241345230008,214.758654769992,-214.758654769992,active_moderate_intermittent,False
2,2025-10-27,GJMJWJXW001,1,cluster_1,SBA,6.957446808510638,0.3774447465237781,0.999999970046711,0.999999970046711,8.300460728280898,57.75001400314582,0.8220642562725384,-46.25002800629164,-0.6583633879899167,562.0,191.99977594966688,462.0001120251666,-370.00022405033314,active_moderate_intermittent,False
2,2025-10-27,GJMUSDW001,0,low_information,SBA,0.0212765957446808,0.6180343707159061,1.0037376640824325e-06,1.0060452667707386e-06,1.0444449464739467,0.0222222329037009,,0.0222222329037009,,0.0,0.1777778632296079,0.1777778632296079,0.1777778632296079,low_information,False
2,2025-10-27,HLGKSLT0001,1,cluster_1,SBA,0.6063829787234043,0.3809128927857246,0.8410454255047594,0.457873106897408,2.699607764206073,1.636996197444108,0.5952713445251302,1.432661596592144,0.5209678533062342,22.0,33.46129277273715,13.095969579552865,11.461292772737153,active_moderate_intermittent,False
2,2025-10-27,HSAKSLT0001,2,cluster_2,SBA,0.1702127659574468,0.1383938720751073,0.7279868599609502,0.3393673929442283,0.6666541013055439,0.1134730385200925,,0.1134730385200925,,0.0,0.9077843081607406,0.9077843081607406,0.9077843081607406,highly_intermittent,True
2,2025-10-27,HWZDSKL0001,1,cluster_1,SBA,1.297872340425532,0.2258326256393611,0.1809244151223895,0.6545518785318227,0.9213660637341476,1.195815529527298,,1.195815529527298,,0.0,9.566524236218385,9.566524236218385,9.566524236218385,active_moderate_intermittent,False
2,2025-10-27,HWZDSKL0002,1,cluster_1,SBA,0.2765957446808511,0.6636216660412754,0.0693933455726282,0.4493442749409743,1.1173801066045106,0.3090625826778433,2.472500661422747,0.1204167769037911,0.9633342152303288,1.0,1.9633342152303288,2.472500661422747,0.9633342152303288,active_moderate_intermittent,False
2,2025-10-27,HZSN0001,1,cluster_1,SBA,0.9007092198581562,0.535040724129841,0.999999970046711,0.4836528204064623,1.4423863632547502,1.2991706959812293,0.8661137973208195,1.232227594641639,0.821485063094426,12.0,21.857820757133112,10.393365567849834,9.857820757133112,active_moderate_intermittent,False
2,2025-10-27,JZJ00011,1,cluster_1,SBA,0.2553191489361702,0.8513782830007461,0.999999970046711,0.999999970046711,5.385416754654453,1.3750000224649666,0.846153859978441,0.3750000898598662,0.23076928606761,13.0,16.00000071887893,11.000000179719732,3.0000007188789297,active_moderate_intermittent,False
2,2025-10-27,JZJ00012,1,cluster_1,SBA,1.1914893617021276,0.5249572344969841,0.6551718044361964,0.6450447391732066,1.2496967453575316,1.4890003774472715,0.5179131747642683,0.6103338365963622,0.2122900301204738,23.0,27.882670692770898,11.912003019578172,4.882670692770898,active_moderate_intermittent,False
2,2025-10-27,JZJ0002,1,cluster_1,SBA,1.74468085106383,0.6221567083634745,0.5781615050195592,0.6734530363958589,2.3589562928096126,4.115625872561452,0.5065385689306403,-4.112501163415269,-0.5061539893434177,65.0,32.09999069267785,32.92500698049162,-32.90000930732215,active_moderate_intermittent,False
2,2025-10-27,JZJ0003,1,cluster_1,SBA,2.8404255319148937,0.5307754278018023,0.4356156843521148,0.4866066088364607,4.646149720362025,13.197042290815538,0.6138159205030483,-13.197042290815538,-0.6138159205030483,172.0,66.42366167347568,105.57633832652432,-105.57633832652432,active_moderate_intermittent,False
2,2025-10-27,JZJ0004,2,cluster_2,SBA,0.2978723404255319,0.1952473013633463,0.3465047875399078,0.174608385463324,1.0885608989561346,0.3242521826677847,,0.3242521826677847,,0.0,2.594017461342278,2.594017461342278,2.594017461342278,highly_intermittent,True
2,2025-10-27,JZJ0005,1,cluster_1,SBA,0.5886524822695036,0.4248118409012268,0.999999970046711,0.8246012938284638,1.310141984362886,0.7712183312207059,,0.7712183312207059,,0.0,6.169746649765648,6.169746649765648,6.169746649765648,active_moderate_intermittent,False
2,2025-10-27,JZJ0008,1,cluster_1,SBA,1.1382978723404256,0.4601295960899235,0.5256275192447254,0.7350746162685664,1.7250248523574307,1.96359211917282,3.141747390676512,1.49312282556376,2.3889965209020163,5.0,16.94498260451008,15.70873695338256,11.94498260451008,active_moderate_intermittent,False
2,2025-10-27,JZJ0009,1,cluster_1,SBA,2.148936170212766,0.699190204708374,0.6792334342429261,0.378595605935512,2.7311588044923742,5.869085941568719,0.2268245774519312,-1.8513437662748764,-0.0715495175371933,207.0,192.189249869801,46.95268753254975,-14.810750130199011,active_moderate_intermittent,False
2,2025-10-27,JZJ0013,1,cluster_1,SBA,2.872340425531915,0.9849256087196874,0.7738889401195883,0.6400587885603942,3.865961075034391,11.104356279354102,0.5383930317262595,-10.930808372472136,-0.5299785877562248,165.0,77.5535330202229,88.83485023483281,-87.44646697977709,active_moderate_intermittent,False
2,2025-10-27,JZJ0014,2,cluster_2,SBA,0.2127659574468085,0.0457655150786284,0.1058174318952839,0.999999970046711,0.881250020530485,0.1875000043681882,1.5000000349455065,-0.0416666608424156,-0.333333286739325,1.0,0.6666667132606751,1.5000000349455065,-0.333333286739325,highly_intermittent,True
2,2025-10-27,JZJ0016,1,cluster_1,SBA,1.148936170212766,0.2526281184267858,0.4402080233841211,0.6286476126515053,3.080952623762692,3.5398179081528807,,3.5398179081528807,,0.0,28.318543265223045,28.318543265223045,28.318543265223045,active_moderate_intermittent,False
2,2025-10-27,JZJ0017,2,cluster_2,SBA,0.1702127659574468,0.0889701253501434,0.1138352566164696,0.5366804043960741,2.2482479579296792,0.3826805034773922,,0.3826805034773922,,0.0,3.061444027819137,3.061444027819137,3.061444027819137,highly_intermittent,True
2,2025-10-27,JZJ0018,2,cluster_2,SBA,0.2340425531914893,0.6269364422933181,0.999999970046711,0.999999970046711,2.314393958946781,0.5416666712428637,1.0833333424857274,-0.3333333150285451,-0.6666666300570903,4.0,1.3333334797716392,4.33333336994291,-2.666666520228361,highly_intermittent,True
2,2025-10-27,JZJ0019,1,cluster_1,SBA,0.4234042553191489,0.6015453425121744,0.999999970046711,0.7730390360951979,3.7884537299888295,1.6040474303569725,0.2851639876190173,-1.0830948607139446,-0.1925501974602568,45.0,36.33524111428844,12.832379442855778,-8.664758885711557,active_moderate_intermittent,False
2,2025-10-27,JZQCQ001,1,cluster_1,SBA,2.8297872340425534,0.5424169310425565,0.8628665912562979,0.7293405878555835,2.152724677237711,6.091752810055651,,6.091752810055651,,0.0,48.734022480445205,48.734022480445205,48.734022480445205,active_moderate_intermittent,False
2,2025-10-27,JZQCQ003,1,cluster_1,SBA,3.914893617021277,0.4474018885852617,0.5763105380071887,0.7977973672297008,0.2757168704313459,1.079402216156759,,1.079402216156759,,0.0,8.63521772925407,8.63521772925407,8.63521772925407,active_moderate_intermittent,False
2,2025-10-27,JZQCQ004,1,cluster_1,SBA,0.7021276595744681,0.6265562468512845,0.999999970046711,0.999999970046711,0.712121404094571,0.5000001347898052,,0.5000001347898052,,0.0,4.000001078318442,4.000001078318442,4.000001078318442,active_moderate_intermittent,False
2,2025-10-27,KFZ0001,2,cluster_2,SBA,0.1276595744680851,0.0426820731696786,0.0993737818184436,0.4834383040273631,0.7524523781747506,0.0960577504052873,,0.0960577504052873,,0.0,0.7684620032422984,0.7684620032422984,0.7684620032422984,highly_intermittent,True
2,2025-10-27,KZCWBG001,2,cluster_2,SBA,0.2659574468085106,0.6261607258008527,0.2640263589977111,0.5057173125036145,1.7426376468802065,0.4634674592766507,3.707739674213205,0.3262899457022009,2.610319565617607,1.0,3.610319565617607,3.707739674213205,2.610319565617607,highly_intermittent,True
2,2025-10-27,LRKF0001,1,cluster_1,SBA,0.4468085106382978,0.7869556051534478,0.8847925071427375,0.1162484058195461,0.8322404218286382,0.3718521033702426,,0.3718521033702426,,0.0,2.974816826961941,2.974816826961941,2.974816826961941,active_moderate_intermittent,False
2,2025-10-27,LTKF0002,2,cluster_2,SBA,0.0425531914893617,0.9999999638290566,0.5857864251662435,0.0822235592967712,0.9645403115038892,0.0410442685746335,,0.0410442685746335,,0.0,0.3283541485970686,0.3283541485970686,0.3283541485970686,highly_intermittent,True
2,2025-10-27,LTKF0005A,2,cluster_2,SBA,0.2553191489361702,0.1437387075229567,0.2408741141295507,0.6113960863526671,1.8392557256167787,0.4695972065404541,1.8783888261618165,0.0427962753872721,0.1711851015490886,2.0,2.342370203098177,3.756777652323633,0.3423702030981772,highly_intermittent,True
2,2025-10-27,LTKF0008,2,cluster_2,SBA,0.1702127659574468,0.2310274786209883,0.4999999881714531,1.0036203323432225e-06,0.2797629944382503,0.0476192330958724,,0.0476192330958724,,0.0,0.3809538647669792,0.3809538647669792,0.3809538647669792,highly_intermittent,True
2,2025-10-27,LTKF0009,2,cluster_2,SBA,0.2127659574468085,0.2989118505619882,0.999999970046711,0.1343199893298167,0.3732478237440923,0.0794144305838494,,0.0794144305838494,,0.0,0.6353154446707955,0.6353154446707955,0.6353154446707955,highly_intermittent,True
2,2025-10-27,LTKF0012,0,low_information,SBA,0.0638297872340425,0.2679491850250672,0.0190803640846545,1.0061422913305548e-06,0.3481493585845547,0.0222222994841205,,0.0222222994841205,,0.0,0.1777783958729641,0.1777783958729641,0.1777783958729641,low_information,False
2,2025-10-27,LTKF0016,0,low_information,SBA,0.0851063829787234,0.009908261214855,1.0037376640824325e-06,1.0056845622066327e-06,1.0000002300239497,0.0851064025552297,,0.0851064025552297,,0.0,0.680851220441838,0.680851220441838,0.680851220441838,low_information,False
2,2025-10-27,LTKF0019,1,cluster_1,SBA,0.723404255319149,0.2681553182548429,0.412754722618531,0.9760486293248832,1.5551470588235292,1.125,1.0,-0.377818325319223,-0.3358385113948648,9.0,5.977453397446216,9.0,-3.022546602553784,active_moderate_intermittent,False
2,2025-10-27,LTKF0020,1,cluster_1,SBA,3.3404255319148937,0.7093134096861262,0.8249522745215159,0.5050935249736099,3.62986323299019,12.12528782083957,0.9151160619501564,1.5005756416791458,0.1132509918248411,106.0,118.00460513343316,97.00230256671657,12.004605133433166,active_moderate_intermittent,False
2,2025-10-27,LTKF0021,1,cluster_1,SBA,1.3404255319148937,0.2604896161743506,0.4607842251117409,0.5166014756686872,1.045038411488896,1.400796168591499,0.4872334499448691,0.2281846743659956,0.0793685823881724,23.0,24.825477394927965,11.206369348731991,1.8254773949279648,active_moderate_intermittent,False
2,2025-10-27,LTKF0022,1,cluster_1,SBA,0.2765957446808511,0.4851294305593471,0.999999970046711,0.999999970046711,1.8076923618386376,0.5000000149766445,,0.5000000149766445,,0.0,4.000000119813156,4.000000119813156,4.000000119813156,active_moderate_intermittent,False
2,2025-10-27,LTKF0022M,1,cluster_1,SBA,0.4468085106382978,0.4114015735921782,0.8263561456534421,0.696166249339025,4.942458185911188,2.208332380939041,1.472221587292694,0.4166647618780821,0.2777765079187214,12.0,15.333318095024657,17.66665904751233,3.3333180950246573,active_moderate_intermittent,False
2,2025-10-27,LTKF0024A,2,cluster_2,SBA,0.202127659574468,0.4444757356527778,0.778008567247526,0.9759130612091222,0.3226855738047919,0.0652236798116068,,0.0652236798116068,,0.0,0.521789438492855,0.521789438492855,0.521789438492855,highly_intermittent,True
2,2025-10-27,LTKF0031,1,cluster_1,SBA,1.2872340425531914,0.5079669059734228,0.999999970046711,0.4975807940504442,1.935213972099044,2.4910733045104707,0.7380957939290284,1.3571466090209414,0.4021175137839826,27.0,37.85717287216753,19.92858643608377,10.857172872167531,active_moderate_intermittent,False
2,2025-10-27,LTKF0047,1,cluster_1,SBA,0.2553191489361702,0.574650176032199,0.8516517788281247,0.9967049144550753,1.227590039795707,0.3134272442031591,2.507417953625273,0.1262363256042122,1.0098906048336975,1.0,2.0098906048336977,2.507417953625273,1.0098906048336975,active_moderate_intermittent,False
2,2025-10-27,LTKF0101,1,cluster_1,SBA,1.319148936170213,0.4217924567682237,0.1775438750535747,0.9567912713540616,2.7181106946118905,3.5855928311901533,1.103259332673893,-2.578814337619693,-0.7934813346522134,26.0,5.369485299042449,28.684742649521223,-20.630514700957548,active_moderate_intermittent,False
2,2025-10-27,LTKF0102,2,cluster_2,SBA,0.1063829787234042,0.6120649897189874,0.999999970046711,0.9996169869271556,8.225900080787206,0.8750957532752346,1.1667943377003127,-0.2496169868990617,-0.3328226491987489,6.0,4.003064104807506,7.000766026201877,-1.9969358951924936,highly_intermittent,True
2,2025-10-27,LTKF0103,0,low_information,SBA,0.0531914893617021,0.3333333250558672,0.999999970046711,1.0037376640824325e-06,7.349999946609746,0.3909574439686035,1.042553183916276,-0.3430851120627929,-0.9148936321674478,3.0,0.2553191034976565,3.1276595517488284,-2.7446808965023437,low_information,False
2,2025-10-27,LTKF093,2,cluster_2,SBA,0.2765957446808511,0.1285421345883122,0.3033697635206328,0.7885420570949262,4.0673076923076925,1.125,1.0,-0.2498965337004151,-0.2221302521781467,9.0,7.000827730396679,9.0,-1.9991722696033207,highly_intermittent,True
2,2025-10-27,LTKF098,2,cluster_2,SBA,0.3297872340425531,0.9999999762934778,0.8997666657838598,0.9999999660911988,9.854839172368482,3.250000152589606,2.600000122071685,3.250000152589606,2.600000122071685,10.0,36.00000122071685,26.000001220716847,26.000001220716847,highly_intermittent,True
2,2025-10-27,LYC0201,1,cluster_1,SBA,0.3191489361702128,0.3503533005639758,0.8242716886148302,0.8664449347119596,2.599988978153344,0.8297837164319183,,0.8297837164319183,,0.0,6.638269731455346,6.638269731455346,6.638269731455346,active_moderate_intermittent,False
2,2025-10-27,LYC0203,2,cluster_2,SBA,0.1702127659574468,0.1511829948633198,0.2813376756340915,0.8755992033362239,2.771483991137277,0.4717419559382599,3.77393564750608,0.3373226079176799,2.6985808633414394,1.0,3.69858086334144,3.77393564750608,2.6985808633414394,highly_intermittent,True
2,2025-10-27,NNB0002,0,low_information,SBA,0.0638297872340425,0.070396731625406,0.1832110677022275,0.7208766979476309,136.59956966947468,8.71912146826434,0.996471024944496,-8.688242936528681,-0.9929420498889922,70.0,0.4940565077705463,69.75297174611472,-69.50594349222945,low_information,False
2,2025-10-27,QCCXC0004,1,cluster_1,SBA,1.319148936170213,0.3999298410330499,0.354772664564317,0.999999970046711,0.3790325532493627,0.5000003893927762,,0.5000003893927762,,0.0,4.00000311514221,4.00000311514221,4.00000311514221,active_moderate_intermittent,False
2,2025-10-27,QCCXC0005,1,cluster_1,SBA,1.1914893617021276,0.4611757672411645,0.9108464050553884,0.6966615466291989,0.4688400954399379,0.5586179860560962,,0.5586179860560962,,0.0,4.46894388844877,4.46894388844877,4.46894388844877,active_moderate_intermittent,False
2,2025-10-27,QCCXC0007,1,cluster_1,SBA,1.893617021276596,0.3459727500053939,0.6207131008537922,0.5471662030945467,1.1746018189668903,2.224245997618154,,2.224245997618154,,0.0,17.793967980945233,17.793967980945233,17.793967980945233,active_moderate_intermittent,False
2,2025-10-27,QCSSXC0004,0,low_information,SBA,0.0638297872340425,0.0218986403699462,0.0481571032897682,1.0037376640824325e-06,0.3133337170291564,0.0200000244912227,,0.0200000244912227,,0.0,0.160000195929782,0.160000195929782,0.160000195929782,low_information,False
2,2025-10-27,QCSSXC0005,1,cluster_1,SBA,1.1063829787234043,0.1440622265585036,0.2774917864541061,0.999999970046711,1.355769569183794,1.5000003744161128,,1.5000003744161128,,0.0,12.000002995328902,12.000002995328902,12.000002995328902,active_moderate_intermittent,False
2,2025-10-27,QCSSXC0006,1,cluster_1,SBA,0.648936170212766,0.2153389155491509,0.6271890998369757,0.4491037520373772,4.195411334363514,2.7225541637890887,10.890216655156356,2.7225541637890887,10.890216655156356,2.0,23.78043331031271,21.78043331031271,21.78043331031271,active_moderate_intermittent,False
2,2025-10-27,QCXDS001,1,cluster_1,SBA,1.3829787234042554,0.8226851492299591,0.3543614672098282,0.9999999770774308,0.0241025650970511,0.0333333347086877,,0.0333333347086877,,0.0,0.266666677669502,0.266666677669502,0.266666677669502,active_moderate_intermittent,False
2,2025-10-27,QCXXC0001,2,cluster_2,SBA,0.4893617021276595,0.1958153731299126,0.1140710494427949,0.2060528615472938,0.9120956058445532,0.4463446581792494,,0.4463446581792494,,0.0,3.570757265433996,3.570757265433996,3.570757265433996,highly_intermittent,True
2,2025-10-27,QCXXC0002,2,cluster_2,SBA,0.3191489361702128,0.1804842444130942,0.2596713806326743,0.8224481289890585,0.2070526269726471,0.0660806256295682,,0.0660806256295682,,0.0,0.5286450050365458,0.5286450050365458,0.5286450050365458,highly_intermittent,True
2,2025-10-27,QFSJZ001-1,1,cluster_1,SBA,0.3723404255319149,0.692052386911457,0.437947715822386,0.6539166916851546,12.932931328571778,4.815453154255449,12.841208411347864,4.815453154255449,12.841208411347864,3.0,41.52362523404359,38.52362523404359,38.52362523404359,active_moderate_intermittent,False
2,2025-10-27,QFSJZ002-1,2,cluster_2,SBA,0.1489361702127659,0.1964837924497571,0.9055544875625214,0.9829174181481664,3.3581230866800107,0.5001459916331931,,0.5001459916331931,,0.0,4.0011679330655445,4.0011679330655445,4.0011679330655445,highly_intermittent,True
2,2025-10-27,QFSJZ003,2,cluster_2,SBA,0.1382978723404255,0.1185940925264558,0.3681118959058047,0.999999970046711,1.807692280619147,0.2499999962558395,,0.2499999962558395,,0.0,1.999999970046716,1.999999970046716,1.999999970046716,highly_intermittent,True
2,2025-10-27,QFSJZ003-1,2,cluster_2,SBA,0.2765957446808511,0.3093697791107071,0.4624742019805548,0.9999999772001372,2.7115385233611677,0.7500000170998974,1.5000000341997948,0.5000000227998631,1.0000000455997262,4.0,8.000000182398905,6.000000136799179,4.000000182398905,highly_intermittent,True
2,2025-10-27,QYGZIPJ,0,low_information,SBA,0.0638297872340425,0.0897435811857597,0.312233420630471,0.999999970046711,3.916666647113781,0.2499999987519434,1.999999990015548,0.0416666650025913,0.3333333200207304,1.0,1.3333333200207305,1.999999990015548,0.3333333200207304,low_information,False
2,2025-10-27,RLHZHMV000AMDE,1,cluster_1,SBA,3.042553191489361,0.6718546897857977,0.8268287579752743,0.5147799676895919,0.7309615625765516,2.223989435073338,0.5391489539571728,-0.5209577402933503,-0.1262927855256606,33.0,28.8323380776532,17.791915480586702,-4.167661922346802,active_moderate_intermittent,False
2,2025-10-27,SLT0003,2,cluster_2,SBA,0.2765957446808511,0.1157826390246542,0.2654603241778291,0.5366442614540754,3.054555021540537,0.8448769208516379,0.6759015366813104,-0.0602461582967242,-0.0481969266373794,10.0,9.518030733626206,6.759015366813103,-0.481969266373794,highly_intermittent,True
2,2025-10-27,SLT0004,0,low_information,SBA,0.0744680851063829,0.5649279963153425,0.145965163925516,0.9685690104293548,13.428571428571429,1.0,1.0,-0.4594237227059983,-0.4594237227059983,8.0,4.324610218352014,8.0,-3.6753897816479855,low_information,False
2,2025-10-27,SPH0001,2,cluster_2,SBA,0.2765957446808511,0.9354229080097288,0.7206698606260249,0.999999970046711,12.653846803602107,3.5000001797197324,,3.5000001797197324,,0.0,28.00000143775786,28.00000143775786,28.00000143775786,highly_intermittent,True
2,2025-10-27,SRPDZS0001,0,low_information,SBA,0.0851063829787234,0.2416903884515354,0.0842375663886274,0.4044576403610411,0.646019003843404,0.0549803407526301,,0.0549803407526301,,0.0,0.4398427260210411,0.4398427260210411,0.4398427260210411,low_information,False
2,2025-10-27,SRPDZS0002,2,cluster_2,SBA,0.0638297872340425,0.9999999722117726,0.0724761162683164,0.3259937036490997,1.4049128983243442,0.0896752913824049,,0.0896752913824049,,0.0,0.7174023310592396,0.7174023310592396,0.7174023310592396,highly_intermittent,True
2,2025-10-27,WSJZS0002,1,cluster_1,SBA,0.4042553191489361,0.999999970046711,0.999999970046711,0.999999970046711,4.947368939717497,2.0000002096730305,,2.0000002096730305,,0.0,16.000001677384244,16.000001677384244,16.000001677384244,active_moderate_intermittent,False
2,2025-10-27,WSJZS0004,1,cluster_1,SBA,0.6914893617021277,0.6943357554913704,0.9269162194222418,0.999999970046711,23.861538699782304,16.500000164743085,,16.500000164743085,,0.0,132.00000131794468,132.00000131794468,132.00000131794468,active_moderate_intermittent,False
2,2025-10-27,XHP0001,1,cluster_1,SBA,1.25531914893617,0.8647901798726765,0.1169233016992604,0.9999999698326398,1.99152543574463,2.5000000150836845,2.0000000120669474,1.250000030167369,1.000000024133895,10.0,20.000000241338952,20.00000012066948,10.000000241338952,active_moderate_intermittent,False
2,2025-10-27,XHZXCZP0001,1,cluster_1,SBA,2.882978723404255,0.9230139741274516,0.999999970046711,0.5655145575967732,0.3360928737141746,0.9689486040057588,0.2500512526466474,-0.2507944160230351,-0.0647211396188477,31.0,28.99364467181572,7.75158883204607,-2.0063553281842808,active_moderate_intermittent,False
2,2025-10-27,XHZXCZP0002,2,cluster_2,SBA,0.0957446808510638,0.6251949197409793,0.999999970046711,0.999999970046711,13.055555672872604,1.2500000112324834,0.7692307761430667,-0.124999955070066,-0.0769230492738867,13.0,12.000000359439472,10.000000089859869,-0.999999640560528,highly_intermittent,True
2,2025-10-27,YBB0001,1,cluster_1,SBA,0.202127659574468,0.9668892744464788,0.999999970046711,0.999999970046711,4.328947368421054,0.8750000000000002,1.4000000000000004,-0.1249999999999995,-0.1999999999999993,5.0,4.000000000000004,7.000000000000002,-0.9999999999999964,active_moderate_intermittent,False
2,2025-10-27,YDBZ001,1,cluster_1,SBA,0.4787234042553192,0.999999966932122,0.5295028466847009,0.999999970046711,2.349999999999998,1.1249999999999991,0.8181818181818176,-0.8749999999999979,-0.6363636363636348,11.0,4.000000000000018,8.999999999999993,-6.999999999999983,active_moderate_intermittent,False
2,2025-10-27,YDBZ002,1,cluster_1,SBA,0.8085106382978723,0.5113801709417791,0.0954081306721776,0.3398537267329484,1.6607409921351253,1.342726759598612,0.976528552435354,0.0604535191972236,0.043966195779799,11.0,11.483628153577788,10.741814076788897,0.4836281535777891,active_moderate_intermittent,False
2,2025-10-27,YDBZLV0001AMDE,2,cluster_2,SBA,0.1702127659574468,0.2175631030825946,0.52389616509654,0.9999999655903858,0.7343750694912932,0.1250000118283052,,0.1250000118283052,,0.0,1.0000000946264418,1.0000000946264418,1.0000000946264418,highly_intermittent,True
2,2025-10-27,YDBZWV0001AMDE,2,cluster_2,SBA,0.1914893617021276,0.3007980367800085,0.508111405305241,0.999999970046711,1.305555653319766,0.2500000187208062,,0.2500000187208062,,0.0,2.00000014976645,2.00000014976645,2.00000014976645,highly_intermittent,True
2,2025-10-27,YJL0002,0,low_information,SBA,0.0425531914893617,0.2010975208596662,0.9999999755167436,0.7382480985895289,1.891983953383364,0.0805099554631218,,0.0805099554631218,,0.0,0.6440796437049748,0.6440796437049748,0.6440796437049748,low_information,False
2,2025-10-27,YJLZHMV000AMDE,1,cluster_1,SBA,1.053191489361702,0.2470401982843047,0.3458119758880406,0.3416839221590264,0.6716071602023347,0.70733094531948,5.65864756255584,0.6514412604259733,5.211530083407786,1.0,6.211530083407786,5.65864756255584,5.211530083407786,active_moderate_intermittent,False
2,2025-10-27,YJX0022,0,low_information,SBA,0.0638297872340425,0.1833444668607733,0.999999970046711,1.006032755680917e-06,0.2373743199155887,0.0151515523350375,,0.0151515523350375,,0.0,0.1212124186803006,0.1212124186803006,0.1212124186803006,low_information,False
2,2025-10-27,YJX0023,0,low_information,SBA,0.1063829787234042,0.0168649167092873,0.0353575453615109,1.005836108720459e-06,0.5696973907815038,0.0606061054022876,,0.0606061054022876,,0.0,0.4848488432183012,0.4848488432183012,0.4848488432183012,low_information,False
2,2025-10-27,YJX0024,2,cluster_2,SBA,0.1489361702127659,0.3634491557842199,0.8695935196839737,0.2196159137830933,0.496353601927791,0.0739250045424369,,0.0739250045424369,,0.0,0.5914000363394957,0.5914000363394957,0.5914000363394957,highly_intermittent,True
2,2025-10-27,YJX0025,2,cluster_2,SBA,0.1489361702127659,0.0490977488956093,0.1131462904472055,0.3200932863247418,0.5218529037660851,0.0777227729013318,,0.0777227729013318,,0.0,0.6217821832106545,0.6217821832106545,0.6217821832106545,highly_intermittent,True
2,2025-10-27,YKLLW0004,0,low_information,SBA,0.4680851063829787,0.0057032439969724,0.0123780720164597,1.003358594183697e-06,0.061039594476804,0.0285717250742487,,0.0285717250742487,,0.0,0.2285738005939896,0.2285738005939896,0.2285738005939896,low_information,False
2,2025-10-27,YKLLW0005,1,cluster_1,SBA,1.0851063829787233,0.0120201230079081,0.0234310804875633,0.6460702577006652,0.3347192575388742,0.3632060028613316,2.905648022890653,0.1926080038151088,1.5408640305208707,1.0,2.5408640305208707,2.905648022890653,1.5408640305208707,active_moderate_intermittent,False
2,2025-10-27,YKLLW0006,0,low_information,SBA,0.2553191489361702,0.0090635414300741,0.0194836107651758,1.0042981703670134e-06,0.6154766311891181,0.1571429696653067,1.257143757322454,-0.0821427071129243,-0.6571416569033948,1.0,0.3428583430966053,1.257143757322454,-0.6571416569033948,low_information,False
2,2025-10-27,ZBTZ0002,0,low_information,SBA,0.574468085106383,0.0046676463580954,0.0031921981452934,0.7997603335441048,0.3520196717166835,0.2022240667308607,1.617792533846886,-0.0220345776921856,-0.1762766215374851,1.0,0.8237233784625149,1.617792533846886,-0.1762766215374851,low_information,False
2,2025-10-27,ZBTZ0003,0,low_information,SBA,0.0425531914893617,0.0331591810617601,0.0332124417593627,0.8570353211437778,18.001030833370553,0.7660013120583214,1.0213350827444283,-0.7179973758833574,-0.9573298345111432,6.0,0.2560209929331407,6.128010496466572,-5.74397900706686,low_information,False
2,2025-10-27,ZJJSJBV001AMDE,2,cluster_2,SBA,0.4042553191489361,0.2204122860921432,0.3672249967419647,0.7064705456342886,1.2822979759499396,0.5183757775116776,,0.5183757775116776,,0.0,4.147006220093421,4.147006220093421,4.147006220093421,highly_intermittent,True
2,2025-10-27,ZJJSJSV001AMDE,1,cluster_1,SBA,0.6595744680851063,0.3945555482807695,0.999999970046711,0.9999999705980064,0.2526881844255708,0.1666666748338871,,0.1666666748338871,,0.0,1.3333333986710971,1.3333333986710971,1.3333333986710971,active_moderate_intermittent,False
2,2025-10-27,ZJJYZBV001AMDE,1,cluster_1,SBA,0.6382978723404256,0.7709379198416596,0.6707944053767925,0.999999970046711,1.5666668074471255,1.000000089859867,,1.000000089859867,,0.0,8.000000718878939,8.000000718878939,8.000000718878939,active_moderate_intermittent,False
2,2025-10-27,ZJJYZSJBV1AMDE,1,cluster_1,SBA,0.4042553191489361,0.3498044624748055,0.999999970046711,0.9842412293707814,0.4166237924286703,0.1684223841732922,,0.1684223841732922,,0.0,1.347379073386338,1.347379073386338,1.347379073386338,active_moderate_intermittent,False
2,2025-10-27,ZJJYZSJSV1AMDE,1,cluster_1,SBA,0.4042553191489361,0.9999999766847976,0.999999970046711,0.9999999698499596,2.4736843969805205,1.000000075375104,,1.000000075375104,,0.0,8.000000603000831,8.000000603000831,8.000000603000831,active_moderate_intermittent,False
2,2025-10-27,ZJJYZSJSV2AMDE,2,cluster_2,SBA,0.1914893617021276,0.3884067804042141,0.6240639706379791,0.9999999654465496,0.8703704505685063,0.1666666820237565,,0.1666666820237565,,0.0,1.333333456190052,1.333333456190052,1.333333456190052,highly_intermittent,True
2,2025-10-27,ZTD0003,2,cluster_2,SBA,0.1170212765957446,0.186888451474192,0.532343154147912,0.8564599480198632,37.35371746253132,4.371179703062176,0.9451199357972272,-4.286572937416235,-0.9268265810629696,37.0,2.7074165006701216,34.96943762449741,-34.29258349932988,highly_intermittent,True
3,2025-12-22,BLP0001,1,cluster_1,SBA,0.9607843137254902,0.3270663945848589,0.2078002694684346,0.7223506975161464,6.056448802067783,5.818941005908263,0.9500311846380838,-5.716921341211018,-0.9333749128507784,49.0,3.264629270311864,46.5515280472661,-45.73537072968814,active_moderate_intermittent,False
3,2025-12-22,BLP0002,1,cluster_1,SBA,0.4901960784313725,0.2322793882738167,0.3720947435573123,0.6299381861557279,1.3783106966175354,0.675642498341929,0.6005711096372702,0.476284996683858,0.4233644414967627,9.0,12.810279973470864,5.405139986735432,3.810279973470864,active_moderate_intermittent,False
3,2025-12-22,BLP0003,2,cluster_2,SBA,0.0686274509803921,0.2256624048893231,0.9999999645348396,0.999893081137168,10.928571428571429,0.75,1.0,-0.2500534422882279,-0.3334045897176372,6.0,3.999572461694177,6.0,-2.000427538305823,highly_intermittent,True
3,2025-12-22,CLSSLT0003,2,cluster_2,SBA,0.2156862745098039,0.7393670654737028,0.2374085610653839,0.4133945415540796,3.477272727272727,0.75,1.0,-0.4175666887052057,-0.5567555849402743,6.0,2.659466490358354,6.0,-3.340533509641646,highly_intermittent,True
3,2025-12-22,CLSSLT0006,2,cluster_2,SBA,0.3529411764705882,0.2359203562909299,0.2746396767995212,0.999999970046711,2.124999989391545,0.7499999962558395,1.199999994009343,-0.1250000149766422,-0.2000000239626275,5.0,3.999999880186862,5.999999970046716,-1.0000001198131376,highly_intermittent,True
3,2025-12-22,CWW0002,1,cluster_1,SBA,1.3411764705882352,0.8909986416527781,0.3884048801402267,0.5766500224238463,8.481359649122808,11.375,0.5723270440251572,-3.648055869216087,-0.1835499808410609,159.0,129.8155530462713,91.0,-29.184446953728692,active_moderate_intermittent,False
3,2025-12-22,DHZXCZP0001,1,cluster_1,SBA,0.4509803921568627,0.5616727733521245,0.6878753412085452,0.999999970046711,2.217391304347826,1.0,1.0,-0.8333333233489029,-0.8333333233489029,8.0,1.3333334132087762,8.0,-6.666666586791223,active_moderate_intermittent,False
3,2025-12-22,DRMJJ0021,2,cluster_2,SBA,0.1372549019607843,0.695960441318373,0.578234851846267,0.2739305467919893,5.464285714285714,0.7500000000000001,1.0000000000000002,-0.5715272110278277,-0.7620362813704369,6.0,1.4277823117773794,6.000000000000001,-4.572217688222621,highly_intermittent,True
3,2025-12-22,DRMJJ0022,1,cluster_1,SBA,0.3529411764705882,0.6579321404579505,0.158376618879929,0.223259476429104,5.857288325222811,2.0672782324315806,0.8704329399711919,-1.7595564648631614,-0.7408658799423837,19.0,4.923548281094708,16.538225859452645,-14.076451718905291,active_moderate_intermittent,False
3,2025-12-22,DRMJJ0023,1,cluster_1,SBA,0.8529411764705882,0.2303300389485674,0.3127496628263431,0.4623380379410853,1.778871061280964,1.5172723757984692,0.6388515266519871,1.4095447515969384,0.5934925269881846,19.0,30.276358012775507,12.138179006387752,11.276358012775509,active_moderate_intermittent,False
3,2025-12-22,DRMJJ0025,2,cluster_2,SBA,0.196078431372549,0.4418696914549231,0.999999970046711,0.999999977140272,5.06458333180406,0.993055555255698,0.993055555255698,-0.972222221022792,-0.972222221022792,8.0,0.2222222318176637,7.944444442045584,-7.777777768182336,highly_intermittent,True
3,2025-12-22,DRMJJ0026,2,cluster_2,SBA,0.196078431372549,0.5435938123750488,0.999999970046711,0.4487529434873638,5.4249648398307055,1.0637185960452364,1.0637185960452364,-0.7451256158190546,-0.7451256158190546,8.0,2.038995073447564,8.509748768361892,-5.9610049265524365,highly_intermittent,True
3,2025-12-22,DRMJJ0027,2,cluster_2,SBA,0.0784313725490196,0.8670732470861948,0.8452942236781942,0.4276913445384675,3.001097430830745,0.2353801906533917,1.8830415252271344,0.0221735875378557,0.1773887003028457,1.0,1.1773887003028458,1.8830415252271344,0.1773887003028457,highly_intermittent,True
3,2025-12-22,ETZP0003,2,cluster_2,SBA,0.196078431372549,0.6358642209870319,0.8034055577951288,0.999999970046711,13.812500033947062,2.70833333998962,1.03174603428176,-2.2916666400415195,-0.8730158628729598,21.0,2.666666879667842,21.66666671991696,-18.33333312033216,highly_intermittent,True
3,2025-12-22,ETZP0004,2,cluster_2,SBA,0.4509803921568627,0.1613973322684683,0.3204061463438079,0.5792138504065213,6.652173913043479,3.0,1.0,-1.648060078965331,-0.5493533596551103,24.0,10.815519368277354,24.0,-13.184480631722648,highly_intermittent,True
3,2025-12-22,FDBLHP0001,2,cluster_2,SBA,0.3529411764705882,0.5590320288426374,0.8842215196674548,0.3380775033387824,2.246046615974709,0.7927223350498973,1.2683557360798356,0.0458893401995893,0.0734229443193429,5.0,5.367114721596715,6.3417786803991785,0.3671147215967145,highly_intermittent,True
3,2025-12-22,FDBLP0001,1,cluster_1,SBA,0.7450980392156863,0.999999970046711,0.2772187922664246,0.9992785224233908,2.012795306620377,1.499729836305379,0.7998559126962022,-1.3746397817405054,-0.7331412169282695,15.0,4.002881746075959,11.997838690443032,-10.997118253924045,active_moderate_intermittent,False
3,2025-12-22,FRC0003,1,cluster_1,SBA,0.6470588235294118,0.5366708226451059,0.4876271847238846,0.2602831605765629,2.987284946163664,1.9329490828117823,1.2886327218745215,-0.6341018343764346,-0.4227345562509564,12.0,6.927185324988522,15.46359266249426,-5.072814675011477,active_moderate_intermittent,False
3,2025-12-22,FRH0028,1,cluster_1,SBA,0.6078431372549019,0.18293743467071,0.3244973970794776,0.999999970046711,0.2350230500228774,0.1428571480531215,,0.1428571480531215,,0.0,1.1428571844249726,1.1428571844249726,1.1428571844249726,active_moderate_intermittent,False
3,2025-12-22,FRH0033,1,cluster_1,SBA,3.195098039215686,0.1706632013351717,0.3148731422970678,0.3004175211837722,0.7104976473676375,2.2701096399716967,1.8160877119773573,0.7902192799433938,0.632175423954715,10.0,16.32175423954715,18.160877119773573,6.32175423954715,active_moderate_intermittent,False
3,2025-12-22,FRH0034,1,cluster_1,SBA,1.0960784313725491,0.2290368213103263,0.4766092459529063,0.5351768396543789,2.1610533270230654,2.36868394079587,0.947473576318348,-1.97473576318348,-0.789894305273392,20.0,4.20211389453216,18.94947152636696,-15.79788610546784,active_moderate_intermittent,False
3,2025-12-22,FRH0043,2,cluster_2,SBA,0.1568627450980392,0.039249715444438,0.0900986790994318,0.3201246665794826,4.459279940024408,0.6994948925528484,1.1191918280845574,-0.4760102148943033,-0.7616163438308853,5.0,1.1919182808455733,5.595959140422787,-3.8080817191544254,highly_intermittent,True
3,2025-12-22,FRH0044,2,cluster_2,SBA,0.3529411764705882,0.059031758711849,0.1097330584006283,0.3496632917323428,1.8142217997516936,0.6403135763829508,1.2806271527659017,0.0612543055318032,0.1225086110636064,4.0,4.490034444254426,5.122508611063607,0.4900344442544259,highly_intermittent,True
3,2025-12-22,FRH0046,1,cluster_1,SBA,0.6666666666666666,0.2134623593732376,0.3080611199443687,0.7769182993395948,8.617455521953785,5.74497034796919,0.8356320506137004,-5.74497034796919,-0.8356320506137004,55.0,9.040237216246489,45.95976278375352,-45.95976278375352,active_moderate_intermittent,False
3,2025-12-22,FRH0048,1,cluster_1,SBA,2.503267973856209,0.2899685926796625,0.5630950523620925,0.444827781969165,2.2412429177828197,5.610431617717777,0.51590175795106,-5.188908823623702,-0.4771410412527542,87.0,45.48872941101038,44.88345294174221,-41.51127058898962,active_moderate_intermittent,False
3,2025-12-22,FRH0050,1,cluster_1,SBA,1.3137254901960784,0.1680651510676269,0.4546991440307892,0.3654294096851949,2.2132666829375216,2.907624857976744,7.753666287937984,2.907624857976744,7.753666287937984,3.0,26.260998863813956,23.260998863813956,23.260998863813956,active_moderate_intermittent,False
3,2025-12-22,FRH0051,1,cluster_1,SBA,1.8725490196078431,0.348262683321345,0.337615113422675,0.4022153839282723,1.0527141688887036,1.9712588848798276,0.6308028431615448,0.2600355395193094,0.083211372646179,25.0,27.08028431615448,15.77007107903862,2.080284316154476,active_moderate_intermittent,False
3,2025-12-22,FRH0056,1,cluster_1,SBA,3.372549019607843,0.561803308475356,0.2679623139003279,0.3856413478145268,1.927325581395349,6.5,0.5777777777777777,-2.179017671296084,-0.1936904596707629,90.0,72.56785862963133,52.0,-17.43214137036867,active_moderate_intermittent,False
3,2025-12-22,FRH0056-1,0,low_information,SBA,0.0588235294117647,0.2464075160020085,0.9999999768731298,0.7114397812635896,6.9312674425371945,0.4077216142668938,1.6308864570675752,0.0654432285337875,0.2617729141351502,2.0,2.5235458282703003,3.2617729141351504,0.5235458282703004,low_information,False
3,2025-12-22,FRH0059,1,cluster_1,SBA,1.3725490196078431,0.7719859915043926,0.999999970046711,0.6780996525627047,1.0928571428571427,1.5,1.0,-0.5251397575812371,-0.3500931717208247,12.0,7.798881939350103,12.0,-4.201118060649897,active_moderate_intermittent,False
3,2025-12-22,FRH0064,1,cluster_1,SBA,0.6568627450980392,0.1668190748024139,0.2052938692623981,0.6483316824342761,4.563384868544101,2.997517511690733,1.844626161040451,2.871690015587644,1.7671938557462423,13.0,35.97352012470115,23.980140093525865,22.973520124701157,active_moderate_intermittent,False
3,2025-12-22,FRH0065,2,cluster_2,SBA,0.2352941176470588,0.7832661553632873,0.852897052227261,0.5058283289196037,7.317711718982721,1.7218145221135814,0.7652508987171474,-1.1372580884543255,-0.5054480393130336,18.0,8.901935292365392,13.774516176908651,-9.098064707634606,highly_intermittent,True
3,2025-12-22,FRH0068,2,cluster_2,SBA,0.2450980392156862,0.1579596722457436,0.2741513345915808,0.999999970046711,4.079999984723823,0.9999999962558388,0.8888888855607457,-0.6249999850233556,-0.5555555422429828,9.0,4.000000119813156,7.999999970046711,-4.999999880186845,highly_intermittent,True
3,2025-12-22,FRW0005,1,cluster_1,SBA,1.4411764705882353,0.3184387788653362,0.3759283668315962,0.3728110922149674,1.0424260852112437,1.5023199463338508,0.8584685407622005,0.5864265951118011,0.3351009114924577,14.0,18.69141276089441,12.018559570670806,4.6914127608944085,active_moderate_intermittent,False
3,2025-12-22,FRW0006,1,cluster_1,SBA,2.735294117647059,0.3726612641643005,0.5714175188700031,0.3563347709364871,1.1835932221614778,3.2374755782652187,0.6999947196249121,1.5999511565304374,0.3459353851957703,37.0,49.7996092522435,25.89980462612175,12.7996092522435,active_moderate_intermittent,False
3,2025-12-22,FRW0008,2,cluster_2,SBA,0.0980392156862745,0.0738790815005167,0.2053066287751275,0.7490745004214078,1.4395004817015475,0.141127498206034,,0.141127498206034,,0.0,1.1290199856482726,1.1290199856482726,1.1290199856482726,highly_intermittent,True
3,2025-12-22,FRW0009,2,cluster_2,SBA,0.2352941176470588,0.4231722579953138,0.5084400363782934,0.445796907655122,2.4257847280170424,0.5707728771804805,4.566183017443844,0.4693638362406406,3.754910689925125,1.0,4.754910689925125,4.566183017443844,3.754910689925125,highly_intermittent,True
3,2025-12-22,FRW0015,1,cluster_1,SBA,0.9607843137254902,0.9999999776436784,0.6536943207823059,0.985151116389435,2.120725446249601,2.037559742475107,,2.037559742475107,,0.0,16.300477939800857,16.300477939800857,16.300477939800857,active_moderate_intermittent,False
3,2025-12-22,FRW0024,2,cluster_2,SBA,0.1568627450980392,0.6972549252771302,0.999999970046711,0.9142140244164644,11.580139745025631,1.8164925090236288,1.2109950060157526,-0.3670149819527424,-0.2446766546351616,12.0,9.06388014437806,14.53194007218903,-2.9361198556219392,highly_intermittent,True
3,2025-12-22,FZGLS0001,0,low_information,SBA,0.0196078431372549,0.183503424556217,0.999999970046711,1.0037376640824325e-06,0.5100002508342915,0.0100000049183194,,0.0100000049183194,,0.0,0.0800000393465555,0.0800000393465555,0.0800000393465555,low_information,False
3,2025-12-22,FZGLS0002,0,low_information,SBA,0.0392156862745098,0.0303686173860316,0.029999769811939,0.8618442364001138,9.75520892619379,0.3825572127919133,1.0201525674451022,-0.3447711488323469,-0.9193897302195918,3.0,0.2418308093412244,3.0604577023353063,-2.7581691906587755,low_information,False
3,2025-12-22,FZLRICBHP0001,2,cluster_2,SBA,0.1372549019607843,0.775593789723302,0.7826215796234129,0.2848242596417578,13.660714285714285,1.875,1.0,-1.7249031136594866,-0.9199483272850596,15.0,1.2007750907241064,15.0,-13.799224909275893,highly_intermittent,True
3,2025-12-22,FZLRJ0001,2,cluster_2,SBA,0.4019607843137255,0.4547323047045913,0.999999970046711,0.999999970046711,3.731707317073171,1.5000000000000002,1.0000000000000002,-1.428571424903679,-0.952380949935786,12.0,0.5714286007705693,12.000000000000002,-11.428571399229432,highly_intermittent,True
3,2025-12-22,FZLRJ0001double,0,low_information,SBA,0.0392156862745098,0.0181729546747731,0.039231070964044,1.0037376640824325e-06,3.4391448564878906,0.1348684257446231,1.0789474059569852,-0.1118420990071691,-0.8947367920573529,1.0,0.1052632079426471,1.0789474059569852,-0.8947367920573529,low_information,False
3,2025-12-22,FZLRJ0002,1,cluster_1,SBA,0.4901960784313725,0.3757358163237127,0.5489925511748383,0.6253379560327598,6.233325803259389,3.055551864342837,0.7885295133787967,-2.7361037286856744,-0.7060912848221095,31.0,9.111170170514605,24.444414914742698,-21.888829829485395,active_moderate_intermittent,False
3,2025-12-22,FZLRJ0002double,2,cluster_2,SBA,0.1176470588235294,0.1382719838082291,0.059830214743342,0.1923713020276149,4.378603008952524,0.5151297657591205,1.030259531518241,-0.4394809369635177,-0.8789618739270355,4.0,0.4841525042918581,4.121038126072964,-3.515847495708142,highly_intermittent,True
3,2025-12-22,GJMJWJX001,1,cluster_1,SBA,6.477124183006535,0.2552254309945009,0.4238403613046936,0.5404703689626522,2.6081365248555586,16.893224157724564,5.405831730471861,16.893224157724564,5.405831730471861,25.0,160.1457932617965,135.1457932617965,135.1457932617965,active_moderate_intermittent,False
3,2025-12-22,GJMJWJXW001,1,cluster_1,SBA,9.588235294117649,0.5920371866912847,0.999999970046711,0.999999970046711,0.0912577827362981,0.8750010932950936,7.0000087463607485,0.8750010932950936,7.0000087463607485,1.0,8.000008746360749,7.0000087463607485,7.0000087463607485,active_moderate_intermittent,False
3,2025-12-22,HLGKSLT0001,1,cluster_1,SBA,0.6470588235294118,0.4418241252864708,0.857014295496073,0.4707580681740055,2.888455075965534,1.869000343271816,1.4952002746174529,1.575333791029088,1.2602670328232706,10.0,22.602670328232705,14.952002746174529,12.602670328232705,active_moderate_intermittent,False
3,2025-12-22,HWZDSKL0001,1,cluster_1,SBA,1.196078431372549,0.2300219940081222,0.2227607790025959,0.6687659635829076,0.969871838905486,1.1600427877104833,,1.1600427877104833,,0.0,9.280342301683866,9.280342301683866,9.280342301683866,active_moderate_intermittent,False
3,2025-12-22,HWZDSKL0002,2,cluster_2,SBA,0.2745098039215686,0.6554089927070944,0.0594873388446609,0.4524811768021718,0.5989662832732094,0.1644221169769594,,0.1644221169769594,,0.0,1.3153769358156755,1.3153769358156755,1.3153769358156755,highly_intermittent,True
3,2025-12-22,HZSN0001,1,cluster_1,SBA,0.8725490196078431,0.5610656269156417,0.894341800376623,0.494137213259375,4.127330271726168,3.6012979821924413,0.8730419350769555,-3.426730642923255,-0.8307225801026074,33.0,5.5861548566139625,28.81038385753953,-27.41384514338604,active_moderate_intermittent,False
3,2025-12-22,JZJ00011,1,cluster_1,SBA,0.303921568627451,0.8755347341737907,0.999999970046711,0.999999970046711,3.2903226052841545,1.0000000074883215,1.0000000074883215,0.5000000149766433,0.5000000149766433,8.0,12.000000119813146,8.000000059906572,4.000000119813146,active_moderate_intermittent,False
3,2025-12-22,JZJ00012,1,cluster_1,SBA,1.2549019607843137,0.5064141235153343,0.575139878389501,0.6383830816975675,1.1905644250514218,1.4940416314370784,0.9194102347305098,-0.1488334742516861,-0.0915898303087299,13.0,11.809332205986513,11.952333051496629,-1.190667794013489,active_moderate_intermittent,False
3,2025-12-22,JZJ0002,1,cluster_1,SBA,1.9705882352941175,0.5150407380022618,0.5661699503369042,0.6382379702640465,2.691622712958729,5.304080052006908,0.4662927518247831,-5.233160104013816,-0.4600580311220937,91.0,49.13471916788948,42.432640416055264,-41.86528083211053,active_moderate_intermittent,False
3,2025-12-22,JZJ0003,1,cluster_1,SBA,3.0980392156862746,0.5487426364934148,0.4670889572827246,0.4531139210526581,1.4896046692002838,4.6148536810518594,0.3210332995514337,0.5844147242074378,0.0406549373361695,115.0,119.6753177936595,36.91882944841488,4.675317793659502,active_moderate_intermittent,False
3,2025-12-22,JZJ0009,1,cluster_1,SBA,2.5686274509803924,0.6159578153084925,0.6492312503234737,0.3617606877542516,2.8602037922436696,7.346797976155309,0.3283485129007959,-4.262191904621236,-0.1904890236702228,179.0,144.9024647630301,58.77438380924247,-34.09753523696989,active_moderate_intermittent,False
3,2025-12-22,JZJ0013,1,cluster_1,SBA,3.2254901960784315,0.8331397951472153,0.772787093629379,0.5923918025029848,2.867781155015197,9.25,0.5,-0.6600694007391503,-0.0356794270669811,148.0,142.7194447940868,74.0,-5.280555205913203,active_moderate_intermittent,False
3,2025-12-22,JZJ0014,2,cluster_2,SBA,0.2156862745098039,0.0375975729167196,0.0854768509921231,0.999999970046711,1.275000004860602,0.2750000010483651,1.1000000041934606,-0.1999999979032697,-0.7999999916130789,2.0,0.4000000167738424,2.200000008386921,-1.5999999832261578,highly_intermittent,True
3,2025-12-22,JZJ0016,1,cluster_1,SBA,1.0588235294117647,0.3261336409438164,0.4800191103982487,0.9643777511934518,1.9143977219859305,2.0270093526909854,1.158291058680563,1.3040187053819712,0.745153545932555,14.0,24.43214964305577,16.216074821527883,10.43214964305577,active_moderate_intermittent,False
3,2025-12-22,JZJ0017,2,cluster_2,SBA,0.1568627450980392,0.096471227999872,0.0787483370541268,0.3396022094068261,1.1993222558650471,0.1881289813121642,,0.1881289813121642,,0.0,1.505031850497314,1.505031850497314,1.505031850497314,highly_intermittent,True
3,2025-12-22,JZJ0018,2,cluster_2,SBA,0.2745098039215686,0.602760456084551,0.999999970046711,0.999999970046711,2.276785714285714,0.625,1.0,-0.3749999812791942,-0.5999999700467108,5.0,2.000000149766445,5.0,-2.999999850233554,highly_intermittent,True
3,2025-12-22,JZJ0019,1,cluster_1,SBA,0.596078431372549,0.4063106182216517,0.8650123648029115,0.5851745420905616,6.646389002957998,3.961769131174964,31.69415304939971,3.961769131174964,31.69415304939971,1.0,32.69415304939971,31.69415304939971,31.69415304939971,active_moderate_intermittent,False
3,2025-12-22,KZCWBG001,2,cluster_2,SBA,0.2745098039215686,0.5758145514238867,0.3223607437526919,0.5381888735255304,1.5516346375714334,0.4259389201176484,3.407511360941188,0.2762518934901979,2.210015147921584,1.0,3.210015147921584,3.407511360941188,2.210015147921584,highly_intermittent,True
3,2025-12-22,LTKF0019,1,cluster_1,SBA,0.7549019607843137,0.2432424156906488,0.3710553349065322,0.97532913326632,0.9935064935064936,0.75,1.0,-0.1103152437668092,-0.147086991689079,6.0,5.117478049865526,6.0,-0.882521950134474,active_moderate_intermittent,False
3,2025-12-22,LTKF0020,1,cluster_1,SBA,4.196078431372549,0.5194059471454946,0.2819022523391042,0.5035013084400507,5.302570093457944,22.25,0.8165137614678899,-9.556688675490022,-0.3507041715776155,218.0,141.54649059607982,178.0,-76.45350940392018,active_moderate_intermittent,False
3,2025-12-22,LTKF0021,1,cluster_1,SBA,1.3267973856209148,0.2600187274166424,0.4657451459279718,0.499193616222238,2.293191781448453,3.042600860353175,1.2810950990960737,0.4602017207063502,0.1937691455605685,19.0,22.6816137656508,24.3408068828254,3.681613765650802,active_moderate_intermittent,False
3,2025-12-22,LTKF0022M,1,cluster_1,SBA,0.5588235294117647,0.4779463107392239,0.999999970046711,0.921219441322242,7.605263157894736,4.25,1.0,-4.135910500008482,-0.9731554117667016,34.0,0.912715999932144,34.0,-33.087284000067854,active_moderate_intermittent,False
3,2025-12-22,LTKF0031,1,cluster_1,SBA,1.303921568627451,0.5139797588909485,0.999999970046711,0.4978237342395815,0.9586466165413534,1.25,0.625,-0.7300532908278017,-0.3650266454139008,16.0,10.159573673377588,10.0,-5.8404263266224135,active_moderate_intermittent,False
3,2025-12-22,LTKF0047,1,cluster_1,SBA,0.2549019607843137,0.5622285813709926,0.8369438553463642,0.996571827014174,0.1518454469353503,0.0387057021599912,,0.0387057021599912,,0.0,0.3096456172799302,0.3096456172799302,0.3096456172799302,active_moderate_intermittent,False
3,2025-12-22,LTKF0058,2,cluster_2,SBA,0.0588235294117647,0.999999970046711,0.999999970046711,0.999999970046711,8.500000763808876,0.5000000449299339,,0.5000000449299339,,0.0,4.000000359439471,4.000000359439471,4.000000359439471,highly_intermittent,True
3,2025-12-22,LTKF0101,1,cluster_1,SBA,1.4509803921568627,0.7700611913957642,0.1180804356700918,0.9559991055975704,5.311122262877213,7.706334263782622,1.0275112351710165,1.325337055130488,0.1767116073507317,60.0,70.6026964410439,61.65067411026098,10.602696441043904,active_moderate_intermittent,False
3,2025-12-22,LTKF0102,2,cluster_2,SBA,0.1176470588235294,0.6898472507435259,0.999999970046711,0.4823504288479725,8.267757756030665,0.9726773830624312,0.8646021182777166,-0.5157095322497246,-0.4584084731108663,9.0,4.874323742002202,7.781419064499449,-4.125676257997797,highly_intermittent,True
3,2025-12-22,LTKF0106,0,low_information,SBA,0.0784313725490196,0.0685516319339665,0.183503424556217,1.0037376640824325e-06,1.792968845815872,0.1406250075149703,1.125000060119763,-0.1041666566467061,-0.8333332531736495,1.0,0.1666667468263505,1.125000060119763,-0.8333332531736495,low_information,False
3,2025-12-22,LTKF0111,2,cluster_2,SBA,0.1078431372549019,0.2089575416636515,0.6509203347223983,0.9629892326741925,5.378380153183338,0.5800213890687914,1.5467237041834438,-0.1016381479082781,-0.2710350610887416,3.0,2.186894816733775,4.640171112550331,-0.8131051832662248,highly_intermittent,True
3,2025-12-22,LTKF093,2,cluster_2,SBA,0.392156862745098,0.1084782628459583,0.2437104716703771,0.9999999798380742,1.275,0.5,1.0,-0.249999979838074,-0.4999999596761481,4.0,2.000000161295408,4.0,-1.9999998387045923,highly_intermittent,True
3,2025-12-22,LTKF098,1,cluster_1,SBA,0.4411764705882353,0.999999968142308,0.9019359661586892,0.9999999744255856,9.066666666666666,4.0,1.0,-3.8333333262293294,-0.9583333315573324,32.0,1.3333333901653672,32.0,-30.666666609834635,active_moderate_intermittent,False
3,2025-12-22,LYC0201,2,cluster_2,SBA,0.2941176470588235,0.4094205227056656,0.9612922609126924,0.9861817273490462,1.8174376243561945,0.5345404777518219,,0.5345404777518219,,0.0,4.276323822014575,4.276323822014575,4.276323822014575,highly_intermittent,True
3,2025-12-22,LYC0203,2,cluster_2,SBA,0.1764705882352941,0.1793553730648616,0.298191527140021,0.8762808784787726,1.7684455538736583,0.312078627154175,1.2483145086167002,-0.1258427456916498,-0.5033709827665995,2.0,0.9932580344668012,2.4966290172334005,-1.006741965533199,highly_intermittent,True
3,2025-12-22,NNB0002,1,cluster_1,SBA,0.3039215686274509,0.9279125723785548,0.999999970046711,0.8746195046993239,28.79997254118404,8.752932831144168,2.693210101890513,7.420577108192223,2.2832544948283764,26.0,85.36461686553778,70.02346264915334,59.36461686553778,active_moderate_intermittent,False
3,2025-12-22,QCCXC0004,1,cluster_1,SBA,1.2156862745098038,0.3999298126202824,0.3547758979224634,0.999999970046711,0.4112906428876063,0.5000003893927762,,0.5000003893927762,,0.0,4.00000311514221,4.00000311514221,4.00000311514221,active_moderate_intermittent,False
3,2025-12-22,QFSJZ002-1,2,cluster_2,SBA,0.1372549019607843,0.2830863776171307,0.9146445894375874,0.3098424700913179,1.5213064322184855,0.2088067652064588,,0.2088067652064588,,0.0,1.6704541216516708,1.6704541216516708,1.6704541216516708,highly_intermittent,True
3,2025-12-22,QFSJZ003,2,cluster_2,SBA,0.1372549019607843,0.1159697713542986,0.4190567872975261,0.999999970046711,2.276785693826551,0.3124999971918796,2.4999999775350368,0.1249999962558395,0.999999970046716,1.0,1.999999970046716,2.4999999775350368,0.999999970046716,highly_intermittent,True
3,2025-12-22,QFSJZ003-1,2,cluster_2,SBA,0.3431372549019608,0.2091018223511929,0.3619133522577954,0.999999970046711,7.46785712648981,2.5624999943837583,0.931818179775912,-2.499999992511678,-0.9090909063678828,22.0,2.000000059906578,20.499999955070063,-19.999999940093424,highly_intermittent,True
3,2025-12-22,RLHZHMV000AMDE,1,cluster_1,SBA,3.1372549019607843,0.6471995329128205,0.8289546286931285,0.51031671859382,0.7245833426208114,2.273202643516271,0.5683006608790677,-0.9071894259349172,-0.2267973564837293,32.0,24.74248459252066,18.185621148130167,-7.257515407479338,active_moderate_intermittent,False
3,2025-12-22,SLT0003,2,cluster_2,SBA,0.3725490196078431,0.1175792219556583,0.2870191268542674,0.5412452996154079,3.0197368421052637,1.125,1.0,-0.3564690977600388,-0.3168614202311456,9.0,6.14824721791969,9.0,-2.8517527820803106,highly_intermittent,True
3,2025-12-22,SLT0004,2,cluster_2,SBA,0.1176470588235294,0.999999970046711,0.2508487629584174,0.9785149193776056,4.388886186949211,0.5163395514057896,2.0653582056231583,0.282679102811579,1.1307164112463162,2.0,4.261432822492632,4.130716411246317,2.2614328224926323,highly_intermittent,True
3,2025-12-22,XHP0001,1,cluster_1,SBA,1.2647058823529411,0.8211580667215788,0.0985153347667284,0.3241594147229841,5.930232558139535,7.5,0.9375,-6.905214932626101,-0.8631518665782626,64.0,8.758280538991198,60.0,-55.241719461008806,active_moderate_intermittent,False
3,2025-12-22,XHZXCZP0001,1,cluster_1,SBA,2.735294117647059,0.9215087681134548,0.999999970046711,0.560906856239199,0.3715055335252232,1.0161769005248753,0.9032683560221114,1.0161769005248753,0.9032683560221114,9.0,17.129415204199002,8.129415204199002,8.129415204199002,active_moderate_intermittent,False
3,2025-12-22,XHZXCZP0002,2,cluster_2,SBA,0.196078431372549,0.5746576598246279,0.999999970046711,0.999999970046711,1.2750000572856697,0.2500000112324842,,0.2500000112324842,,0.0,2.0000000898598738,2.0000000898598738,2.0000000898598738,highly_intermittent,True
3,2025-12-22,YDBZ001,1,cluster_1,SBA,0.5392156862745098,0.999999979985785,0.6674325866255733,0.999999970046711,2.318181873731552,1.250000029953288,0.3846153938317809,-0.7500000599065757,-0.2307692492020233,26.0,19.999999520747394,10.000000239626305,-6.000000479252606,active_moderate_intermittent,False
3,2025-12-22,YDBZ002,1,cluster_1,SBA,0.8921568627450981,0.4332235264545484,0.0859283179083396,0.3253641398872948,3.1171276923356794,2.780966862770067,0.7945619607914478,-2.541289150360089,-0.7260826143885969,28.0,7.66968679711929,22.247734902160538,-20.330313202880717,active_moderate_intermittent,False
3,2025-12-22,YJLZHMV000AMDE,1,cluster_1,SBA,1.0,0.2579265667442969,0.3680161533449666,0.3518373027105234,0.6173242988561127,0.6173242988561127,1.6461981302829674,0.1096485977122253,0.2923962605659343,3.0,3.877188781697803,4.938594390848902,0.877188781697803,active_moderate_intermittent,False
3,2025-12-22,YXBLJ0001,2,cluster_2,SBA,0.088235294117647,0.3117663887626209,0.4555706445074508,0.5640122877398985,9.115121267769196,0.8042754059796349,0.8042754059796349,-0.6085508119592699,-0.6085508119592699,8.0,3.1315935043258407,6.434203247837079,-4.868406495674159,highly_intermittent,True
3,2025-12-22,ZBTZ0002,0,low_information,SBA,0.5490196078431373,0.0046797549422626,0.00468237970014,0.7871242266051788,0.0834562893989127,0.0458191392778344,,0.0458191392778344,,0.0,0.3665531142226758,0.3665531142226758,0.3665531142226758,low_information,False
3,2025-12-22,ZBTZ0003,2,cluster_2,SBA,0.088235294117647,0.999999970046711,0.047769670986486,0.8011837775062978,7.197847878555921,0.6351042245784636,2.5404168983138544,0.5202084491569272,2.080833796627709,2.0,6.161667593255418,5.080833796627709,4.161667593255418,highly_intermittent,True
3,2025-12-22,ZTD0001,0,low_information,SBA,0.0490196078431372,0.9999999677010302,0.999999970046711,0.999999970046711,40.80000045828302,2.000000022464854,1.6000000179718832,1.2500000449297084,1.0000000359437666,10.0,20.000000359437667,16.000000179718832,10.000000359437667,low_information,False
3,2025-12-22,ZTD0003,1,cluster_1,SBA,0.3333333333333333,0.999999970046711,0.6245019294403067,0.8463016751298967,7.669419462701614,2.5564731542338714,,2.5564731542338714,,0.0,20.45178523387097,20.45178523387097,20.45178523387097,active_moderate_intermittent,False
4,2026-02-16,BLP0001,1,cluster_1,SBA,1.1181818181818182,0.1953601564269945,0.2334585134253257,0.7123682899168443,3.4654471544715446,3.875,1.0,0.5835924038447029,0.150604491314762,31.0,35.66873923075762,31.0,4.668739230757623,active_moderate_intermittent,False
4,2026-02-16,BLP0002,1,cluster_1,SBA,0.5181818181818182,0.2731541562117884,0.4190924136149418,0.6300281407610939,1.206140350877193,0.625,1.0,0.118570232185507,0.1897123714968112,5.0,5.948561857484056,5.0,0.948561857484056,active_moderate_intermittent,False
4,2026-02-16,BLP0003,2,cluster_2,SBA,0.109090909090909,0.1958849970083376,0.3067534462849129,0.999999970046711,5.729166941238479,0.6250000299532885,1.6666667465421028,0.6250000299532885,1.6666667465421028,3.0,8.000000239626308,5.000000239626308,5.000000239626308,highly_intermittent,True
4,2026-02-16,BLP0004,2,cluster_2,SBA,0.1272727272727272,0.1538307588016921,0.7235261487882008,0.9548996237817464,4.117383294715113,0.5240306011455598,,0.5240306011455598,,0.0,4.192244809164478,4.192244809164478,4.192244809164478,highly_intermittent,True
4,2026-02-16,BLP0005,0,low_information,SBA,0.4,0.999999970046711,0.999999970046711,1.0037376640824325e-06,1.0625002258411558,0.4250000903364623,3.400000722691699,0.2750001204486164,2.2000009635889315,1.0,3.2000009635889315,3.400000722691699,2.2000009635889315,low_information,False
4,2026-02-16,CLSSLT0003,2,cluster_2,SBA,0.2818181818181818,0.2524353229156094,0.1870358786800689,0.4181296131735255,1.5492217229795735,0.4365988492033343,3.492790793626675,0.2904651322711125,2.3237210581689003,1.0,3.3237210581689003,3.492790793626675,2.3237210581689003,highly_intermittent,True
4,2026-02-16,CLSSLT0006,2,cluster_2,SBA,0.3818181818181818,0.2127187401417399,0.3057203338548225,0.999999970046711,1.636904774162432,0.6250000046802013,1.250000009360403,-0.2499999906395972,-0.4999999812791945,4.0,2.0000000748832223,5.000000037441611,-1.999999925116778,highly_intermittent,True
4,2026-02-16,CWW0002,1,cluster_1,SBA,1.8545454545454545,0.999999970046711,0.3551203153356098,0.5638891729770698,6.276064879852619,11.639247595363038,0.3863650654062419,-10.153495190726073,-0.3370454835095792,241.0,159.77203847419142,93.1139807629043,-81.22796152580858,active_moderate_intermittent,False
4,2026-02-16,DHZXCZP0001,1,cluster_1,SBA,0.4727272727272727,0.5565028586011838,0.6771364706572109,0.999999970046711,1.3221153846153846,0.625,1.0,-0.1249999775350328,-0.1999999640560525,5.0,4.000000179719737,5.0,-0.9999998202802628,active_moderate_intermittent,False
4,2026-02-16,DRMJJ0021,2,cluster_2,SBA,0.1818181818181818,0.7191782205678061,0.5201421482597727,0.3072052373898594,3.864166003177822,0.7025756369414222,1.1241210191062756,-0.314697452234311,-0.5035159235748977,5.0,2.482420382125512,5.620605095531378,-2.5175796178744885,highly_intermittent,True
4,2026-02-16,DRMJJ0022,1,cluster_1,SBA,0.509090909090909,0.5687067988333069,0.1857935420272252,0.2394399872812245,2.4553571428571432,1.25,0.7142857142857143,-0.404797459745472,-0.2313128341402697,14.0,10.761620322036224,10.0,-3.238379677963776,active_moderate_intermittent,False
4,2026-02-16,DRMJJ0023,1,cluster_1,SBA,0.9090909090909092,0.3722864514950106,0.3736988442931016,0.4783577093228769,1.2112705539301527,1.1011550490274116,0.5181906113070172,-1.0296201961096465,-0.4845271511104217,17.0,8.763038431122828,8.809240392219293,-8.23696156887717,active_moderate_intermittent,False
4,2026-02-16,DRMJJ0025,2,cluster_2,SBA,0.2454545454545454,0.4111163056122958,0.905589364202102,0.999999970046711,3.564814784306841,0.8749999925116791,1.3999999880186866,-0.1250000149766417,-0.2000000239626268,5.0,3.9999998801868655,6.999999940093433,-1.000000119813134,highly_intermittent,True
4,2026-02-16,DRMJJ0026,2,cluster_2,SBA,0.3090909090909091,0.3933122765195017,0.999999970046711,0.4570556698103717,1.793467867470802,0.5543446135818842,2.217378454327537,0.3586892271637685,1.434756908655074,2.0,4.869513817310148,4.434756908655074,2.869513817310148,highly_intermittent,True
4,2026-02-16,DRMJJ0027,2,cluster_2,SBA,0.0909090909090909,0.8164538328125219,0.6843953365342508,0.4637013466536158,1.2187888757081176,0.1107989887007379,,0.1107989887007379,,0.0,0.8863919096059036,0.8863919096059036,0.8863919096059036,highly_intermittent,True
4,2026-02-16,ETZP0003,1,cluster_1,SBA,0.3545454545454545,0.3146419728834039,0.991934128082014,0.4923742600453442,11.2065722668688,3.9732392582534826,1.513614955525136,1.8393190110046431,0.7006929565731974,21.0,35.714552088037145,31.78591406602786,14.714552088037143,active_moderate_intermittent,False
4,2026-02-16,ETZP0004,1,cluster_1,SBA,0.6272727272727273,0.2376527747096303,0.57952552023778,0.3937803059837745,4.747575995700558,2.978024942757622,1.4014235024741757,2.2870997710304906,1.0762822451908192,17.0,35.296798168243924,23.82419954206098,18.296798168243924,active_moderate_intermittent,False
4,2026-02-16,FDBLHP0001,2,cluster_2,SBA,0.4,0.5216823373348182,0.9180149317476765,0.3091142543938931,1.5829807709560424,0.633192308382417,1.688512822353112,0.141384616764834,0.3770256447062241,3.0,4.131076934118672,5.065538467059336,1.1310769341186724,highly_intermittent,True
4,2026-02-16,FDBLP0001,1,cluster_1,SBA,0.8340909090909091,0.999999970046711,0.251797170548496,0.9991592354932016,7.3433242506812,6.125000000000001,1.0000000000000002,-5.6241592357888655,-0.9182300793124678,49.0,4.006726113689085,49.00000000000001,-44.99327388631093,active_moderate_intermittent,False
4,2026-02-16,FRC0003,1,cluster_1,SBA,0.7363636363636363,0.4507139710741561,0.1258169211536126,0.2565902905134639,1.3874881811256667,1.0216958424652636,1.1676523913888726,-0.2882166301389458,-0.3293904344445095,7.0,4.6942669588884325,8.173566739722109,-2.305733041111566,active_moderate_intermittent,False
4,2026-02-16,FRH0028,2,cluster_2,SBA,0.5636363636363636,0.184971064274431,0.3280063944358488,0.999999970046711,0.4118663663610085,0.2321428610398411,1.857142888318729,0.0178571480531215,0.1428571844249725,1.0,1.1428571844249726,1.857142888318729,0.1428571844249725,highly_intermittent,True
4,2026-02-16,FRH0033,1,cluster_1,SBA,3.0627272727272725,0.1744886379980574,0.3237742240136695,0.3059815936513952,0.5713861680023746,1.75,0.875,-0.7689177259950577,-0.3844588629975288,16.0,9.84865819203954,14.0,-6.151341807960462,active_moderate_intermittent,False
4,2026-02-16,FRH0034,1,cluster_1,SBA,1.1890909090909092,0.2084183846288087,0.3171149577518614,0.4986793859250124,0.7220547580598384,0.8585887486747897,,0.8585887486747897,,0.0,6.868709989398318,6.868709989398318,6.868709989398318,active_moderate_intermittent,False
4,2026-02-16,FRH0043,2,cluster_2,SBA,0.2,0.0530932326499329,0.0777573277972921,0.4570949347518798,1.5569995688846794,0.3113999137769359,,0.3113999137769359,,0.0,2.491199310215487,2.491199310215487,2.491199310215487,highly_intermittent,True
4,2026-02-16,FRH0044,2,cluster_2,SBA,0.4,0.0544464821742407,0.1072315736260263,0.3562557897044087,1.9631914679882008,0.7852765871952805,0.8974589567946063,-0.5161063487811219,-0.5898358271784251,7.0,2.8711492097510254,6.282212697562244,-4.128850790248976,highly_intermittent,True
4,2026-02-16,FRH0046,1,cluster_1,SBA,0.8636363636363636,0.590406565894139,0.9445328451751897,0.4072238180976041,4.905848329377736,4.236869011735317,0.3567889694092899,-3.5987380234706343,-0.303051623029106,95.0,66.21009581223493,33.89495209388254,-28.789904187765075,active_moderate_intermittent,False
4,2026-02-16,FRH0048,1,cluster_1,SBA,2.6575757575757573,0.2753045766249239,0.5920462702502693,0.3721818135528369,0.9828845814250438,2.612090236090192,0.3265112795112739,0.5516390556392334,0.0689548819549041,64.0,68.41311244511387,20.896721888721533,4.413112445113868,active_moderate_intermittent,False
4,2026-02-16,FRH0050,1,cluster_1,SBA,1.211688311688312,0.2596219473365201,0.6256885230770067,0.3649195222346663,0.8388870423266738,1.0164696240140088,2.032939248028017,0.5219594986853449,1.0439189973706895,4.0,8.175675989482759,8.13175699211207,4.175675989482759,active_moderate_intermittent,False
4,2026-02-16,FRH0051,1,cluster_1,SBA,1.9,0.3378124220031265,0.3056596372272896,0.4013884136183365,0.6079709642009288,1.1551448319817643,0.3696463462341646,-0.2455793279270581,-0.0785853849366586,25.0,23.03536537658353,9.241158655854116,-1.964634623416465,active_moderate_intermittent,False
4,2026-02-16,FRH0056,1,cluster_1,SBA,3.5090909090909093,0.6068253555165525,0.2355963346200058,0.3966706478006843,1.0619998996167117,3.726654193200461,0.4732259292952965,-2.2816167728018417,-0.2897291140065831,63.0,44.74706581758527,29.813233545603683,-18.252934182414734,active_moderate_intermittent,False
4,2026-02-16,FRH0056-1,2,cluster_2,SBA,0.0909090909090909,0.1408333608937812,0.2103300081966748,0.7664744379657821,7.470883573575788,0.6791712339614353,1.0866739743382965,-0.4083150641542589,-0.6533041026468143,5.0,1.7334794867659284,5.433369871691482,-3.266520513234072,highly_intermittent,True
4,2026-02-16,FRH0059,1,cluster_1,SBA,1.3636363636363635,0.7813292186551452,0.999999970046711,0.6790210488114742,0.7737596485383551,1.0551267934613933,8.441014347691146,1.0551267934613933,8.441014347691146,1.0,9.441014347691146,8.441014347691146,8.441014347691146,active_moderate_intermittent,False
4,2026-02-16,FRH0064,1,cluster_1,SBA,0.7636363636363637,0.1637477509033363,0.2007749917341401,0.6217039602406361,1.3057300888332883,0.9971029769272384,1.994205953854477,0.8294706359029846,1.6589412718059693,4.0,10.635765087223875,7.976823815417908,6.635765087223877,active_moderate_intermittent,False
4,2026-02-16,FRH0065,2,cluster_2,SBA,0.4090909090909091,0.4141073815872389,0.5782440143463476,0.4795059344181274,2.3817679276349017,0.9743596067597328,1.1135538362968374,0.8237192135194653,0.9413933868793888,7.0,13.589753708155722,7.794876854077861,6.5897537081557225,highly_intermittent,True
4,2026-02-16,FRH0068,2,cluster_2,SBA,0.3090909090909091,0.1333901399026961,0.2485554710141225,0.999999970046711,2.8308824013950247,0.8750000149766439,7.000000119813151,0.8750000149766439,7.000000119813151,1.0,8.000000119813151,7.000000119813151,7.000000119813151,highly_intermittent,True
4,2026-02-16,FRW0005,1,cluster_1,SBA,1.490909090909091,0.2959649663753711,0.3449488960765679,0.3705636797669697,0.8208337611111708,1.2237885165657456,0.4079295055219152,-1.2237885165657456,-0.4079295055219152,24.0,14.209691867474035,9.790308132525965,-9.790308132525965,active_moderate_intermittent,False
4,2026-02-16,FRW0006,1,cluster_1,SBA,2.7454545454545456,0.3752923257426397,0.576604525927298,0.350796173483797,0.7545449788419891,2.071568941911643,0.4735014724369469,-0.5887242323534272,-0.1345655388236405,35.0,30.290206141172582,16.572551535293144,-4.7097938588274175,active_moderate_intermittent,False
4,2026-02-16,FRW0008,2,cluster_2,SBA,0.0909090909090909,0.0500962968368422,0.1132292746476428,0.4625723564795069,4.491309639066954,0.408300876278814,1.088802336743504,-0.308398247442372,-0.8223953265129921,3.0,0.5328140204610239,3.266407010230512,-2.4671859795389763,highly_intermittent,True
4,2026-02-16,FRW0009,2,cluster_2,SBA,0.2363636363636363,0.4352174533563471,0.1553016846510591,0.3409776904346979,4.672440652061877,1.1043950632146255,0.8031964096106368,-0.8337901264292511,-0.6063928192212735,11.0,4.329678988565992,8.835160505717004,-6.670321011434009,highly_intermittent,True
4,2026-02-16,FRW0015,1,cluster_1,SBA,0.8909090909090909,0.9999999776436784,0.6536943079305775,0.99032794863553,3.2407157750024598,2.887183145002191,1.5398310106678352,0.1493662900043822,0.0796620213356705,15.0,16.19493032003506,23.097465160017528,1.1949303200350585,active_moderate_intermittent,False
4,2026-02-16,FRW0024,2,cluster_2,SBA,0.2272727272727272,0.9513334964058188,0.999999970046711,0.9999999769381132,17.049999746319237,3.874999942345281,1.2399999815504898,0.3749998846905618,0.1199999631009797,25.0,27.999999077524496,30.999999538762246,2.9999990775244942,highly_intermittent,True
4,2026-02-16,FZGLS0001,0,low_information,SBA,0.0181818181818181,0.0465374148560264,0.1055728086846621,1.0037376640824325e-06,20.900000135253784,0.3800000024591597,1.0133333398910926,-0.3649999950816805,-0.9733333202178148,3.0,0.0800000393465555,3.0400000196732777,-2.919999960653444,low_information,False
4,2026-02-16,FZGLS0002,2,cluster_2,SBA,0.0545454545454545,0.0735691064321007,0.0856742927810856,0.4975131273449617,5.861508931105727,0.3197186689694032,1.278874675877613,-0.1105626620611934,-0.4422506482447738,2.0,1.1154987035104529,2.557749351755226,-0.8845012964895476,highly_intermittent,True
4,2026-02-16,FZLRICBHP0001,2,cluster_2,SBA,0.2181818181818181,0.8368728826171579,0.99999996970029,0.3686525010012409,4.369683008934492,0.9533853837675256,,0.9533853837675256,,0.0,7.627083070140204,7.627083070140204,7.627083070140204,highly_intermittent,True
4,2026-02-16,FZLRJ0001,2,cluster_2,SBA,0.4727272727272727,0.4806694059485783,0.999999970046711,0.999999970046711,5.288461554302219,2.500000007488321,0.7692307715348682,-0.2499999700467139,-0.0769230677066812,26.0,24.00000023962629,20.00000005990657,-1.9999997603737116,highly_intermittent,True
4,2026-02-16,FZLRJ0001double,0,low_information,SBA,0.0545454545454545,0.0238762455373009,0.0516680958303961,0.7251418931004776,0.3982383898388608,0.0217220939912105,,0.0217220939912105,,0.0,0.1737767519296847,0.1737767519296847,0.1737767519296847,low_information,False
4,2026-02-16,FZLRJ0002,1,cluster_1,SBA,0.7727272727272727,0.2860501574049013,0.6241236616782176,0.6335289142101146,8.392976375778908,6.485481744920065,0.7861189993842503,-6.485481744920065,-0.7861189993842503,66.0,14.11614604063947,51.88385395936052,-51.88385395936052,active_moderate_intermittent,False
4,2026-02-16,FZLRJ0002double,2,cluster_2,SBA,0.1636363636363636,0.1277148739109941,0.078444412547534,0.3105936540660337,0.8512829978129082,0.1393008541875668,,0.1393008541875668,,0.0,1.1144068335005344,1.1144068335005344,1.1144068335005344,highly_intermittent,True
4,2026-02-16,GJMJWJX001,1,cluster_1,SBA,6.196969696969696,0.2978141899186079,0.4581968696500952,0.5514855000446207,0.0997243855086911,0.6179889950462829,,0.6179889950462829,,0.0,4.943911960370263,4.943911960370263,4.943911960370263,active_moderate_intermittent,False
4,2026-02-16,GJMJWJXW001,1,cluster_1,SBA,8.909090909090908,0.6147513432037536,0.999999970046711,0.999999970046711,0.0093537422904293,0.0833333404056432,,0.0833333404056432,,0.0,0.666666723245146,0.666666723245146,0.666666723245146,active_moderate_intermittent,False
4,2026-02-16,HLGKSLT0001,1,cluster_1,SBA,0.696969696969697,0.4288482912008576,0.8480381599016373,0.4653907360096876,1.8098298726485629,1.261396577906574,0.9173793293865994,0.1705863116262969,0.1240627720918522,11.0,12.364690493010375,10.091172623252591,1.3646904930103751,active_moderate_intermittent,False
4,2026-02-16,HWZDSKL0001,1,cluster_1,SBA,1.1090909090909091,0.2301244549734032,0.2291834861331632,0.6811570201918047,1.4107936962842045,1.5646984631515723,1.5646984631515723,0.1293969263031446,0.1293969263031446,8.0,9.035175410425158,12.51758770521258,1.0351754104251567,active_moderate_intermittent,False
4,2026-02-16,HWZDSKL0002,2,cluster_2,SBA,0.2545454545454545,0.6559632633304753,0.0527574640124758,0.4587260460934945,1.4613509590330145,0.3719802441174946,1.4879209764699783,-0.0873596745100072,-0.3494386980400289,2.0,1.301122603919942,2.9758419529399567,-0.6988773960800578,highly_intermittent,True
4,2026-02-16,HZSN0001,1,cluster_1,SBA,1.1090909090909091,0.4303341809996578,0.8566615697620115,0.4523835424208859,2.4795960191635182,2.7500974030722656,1.571484230327009,1.7501948061445307,1.0001113177968748,14.0,28.00155844915625,22.000779224578125,14.001558449156246,active_moderate_intermittent,False
4,2026-02-16,JZJ00011,1,cluster_1,SBA,0.4,0.70803422723366,0.999999970046711,0.999999970046711,5.937499999999997,2.374999999999999,0.8636363636363633,-2.2499999999999982,-0.8181818181818176,22.0,4.000000000000011,18.999999999999996,-17.999999999999986,active_moderate_intermittent,False
4,2026-02-16,JZJ00012,1,cluster_1,SBA,1.2818181818181815,0.5113048924162934,0.6064105994343726,0.6354791203655356,0.6826241134751774,0.875,0.7777777777777778,0.7845195754572807,0.697350733739805,9.0,15.276156603658244,7.0,6.2761566036582455,active_moderate_intermittent,False
4,2026-02-16,JZJ0002,1,cluster_1,SBA,2.163636363636364,0.5458755285500467,0.5524288099743585,0.624319381167057,0.8088235294117647,1.75,0.3888888888888889,0.0372460312742628,0.008276895838725,36.0,36.2979682501941,14.0,0.2979682501941028,active_moderate_intermittent,False
4,2026-02-16,JZJ0003,1,cluster_1,SBA,3.309090909090909,0.5535596811106753,0.3651775942179169,0.4306798257166968,0.7754693390820875,2.5660985402352714,0.2701156358142391,0.7643941609410856,0.0804625432569563,76.0,82.11515328752868,20.52878832188217,6.115153287528685,active_moderate_intermittent,False
4,2026-02-16,JZJ0009,1,cluster_1,SBA,2.845454545454545,0.6970632949209302,0.6169478418293284,0.3427526236284759,4.721971501043386,13.436155271150724,0.639816917673844,2.744621084602901,0.1306962421239476,168.0,189.9569686768232,107.4892421692058,21.95696867682321,active_moderate_intermittent,False
4,2026-02-16,JZJ0013,1,cluster_1,SBA,3.727272727272727,0.8493844348346021,0.7027384723629002,0.5721411453365609,1.0421104507480043,3.884229861878925,0.3203488545879526,-2.1619194475157,-0.1783026348466556,97.0,79.7046444198744,31.0738388950314,-17.2953555801256,active_moderate_intermittent,False
4,2026-02-16,JZJ0014,2,cluster_2,SBA,0.2363636363636363,0.036641585430018,0.0827501285273358,0.999999970046711,0.7051282262491126,0.1666666716588811,,0.1666666716588811,,0.0,1.3333333732710493,1.3333333732710493,1.3333333732710493,highly_intermittent,True
4,2026-02-16,JZJ0016,1,cluster_1,SBA,1.0909090909090908,0.2674649503459552,0.4405501234796616,0.513801306808965,1.1660225770056916,1.2720246294607542,2.035239407137207,1.2376995059476723,1.980319209516276,5.0,14.901596047581378,10.176197035686034,9.901596047581378,active_moderate_intermittent,False
4,2026-02-16,JZJ0017,2,cluster_2,SBA,0.1454545454545454,0.1390898880581231,0.0699642574388404,0.2643132010026666,1.4654832963427218,0.2131612067407595,1.7052896539260762,-0.0074517243456539,-0.0596137947652316,1.0,0.9403862052347683,1.7052896539260762,-0.0596137947652316,highly_intermittent,True
4,2026-02-16,JZJ0018,2,cluster_2,SBA,0.3090909090909091,0.5995798351949808,0.999999970046711,0.999999970046711,2.426470636689143,0.7500000149766441,1.5000000299532883,2.9953288571693555e-08,5.99065771433871e-08,4.0,4.000000239626308,6.000000119813153,2.396263085735484e-07,highly_intermittent,True
4,2026-02-16,JZJ0019,1,cluster_1,SBA,0.6254545454545454,0.5451443303470511,0.999999979162272,0.7120929738648016,4.783514304273134,2.991870764854469,0.8253436592701984,-2.991870764854469,-0.8253436592701984,29.0,5.06503388116425,23.934966118835757,-23.934966118835757,active_moderate_intermittent,False
4,2026-02-16,KFYFQ51mm,0,low_information,SBA,4.0,1.0037376640824325e-06,0.999999970046711,0.9790440143641408,0.7107977654244428,2.843191061697772,0.9477303538992572,-2.372764246791085,-0.7909214155970284,24.0,5.017886025671317,22.74552849358217,-18.982113974328684,low_information,False
4,2026-02-16,KFYFQ58mm,0,low_information,SBA,4.2,1.0037376640824325e-06,0.999999970046711,1.0037376640824325e-06,0.9523805042850402,3.999998117997169,0.8421048669467724,-3.749992471988677,-0.7894720993660371,38.0,8.000060224090586,31.999984943977356,-29.99993977590941,low_information,False
4,2026-02-16,KZCWBG001,2,cluster_2,SBA,0.2727272727272727,0.5502118673646904,0.3304309698083373,0.5572907255755946,2.291666666666667,0.625,1.0,-0.5189474448962421,-0.8303159118339873,5.0,0.8484204408300625,5.0,-4.151579559169937,highly_intermittent,True
4,2026-02-16,LTKF0019,1,cluster_1,SBA,0.7818181818181819,0.226209256474738,0.2313280115535632,0.9749663536554948,1.1141625954767287,0.8710725746454424,0.8710725746454424,-0.7421451492908848,-0.7421451492908848,8.0,2.062838805672921,6.968580597163539,-5.937161194327079,active_moderate_intermittent,False
4,2026-02-16,LTKF0020,1,cluster_1,SBA,4.654545454545454,0.7993227966790908,0.2647095769102595,0.5502821739602896,3.4362371598492527,15.99412205311652,0.6595514248707843,13.73824410623304,0.5665255301539398,194.0,303.9059528498643,127.95297642493216,109.90595284986432,active_moderate_intermittent,False
4,2026-02-16,LTKF0021,1,cluster_1,SBA,1.470909090909091,0.2588592284130784,0.4696633594195137,0.4931682429250597,1.0440911884912756,1.5357632208898944,0.5119210736299648,1.3810176278531925,0.4603392092843975,24.0,35.04814102282554,12.286105767119157,11.04814102282554,active_moderate_intermittent,False
4,2026-02-16,LTKF0022M,1,cluster_1,SBA,0.6636363636363637,0.8501177291796421,0.999999970046711,0.999999970046711,6.027397373111701,4.0000000748832205,0.9411764882078166,3.250000149766441,0.7647059175921038,34.0,60.00000119813153,32.000000599065764,26.000001198131528,active_moderate_intermittent,False
4,2026-02-16,LTKF0031,1,cluster_1,SBA,1.3,0.5166721760163436,0.999999970046711,0.4975418798445008,0.3801090330147228,0.4941417429191397,0.6588556572255196,0.4941417429191397,0.6588556572255196,6.0,9.953133943353118,3.9531339433531176,3.9531339433531176,active_moderate_intermittent,False
4,2026-02-16,LTKF0047,2,cluster_2,SBA,0.2363636363636363,0.5622345346593688,0.8370528707154389,0.9965895079417354,1.6684132364567452,0.3943522195261397,1.0516059187363729,-0.3362955609477205,-0.8967881625272547,3.0,0.3096355124182361,3.154817756209118,-2.690364487581764,highly_intermittent,True
4,2026-02-16,LTKF0058,2,cluster_2,SBA,0.0545454545454545,0.999999970046711,0.999999970046711,0.4545856072442449,16.041666666666668,0.875,1.0,-0.7434895906011127,-0.8497023892584146,7.0,1.0520832751910976,7.0,-5.947916724808902,highly_intermittent,True
4,2026-02-16,LTKF0101,1,cluster_1,SBA,1.7454545454545454,0.7468792952982642,0.1216483505175497,0.96807776721522,2.36328125,4.125,0.9428571428571428,-0.0034859990879754,-0.0007967997915372,35.0,34.9721120072962,33.0,-0.0278879927038033,active_moderate_intermittent,False
4,2026-02-16,LTKF0102,2,cluster_2,SBA,0.2272727272727272,0.4239073522331627,0.9207974080328896,0.999999970046711,2.200000197691707,0.5000000449299334,,0.5000000449299334,,0.0,4.000000359439468,4.000000359439468,4.000000359439468,highly_intermittent,True
4,2026-02-16,LTKF0106,0,low_information,SBA,0.0909090909090909,0.0496201142544561,0.1172089522663429,0.8709655732136835,0.5711689480094722,0.0519244498190429,,0.0519244498190429,,0.0,0.4153955985523434,0.4153955985523434,0.4153955985523434,low_information,False
4,2026-02-16,LTKF0111,2,cluster_2,SBA,0.1363636363636363,0.0999612850322849,0.7204593203993386,0.8957334128508398,13.51165008723022,1.8424977391677573,0.9212488695838786,-1.7899969855570097,-0.8949984927785049,16.0,1.6800241155439226,14.739981913342058,-14.319975884456078,highly_intermittent,True
4,2026-02-16,LTKF093,2,cluster_2,SBA,0.4,0.1083320742820231,0.2307806577112189,0.9999999777879444,6.562500000000001,2.6250000000000004,1.0000000000000002,-2.37499999167048,-0.904761901588754,21.0,2.0000000666361677,21.000000000000004,-18.999999933363835,highly_intermittent,True
4,2026-02-16,LTKF098,1,cluster_1,SBA,0.7068181818181818,0.9999999732617786,0.8826620216300333,0.9999999806514114,5.482315317846758,3.875000145114413,31.000001160915303,3.875000145114413,31.000001160915303,1.0,32.0000011609153,31.000001160915303,31.000001160915303,active_moderate_intermittent,False
4,2026-02-16,LTKF098B,0,low_information,SBA,1.6,0.999999970046711,0.999999970046711,0.999999970046711,0.703125,1.125,0.36,-0.6249999700467175,-0.1999999904149496,25.0,20.00000023962626,9.0,-4.99999976037374,low_information,False
4,2026-02-16,LYC0201,2,cluster_2,SBA,0.2727272727272727,0.4094545173321001,0.9612922609101756,0.992873747231832,2.3243273410422822,0.633907456647895,1.6904198843943867,0.1428149132957902,0.3808397687887739,3.0,4.142519306366322,5.07125965318316,1.1425193063663217,highly_intermittent,True
4,2026-02-16,LYC0203,2,cluster_2,SBA,0.2,0.1521870094280421,0.2685808509436744,0.8741928413781114,1.0387110631893086,0.2077422126378617,1.661937701102894,-0.0146770498161843,-0.1174163985294746,1.0,0.8825836014705255,1.661937701102894,-0.1174163985294746,highly_intermittent,True
4,2026-02-16,NNB0002,1,cluster_1,SBA,0.4545454545454545,0.999999964643822,0.999999970046711,0.9028349884291712,24.2,11.0,1.0,-9.987228327099569,-0.9079298479181426,88.0,8.10217338320344,88.0,-79.89782661679655,active_moderate_intermittent,False
4,2026-02-16,QCCXC0004,1,cluster_1,SBA,1.1272727272727272,0.399929821888268,0.3547760352300412,0.999999970046711,0.443548646168581,0.5000002920445822,4.0000023363566575,0.3750003893927762,3.00000311514221,1.0,4.00000311514221,4.0000023363566575,3.00000311514221,active_moderate_intermittent,False
4,2026-02-16,QFSJZ002-1,2,cluster_2,SBA,0.1272727272727272,0.283589736656303,0.9146445893453632,0.2518602238800134,3.471608081984283,0.4418410286161814,1.178242742976484,-0.241317942767637,-0.6435145140470322,3.0,1.0694564578589034,3.534728228929452,-1.9305435421410968,highly_intermittent,True
4,2026-02-16,QFSJZ003,2,cluster_2,SBA,0.1454545454545454,0.1060193086023354,0.4041414975628662,0.999999970046711,0.2455357279442615,0.0357142877009835,,0.0357142877009835,,0.0,0.285714301607868,0.285714301607868,0.285714301607868,highly_intermittent,True
4,2026-02-16,QFSJZ003-1,2,cluster_2,SBA,0.5,0.2793529687273454,0.999999970046711,0.9240732236450492,1.4604851525112652,0.7302425762556326,,0.7302425762556326,,0.0,5.841940610045061,5.841940610045061,5.841940610045061,highly_intermittent,True
4,2026-02-16,RLHZHMV000AMDE,1,cluster_1,SBA,3.163636363636364,0.6381524962414938,0.8274468187718829,0.5047111324410711,2.5844639206008244,8.176304039718971,0.6476280427500175,-8.176304039718971,-0.6476280427500175,101.0,35.58956768224824,65.41043231775177,-65.41043231775177,active_moderate_intermittent,False
4,2026-02-16,SLT0003,2,cluster_2,SBA,0.4363636363636363,0.0963254536728067,0.2046411408363436,0.5180262424618589,1.959367204937031,0.8549965985179772,6.839972788143817,0.8483287980239695,6.786630384191756,1.0,7.786630384191756,6.839972788143817,6.786630384191756,highly_intermittent,True
4,2026-02-16,SLT0004,2,cluster_2,SBA,0.1272727272727272,0.999999970046711,0.2209731702416719,0.3838795927665253,2.09987651030367,0.2672570104022853,,0.2672570104022853,,0.0,2.138056083218282,2.138056083218282,2.138056083218282,highly_intermittent,True
4,2026-02-16,XHP0001,1,cluster_1,SBA,1.7363636363636363,0.8611177363754615,0.1094351469218673,0.3265771561815237,14.08550216151286,24.45755375317233,0.940675144352782,-21.83021501268932,-0.8396236543342047,208.0,33.35827989848539,195.66043002537864,-174.64172010151458,active_moderate_intermittent,False
4,2026-02-16,XHZXCZP0001,1,cluster_1,SBA,2.6,0.92002549163664,0.999999970046711,0.5618887623399741,1.589366473064019,4.1323528299664485,0.787114824755514,-4.093137106621932,-0.7796451631660823,42.0,9.254903147024544,33.05882263973159,-32.74509685297546,active_moderate_intermittent,False
4,2026-02-16,XHZXCZP0002,2,cluster_2,SBA,0.1818181818181818,0.5897869853636646,0.999999970046711,0.999999970046711,9.281249953666002,1.6874999915756368,0.8999999955070063,-1.6249999887675155,-0.8666666606760084,15.0,2.0000000898598738,13.499999932605094,-12.999999910140126,highly_intermittent,True
4,2026-02-16,XYMGPD0001,0,low_information,SBA,1.6,0.999999970046711,0.999999970046711,0.999999970046711,1.2500000468020125,2.00000007488322,1.0000000374416098,2.00000007488322,1.0000000374416098,16.0,32.00000059906576,16.000000599065757,16.000000599065757,low_information,False
4,2026-02-16,XYMLRY00001,0,low_information,SBA,0.6,0.3058542782402369,0.999999970046711,1.0037376640824325e-06,0.9375,0.5625,1.125,-0.25,-0.5,4.0,2.0,4.5,-2.0,low_information,False
4,2026-02-16,YDBZ001,1,cluster_1,SBA,0.6,0.7610851925923875,0.6783468661694223,0.999999970046711,1.2500000748832216,0.7500000449299329,3.0000001797197315,0.7500000449299329,3.0000001797197315,2.0,8.000000359439463,6.000000359439463,6.000000359439463,active_moderate_intermittent,False
4,2026-02-16,YDBZ002,1,cluster_1,SBA,0.9636363636363636,0.518755976489853,0.1032331328300582,0.3404706424216266,3.7436992553582416,3.607564736981579,9.620172631950878,3.607564736981579,9.620172631950878,3.0,31.86051789585263,28.86051789585263,28.86051789585263,active_moderate_intermittent,False
4,2026-02-16,YEC0009,0,low_information,SBA,0.6,0.3058542782402369,0.999999970046711,1.0037376640824325e-06,3.75,2.25,1.0,-2.0,-0.8888888888888888,18.0,2.0,18.0,-16.0,low_information,False
4,2026-02-16,YJLZHMV000AMDE,1,cluster_1,SBA,0.9818181818181818,0.2516518085275203,0.3659126851877453,0.3512227790658135,0.6845864232597692,0.6721393973823188,0.896185863176425,-0.4385575895292751,-0.5847434527057002,6.0,2.491539283765799,5.37711517905855,-3.508460716234201,active_moderate_intermittent,False
4,2026-02-16,YXBLJ0001,2,cluster_2,SBA,0.1454545454545454,0.2176885762821255,0.4370970388391407,0.5514011529812228,4.835817222449983,0.7033915959927248,,0.7033915959927248,,0.0,5.627132767941799,5.627132767941799,5.627132767941799,highly_intermittent,True
4,2026-02-16,ZBTZ0002,0,low_information,SBA,0.509090909090909,0.0037448030266801,0.0036947695535061,0.7935376503914557,0.7805411133331519,0.3973663849696046,1.0596436932522788,-0.3302672300607908,-0.880712613495442,3.0,0.3578621595136734,3.1789310797568366,-2.6421378404863263,low_information,False
4,2026-02-16,ZBTZ0003,2,cluster_2,SBA,0.1454545454545454,0.0545919679514506,0.0807816778322375,0.887111325977421,1.9343606313044248,0.2813615463715526,2.250892370972421,0.0834820618287368,0.6678564946298946,1.0,1.6678564946298946,2.250892370972421,0.6678564946298946,highly_intermittent,True
4,2026-02-16,ZTD0001,2,cluster_2,SBA,0.1454545454545454,0.6455771941952186,0.999999970046711,0.999999970046711,9.453125077223334,1.3750000112324847,1.5714285842656968,0.1250000149766464,0.1428571599733102,7.0,8.000000119813171,11.000000089859878,1.0000001198131714,highly_intermittent,True
4,2026-02-16,ZTD0003,1,cluster_1,SBA,0.3090909090909091,0.999999970046711,0.999999970046711,0.999999970046711,5.257353013857249,1.6250000224649677,0.8666666786479827,0.1250000898598706,0.066666714591931,15.0,16.000000718878965,13.00000017971974,1.0000007188789652,active_moderate_intermittent,False
4,2026-02-16,xgx0014,0,low_information,SBA,2.2,0.2525183356530324,0.999999970046711,1.0037376640824325e-06,0.8143938823632821,1.7916665411992208,1.1025640253533666,0.041666164796883,0.0256407167980818,13.0,13.333329318375064,14.333332329593766,0.3333293183750641,low_information,False
4,2026-02-16,xgx0015,0,low_information,SBA,1.4,0.6436263454367241,0.999999970046711,1.0037376640824325e-06,0.7142857142857143,1.0,0.8,0.0833340024924478,0.0666672019939582,10.0,10.666672019939584,8.0,0.6666720199395826,low_information,False
4,2026-02-16,xgx0016,0,low_information,SBA,2.8,0.474946818427414,0.999999970046711,0.5169151546971192,0.3125,0.875,0.4666666666666667,0.0828914725490399,0.0442087853594879,15.0,15.66313178039232,7.0,0.6631317803923196,low_information,False
4,2026-02-16,xymzd0015,1,cluster_1,SBA,3.8,0.999999970046711,0.999999970046711,0.9905495182480732,0.6045745773795683,2.29738339404236,9.189533576169438,2.29738339404236,9.189533576169438,2.0,20.37906715233888,18.37906715233888,18.37906715233888,active_moderate_intermittent,False
5,2026-04-13,BLP0001,1,cluster_1,SBA,1.2161016949152543,0.1528063716288991,0.2380092710874674,0.6475983176251269,4.454729309529441,5.417403863707413,0.6281047957921638,-5.417403863707413,-0.6281047957921638,69.0,25.6607690903407,43.33923090965931,-43.33923090965931,active_moderate_intermittent,False
5,2026-04-13,BLP0002,1,cluster_1,SBA,0.5,0.2752065834908663,0.4329324235084942,0.623220980440585,2.6253406922661107,1.312670346133055,0.8751135640887036,-0.7506813845322213,-0.5004542563548142,12.0,5.994548923742229,10.501362769064444,-6.005451076257771,active_moderate_intermittent,False
5,2026-04-13,BLP0003,2,cluster_2,SBA,0.135593220338983,0.2183812023191063,0.3146566243189481,0.999999970046711,3.226562562129673,0.4375000084243624,1.7500000336974495,1.1232483207446188e-08,4.4929932829784747e-08,2.0,2.0000000898598658,3.5000000673948994,8.985986565956949e-08,highly_intermittent,True
5,2026-04-13,BLP0004,2,cluster_2,SBA,0.1186440677966101,0.1221638272049162,0.1841515037790162,0.462865593739444,1.0529999172092526,0.1249321935671994,,0.1249321935671994,,0.0,0.9994575485375956,0.9994575485375956,0.9994575485375956,highly_intermittent,True
5,2026-04-13,BLP0005,0,low_information,SBA,0.4615384615384615,0.3956406013504027,0.999999970046711,1.0037376640824325e-06,0.9208335943051326,0.4250001204485227,3.400000963588182,0.2750001605980303,2.2000012847842423,1.0,3.2000012847842423,3.400000963588182,2.2000012847842423,low_information,False
5,2026-04-13,CLSSLT0003,2,cluster_2,SBA,0.2711864406779661,0.2808856039171493,0.1673908111563916,0.3987494716068418,1.8535691763359745,0.5026628274809423,,0.5026628274809423,,0.0,4.021302619847538,4.021302619847538,4.021302619847538,highly_intermittent,True
5,2026-04-13,CLSSLT0006,2,cluster_2,SBA,0.4406779661016949,0.1864383169414191,0.2699566226996477,0.999999970046711,0.7091346302532555,0.3125000065522821,1.2500000262091284,-0.1249999868954358,-0.4999999475817432,2.0,1.0000001048365137,2.500000052418257,-0.9999998951634864,highly_intermittent,True
5,2026-04-13,CWW0002,1,cluster_1,SBA,2.5254237288135597,0.9935624465739932,0.3547555862619334,0.4678548866273979,6.432999250688573,16.246048955128767,2.166139860683836,16.246048955128767,2.166139860683836,60.0,189.9683916410301,129.96839164103014,129.96839164103014,active_moderate_intermittent,False
5,2026-04-13,DHZXCZP0001,1,cluster_1,SBA,0.4915254237288136,0.551115450598718,0.6789932049891751,0.999999970046711,1.0172413793103456,0.5000000000000004,2.0000000000000018,0.2500000000000009,1.0000000000000036,2.0,4.000000000000007,4.000000000000004,2.000000000000007,active_moderate_intermittent,False
5,2026-04-13,DRMJJ0021,2,cluster_2,SBA,0.2542372881355932,0.4278253819137557,0.4401912811615214,0.3304126035991497,1.563531883540938,0.3975081059849842,3.1800648478798736,0.2383441413133122,1.9067531305064984,1.0,2.906753130506498,3.1800648478798736,1.9067531305064984,highly_intermittent,True
5,2026-04-13,DRMJJ0022,1,cluster_1,SBA,0.5508474576271186,0.5414603383898653,0.1740607275891797,0.2424573938693449,2.03051726459968,1.1185052728727047,1.7896084365963276,1.0330070304969396,1.6528112487951034,5.0,13.264056243975515,8.948042182981638,8.264056243975517,active_moderate_intermittent,False
5,2026-04-13,DRMJJ0023,1,cluster_1,SBA,0.9661016949152542,0.3245561694309708,0.3919609875492961,0.4484249483933421,1.010034684354799,0.975796220478365,0.8673744182029911,0.57659244095673,0.51252661418376,9.0,13.61273952765384,7.80636976382692,4.61273952765384,active_moderate_intermittent,False
5,2026-04-13,DRMJJ0025,2,cluster_2,SBA,0.2711864406779661,0.4151441143193232,0.831929006590943,0.242412374886787,2.0818761326795,0.5645765783537626,2.2583063134150505,0.3791531567075251,1.5166126268301006,2.0,5.033225253660201,4.516612626830101,3.033225253660201,highly_intermittent,True
5,2026-04-13,DRMJJ0026,2,cluster_2,SBA,0.3135593220338983,0.3934072810338614,0.999999970046711,0.4196167857182216,1.5945945945945943,0.5,1.0,-0.2364353179142843,-0.4728706358285687,4.0,2.108517456685725,4.0,-1.891482543314275,highly_intermittent,True
5,2026-04-13,DRMJJ0027,2,cluster_2,SBA,0.0847457627118644,0.8164538847167246,0.6924482524903233,0.4550803686857709,5.0727232025078575,0.4298917968226998,1.1463781248605327,-0.2652164063546005,-0.7072437502789346,3.0,0.8782687491631964,3.4391343745815983,-2.121731250836804,highly_intermittent,True
5,2026-04-13,DRMJJ0038,0,low_information,SBA,0.5384615384615384,0.2601286789579393,0.2878161828123345,0.999999970046711,1.160714299621169,0.6250000074883217,1.6666666866355246,0.1250000149766436,0.3333333732710495,3.0,4.000000119813149,5.000000059906574,1.0000001198131487,low_information,False
5,2026-04-13,DRMJJ0039,2,cluster_2,SBA,0.8461538461538461,0.1894258227631119,0.357868778481306,1.0037376640824325e-06,0.5909090909094258,0.5000000000002833,4.000000000002267,0.3750000000003777,3.0000000000030216,1.0,4.000000000003022,4.000000000002267,3.0000000000030216,highly_intermittent,True
5,2026-04-13,ETZP0003,1,cluster_1,SBA,0.6779661016949152,0.108098616006425,0.1798084315917187,0.4311951183296866,4.260534584331974,2.8884980232759143,,2.8884980232759143,,0.0,23.107984186207315,23.107984186207315,23.107984186207315,active_moderate_intermittent,False
5,2026-04-13,ETZP0004,1,cluster_1,SBA,0.6610169491525424,0.4577753107806878,0.1602239462552936,0.9999999811331208,0.7564103420368629,0.5000000566006382,,0.5000000566006382,,0.0,4.000000452805105,4.000000452805105,4.000000452805105,active_moderate_intermittent,False
5,2026-04-13,FDBLHP0001,2,cluster_2,SBA,0.4067796610169492,0.5136558896289566,0.3551246461033333,0.3024112423164491,1.363973444518647,0.5548366553974159,,0.5548366553974159,,0.0,4.438693243179327,4.438693243179327,4.438693243179327,highly_intermittent,True
5,2026-04-13,FDBLP0001,1,cluster_1,SBA,1.0847457627118644,0.999999970046711,0.2328715459681965,0.999999970046711,18.667968853549404,20.250000112324777,1.8409091011204344,6.000000149766372,0.5454545590696701,88.0,136.00000119813097,162.00000089859822,48.000001198130974,active_moderate_intermittent,False
5,2026-04-13,FRC0003,1,cluster_1,SBA,0.7288135593220338,0.4980429557463636,0.6040072011528093,0.2506300950116086,3.871148371068101,2.821345422981836,0.8681062839944111,-2.3926908459636724,-0.7362125679888223,26.0,6.858473232290621,22.57076338385469,-19.14152676770938,active_moderate_intermittent,False
5,2026-04-13,FRH0028,2,cluster_2,SBA,0.5423728813559322,0.1827931416846616,0.3243112326568738,0.999999970046711,0.2880859416707421,0.1562500022620974,1.2500000180967792,-0.0833333303172034,-0.6666666425376279,1.0,0.3333333574623721,1.2500000180967792,-0.6666666425376279,highly_intermittent,True
5,2026-04-13,FRH0033,1,cluster_1,SBA,2.965254237288135,0.172800852399631,0.3059440107288704,0.3019135321769406,0.318930257462875,0.945709297341186,1.891418594682372,0.760945729788248,1.521891459576496,4.0,10.087565838305984,7.565674378729488,6.087565838305984,active_moderate_intermittent,False
5,2026-04-13,FRH0034,1,cluster_1,SBA,1.116949152542373,0.2471531813450841,0.3630948256758415,0.5698849919581905,0.644170223830068,0.7195053856000251,,0.7195053856000251,,0.0,5.756043084800201,5.756043084800201,5.756043084800201,active_moderate_intermittent,False
5,2026-04-13,FRH0043,2,cluster_2,SBA,0.1864406779661017,0.0329053201564969,0.051964247209679,0.3723381089686738,1.790684848613855,0.3338564971991933,2.6708519775935464,0.1534753295989244,1.2278026367913957,1.0,2.227802636791396,2.6708519775935464,1.2278026367913957,highly_intermittent,True
5,2026-04-13,FRH0044,2,cluster_2,SBA,0.423728813559322,0.0631582465878639,0.1060392437917726,0.3729169722325492,1.3120988931514168,0.5559741072675495,1.482597619380132,0.3488964290701977,0.9303904775205272,3.0,5.7911714325615815,4.447792858140396,2.791171432561581,highly_intermittent,True
5,2026-04-13,FRH0046,1,cluster_1,SBA,1.11864406779661,0.5317776751135557,0.9999999691602446,0.4116134361217944,3.9324176825535457,4.398975712687017,1.256850203624862,4.398975712687017,1.256850203624862,28.0,63.191805701496136,35.191805701496136,35.191805701496136,active_moderate_intermittent,False
5,2026-04-13,FRH0048,1,cluster_1,SBA,2.6553672316384183,0.2901743546937236,0.7018262010421966,0.3568268451233173,0.8473404255319148,2.25,0.3461538461538461,-0.4470324361897422,-0.068774220952268,52.0,48.42374051048206,18.0,-3.5762594895179376,active_moderate_intermittent,False
5,2026-04-13,FRH0050,1,cluster_1,SBA,1.2203389830508475,0.311209896903075,0.7304282229021479,0.5949093671193416,0.288762481753891,0.3523881133267822,,0.3523881133267822,,0.0,2.819104906614258,2.819104906614258,2.819104906614258,active_moderate_intermittent,False
5,2026-04-13,FRH0051,1,cluster_1,SBA,1.8644067796610169,0.3341028128944242,0.2998870780408871,0.3956362025455867,0.6704545454545455,1.25,0.5555555555555556,-0.3617206526824389,-0.1607647345255284,18.0,15.106234778540488,10.0,-2.8937652214595118,active_moderate_intermittent,False
5,2026-04-13,FRH0056,1,cluster_1,SBA,3.6440677966101696,0.5457068839692362,0.2424579506915439,0.3527060088532042,1.726855626874253,6.292778979287532,0.4749267154179269,-5.335557958575064,-0.4026836195150992,106.0,63.315536331399485,50.34223183430026,-42.68446366860052,active_moderate_intermittent,False
5,2026-04-13,FRH0056-1,2,cluster_2,SBA,0.1525423728813559,0.1057156988981685,0.1990820417662349,0.753396813488129,3.520108888157235,0.5369657626002562,2.1478630504010248,0.3239315252005125,1.29572610080205,2.0,4.5914522016041,4.2957261008020495,2.5914522016041,highly_intermittent,True
5,2026-04-13,FRH0059,1,cluster_1,SBA,1.2881355932203389,0.7817059769728365,0.999999970046711,0.6829448294273274,0.4177247654249446,0.5380861385134879,1.0761722770269757,-0.3476554459460488,-0.6953108918920976,4.0,1.2187564324316091,4.304689108107903,-2.7812435675683904,active_moderate_intermittent,False
5,2026-04-13,FRH0064,1,cluster_1,SBA,0.7627118644067796,0.2010461922984926,0.236035088430967,0.6257946376758539,0.7756481687571299,0.591596060916455,1.18319212183291,-0.13361575633418,-0.26723151266836,4.0,2.93107394932656,4.73276848733164,-1.0689260506734402,active_moderate_intermittent,False
5,2026-04-13,FRH0065,2,cluster_2,SBA,0.4576271186440678,0.4694014147080638,0.190985098204158,0.4995385893234428,1.6094553915537395,0.7365304334228977,0.8417490667690259,-0.3211217336915907,-0.3669962670761036,7.0,4.431026130467274,5.892243467383182,-2.5689738695327256,highly_intermittent,True
5,2026-04-13,FRH0068,1,cluster_1,SBA,0.3050847457627119,0.1783103393518493,0.2946718083237823,0.999999970046711,0.8194445058070859,0.2500000187208059,,0.2500000187208059,,0.0,2.0000001497664472,2.0000001497664472,2.0000001497664472,active_moderate_intermittent,False
5,2026-04-13,FRW0005,1,cluster_1,SBA,1.4406779661016949,0.3064954402109559,0.3441792418909093,0.3627485731642661,1.1179864652838023,1.6106584669342916,0.6442633867737166,0.7213169338685832,0.2885267735474333,20.0,25.770535470948666,12.885267735474333,5.770535470948666,active_moderate_intermittent,False
5,2026-04-13,FRW0006,1,cluster_1,SBA,2.76271186440678,0.3619319297190198,0.5836334216342306,0.3439400391352528,0.7531343975448438,2.0806933355899924,3.329109336943988,2.0806933355899924,3.329109336943988,5.0,21.64554668471994,16.64554668471994,16.64554668471994,active_moderate_intermittent,False
5,2026-04-13,FRW0008,2,cluster_2,SBA,0.135593220338983,0.0522374921374119,0.1281589112704211,0.733037234451246,1.2319520009990146,0.1670443391185104,,0.1670443391185104,,0.0,1.3363547129480835,1.3363547129480835,1.3363547129480835,highly_intermittent,True
5,2026-04-13,FRW0009,2,cluster_2,SBA,0.2966101694915254,0.4357817933267053,0.1399962849796502,0.3930387445216103,3.967304826015926,1.1767429568691306,0.8558130595411858,-0.1680281725234776,-0.1222023072898019,11.0,9.65577461981218,9.413943654953044,-1.344225380187821,highly_intermittent,True
5,2026-04-13,FRW0015,1,cluster_1,SBA,0.9322033898305084,0.9999999808792218,0.6536943150696556,0.9929673358579312,15.73454929004606,14.66780018563616,0.7719894834545347,-14.223733580848211,-0.748617556886748,152.0,38.2101313532143,117.34240148508928,-113.78986864678568,active_moderate_intermittent,False
5,2026-04-13,FRW0024,1,cluster_1,SBA,0.3898305084745763,0.999999970046711,0.999999970046711,0.999999970046711,4.809782592688007,1.8749999937597317,0.8823529382398736,-1.7916666583463086,-0.8431372509864982,17.0,2.666666733229531,14.999999950077852,-14.333333266770468,active_moderate_intermittent,False
5,2026-04-13,FRW0025,0,low_information,SBA,0.4615384615384615,0.0661209773295216,0.1607987361145009,1.0037376640824325e-06,0.9285714507630828,0.4285714388137305,,0.4285714388137305,,0.0,3.428571510509844,3.428571510509844,3.428571510509844,low_information,False
5,2026-04-13,FZGLS0001,0,low_information,SBA,0.0677966101694915,0.0858809430169188,0.999999970046711,0.7408991764676094,5.001687192472865,0.3390974367778213,1.3563897471112851,-0.0718051264443573,-0.2872205057774292,2.0,1.4255589884451418,2.7127794942225707,-0.5744410115548584,low_information,False
5,2026-04-13,FZGLS0002,2,cluster_2,SBA,0.0847457627118644,0.0640329283955174,0.0979507606002571,0.5844835702790107,1.8095564013477448,0.1533522374023512,,0.1533522374023512,,0.0,1.22681789921881,1.22681789921881,1.22681789921881,highly_intermittent,True
5,2026-04-13,FZLRICBHP0001,1,cluster_1,SBA,0.2372881355932203,0.999999970046711,0.0673291201603472,0.2588547387573369,2.313466158079849,0.5489580714087778,,0.5489580714087778,,0.0,4.391664571270223,4.391664571270223,4.391664571270223,active_moderate_intermittent,False
5,2026-04-13,FZLRJ0001,1,cluster_1,SBA,0.5847457627118644,0.6109459754002666,0.999999970046711,0.9673234303928784,1.4963768115942029,0.875,1.0,-0.3729548568939758,-0.4262341221645438,7.0,4.016361144848193,7.0,-2.9836388551518067,active_moderate_intermittent,False
5,2026-04-13,FZLRJ0001double,0,low_information,SBA,0.0508474576271186,0.0180446506058586,0.037842552134701,0.7379738792808779,0.4247081533336589,0.021595329830525,,0.021595329830525,,0.0,0.1727626386442002,0.1727626386442002,0.1727626386442002,low_information,False
5,2026-04-13,FZLRJ0002,1,cluster_1,SBA,1.0593220338983051,0.3038844891547068,0.5858929487426513,0.5110480209345775,3.161009978641515,3.348527519747368,1.1161758399157893,2.79803669299649,0.9326788976654968,24.0,46.38429354397192,26.78822015797894,22.38429354397192,active_moderate_intermittent,False
5,2026-04-13,FZLRJ0002double,2,cluster_2,SBA,0.1525423728813559,0.0837878563731885,0.0594300180362313,0.266670337997906,0.7680957358752393,0.1171671461504602,,0.1171671461504602,,0.0,0.937337169203682,0.937337169203682,0.937337169203682,highly_intermittent,True
5,2026-04-13,GJMJWJX001,1,cluster_1,SBA,5.785310734463277,0.3005684724825396,0.4721759482772063,0.5517627308290103,0.1066420225672412,0.6169572379031356,,0.6169572379031356,,0.0,4.935657903225085,4.935657903225085,4.935657903225085,active_moderate_intermittent,False
5,2026-04-13,GJMJWJXW001,1,cluster_1,SBA,8.305084745762711,0.6147516959275896,0.999999970046711,0.999999970046711,0.010034014457006,0.0833333404056432,,0.0833333404056432,,0.0,0.666666723245146,0.666666723245146,0.666666723245146,active_moderate_intermittent,False
5,2026-04-13,HLGKSLT0001,1,cluster_1,SBA,0.7372881355932204,0.4337744275517921,0.9292500068988936,0.4715525449288967,0.5625709907080109,0.4147769168779402,0.6636430670047044,0.4147769168779402,0.6636430670047044,5.0,8.318215335023522,3.318215335023522,3.318215335023522,active_moderate_intermittent,False
5,2026-04-13,HWZDSKL0001,1,cluster_1,SBA,1.0847457627118644,0.2381214780684395,0.2289632263592977,0.6880461105830709,3.188365336508816,3.458565788755326,0.892533106775568,-3.458565788755326,-0.892533106775568,31.0,3.331473689957389,27.66852631004261,-27.66852631004261,active_moderate_intermittent,False
5,2026-04-13,HWZDSKL0002,1,cluster_1,SBA,0.2711864406779661,0.6166048255619792,0.0506986458854544,0.4547265571698599,0.4387127373815812,0.1189729457305983,,0.1189729457305983,,0.0,0.9517835658447864,0.9517835658447864,0.9517835658447864,active_moderate_intermittent,False
5,2026-04-13,HZSN0001,1,cluster_1,SBA,1.2372881355932204,0.3683344647639664,0.8020277576851015,0.4384283032232208,1.2076225226163786,1.4941770195084008,0.7031421268274827,0.6133540390168015,0.288637194831436,17.0,21.90683231213441,11.953416156067206,4.906832312134412,active_moderate_intermittent,False
5,2026-04-13,JZJ00011,1,cluster_1,SBA,0.5254237288135594,0.4885740353447305,0.999999970046711,0.999999970046711,1.1895162145440674,0.6250000449299338,1.6666667864798237,0.6250000449299338,1.6666667864798237,3.0,8.00000035943947,5.00000035943947,5.00000035943947,active_moderate_intermittent,False
5,2026-04-13,JZJ00012,1,cluster_1,SBA,1.2881355932203389,0.4863968336754926,0.6029504528249517,0.6332874236222371,1.1518423492228211,1.4837291278124474,0.6247280538157673,-1.4837291278124474,-0.6247280538157673,19.0,7.130166977500419,11.86983302249958,-11.86983302249958,active_moderate_intermittent,False
5,2026-04-13,JZJ0002,1,cluster_1,SBA,2.211864406779661,0.5319994886888935,0.6155009583939366,0.6153209095283249,2.280477383483127,5.04410675499234,0.6839466786430292,-4.933809006656453,-0.6689910517500276,59.0,19.52952794674837,40.35285403993872,-39.470472053251626,active_moderate_intermittent,False
5,2026-04-13,JZJ0003,1,cluster_1,SBA,3.4322033898305087,0.5127980948637576,0.4098127591895825,0.4185706376805477,0.7410963802158693,2.5435935083680263,0.25757908945499,-2.4331246778240354,-0.246392372437877,79.0,59.53500257740772,20.34874806694421,-19.464997422592283,active_moderate_intermittent,False
5,2026-04-13,JZJ0009,1,cluster_1,SBA,3.5,0.5217563660337463,0.5153865788007429,0.3452938216805863,2.887676686774467,10.106868403710637,0.5149996638833445,-7.552473614842544,-0.3848394198645882,157.0,96.58021108125963,80.85494722968508,-60.41978891874035,active_moderate_intermittent,False
5,2026-04-13,JZJ0013,1,cluster_1,SBA,3.805084745762712,0.7818632994285376,0.6819094214532688,0.561678427719613,1.3163702022011994,5.008900176172361,0.4047596101957463,-4.886866901563149,-0.3948983354798504,99.0,59.905064787494815,40.07120140937889,-39.09493521250519,active_moderate_intermittent,False
5,2026-04-13,JZJ0014,1,cluster_1,SBA,0.2203389830508474,0.0327632313952008,0.0749749643520806,0.999999970046711,1.5128205241489996,0.3333333358294406,1.3333333433177623,-0.0833333283411188,-0.3333333133644753,2.0,1.3333333732710493,2.6666666866355246,-0.6666666267289507,active_moderate_intermittent,False
5,2026-04-13,JZJ0016,1,cluster_1,SBA,1.0593220338983051,0.3405911726279005,0.4827107149585545,0.9908415351044524,2.71087635012428,2.871691048860466,0.8835972458032203,-2.745588065147288,-0.8447963277376271,26.0,4.035295478821698,22.97352839088373,-21.964704521178305,active_moderate_intermittent,False
5,2026-04-13,JZJ0017,2,cluster_2,SBA,0.1525423728813559,0.1153193261625004,0.0669816316283354,0.2801296765247932,1.2424441803721644,0.1895253834466013,1.5162030675728109,-0.0389661554045315,-0.3117292432362522,1.0,0.6882707567637478,1.5162030675728109,-0.3117292432362522,highly_intermittent,True
5,2026-04-13,JZJ0018,2,cluster_2,SBA,0.3389830508474576,0.5678096882977889,0.999999970046711,0.999999970046711,4.056249734913424,1.3749999101401436,5.499999640560574,1.249999880186858,4.999999520747432,2.0,11.999999041494863,10.999999281121148,9.999999041494863,highly_intermittent,True
5,2026-04-13,JZJ0019,1,cluster_1,SBA,0.7299435028248586,0.545651489644681,0.5900475137246566,0.6286060523340966,2.2806692083814117,1.6647596707507248,1.6647596707507248,0.3295193415014498,0.3295193415014498,8.0,10.6361547320116,13.3180773660058,2.636154732011599,active_moderate_intermittent,False
5,2026-04-13,KFYFQ51mm,1,cluster_1,SBA,2.8461538461538463,1.0037376640824325e-06,0.7687207589296519,0.8955454720060976,1.4188658388301325,4.038310464362684,0.6461296742980295,-3.967747285816913,-0.634839565730706,50.0,18.2580217134647,32.306483714901475,-31.7419782865353,active_moderate_intermittent,False
5,2026-04-13,KFYFQ54mm,0,low_information,SBA,2.6923076923076925,0.2138575092982174,0.3685491405551229,0.1544625017787808,2.0079435427682766,5.406001845914591,0.9010003076524318,-4.812003691829181,-0.8020006153048636,48.0,9.503970465366557,43.248014767316725,-38.49602953463345,low_information,False
5,2026-04-13,KFYFQ58mm,1,cluster_1,SBA,3.5384615384615383,0.2375556585572692,0.1418653270832318,0.2050174681357609,1.6899789555581275,5.979925535051835,0.5834073692733498,-5.209851070103671,-0.5082781531808459,82.0,40.32119143917064,47.83940428041468,-41.67880856082937,active_moderate_intermittent,False
5,2026-04-13,KZCWBG001,2,cluster_2,SBA,0.2796610169491525,0.5800521535631458,0.3471499238094968,0.5656880523230798,8.911221509317238,2.4921212695548207,0.906225916201753,-2.234242539109641,-0.8124518324035059,22.0,4.1260596871228685,19.93697015643857,-17.87394031287713,highly_intermittent,True
5,2026-04-13,LTKF0019,1,cluster_1,SBA,0.7966101694915254,0.2191692370644491,0.2119740364392846,0.9748033132536154,0.6316146284946992,0.5031506362584892,2.012602545033957,0.2563012725169784,1.0252050900679135,2.0,4.050410180135827,4.025205090067914,2.0504101801358274,active_moderate_intermittent,False
5,2026-04-13,LTKF0020,1,cluster_1,SBA,5.135593220338983,0.8553746926364411,0.2556331090591363,0.578842885951951,1.43270299881061,7.357779807451099,0.3725458130354986,-0.3188807701956051,-0.0161458617820559,158.0,155.44895383843516,58.86223845960879,-2.551046161564841,active_moderate_intermittent,False
5,2026-04-13,LTKF0021,1,cluster_1,SBA,1.4830508474576272,0.2507407024129605,0.4664924459999484,0.4920791264033541,1.442782318780799,2.1397195405647444,0.5705918774839318,-1.5294390811294891,-0.4078504216345305,30.0,17.764487350964085,17.117756324517956,-12.235512649035917,active_moderate_intermittent,False
5,2026-04-13,LTKF0022M,1,cluster_1,SBA,0.8050847457627118,0.76380304390073,0.999999970046711,0.9389089328047854,1.3571169937183405,1.0925941898579858,0.7946139562603534,-0.8101883797159717,-0.5892279125207067,11.0,4.518492962272226,8.740753518863887,-6.4815070377277735,active_moderate_intermittent,False
5,2026-04-13,LTKF0031,1,cluster_1,SBA,1.228813559322034,0.5197064762363592,0.999999970046711,0.4979930549043001,0.5086206896551724,0.625,1.0,-0.2446871993895288,-0.3914995190232461,5.0,3.042502404883769,5.0,-1.9574975951162303,active_moderate_intermittent,False
5,2026-04-13,LTKF0047,1,cluster_1,SBA,0.2711864406779661,0.5014857273687946,0.8014518484105181,0.996424111572005,1.7493388496400586,0.4743969761735752,1.265058603129534,-0.1762060476528497,-0.4698827937409325,3.0,1.5903516187772029,3.7951758093886014,-1.4096483812227976,active_moderate_intermittent,False
5,2026-04-13,LTKF0058,2,cluster_2,SBA,0.1186440677966101,0.5748912220914564,0.7667747914980703,0.5778668848025774,4.842067795448298,0.5744826197989505,1.5319536527972015,0.4229304791958023,1.127814611188806,3.0,6.383443833566418,4.595860958391604,3.3834438335664183,highly_intermittent,True
5,2026-04-13,LTKF0101,1,cluster_1,SBA,1.771186440677966,0.7745922964176142,0.1071197240834515,0.9756801164965194,4.164986980876227,7.376968466128233,0.6706334969207485,-7.376968466128233,-0.6706334969207485,88.0,28.984252270974142,59.01574772902586,-59.01574772902586,active_moderate_intermittent,False
5,2026-04-13,LTKF0102,2,cluster_2,SBA,0.2203389830508474,0.4879204948654504,0.8464311157037091,0.2757422332743935,3.206540924321312,0.7065259663758823,2.826103865503529,0.3587012885011763,1.434805154004705,2.0,4.869610308009411,5.652207731007058,2.86961030800941,highly_intermittent,True
5,2026-04-13,LTKF0106,0,low_information,SBA,0.0847457627118644,0.0331529804289724,0.0738777192961871,1.0037376640824325e-06,1.6593751580757714,0.1406250133962518,1.1250001071700144,-0.1041666488049976,-0.8333331904399808,1.0,0.1666668095600193,1.1250001071700144,-0.8333331904399808,low_information,False
5,2026-04-13,LTKF0111,2,cluster_2,SBA,0.2372881355932203,0.3146811071666593,0.4303234405882197,0.66953544762754,3.633161692479381,0.8621061643171412,1.1494748857561885,0.4742123286342823,0.6322831048457097,6.0,9.793698629074258,6.896849314537129,3.7936986290742585,highly_intermittent,True
5,2026-04-13,LTKF093,1,cluster_1,SBA,0.6016949152542372,0.1610045427427234,0.999999970046711,0.4242670095283791,3.9499518691695017,2.376665955178259,0.9506663820713036,-0.2466680896434813,-0.0986672358573925,20.0,18.02665528285215,19.013327641426077,-1.9733447171478504,active_moderate_intermittent,False
5,2026-04-13,LTKF098,1,cluster_1,SBA,0.6610169491525424,0.999999970046711,0.5461102663443534,0.999999970046711,4.254807667290613,2.812499983463287,0.9782608638133172,-2.791666644617716,-0.9710144850844228,23.0,0.66666684305827,22.499999867706297,-22.333333156941727,active_moderate_intermittent,False
5,2026-04-13,LTKF098B,1,cluster_1,SBA,1.4615384615384617,1.0037376640824325e-06,0.9290048841118264,1.0037376640824325e-06,1.2828921614891124,1.8749962360225487,1.3636336261982172,1.6249924720450974,1.1818127069418891,11.0,23.99993977636078,14.99996988818039,12.99993977636078,active_moderate_intermittent,False
5,2026-04-13,LYC0201,1,cluster_1,SBA,0.2966101694915254,0.3926721045286387,0.916868303374308,0.9924842512970936,14.16144753906818,4.200429354808358,0.9883363187784372,-4.150858709616717,-0.9766726375568746,34.0,0.7931303230662633,33.60343483846687,-33.206869676933735,active_moderate_intermittent,False
5,2026-04-13,LYC0203,2,cluster_2,SBA,0.2033898305084746,0.1476851978553482,0.2658173158717977,0.8740493575424877,4.392716893882059,0.893433944518385,1.0210673651638686,-0.8012642219264601,-0.9157305393445258,7.0,0.5898862245883196,7.14747155614708,-6.410113775411681,highly_intermittent,True
5,2026-04-13,NNB0002,1,cluster_1,SBA,0.826271186440678,0.7907129419916257,0.8677244226180362,0.6197719971722512,18.110011074611016,14.963780337072665,2.3021200518573326,11.427560674145326,1.7580862575608194,52.0,143.4204853931626,119.7102426965813,91.4204853931626,active_moderate_intermittent,False
5,2026-04-13,NNBZL01,0,low_information,SBA,2.1538461538461537,0.4503215159662195,0.999999970046711,0.920288793258617,1.1441264898414958,2.464272439658606,3.285696586211475,2.464272439658606,3.285696586211475,6.0,25.71417951726885,19.71417951726885,19.71417951726885,low_information,False
5,2026-04-13,QCCXC0004,1,cluster_1,SBA,1.0677966101694916,0.3992162873966401,0.3547742151450508,0.999999970046711,0.008073344759718,0.0086206901671566,,0.0086206901671566,,0.0,0.0689655213372528,0.0689655213372528,0.0689655213372528,active_moderate_intermittent,False
5,2026-04-13,QFDNZGJK001,1,cluster_1,SBA,1.3846153846153846,0.3382272606680408,0.5870245012083221,0.622068777247032,1.2146784686607424,1.6818624950687202,,1.6818624950687202,,0.0,13.454899960549762,13.454899960549762,13.454899960549762,active_moderate_intermittent,False
5,2026-04-13,QFDNZGJK002,1,cluster_1,SBA,1.6923076923076923,0.4305156917467936,0.999999970046711,0.6156083067612648,1.7186717454009552,2.908521415293924,2.3268171322351394,2.908521415293924,2.3268171322351394,10.0,33.26817132235139,23.268171322351392,23.268171322351392,active_moderate_intermittent,False
5,2026-04-13,QFSJZ002-1,2,cluster_2,SBA,0.1525423728813559,0.2538882674134206,0.4885350709253349,0.2962730896034076,0.9254878728576748,0.1411761161986283,,0.1411761161986283,,0.0,1.129408929589027,1.129408929589027,1.129408929589027,highly_intermittent,True
5,2026-04-13,QFSJZ003,2,cluster_2,SBA,0.135593220338983,0.1185674235972899,0.3747857580541591,0.999999970046711,1.119419653846065,0.1517857157757376,1.214285726205901,-0.0892857122990165,-0.714285698392132,1.0,0.285714301607868,1.214285726205901,-0.714285698392132,highly_intermittent,True
5,2026-04-13,QFSJZ003-1,2,cluster_2,SBA,0.4745762711864407,0.4313020324657162,0.999999970046711,0.999999970046711,1.0535716179190062,0.5000000898598673,,0.5000000898598673,,0.0,4.000000718878939,4.000000718878939,4.000000718878939,highly_intermittent,True
5,2026-04-13,RLHZHMV000AMDE,1,cluster_1,SBA,3.330508474576271,0.6309042988294287,0.8025483955512515,0.4993635948011348,0.9956716796395844,3.3160929669352264,0.291524656433866,-2.7571859338704527,-0.2423899722083914,91.0,68.94251252903638,26.52874373548181,-22.057487470963625,active_moderate_intermittent,False
5,2026-04-13,SLT0003,2,cluster_2,SBA,0.423728813559322,0.1188640424570516,0.2203665475864646,0.5855358540092869,0.5826127128590194,0.2468697935843302,,0.2468697935843302,,0.0,1.974958348674642,1.974958348674642,1.974958348674642,highly_intermittent,True
5,2026-04-13,SLT0004,2,cluster_2,SBA,0.1186440677966101,0.999999970046711,0.3625234578999933,0.3610858766963857,2.131319484214397,0.2528684133813692,,0.2528684133813692,,0.0,2.0229473070509534,2.0229473070509534,2.0229473070509534,highly_intermittent,True
5,2026-04-13,XHP0001,1,cluster_1,SBA,2.593220338983051,0.999999970046711,0.2774539257099958,0.999999970046711,26.80065359477124,69.5,0.9586206896551724,-61.49999998502338,-0.8482758618623915,580.0,88.000000119813,556.0,-491.99999988018703,active_moderate_intermittent,False
5,2026-04-13,XHZXCZP0001,1,cluster_1,SBA,2.635593220338983,0.9074447972377204,0.999999970046711,0.5552629109596524,1.3387049635203918,3.5282817258884904,0.4410352157360613,-3.371042301184654,-0.4213802876480818,64.0,37.031661590522766,28.226253807107923,-26.968338409477237,active_moderate_intermittent,False
5,2026-04-13,XHZXCZP0002,1,cluster_1,SBA,0.2932203389830508,0.4346653830461471,0.7812371055186091,0.999999970046711,15.773121336206843,4.624999985023361,0.5692307673874907,-4.624999985023361,-0.5692307673874907,65.0,28.00000011981311,36.99999988018689,-36.99999988018689,active_moderate_intermittent,False
5,2026-04-13,XMSH0001,1,cluster_1,SBA,3.692307692307693,0.928272678610208,0.0781384795218664,0.999999970046711,0.8802083333333333,3.25,0.9285714285714286,-2.4999996405605263,-0.7142856115887218,28.0,8.00000287551579,26.0,-19.99999712448421,active_moderate_intermittent,False
5,2026-04-13,XXGP0002,0,low_information,SBA,1.1538461538461535,0.5711559765920309,0.999999970046711,0.9998596617663944,3.900151907168079,4.500175277501629,1.0286114920003724,-1.8742988899934847,-0.4284111748556536,35.0,20.00560888005212,36.001402220013034,-14.994391119947878,low_information,False
5,2026-04-13,XYJ0001,1,cluster_1,SBA,1.3076923076923077,0.999999970046711,0.999999970046711,0.9095676758792508,4.022572965624375,5.260287724278028,3.5068584828520186,4.180383632370704,2.7869224215804693,12.0,45.443069058965634,42.08230179422422,33.443069058965634,active_moderate_intermittent,False
5,2026-04-13,XYMGPD0001,1,cluster_1,SBA,1.3846153846153846,0.9615807907794336,0.8857685289265462,0.9228503973410718,0.7175080910607525,0.9934727414687344,7.947781931749875,0.9934727414687344,7.947781931749875,1.0,8.947781931749875,7.947781931749875,7.947781931749875,active_moderate_intermittent,False
5,2026-04-13,XYMGPD0002,1,cluster_1,SBA,0.9230769230769232,0.3671270364933249,0.9999999654027548,0.6749235263691173,1.1898806469162435,1.0983513663842248,1.0983513663842248,0.1967027327684496,0.1967027327684496,8.0,9.573621862147595,8.786810931073799,1.573621862147597,active_moderate_intermittent,False
5,2026-04-13,XYMLRY00001,2,cluster_2,SBA,0.6153846153846154,0.3638214803485552,0.999999970046711,0.999999970046711,1.9296874923946723,1.1874999953197984,0.9499999962558388,-0.9999999812791942,-0.7999999850233553,10.0,2.0000001497664472,9.499999962558388,-7.999999850233554,highly_intermittent,True
5,2026-04-13,YDBZ001,1,cluster_1,SBA,0.5847457627118644,0.8105340730165635,0.7482512327687408,0.999999970046711,0.8550723357069813,0.4999999251167941,,0.4999999251167941,,0.0,3.999999400934353,3.999999400934353,3.999999400934353,active_moderate_intermittent,False
5,2026-04-13,YDBZ002,1,cluster_1,SBA,0.940677966101695,0.6018425316744961,0.0890442561453571,0.3603554450521821,3.6815865772506737,3.4631873735154644,,3.4631873735154644,,0.0,27.705498988123715,27.705498988123715,27.705498988123715,active_moderate_intermittent,False
5,2026-04-13,YEC0009,1,cluster_1,SBA,0.9230769230769232,0.999999970046711,0.999999970046711,0.1895598919092834,1.8431290496213613,1.70134989195818,0.9073866090443626,-0.5696004321672807,-0.3037868971558831,15.0,10.443196542661756,13.61079913566544,-4.556803457338246,active_moderate_intermittent,False
5,2026-04-13,YJLZHMV000AMDE,1,cluster_1,SBA,0.9915254237288136,0.2478028982896437,0.3662504167713939,0.3486172577136512,1.2664489534087475,1.2557163351595209,0.8371442234396805,-1.0114326703190415,-0.6742884468793612,12.0,3.9085386374476654,10.045730681276169,-8.091461362552334,active_moderate_intermittent,False
5,2026-04-13,YXBLJ0001,2,cluster_2,SBA,0.135593220338983,0.3076351937531041,0.5955242940673854,0.6007681915728154,5.23628352781872,0.7100045461449112,1.8933454563864296,0.2950090922898224,0.7866909127728597,3.0,5.360072738318579,5.680036369159289,2.3600727383185798,highly_intermittent,True
5,2026-04-13,ZBTZ0002,1,cluster_1,SBA,0.5084745762711864,0.0054345824794887,0.0074436138686814,0.7357239337492281,3.801372002777213,1.932901018361295,1.0308805431260235,-1.643395926554822,-0.876477827495905,15.0,1.8528325875614269,15.463208146890356,-13.147167412438575,active_moderate_intermittent,False
5,2026-04-13,ZBTZ0003,1,cluster_1,SBA,0.1525423728813559,0.0424212715232828,0.0621034455624268,0.8789970932666141,2.225011584057516,0.339408546720638,1.357634186882552,-0.1307886043724826,-0.5231544174899306,2.0,0.9536911650201386,2.715268373765104,-1.0463088349798613,active_moderate_intermittent,False
5,2026-04-13,ZTD0001,2,cluster_2,SBA,0.2288135593220339,0.46456634717811,0.999999970046711,0.999999970046711,8.740740871647658,2.0000000299532776,0.8888889022014568,-1.7500000599065553,-0.7777778044029134,18.0,3.999999520747559,16.00000023962622,-14.000000479252442,highly_intermittent,True
5,2026-04-13,ZTD0003,1,cluster_1,SBA,0.3559322033898305,0.8142426146662943,0.5702142785156188,0.6668216437923237,3.839086598823101,1.3664545521234768,2.1863272833975627,1.363606069497969,2.1817697111967504,5.0,15.908848555983752,10.931636416987814,10.908848555983752,active_moderate_intermittent,False
5,2026-04-13,xgx0014,1,cluster_1,SBA,2.6153846153846154,0.1564344040250783,0.1469296846549101,1.0037376640824325e-06,0.5575981351610271,1.4583335842673015,1.2962965193487124,0.5416671685346031,0.4814819275863138,9.0,13.333337348276824,11.666668674138412,4.3333373482768245,active_moderate_intermittent,False
5,2026-04-13,xgx0015,1,cluster_1,SBA,1.7692307692307692,0.3188264421796611,0.9999999775659304,1.0037376640824325e-06,1.1775362949204908,2.08333344485933,0.833333377943732,-1.16666622056268,-0.4666664882250719,20.0,10.66667023549856,16.66666755887464,-9.33332976450144,active_moderate_intermittent,False
5,2026-04-13,xgx0016,1,cluster_1,SBA,1.9230769230769231,0.3095755088998106,0.3045687685542924,0.3297650487671311,0.7583701027307056,1.4584040437128951,0.9722693624752636,-0.0831919125742096,-0.0554612750494731,12.0,11.334464699406322,11.667232349703164,-0.6655353005936773,active_moderate_intermittent,False
5,2026-04-13,xymzd0015,1,cluster_1,SBA,1.6153846153846154,0.999999970046711,0.7493869398098427,0.999999970046711,0.6190476190476193,1.0000000000000004,1.1428571428571437,-0.3749999999999978,-0.428571428571426,7.0,4.000000000000018,8.000000000000004,-2.9999999999999822,active_moderate_intermittent,False
6,2026-06-08,BLP0001,1,cluster_1,SBA,1.1468253968253967,0.1898785276443983,0.2779124595415413,0.5534230864522719,3.961708450415953,4.543387865754803,0.534516219500565,-3.891183821006404,-0.4577863318831063,68.0,36.87052943194877,36.34710292603842,-31.129470568051232,active_moderate_intermittent,False
6,2026-06-08,BLP0002,1,cluster_1,SBA,0.6190476190476191,0.2631711058636247,0.4626986609369392,0.6165840467591689,2.196015109979656,1.3594379252255016,0.5723949158844217,0.093875850451003,0.0395266738741065,19.0,19.751006803608025,10.875503401804012,0.7510068036080244,active_moderate_intermittent,False
6,2026-06-08,BLP0003,2,cluster_2,SBA,0.1587301587301587,0.1753496661271664,0.3041420547862805,0.999999970046711,3.465000010378815,0.5500000016474309,1.1000000032948618,-0.2999999934102764,-0.5999999868205528,4.0,1.600000052717789,4.400000013179447,-2.399999947282211,highly_intermittent,True
6,2026-06-08,BLP0004,2,cluster_2,SBA,0.1111111111111111,0.1815065992659679,0.3645864629306363,0.3522399917214214,0.6614100026137467,0.0734900002904163,,0.0734900002904163,,0.0,0.5879200023233304,0.5879200023233304,0.5879200023233304,highly_intermittent,True
6,2026-06-08,BLP0005,0,low_information,SBA,0.3333333333333333,0.3963645912737971,0.999999970046711,0.945948601269878,0.1187868166023842,0.039595605534128,,0.039595605534128,,0.0,0.3167648442730245,0.3167648442730245,0.3167648442730245,low_information,False
6,2026-06-08,CLSSLT0003,2,cluster_2,SBA,0.2539682539682539,0.2845401438737105,0.2317066895422949,0.2306448845529484,4.699522284434528,1.1935294690627374,1.1935294690627374,-0.6129410618745254,-0.6129410618745254,8.0,3.0964715050037968,9.5482357525019,-4.903528494996203,highly_intermittent,True
6,2026-06-08,CLSSLT0006,2,cluster_2,SBA,0.4285714285714285,0.1881797807858849,0.2720765929049379,0.999999970046711,1.4583333682788315,0.625000014976642,0.8333333533021894,-0.250000059906568,-0.3333334132087573,6.0,3.999999520747456,5.000000119813136,-2.0000004792525443,highly_intermittent,True
6,2026-06-08,CWW0002,1,cluster_1,SBA,2.8174603174603177,0.9667837199545692,0.4674709385327421,0.5101898042444244,0.985939503806704,2.7778454273919047,0.3044214167004827,-2.328793903189206,-0.255210290760461,73.0,54.36964877448635,22.22276341913524,-18.63035122551365,active_moderate_intermittent,False
6,2026-06-08,DHZXCZP0001,1,cluster_1,SBA,0.4682539682539682,0.5529911858524585,0.6834921282894846,0.999999970046711,4.805084745762712,2.25,1.0,-1.7500001198131194,-0.7777778310280531,18.0,3.999999041495044,18.0,-14.000000958504955,active_moderate_intermittent,False
6,2026-06-08,DRMJJ0021,2,cluster_2,SBA,0.2539682539682539,0.4228581190275287,0.4461493139797354,0.3278911958671837,0.9678602146017632,0.2458057687877493,,0.2458057687877493,,0.0,1.9664461503019948,1.9664461503019948,1.9664461503019948,highly_intermittent,True
6,2026-06-08,DRMJJ0022,2,cluster_2,SBA,0.6111111111111112,0.4178853932456349,0.1536253775375081,0.2373558288524097,1.4575107229186464,0.8907009973391729,0.7125607978713383,-0.5314019946783457,-0.4251215957426765,10.0,5.7487840425732335,7.125607978713383,-4.251215957426766,highly_intermittent,True
6,2026-06-08,DRMJJ0023,1,cluster_1,SBA,0.9576719576719576,0.3210797778038165,0.3943099227825791,0.4429032253907077,1.3052486187845305,1.25,0.8333333333333334,-0.2885080142106657,-0.1923386761404438,12.0,9.691935886314674,10.0,-2.308064113685326,active_moderate_intermittent,False
6,2026-06-08,DRMJJ0025,2,cluster_2,SBA,0.2777777777777778,0.4099750762856722,0.8335500122134056,0.2069800634586664,2.336826044871402,0.6491183457976117,1.2982366915952237,-0.2017633084047765,-0.4035266168095531,4.0,2.385893532761787,5.192946766380894,-1.6141064672382126,highly_intermittent,True
6,2026-06-08,DRMJJ0026,2,cluster_2,SBA,0.3253968253968254,0.3799992123443055,0.999999970046711,0.4179767099914148,1.0890387985349943,0.35436976777726,2.8349581422180803,0.1808263570363467,1.4466108562907736,1.0,2.4466108562907736,2.8349581422180803,1.4466108562907736,highly_intermittent,True
6,2026-06-08,DRMJJ0027,2,cluster_2,SBA,0.119047619047619,0.6232895057768514,0.0585755850521882,0.4660071674870588,1.8111825127621124,0.2156169658050133,1.7249357264401068,-0.0041773789266488,-0.0334190314131908,1.0,0.9665809685868092,1.7249357264401068,-0.0334190314131908,highly_intermittent,True
6,2026-06-08,DRMJJ0038,2,cluster_2,SBA,0.5714285714285714,0.1387517642652794,0.196340805651388,0.999999970046711,0.5833333537182107,0.3333333449818347,,0.3333333449818347,,0.0,2.6666667598546776,2.6666667598546776,2.6666667598546776,highly_intermittent,True
6,2026-06-08,DRMJJ0039,2,cluster_2,SBA,0.5714285714285714,0.2127192787349477,0.2410452378482314,1.0037376640824325e-06,0.8750002195685507,0.5000001254677432,,0.5000001254677432,,0.0,4.000001003741946,4.000001003741946,4.000001003741946,highly_intermittent,True
6,2026-06-08,ETZP0003,1,cluster_1,SBA,0.6349206349206349,0.0903088364694636,0.1043905138631665,0.2352467643921334,2.0832696971899622,1.3227109188507695,1.1757430389784618,0.2704218377015392,0.2403749668458126,9.0,11.163374701612314,10.581687350806156,2.1633747016123137,active_moderate_intermittent,False
6,2026-06-08,ETZP0004,1,cluster_1,SBA,0.6190476190476191,0.4626600799786984,0.2182680975987254,0.9999999794236346,1.2115384615384617,0.75,1.0,-0.2499999382709027,-0.3333332510278703,6.0,4.000000493832777,6.0,-1.9999995061672224,active_moderate_intermittent,False
6,2026-06-08,FDBLHP0001,2,cluster_2,SBA,0.3809523809523809,0.5137686321687192,0.5074723922734081,0.2548840975631066,2.296875,0.875,1.0,-0.4123504662282101,-0.471257675689383,7.0,3.7011962701743193,7.0,-3.2988037298256807,highly_intermittent,True
6,2026-06-08,FDBLP0001,1,cluster_1,SBA,1.9365079365079363,0.8112141963047129,0.0739732146721913,0.999999970046711,6.635655732368567,12.849999989666111,0.9980582516245524,-12.774999958664452,-0.99223300649821,103.0,0.8000003306843703,102.7999999173289,-102.19999966931562,active_moderate_intermittent,False
6,2026-06-08,FRC0003,1,cluster_1,SBA,0.8253968253968254,0.564591354983602,0.1388259118850063,0.267081469932258,1.060096153846154,0.875,0.6363636363636364,0.4466758454351893,0.3248551603165013,11.0,14.573406763481517,7.0,3.5734067634815148,active_moderate_intermittent,False
6,2026-06-08,FRH0028,2,cluster_2,SBA,0.5158730158730159,0.1823066162945228,0.3249705626165863,0.999999970046711,0.5169230780843429,0.2666666672657324,1.0666666690629298,-0.216666665468535,-0.8666666618741403,2.0,0.2666666762517194,2.13333333812586,-1.7333333237482806,highly_intermittent,True
6,2026-06-08,FRH0033,1,cluster_1,SBA,2.8325396825396822,0.175200581966513,0.3113641738930266,0.3052922565675151,0.9508948506875516,2.693447398495136,0.8978157994983786,-2.386894796990272,-0.7956315989967573,24.0,4.904841624077827,21.547579187961087,-19.09515837592217,active_moderate_intermittent,False
6,2026-06-08,FRH0034,1,cluster_1,SBA,1.046031746031746,0.2490530499779751,0.3770384643308707,0.6193916606003107,0.6017320891717167,0.6294308678796212,,0.6294308678796212,,0.0,5.03544694303697,5.03544694303697,5.03544694303697,active_moderate_intermittent,False
6,2026-06-08,FRH0043,2,cluster_2,SBA,0.1904761904761904,0.0305756754313044,0.0483481396964444,0.4119606526377287,0.8479269483750156,0.1615098949285744,,0.1615098949285744,,0.0,1.2920791594285952,1.2920791594285952,1.2920791594285952,highly_intermittent,True
6,2026-06-08,FRH0044,2,cluster_2,SBA,0.4285714285714285,0.0552069340922353,0.1044579995668345,0.3928404587709576,1.5088924172498124,0.6466681788213481,,0.6466681788213481,,0.0,5.173345430570785,5.173345430570785,5.173345430570785,highly_intermittent,True
6,2026-06-08,FRH0046,1,cluster_1,SBA,1.2936507936507935,0.5322624980582645,0.9999999758770256,0.4435044669405945,0.8749624388320418,1.131895853409705,0.3482756472029861,-1.01379170681941,-0.3119359097905877,26.0,17.88966634544472,9.05516682727764,-8.11033365455528,active_moderate_intermittent,False
6,2026-06-08,FRH0048,1,cluster_1,SBA,2.645502645502646,0.2892262959410181,0.5349983370726891,0.3421083433448181,1.6447099995052945,4.351084654775912,1.5134207494872738,3.426446206367883,1.1918073761279593,23.0,50.411569650943065,34.808677238207295,27.411569650943065,active_moderate_intermittent,False
6,2026-06-08,FRH0050,1,cluster_1,SBA,1.1428571428571428,0.3141139541365134,0.736918312443669,0.5992377886811804,0.3064562992426735,0.3502357705630554,,0.3502357705630554,,0.0,2.8018861645044435,2.8018861645044435,2.8018861645044435,active_moderate_intermittent,False
6,2026-06-08,FRH0051,1,cluster_1,SBA,1.880952380952381,0.3072911805896574,0.305057950662328,0.3831311139123068,1.0891460392408905,2.048631835715008,0.6070020253970395,-1.939842447620011,-0.5747681326281514,27.0,11.481260419039913,16.389054685720065,-15.518739580960087,active_moderate_intermittent,False
6,2026-06-08,FRH0056,1,cluster_1,SBA,3.801587301587301,0.4883297221452846,0.2252279485699488,0.3232343107689454,0.8984900379532417,3.415688318885736,0.4078433813594908,2.706376637771472,0.3231494492861458,67.0,88.65101310217177,27.325506551085887,21.65101310217177,active_moderate_intermittent,False
6,2026-06-08,FRH0056-1,2,cluster_2,SBA,0.1666666666666666,0.0783606922024264,0.1148855290825925,0.4536443787257118,1.5061169893463568,0.2510194982243928,,0.2510194982243928,,0.0,2.0081559857951423,2.0081559857951423,2.0081559857951423,highly_intermittent,True
6,2026-06-08,FRH0059,1,cluster_1,SBA,1.253968253968254,0.7784336277539278,0.999999970046711,0.6826096434381899,1.6490206903819136,2.067819595875733,0.8706608824739928,-1.96542612783431,-0.8275478432986569,19.0,3.2765909773255206,16.542556767005863,-15.72340902267448,active_moderate_intermittent,False
6,2026-06-08,FRH0064,1,cluster_1,SBA,0.7619047619047619,0.2010649771933104,0.2534268600142853,0.624823603472365,1.0660120094228474,0.8121996262269313,0.92822814425935,-0.6237985049077253,-0.7129125770374003,7.0,2.009611960738198,6.4975970098154505,-4.990388039261802,active_moderate_intermittent,False
6,2026-06-08,FRH0065,2,cluster_2,SBA,0.492063492063492,0.4144670493664055,0.1864658718650491,0.4890985651144244,1.7606296442985818,0.8663415710040641,1.732683142008128,0.2326831420081281,0.4653662840162562,4.0,5.861465136065025,6.9307325680325125,1.861465136065025,highly_intermittent,True
6,2026-06-08,FRH0068,2,cluster_2,SBA,0.2857142857142857,0.1899370111248251,0.3348620715087506,0.999999970046711,0.8750000655228207,0.2500000187208059,,0.2500000187208059,,0.0,2.0000001497664472,2.0000001497664472,2.0000001497664472,highly_intermittent,True
6,2026-06-08,FRW0005,1,cluster_1,SBA,1.5238095238095235,0.2794160602807319,0.3391187390806423,0.3665696445011684,1.0415534273827178,1.5871290322022364,0.6046205836960901,-1.049258064404473,-0.3997173578683706,21.0,12.605935484764217,12.697032257617892,-8.394064515235783,active_moderate_intermittent,False
6,2026-06-08,FRW0006,1,cluster_1,SBA,2.642857142857143,0.3708132543945113,0.5964637293992441,0.3488146775456406,0.2656332724235845,0.7020307914051876,0.8023209044630716,-0.1831231656207506,-0.2092836178522863,7.0,5.535014675033995,5.616246331241501,-1.4649853249660048,active_moderate_intermittent,False
6,2026-06-08,FRW0008,2,cluster_2,SBA,0.1269841269841269,0.0371888320879157,0.081010753101156,0.68094265759377,9.204091497258617,1.1687735234614114,0.9350188187691292,-1.0875470469228228,-0.8700376375382582,10.0,1.2996236246174186,9.350188187691291,-8.700376375382582,highly_intermittent,True
6,2026-06-08,FRW0009,2,cluster_2,SBA,0.4047619047619047,0.3154693003663336,0.1751039478585355,0.3484823548641086,1.7581936260600386,0.7116498010243013,1.4232996020486026,0.3465992040972051,0.6931984081944103,4.0,6.772793632777641,5.6931984081944105,2.772793632777641,highly_intermittent,True
6,2026-06-08,FRW0015,1,cluster_1,SBA,1.4206349206349207,0.9999999730110738,0.9908988103160132,0.999999970046711,3.871508332448279,5.499999932605095,0.8461538357853993,-4.999999865210191,-0.7692307484938754,52.0,12.000001078318473,43.99999946084076,-39.99999892168152,active_moderate_intermittent,False
6,2026-06-08,FRW0024,1,cluster_1,SBA,0.4841269841269841,0.999999970046711,0.1815437034977211,0.999999970046711,2.5819672285824344,1.2500000074883215,1.2500000074883215,0.5000000149766433,0.5000000149766433,8.0,12.000000119813146,10.000000059906572,4.000000119813146,active_moderate_intermittent,False
6,2026-06-08,FRW0025,0,low_information,SBA,0.2857142857142857,0.0304108487689648,0.0661209773295216,1.0048833870515713e-06,2.937500017944488,0.8392857194127108,1.342857151060337,-0.1964285611745783,-0.3142856978793254,5.0,3.428571510603373,6.714285755301686,-1.571428489396627,low_information,False
6,2026-06-08,FSTBY001,0,low_information,SBA,0.0317460317460317,0.0233933389285879,0.0560060051118037,1.0037376640824325e-06,27.48749997669893,0.8726190468793311,0.9972789107192356,-0.8654761875173242,-0.989115642876942,7.0,0.0761904998614063,6.980952375034649,-6.923809500138594,low_information,False
6,2026-06-08,FZGLS0001,2,cluster_2,SBA,0.0793650793650793,0.0698639408819263,0.1316343255995187,0.6362504176461947,3.0350769854529607,0.2408791258296,,0.2408791258296,,0.0,1.9270330066368004,1.9270330066368004,1.9270330066368004,highly_intermittent,True
6,2026-06-08,FZGLS0002,2,cluster_2,SBA,0.0793650793650793,0.0499878047049238,0.070269277681308,0.5862092801400633,1.9320234147710755,0.153335191648498,,0.153335191648498,,0.0,1.2266815331879843,1.2266815331879843,1.2266815331879843,highly_intermittent,True
6,2026-06-08,FZLRICBHP0001,2,cluster_2,SBA,0.2222222222222222,0.999999970046711,0.0521665876823881,0.2039064029776846,4.834477847555229,1.0743284105678286,0.8594627284542629,-0.898656821135657,-0.7189254569085256,10.0,2.810745430914744,8.594627284542629,-7.189254569085256,highly_intermittent,True
6,2026-06-08,FZLRJ0001,2,cluster_2,SBA,0.6031746031746031,0.6047892713412112,0.999999970046711,0.969584874287716,1.4506578947368425,0.875,0.5384615384615384,-0.5969477665938508,-0.3673524717500621,13.0,8.224417867249192,7.0,-4.775582132750807,highly_intermittent,True
6,2026-06-08,FZLRJ0001double,0,low_information,SBA,0.0476190476190476,0.015122066463886,0.0314254078511369,1.0037376640824325e-06,5.388158040709863,0.2565789543195172,1.026315817278069,-0.2368420913609654,-0.9473683654438616,2.0,0.1052632691122766,2.052631634556138,-1.8947367308877237,low_information,False
6,2026-06-08,FZLRJ0002,1,cluster_1,SBA,1.2063492063492065,0.3271164438232736,0.6974947571328461,0.5458331282824032,6.0530766467445085,7.302124208771152,0.6490777074463246,-7.302124208771152,-0.6490777074463246,90.0,31.58300632983078,58.41699367016922,-58.41699367016922,active_moderate_intermittent,False
6,2026-06-08,FZLRJ0002double,2,cluster_2,SBA,0.1428571428571428,0.1073410239755097,0.054468012425154,0.2215066341688594,7.875,1.125,1.0,-1.0301464216865024,-0.91568570816578,9.0,0.7588286265079803,9.0,-8.24117137349202,highly_intermittent,True
6,2026-06-08,FZLRJ0005,0,low_information,SBA,0.6190476190476191,0.999999970046711,0.091080402573713,1.0037376640824325e-06,1.7163469645549791,1.062500501867368,1.062500501867368,-0.7499979925305277,-0.7499979925305277,8.0,2.0000160597557777,8.500004014938945,-5.999983940244221,low_information,False
6,2026-06-08,GJMJWJX001,1,cluster_1,SBA,5.417989417989418,0.3005874329017859,0.4723720601041547,0.5520378757553361,0.1136833926140023,0.6159354181838013,,0.6159354181838013,,0.0,4.92748334547041,4.92748334547041,4.92748334547041,active_moderate_intermittent,False
6,2026-06-08,GJMJWJXW001,1,cluster_1,SBA,7.777777777777778,0.6147516834447563,0.999999970046711,0.999999970046711,0.0107142866235827,0.0833333404056432,,0.0833333404056432,,0.0,0.666666723245146,0.666666723245146,0.666666723245146,active_moderate_intermittent,False
6,2026-06-08,HLGKSLT0001,1,cluster_1,SBA,0.7301587301587301,0.4280312749662451,0.8695194167653092,0.4729541800986128,1.5139629933399332,1.1054332967243956,0.6802666441380896,-0.9322443956325276,-0.5736888588507861,13.0,5.542044834939779,8.843466373795165,-7.45795516506022,active_moderate_intermittent,False
6,2026-06-08,HWZDSKL0001,1,cluster_1,SBA,1.2301587301587302,0.2630071597650518,0.2557134378755025,0.6953803559043,2.212477680738942,2.721698734242349,0.7776282097835284,-2.386794936969398,-0.6819414105626852,28.0,8.905640504244811,21.7735898739388,-19.094359495755185,active_moderate_intermittent,False
6,2026-06-08,HWZDSKL0002,2,cluster_2,SBA,0.2539682539682539,0.6192404087853621,0.0493048770805762,0.4577109927831872,0.4661747584870682,0.1183935894570332,,0.1183935894570332,,0.0,0.9471487156562656,0.9471487156562656,0.9471487156562656,highly_intermittent,True
6,2026-06-08,HZSN0001,1,cluster_1,SBA,1.246031746031746,0.3727995944464664,0.6171641343374056,0.4362111562975281,2.0342540628751524,2.5347451418364995,0.7799215821035383,-1.388980567345998,-0.4273786361064609,26.0,14.888155461232014,20.277961134692,-11.111844538767985,active_moderate_intermittent,False
6,2026-06-08,JZJ00011,2,cluster_2,SBA,0.5238095238095238,0.5256833803619463,0.9738466400225468,0.999999970046711,1.1931818396256488,0.6250000112324827,2.500000044929931,0.2500000149766436,1.0000000599065744,2.0,4.000000119813149,5.000000089859862,2.0000001198131487,highly_intermittent,True
6,2026-06-08,JZJ00012,1,cluster_1,SBA,1.2301587301587302,0.5044013351919161,0.5911268393621514,0.6313664685647384,1.2838601716017906,1.5793517983990282,1.0529011989326855,1.5793517983990282,1.0529011989326855,12.0,24.634814387192225,12.634814387192224,12.634814387192224,active_moderate_intermittent,False
6,2026-06-08,JZJ0002,1,cluster_1,SBA,2.373015873015873,0.4798872222365679,0.546632484766748,0.6027364814183892,3.8118359106154553,9.045547121222388,0.7309533027250414,-8.269062828296516,-0.6682070972360821,99.0,32.847497373627874,72.3643769697791,-66.15250262637213,active_moderate_intermittent,False
6,2026-06-08,JZJ0003,1,cluster_1,SBA,3.412698412698413,0.5001753983352918,0.4112942746275809,0.4080517304012556,1.1763894470371123,4.014662398618716,0.3734569673133689,-1.8086495944748648,-0.1682464739046386,86.0,71.53080324420108,32.11729918894973,-14.46919675579892,active_moderate_intermittent,False
6,2026-06-08,JZJ0009,1,cluster_1,SBA,3.753968253968254,0.6049348832708621,0.645267365397649,0.3441384103122948,1.497709428699303,5.622353649006113,0.1999059075202173,-4.6197072980122265,-0.1642562594848791,225.0,188.0423416159022,44.978829192048906,-36.95765838409781,active_moderate_intermittent,False
6,2026-06-08,JZJ0013,1,cluster_1,SBA,3.8253968253968256,0.7541523934610305,0.6753138714766193,0.5478297775971217,1.110995850622407,4.25,0.3777777777777777,-1.551474676155955,-0.1379088601027515,90.0,77.58820259075236,34.0,-12.41179740924764,active_moderate_intermittent,False
6,2026-06-08,JZJ0014,2,cluster_2,SBA,0.238095238095238,0.0318691366938697,0.0727581956020428,0.999999970046711,1.0499998270197957,0.249999958814237,,0.249999958814237,,0.0,1.9999996705138965,1.9999996705138965,1.9999996705138965,highly_intermittent,True
6,2026-06-08,JZJ0016,1,cluster_1,SBA,1.238095238095238,0.2887181186920463,0.4869686849721794,0.9404008960946209,0.8132054858830929,1.0068258396647818,0.3661184871508297,-0.7226966413408733,-0.2627987786694085,22.0,16.218426869273014,8.054606717318254,-5.781573130726986,active_moderate_intermittent,False
6,2026-06-08,JZJ0017,2,cluster_2,SBA,0.1587301587301587,0.1027389696350325,0.0644221340846569,0.2828538248423301,6.809232818892147,1.0808306061733566,0.9607383165985393,-1.0366612123467132,-0.9214766331970784,9.0,0.7067103012262952,8.646644849386853,-8.293289698773705,highly_intermittent,True
6,2026-06-08,JZJ0018,2,cluster_2,SBA,0.3333333333333333,0.5678156886747917,0.999999970046711,0.925177433624738,1.2525447662292348,0.4175149220764116,1.1133731255370976,-0.2899701558471768,-0.7732537489258048,3.0,0.6802387532225861,3.340119376611293,-2.3197612467774142,highly_intermittent,True
6,2026-06-08,JZJ0019,1,cluster_1,SBA,0.7550264550264549,0.5470342256467535,0.6581055931554582,0.638428732257638,5.35321427242197,4.041818395103783,0.8739066800224395,-4.041818395103783,-0.8739066800224395,37.0,4.665452839169741,32.33454716083026,-32.33454716083026,active_moderate_intermittent,False
6,2026-06-08,KFYFQ51mm,1,cluster_1,SBA,3.738095238095238,0.0320737409914367,0.3598534455153961,0.0194741432637323,0.4852939144631571,1.8140748707313252,0.5375036654018742,1.003149741462651,0.2972295530259706,27.0,35.02519793170121,14.512598965850604,8.025197931701207,active_moderate_intermittent,False
6,2026-06-08,KFYFQ54mm,1,cluster_1,SBA,2.952380952380953,0.8051181396572302,0.417720880207218,0.7682395013396172,2.25954339457172,6.6710328792117455,0.8748895579294093,-6.6710328792117455,-0.8748895579294093,61.0,7.631736966306034,53.36826303369397,-53.36826303369397,active_moderate_intermittent,False
6,2026-06-08,KFYFQ58mm,1,cluster_1,SBA,4.166666666666667,0.6559393171147917,0.3904214201151436,0.5120150427642184,1.449038603406517,6.037660847527155,0.5819432142194848,-5.9252144633695405,-0.5711050085175461,83.0,35.59828429304368,48.30128678021724,-47.40171570695632,active_moderate_intermittent,False
6,2026-06-08,KZCWBG001,1,cluster_1,SBA,0.3492063492063492,0.8452898100259122,0.5902428172807012,0.7227111374979689,7.94583170689163,2.77473488177168,1.5855627895838171,2.77473488177168,1.5855627895838171,14.0,36.19787905417344,22.19787905417344,22.19787905417344,active_moderate_intermittent,False
6,2026-06-08,LTKF0019,1,cluster_1,SBA,0.7936507936507936,0.2201192398763228,0.2200205387652139,0.9748231892857068,0.421858465075949,0.3348083056158325,1.33923322246333,-0.0803833887683349,-0.3215335550733398,2.0,1.3569328898533202,2.67846644492666,-0.6430671101466797,active_moderate_intermittent,False
6,2026-06-08,LTKF0020,1,cluster_1,SBA,5.531746031746032,0.790975959569689,0.2490354641852193,0.5377815238054946,0.8347560532200825,4.617658484876171,0.2063757982067562,-2.3456339395046832,-0.1048328017655724,179.0,160.23492848396253,36.94126787900937,-18.765071516037462,active_moderate_intermittent,False
6,2026-06-08,LTKF0021,1,cluster_1,SBA,1.531746031746032,0.2412974733350266,0.434306103398807,0.4856633594201361,0.7352686131904543,1.1262447805218865,1.1262447805218865,0.7524895610437732,0.7524895610437732,8.0,14.019916488350184,9.009958244175092,6.0199164883501854,active_moderate_intermittent,False
6,2026-06-08,LTKF0022M,1,cluster_1,SBA,0.8333333333333334,0.7488935107664305,0.999999970046711,0.9311810738913864,2.108814354330392,1.7573452952753268,0.8269860213060362,-0.595618818898693,-0.2802912088935025,17.0,12.235049448810456,14.058762362202614,-4.764950551189544,active_moderate_intermittent,False
6,2026-06-08,LTKF0031,1,cluster_1,SBA,1.2063492063492065,0.5176729057250246,0.999999970046711,0.4977063196999892,2.516385144182831,3.0356392215538914,0.8095037924143711,-3.0356392215538914,-0.8095037924143711,30.0,5.714886227568865,24.28511377243113,-24.28511377243113,active_moderate_intermittent,False
6,2026-06-08,LTKF0047,2,cluster_2,SBA,0.2857142857142857,0.4840021780604153,0.7478857790898537,0.9961453385474428,8.166108062468458,2.333173732133845,1.036966103170598,-1.91730507146462,-0.8521355873176089,18.0,2.6615594282830406,18.66538985707076,-15.33844057171696,highly_intermittent,True
6,2026-06-08,LTKF0058,2,cluster_2,SBA,0.1428571428571428,0.5547787000794261,0.145964270082476,0.5852715256394387,3.225791261564607,0.4608273230806581,,0.4608273230806581,,0.0,3.686618584645265,3.686618584645265,3.686618584645265,highly_intermittent,True
6,2026-06-08,LTKF0101,1,cluster_1,SBA,1.9444444444444444,0.7375108107960856,0.1238919772990244,0.969972927691646,0.8928510335648595,1.7360992319316713,0.2436630500956731,0.4306030722733149,0.0604355189155529,57.0,60.44482457818652,13.88879385545337,3.44482457818652,active_moderate_intermittent,False
6,2026-06-08,LTKF0102,2,cluster_2,SBA,0.2222222222222222,0.4878388992937057,0.8464511822445528,0.234661403927876,1.0998979948120444,0.2444217766248987,,0.2444217766248987,,0.0,1.95537421299919,1.95537421299919,1.95537421299919,highly_intermittent,True
6,2026-06-08,LTKF0106,0,low_information,SBA,0.0952380952380952,0.031537127067117,0.0691379552222995,0.869517852968798,1.66321496349954,0.1584014250951942,1.2672114007615545,-0.0804647665397409,-0.6437181323179277,1.0,0.3562818676820724,1.2672114007615545,-0.6437181323179277,low_information,False
6,2026-06-08,LTKF0111,2,cluster_2,SBA,0.2936507936507936,0.2993059615996492,0.2576474062887479,0.6673776274402349,3.1495008646826577,0.9248534285179232,0.9248534285179232,-0.6994137140716932,-0.6994137140716932,8.0,2.4046902874264537,7.398827428143386,-5.595309712573545,highly_intermittent,True
6,2026-06-08,LTKF093,1,cluster_1,SBA,0.7936507936507936,0.0950184677746959,0.1588359197903752,0.283927146023131,3.1085477321509027,2.4671013747229384,2.192978999753723,1.3311351662972508,1.1832312589308895,9.0,19.649081330378007,19.736810997783508,10.649081330378008,active_moderate_intermittent,False
6,2026-06-08,LTKF098,1,cluster_1,SBA,0.6984126984126984,0.999999970046711,0.5993787551310445,0.999999970046711,3.9375000321657474,2.7500000224649663,0.8461538530661434,-0.249999910140135,-0.0769230492738877,26.0,24.00000071887892,22.00000017971973,-1.99999928112108,active_moderate_intermittent,False
6,2026-06-08,LTKF098B,1,cluster_1,SBA,1.2738095238095235,0.0401006717757207,0.6497613394408992,0.0277323041050179,1.5567489337398892,1.983001617978192,1.4421829948932308,1.3410032359563844,0.9752750806955522,11.0,21.728025887651075,15.864012943825538,10.728025887651077,active_moderate_intermittent,False
6,2026-06-08,LYC0201,1,cluster_1,SBA,0.4603174603174603,0.999999970046711,0.942625602116019,0.9977537505913214,13.599364397045624,6.260024881179731,2.276372684065357,6.260024881179731,2.276372684065357,22.0,72.08019904943785,50.08019904943785,50.08019904943785,active_moderate_intermittent,False
6,2026-06-08,LYC0203,2,cluster_2,SBA,0.2222222222222222,0.3217295830847902,0.1295724346545901,0.8968231952511987,4.749536497495284,1.055452554998952,4.221810219995808,0.8239367399986028,3.295746959994412,2.0,8.591493919988823,8.443620439991616,6.591493919988823,highly_intermittent,True
6,2026-06-08,NNB0002,1,cluster_1,SBA,0.9206349206349206,0.999999970046711,0.999999970046711,0.9999999643810004,1.086207283447773,1.000000356190013,,1.000000356190013,,0.0,8.000002849520104,8.000002849520104,8.000002849520104,active_moderate_intermittent,False
6,2026-06-08,NNBZL01,1,cluster_1,SBA,1.6666666666666667,0.5809321819760159,0.1907807006101554,0.9253137197399288,0.0853876912533217,0.1423128187555362,,0.1423128187555362,,0.0,1.1385025500442896,1.1385025500442896,1.1385025500442896,active_moderate_intermittent,False
6,2026-06-08,QCCXC0004,1,cluster_1,SBA,1.0,0.3992315804467826,0.3546269493787599,0.999999970046711,0.0086206901671566,0.0086206901671566,,0.0086206901671566,,0.0,0.0689655213372528,0.0689655213372528,0.0689655213372528,active_moderate_intermittent,False
6,2026-06-08,QFDNZGJK001,1,cluster_1,SBA,0.9523809523809524,0.4482132983322602,0.5092240228301603,0.999999970046711,1.0500000471764317,1.0000000449299349,,1.0000000449299349,,0.0,8.000000359439479,8.000000359439479,8.000000359439479,active_moderate_intermittent,False
6,2026-06-08,QFDNZGJK002,1,cluster_1,SBA,1.5238095238095235,0.4980416847417402,0.999999970046711,0.6903451167114663,0.8308018336037684,1.2659837464438377,,1.2659837464438377,,0.0,10.1278699715507,10.1278699715507,10.1278699715507,active_moderate_intermittent,False
6,2026-06-08,QFSJZ002-1,2,cluster_2,SBA,0.1428571428571428,0.2686019525860927,0.5155557886517663,0.289626666554185,0.9748091338756748,0.1392584476965249,,0.1392584476965249,,0.0,1.1140675815721996,1.1140675815721996,1.1140675815721996,highly_intermittent,True
6,2026-06-08,QFSJZ003,2,cluster_2,SBA,0.1428571428571428,0.1036558466685233,0.3272860430431587,0.999999970046711,0.2333333407883743,0.0333333343983391,,0.0333333343983391,,0.0,0.2666666751867135,0.2666666751867135,0.2666666751867135,highly_intermittent,True
6,2026-06-08,QFSJZ003-1,2,cluster_2,SBA,0.4444444444444444,0.4314972185371074,0.999999970046711,0.999999970046711,1.1250002021847016,0.5000000898598673,,0.5000000898598673,,0.0,4.000000718878939,4.000000718878939,4.000000718878939,highly_intermittent,True
6,2026-06-08,RLHZHMV000AMDE,1,cluster_1,SBA,3.2698412698412698,0.6285899171351111,0.7414862668440817,0.4837708751477473,1.0889569418680258,3.560716349600211,0.9188945418323126,3.3726217994669483,0.870354012765664,31.0,57.98097439573559,28.48573079680169,26.980974395735583,active_moderate_intermittent,False
6,2026-06-08,SKZ2FT01,0,low_information,SBA,0.1904761904761904,0.6666666666666671,0.999999970046711,1.0037376640824325e-06,17.624999910380357,3.357142840072449,0.959183668592128,-3.357142840072449,-0.959183668592128,28.0,1.1428572794204128,26.85714272057959,-26.85714272057959,low_information,False
6,2026-06-08,SKZ3FT01,0,low_information,SBA,0.7142857142857143,0.9999999663522784,0.999999970046711,0.999999970046711,6.29999995282357,4.49999996630255,0.8780487739126926,-3.624999865210199,-0.7073170468702827,41.0,12.000001078318412,35.9999997304204,-28.99999892168159,low_information,False
6,2026-06-08,SLT0003,2,cluster_2,SBA,0.3968253968253968,0.1425263030511617,0.2776929591961771,0.6180600560257139,0.5708325025722188,0.226520834354055,,0.226520834354055,,0.0,1.8121666748324403,1.8121666748324403,1.8121666748324403,highly_intermittent,True
6,2026-06-08,SLT0004,2,cluster_2,SBA,0.1111111111111111,0.999999970046711,0.3698375484610751,0.299602940468024,1.7732494211912773,0.1970277134656974,,0.1970277134656974,,0.0,1.5762217077255798,1.5762217077255798,1.5762217077255798,highly_intermittent,True
6,2026-06-08,XFTW0001,1,cluster_1,SBA,0.8571428571428571,0.4171592503910738,0.999999970046711,0.8926286115725951,4.258155485217992,3.649847558758279,,3.649847558758279,,0.0,29.19878047006623,29.19878047006623,29.19878047006623,active_moderate_intermittent,False
6,2026-06-08,XHP0001,1,cluster_1,SBA,7.619047619047619,0.1498533333561573,0.4346429946072281,0.3097581723916131,7.67488292330409,58.475298463269255,1.1636875316073485,-7.348806146922987,-0.1462448984462286,402.0,343.2095508246161,467.8023877061541,-58.7904491753839,active_moderate_intermittent,False
6,2026-06-08,XHZXCZP0001,1,cluster_1,SBA,2.611111111111111,0.9078002601196392,0.999999970046711,0.5441354080062454,2.9010581111763947,7.5749850680716975,0.5883483548016852,-7.5749850680716975,-0.5883483548016852,103.0,42.40011945542643,60.59988054457358,-60.59988054457358,active_moderate_intermittent,False
6,2026-06-08,XHZXCZP0002,1,cluster_1,SBA,0.4666666666666666,0.6524222000264783,0.999999977149595,0.5880294344406279,4.863361867529272,2.26956887151366,0.9556079459004884,2.15109182868488,0.9057228752357388,19.0,36.20873462947904,18.15655097210928,17.20873462947904,active_moderate_intermittent,False
6,2026-06-08,XMJ0001,0,low_information,SBA,1.0476190476190477,0.999999970046711,0.0719560006270766,1.0037376640824325e-06,0.6562503068960208,0.6875003215101171,,0.6875003215101171,,0.0,5.500002572080937,5.500002572080937,5.500002572080937,low_information,False
6,2026-06-08,XMJ0004,1,cluster_1,SBA,1.1428571428571428,0.999999970046711,0.3280902229505728,0.3200668781797098,5.532254836896708,6.322576956453379,0.8572985703665599,-5.770153912906759,-0.7823937509026113,59.0,12.838768696745928,50.58061565162704,-46.16123130325407,active_moderate_intermittent,False
6,2026-06-08,XMSH0001,1,cluster_1,SBA,3.619047619047619,0.6147700965666351,0.1144503037693675,0.1939618376302598,0.8601802930324532,3.113033441450783,0.6226066882901566,-2.4840445886010443,-0.4968089177202088,40.0,20.12764329119164,24.904267531606266,-19.872356708808358,active_moderate_intermittent,False
6,2026-06-08,XXGP0002,1,cluster_1,SBA,1.619047619047619,0.8809772122248185,0.780537213162291,0.9891353663099568,0.6582734309462078,1.0657760310557651,,1.0657760310557651,,0.0,8.526208248446121,8.526208248446121,8.526208248446121,active_moderate_intermittent,False
6,2026-06-08,XYJ0001,1,cluster_1,SBA,1.4285714285714286,0.999999970046711,0.1568617719322599,0.999999970046711,1.968749998034315,2.8124999971918787,0.9782608685884796,-2.624999988767515,-0.9130434743539182,23.0,2.0000000898598844,22.49999997753503,-20.99999991014012,active_moderate_intermittent,False
6,2026-06-08,XYMGPD0001,1,cluster_1,SBA,0.9047619047619048,0.9615902747749006,0.999999970046711,0.999999970046711,0.4421052655580992,0.4000000021716136,1.066666672457636,-0.3249999956567728,-0.8666666550847276,3.0,0.4000000347458168,3.2000000173729086,-2.5999999652541828,active_moderate_intermittent,False
6,2026-06-08,XYMGPD0002,1,cluster_1,SBA,0.8571428571428571,0.4507382561579104,0.6853943354893471,0.9999999659649124,0.5833333928947382,0.5000000510526327,,0.5000000510526327,,0.0,4.000000408421061,4.000000408421061,4.000000408421061,active_moderate_intermittent,False
6,2026-06-08,XYMLRY00001,1,cluster_1,SBA,0.9523809523809524,0.1601365421541971,0.4575501864732897,0.3071258881522573,0.8130920196699646,0.7743733520666329,0.7743733520666329,-0.0974934082665317,-0.0974934082665317,8.0,7.220052733867746,6.194986816533064,-0.779947266132254,active_moderate_intermittent,False
6,2026-06-08,YDBZ001,1,cluster_1,SBA,0.5555555555555556,0.8067980801295886,0.7483133944415277,0.999999970046711,1.5749999663025571,0.8749999812791985,1.166666641705598,-0.2500000748832058,-0.3333334331776078,6.0,3.999999400934353,6.999999850233588,-2.000000599065647,active_moderate_intermittent,False
6,2026-06-08,YDBZ002,1,cluster_1,SBA,0.8809523809523809,0.6018454728732444,0.0904666801496107,0.4070761713488568,3.8299425044914654,3.3739969682424813,,3.3739969682424813,,0.0,26.99197574593985,26.99197574593985,26.99197574593985,active_moderate_intermittent,False
6,2026-06-08,YEC0009,1,cluster_1,SBA,1.238095238095238,0.999999970046711,0.2221371633084592,0.1938579642885755,1.2567474978294717,1.5559730925507749,,1.5559730925507749,,0.0,12.447784740406195,12.447784740406195,12.447784740406195,active_moderate_intermittent,False
6,2026-06-08,YJLZHMV000AMDE,1,cluster_1,SBA,1.0158730158730158,0.2463959463610633,0.3702495073694437,0.3563185212561562,0.7225938947142947,0.734063639074839,1.468127278149678,0.734063639074839,1.468127278149678,4.0,9.872509112598712,5.872509112598712,5.872509112598712,active_moderate_intermittent,False
6,2026-06-08,YXBLJ0001,2,cluster_2,SBA,0.1587301587301587,0.2964839094235491,0.586222571525128,0.6208030876952719,3.1885552880581645,0.5061198869933594,1.3496530319822917,-0.1127602260132811,-0.3006939360354164,3.0,2.097918191893751,4.048959095946875,-0.9020818081062492,highly_intermittent,True
6,2026-06-08,ZBTZ0002,1,cluster_1,SBA,0.6666666666666666,0.0127840303290188,0.0227440593972527,1.0060774394261202e-06,0.5492955611996762,0.3661970407997841,,0.3661970407997841,,0.0,2.929576326398273,2.929576326398273,2.929576326398273,active_moderate_intermittent,False
6,2026-06-08,ZBTZ0003,2,cluster_2,SBA,0.1746031746031746,0.0379426777487628,0.0600385278849268,0.8625715663558826,0.5991060210451222,0.1046058131983546,,0.1046058131983546,,0.0,0.8368465055868374,0.8368465055868374,0.8368465055868374,highly_intermittent,True
6,2026-06-08,ZTD0001,2,cluster_2,SBA,0.2857142857142857,0.6172616446976076,0.2221596602690696,0.9999999806452212,6.125,1.75,0.4375,-0.9999999516130536,-0.2499999879032634,32.0,24.00000038709557,14.0,-7.999999612904429,highly_intermittent,True
6,2026-06-08,ZTD0003,1,cluster_1,SBA,0.3968253968253968,0.8901542550546835,0.6037567721873793,0.7005213138372111,1.1011831238763097,0.4369774301096467,0.6991638881754347,0.1270902795614132,0.2033444472982612,5.0,6.016722236491306,3.495819440877173,1.0167222364913062,active_moderate_intermittent,False
6,2026-06-08,xgx0013,0,low_information,SBA,0.4761904761904761,0.0596235842938551,0.2139279824653523,1.0037376640824325e-06,3.856730535371804,1.8365383501770491,0.9794871200944264,-1.7980767003540987,-0.9589742401888528,15.0,0.6153863971672089,14.692306801416397,-14.38461360283279,low_information,False
6,2026-06-08,xgx0014,1,cluster_1,SBA,2.095238095238096,0.141076973360414,0.2861108461072174,1.0037376640824325e-06,0.7556820643643007,1.5833338491442492,0.6333335396576997,-0.8333353965769968,-0.3333341586307987,20.0,13.333316827384026,12.666670793153994,-6.666683172615975,active_moderate_intermittent,False
6,2026-06-08,xgx0015,1,cluster_1,SBA,2.0476190476190474,0.1545272057121179,0.999999970046711,0.0290283295076322,0.7513713813889583,1.5385223523678668,0.5861037532829969,-1.176363136490489,-0.4481383377106624,21.0,11.589094908076088,12.308178818942936,-9.410905091923912,active_moderate_intermittent,False
6,2026-06-08,xgx0016,1,cluster_1,SBA,1.761904761904762,0.2143259997785298,0.3536279442056804,0.2354188666113994,1.436837887992567,2.5315715169392847,0.6750857378504759,-2.313143033878569,-0.6168381423676185,30.0,11.494855728971444,20.25257213551428,-18.50514427102856,active_moderate_intermittent,False
6,2026-06-08,xymzd0015,1,cluster_1,SBA,1.1904761904761905,0.999999970046711,0.3918366556518048,0.892775612403846,4.3702397334209735,5.202666349310682,0.8855602296699033,-5.202666349310682,-0.8855602296699033,47.0,5.378669205514546,41.62133079448546,-41.62133079448546,active_moderate_intermittent,False
