origin_index,origin,sku,cluster,cluster_eligible,n_positive,ADI,CV2,nonzero_mean,acf1
1,2025-09-01,BLJZ0001,0,False,0,inf,,,0.0
1,2025-09-01,BLP0001,0,False,4,21.75,1.0014814814814816,7.5,0.46549842347804976
1,2025-09-01,BLP0002,0,False,4,21.75,0.16000000000000003,1.25,0.40381282495667253
1,2025-09-01,BLP0003,0,False,0,inf,,,0.0
1,2025-09-01,BLP0004,0,False,0,inf,,,0.0
1,2025-09-01,CBJZ0001,0,False,1,87.0,,1.0,-0.011764705882352948
1,2025-09-01,CLSSLT0003,2,True,9,9.666666666666666,0.12500000000000003,2.0,0.6412066752246478
1,2025-09-01,CLSSLT0006,2,True,6,14.5,0.1204152249134948,2.8333333333333335,0.5366596392597798
1,2025-09-01,CWW0002,1,True,5,17.4,0.6298477449008907,11.8,0.7506267256616721
1,2025-09-01,DGNTYBV001AMDE,0,False,2,43.5,0.0,1.0,-0.023809523809523777
1,2025-09-01,DHZXCZP0001,1,True,9,9.666666666666666,0.2987718049127804,5.888888888888889,0.6956887002083948
1,2025-09-01,DRMJJ0020,2,True,5,17.4,0.15306122448979592,1.4,0.4295110598413234
1,2025-09-01,DRMJJ0021,2,True,7,12.428571428571429,0.36458333333333337,2.2857142857142856,0.6446280991735537
1,2025-09-01,DRMJJ0022,1,True,14,6.214285714285714,0.5569272976680383,1.9285714285714286,0.41250354308911
1,2025-09-01,DRMJJ0023,1,True,12,7.25,0.37213626402815597,3.0833333333333335,0.4865422302675005
1,2025-09-01,DRMJJ0024,0,False,2,43.5,0.0,1.0,-0.023809523809523784
1,2025-09-01,DRMJJ0025,2,True,9,9.666666666666666,0.4515570934256055,1.8888888888888888,0.49567160011170086
1,2025-09-01,DRMJJ0026,0,False,0,inf,,,0.0
1,2025-09-01,DRMJJ0027,0,False,0,inf,,,0.0
1,2025-09-01,ETZP0003,0,False,0,inf,,,0.0
1,2025-09-01,ETZP0004,2,True,13,6.6923076923076925,0.27441713925645866,1.7692307692307692,0.4425719471091521
1,2025-09-01,FDBLHP0001,2,True,6,14.5,0.1474480151228733,3.8333333333333335,0.7953663118346901
1,2025-09-01,FDBLP0001,1,True,12,7.25,0.6212275168582324,6.916666666666667,0.6688502146035163
1,2025-09-01,FRC0002,1,True,16,5.4375,0.3281297826752372,4.125,0.7936785986290941
1,2025-09-01,FRC0003,1,True,30,2.9,0.45664150173434015,2.1666666666666665,0.5371930720391358
1,2025-09-01,FRC0010,2,True,8,10.875,0.14167650531286896,1.375,0.35868754660701074
1,2025-09-01,FRC0011,0,False,1,87.0,,1.0,-0.011764705882352974
1,2025-09-01,FRH0001,1,True,40,2.175,0.4318123808236865,3.725,0.6637444331451422
1,2025-09-01,FRH0002,1,True,40,2.175,0.5127118720791484,2.975,0.45132518647833697
1,2025-09-01,FRH0003,1,True,45,1.9333333333333333,0.7497076487614613,6.155555555555556,0.7789414941291197
1,2025-09-01,FRH0004,1,True,24,3.625,0.31975360846213563,3.4583333333333335,0.7490635227317536
1,2025-09-01,FRH0012,0,False,2,43.5,0.5000000000000001,2.0,-0.018957345971563993
1,2025-09-01,FRH0028,1,True,19,4.578947368421052,0.48717948717948717,2.0526315789473686,0.2649572649572653
1,2025-09-01,FRH0029,1,True,22,3.9545454545454546,0.4525218371372218,1.7727272727272727,0.3482053482053488
1,2025-09-01,FRH0031,2,True,7,12.428571428571429,0.08101851851851856,1.7142857142857142,0.01601830663615559
1,2025-09-01,FRH0033,1,True,70,1.2428571428571429,0.4154906289394972,6.207142857142857,0.3911754147988533
1,2025-09-01,FRH0034,1,True,45,1.9333333333333333,0.3368286760772048,2.611111111111111,0.31924934840059815
1,2025-09-01,FRH0035,2,True,13,6.6923076923076925,0.20106666666666664,1.9230769230769231,0.45709609539396556
1,2025-09-01,FRH0036,0,False,3,29.0,0.0,2.0,0.6546184738955854
1,2025-09-01,FRH0037,2,True,10,8.7,0.26955950032873105,1.3,0.4746487477092221
1,2025-09-01,FRH0040,1,True,16,5.4375,1.0016292936927857,3.9375,0.5400700590956481
1,2025-09-01,FRH0042,2,True,10,8.7,0.19097222222222227,1.6,0.5189328743545608
1,2025-09-01,FRH0043,2,True,6,14.5,0.37500000000000006,1.3333333333333333,0.26088626156826034
1,2025-09-01,FRH0044,2,True,16,5.4375,0.1322314049586777,1.375,0.16457131595610022
1,2025-09-01,FRH0045,1,True,12,7.25,0.3778409090909091,8.0,0.7518442314447739
1,2025-09-01,FRH0046,1,True,38,2.289473684210526,0.32763010944829113,1.4473684210526316,0.29252941329334065
1,2025-09-01,FRH0047,2,True,13,6.6923076923076925,0.19278911564625847,2.6923076923076925,0.4625645956014911
1,2025-09-01,FRH0048,1,True,57,1.5263157894736843,0.3151877125099841,6.12280701754386,0.5910649626213378
1,2025-09-01,FRH0049,2,True,6,14.5,0.5279999999999999,1.6666666666666667,0.12423625254582515
1,2025-09-01,FRH0050,1,True,38,2.289473684210526,0.34026933507902357,1.7894736842105263,0.06321520211196947
1,2025-09-01,FRH0051,1,True,57,1.5263157894736843,0.45471188871902307,4.578947368421052,0.6277164807069369
1,2025-09-01,FRH0052,0,False,3,29.0,0.0,1.0,-0.03614457831325313
1,2025-09-01,FRH0056,1,True,60,1.45,0.5859908152055003,8.066666666666666,0.6953230574365997
1,2025-09-01,FRH0056-1,0,False,0,inf,,,0.0
1,2025-09-01,FRH0058,0,False,2,43.5,0.04081632653061225,3.5,-0.02332222751070916
1,2025-09-01,FRH0059,1,True,38,2.289473684210526,0.725822788880493,6.473684210526316,0.8197908007758381
1,2025-09-01,FRH0064,0,False,3,29.0,0.5510204081632654,7.0,0.48625396442713076
1,2025-09-01,FRH0065,2,True,6,14.5,0.21606648199445988,3.1666666666666665,0.7604873803307224
1,2025-09-01,FRH0068,0,False,0,inf,,,0.0
1,2025-09-01,FRW00011,2,True,7,12.428571428571429,0.3033333333333334,1.4285714285714286,0.049723756906077374
1,2025-09-01,FRW0005,1,True,55,1.5818181818181818,0.3154241335095354,3.618181818181818,0.6549289305288944
1,2025-09-01,FRW0006,1,True,67,1.2985074626865671,0.4621811400170407,6.731343283582089,0.5576997850195395
1,2025-09-01,FRW0007,0,False,4,21.75,0.16000000000000003,1.25,0.10571923743500893
1,2025-09-01,FRW0008,0,False,3,29.0,0.0,1.0,-0.029335732442442905
1,2025-09-01,FRW0009,2,True,6,14.5,0.29999999999999993,2.0,0.6469622331691297
1,2025-09-01,FRW0011,2,True,7,12.428571428571429,0.10937500000000001,1.1428571428571428,0.3517587939698481
1,2025-09-01,FRW0013,1,True,11,7.909090909090909,0.3819262782401903,2.6363636363636362,0.7210926780591234
1,2025-09-01,FRW0014,2,True,8,10.875,0.13714285714285715,1.25,0.6105072463768112
1,2025-09-01,FRW0015,1,True,25,3.48,0.7581360946745563,5.2,0.705606358021736
1,2025-09-01,FRW0016,2,True,9,9.666666666666666,0.44999999999999984,1.6666666666666667,-0.04991023339317772
1,2025-09-01,FRW0017,2,True,6,14.5,0.5142857142857143,3.5,0.6896029805565265
1,2025-09-01,FRW0020,2,True,5,17.4,0.0,1.0,0.3629629629629624
1,2025-09-01,FRW0021,0,False,4,21.75,0.0,1.0,-0.04878048780487798
1,2025-09-01,FRW0022,0,False,4,21.75,0.16000000000000003,1.25,0.2547660311958404
1,2025-09-01,FRW0023,2,True,9,9.666666666666666,0.0,1.0,0.13131313131313122
1,2025-09-01,FRW0024,0,False,0,inf,,,0.0
1,2025-09-01,FSTBY001,0,False,0,inf,,,0.0
1,2025-09-01,FZGLS0001,0,False,0,inf,,,0.0
1,2025-09-01,FZGLS0002,0,False,2,43.5,0.0,1.0,0.48809523809523825
1,2025-09-01,FZLRICBHP0001,2,True,7,12.428571428571429,0.46666666666666673,2.142857142857143,0.71687242798354
1,2025-09-01,FZLRJ0001,2,True,11,7.909090909090909,0.14841269841269833,3.8181818181818183,0.6470334101382488
1,2025-09-01,FZLRJ0001double,0,False,2,43.5,0.0,1.0,-0.023809523809523784
1,2025-09-01,FZLRJ0002,1,True,18,4.833333333333333,0.4506352941176471,2.7777777777777777,0.6033865638766519
1,2025-09-01,FZLRJ0002double,2,True,6,14.5,0.1333333333333333,1.5,0.35980148883374724
1,2025-09-01,GJMJSLW001,1,True,11,7.909090909090909,3.2456747404844295,17.0,0.38818587606030164
1,2025-09-01,GJMJSW001,0,False,1,87.0,,1.0,-0.011764705882352946
1,2025-09-01,GJMJWJX001,1,True,45,1.9333333333333333,5.973239603024574,10.222222222222221,0.24987675343852309
1,2025-09-01,GJMJWJXW001,1,True,13,6.6923076923076925,1.9948851158725116,43.76923076923077,0.48985331382400393
1,2025-09-01,GJMUSDW001,0,False,2,43.5,0.0,1.0,0.48809523809523836
1,2025-09-01,HLGKSLT0001,2,True,18,4.833333333333333,0.27529411764705874,2.2222222222222223,0.29706994071661874
1,2025-09-01,HSAKSLT0001,2,True,6,14.5,0.1333333333333333,1.5,0.07526881720430105
1,2025-09-01,HWZDSKL0001,1,True,18,4.833333333333333,1.282614379084967,7.5,0.4514722227915842
1,2025-09-01,HWZDSKL0002,2,True,8,10.875,0.6666666666666665,3.0,0.5713047247507588
1,2025-09-01,HZSN0001,1,True,36,2.4166666666666665,0.4109959970099829,3.9722222222222223,0.7913720510521718
1,2025-09-01,JZJ00011,2,True,7,12.428571428571429,0.5483333333333333,2.857142857142857,0.7101406799531067
1,2025-09-01,JZJ00012,1,True,17,5.117647058823529,0.2821527777777778,7.0588235294117645,0.7816308406830688
1,2025-09-01,JZJ0002,1,True,32,2.71875,0.18638369481655456,11.40625,0.8450150371687883
1,2025-09-01,JZJ0003,1,True,31,2.806451612903226,0.2554700502972108,17.419354838709676,0.7909879103255198
1,2025-09-01,JZJ0004,2,True,15,5.8,0.2914285714285713,1.6666666666666667,0.3877447241291634
1,2025-09-01,JZJ0005,1,True,23,3.782608695652174,0.47157492080568986,2.8260869565217392,0.5538745847916383
1,2025-09-01,JZJ0008,1,True,24,3.625,0.27312934847270004,6.833333333333333,0.7893255439253178
1,2025-09-01,JZJ0009,1,True,26,3.3461538461538463,0.529271896380174,12.961538461538462,0.8618135280853854
1,2025-09-01,JZJ0013,1,True,38,2.289473684210526,0.5283216752519769,15.657894736842104,0.8738279340640407
1,2025-09-01,JZJ0014,0,False,4,21.75,0.9066666666666667,2.5,-0.003986332574031899
1,2025-09-01,JZJ0016,1,True,38,2.289473684210526,0.5184432432432432,2.6315789473684212,0.5008806205816269
1,2025-09-01,JZJ0017,2,True,5,17.4,0.3124999999999999,1.6,0.4952953720278144
1,2025-09-01,JZJ0018,2,True,5,17.4,0.15570934256055363,3.4,0.8507296475624175
1,2025-09-01,JZJ0019,1,True,9,9.666666666666666,0.3379591836734694,3.888888888888889,0.7112238336786451
1,2025-09-01,JZQCQ001,1,True,31,2.806451612903226,0.595099118070357,16.870967741935484,0.7411517498083593
1,2025-09-01,JZQCQ003,1,True,37,2.3513513513513513,2.011046189685131,13.675675675675675,0.607729573987512
1,2025-09-01,JZQCQ004,1,True,19,4.578947368421052,1.104982603977146,3.1052631578947367,0.5336647085404426
1,2025-09-01,KFZ0001,2,True,6,14.5,0.0,1.0,-0.07499999999999994
1,2025-09-01,KZCWBG001,2,True,8,10.875,0.16326530612244897,2.625,0.6278904532601411
1,2025-09-01,LRKF0001,1,True,10,8.7,0.29702415945802196,6.3,0.7220087047265141
1,2025-09-01,LTKF0002,2,True,6,14.5,0.15000000000000005,1.3333333333333333,0.7334710743801656
1,2025-09-01,LTKF0003B,0,False,1,87.0,,1.0,-0.011764705882352941
1,2025-09-01,LTKF0005A,2,True,13,6.6923076923076925,0.22067901234567905,1.3846153846153846,0.3138297872340425
1,2025-09-01,LTKF0006A,0,False,1,87.0,,1.0,-0.011764705882352946
1,2025-09-01,LTKF0008,2,True,5,17.4,0.5578512396694214,2.2,0.19626168224299162
1,2025-09-01,LTKF0009,2,True,5,17.4,0.38888888888888884,3.0,0.32604660754794884
1,2025-09-01,LTKF0010,0,False,1,87.0,,2.0,-0.011764705882352941
1,2025-09-01,LTKF0012,0,False,3,29.0,0.48000000000000015,1.6666666666666667,0.34636264929424404
1,2025-09-01,LTKF0016,0,False,2,43.5,0.04081632653061225,3.5,0.4678724416944306
1,2025-09-01,LTKF0018A,0,False,1,87.0,,3.0,-0.011764705882352934
1,2025-09-01,LTKF0019,1,True,17,5.117647058823529,1.1805555555555558,3.0,0.390478287679719
1,2025-09-01,LTKF0020,1,True,26,3.3461538461538463,0.24425893167057688,18.807692307692307,0.7653799164743358
1,2025-09-01,LTKF0021,1,True,27,3.2222222222222223,0.33258420573509323,5.777777777777778,0.7308425846591614
1,2025-09-01,LTKF0022,1,True,12,7.25,0.6894545454545452,2.0833333333333335,0.5368735976065815
1,2025-09-01,LTKF0022M,1,True,20,4.35,0.37300500116279167,2.175,0.6126134368134754
1,2025-09-01,LTKF0023,0,False,1,87.0,,1.0,-0.011764705882352946
1,2025-09-01,LTKF0024A,2,True,23,3.782608695652174,0.12679710301589017,1.2608695652173914,0.6620580648934996
1,2025-09-01,LTKF0031,1,True,21,4.142857142857143,0.38911029449821427,6.619047619047619,0.6762418932423029
1,2025-09-01,LTKF0047,1,True,14,6.214285714285714,0.5186133723589135,2.0714285714285716,0.6844268310582702
1,2025-09-01,LTKF0058,0,False,0,inf,,,0.0
1,2025-09-01,LTKF0101,1,True,11,7.909090909090909,0.5977274640181806,9.909090909090908,0.5473718636152757
1,2025-09-01,LTKF0102,0,False,3,29.0,0.18749999999999997,1.3333333333333333,0.723622452444443
1,2025-09-01,LTKF0103,0,False,0,inf,,,0.0
1,2025-09-01,LTKF0106,0,False,0,inf,,,0.0
1,2025-09-01,LTKF0111,0,False,0,inf,,,0.0
1,2025-09-01,LTKF093,2,True,6,14.5,0.40661157024793393,1.8333333333333333,0.07781322901414571
1,2025-09-01,LTKF098,2,True,5,17.4,0.15457788347205711,5.8,0.8928117769380598
1,2025-09-01,LYC0201,2,True,6,14.5,0.7102040816326529,2.3333333333333335,0.8241268194204848
1,2025-09-01,LYC0203,0,False,4,21.75,0.2993197278911565,1.75,0.2890299006305243
1,2025-09-01,NNB0002,0,False,1,87.0,,1.0,-0.011764705882352929
1,2025-09-01,QCCXC0004,1,True,12,7.25,1.971291866028708,9.5,0.5454991869395128
1,2025-09-01,QCCXC0005,1,True,32,2.71875,0.49817105439150483,4.03125,0.574786242167063
1,2025-09-01,QCCXC0007,1,True,40,2.175,0.9368131365165472,5.95,0.535273730251492
1,2025-09-01,QCSSXC0004,0,False,3,29.0,0.0,1.0,-0.03614457831325313
1,2025-09-01,QCSSXC0005,1,True,21,4.142857142857143,0.6534626038781163,2.7142857142857144,0.5098665942267827
1,2025-09-01,QCSSXC0006,1,True,18,4.833333333333333,0.6625520949320776,2.388888888888889,0.6249343094403036
1,2025-09-01,QCXDS001,1,True,17,5.117647058823529,1.2378052126200272,7.9411764705882355,0.6320673058368844
1,2025-09-01,QCXXC0001,2,True,18,4.833333333333333,0.2568743473720849,2.1666666666666665,0.4273538420561993
1,2025-09-01,QCXXC0002,2,True,12,7.25,0.27014951022512457,1.9166666666666667,0.36538919304927403
1,2025-09-01,QFSJZ001-1,2,True,7,12.428571428571429,0.29526748971193406,2.5714285714285716,0.3724275563502148
1,2025-09-01,QFSJZ002-1,2,True,6,14.5,0.5279999999999999,1.6666666666666667,0.4325075516733713
1,2025-09-01,QFSJZ003,0,False,4,21.75,0.0,1.0,0.21341463414634151
1,2025-09-01,QFSJZ003-1,2,True,6,14.5,0.29112426035502964,2.1666666666666665,0.5259160431531789
1,2025-09-01,QYGZIPJ,0,False,1,87.0,,1.0,-0.011764705882352929
1,2025-09-01,RLHZHMV000AMDE,1,True,45,1.9333333333333333,0.5971670628478666,12.444444444444445,0.8139316834058357
1,2025-09-01,SLT0001,0,False,1,87.0,,2.0,-0.011764705882352925
1,2025-09-01,SLT0003,2,True,6,14.5,0.31111111111111117,1.5,0.003620564808110048
1,2025-09-01,SLT0004,0,False,1,87.0,,1.0,-0.011764705882352929
1,2025-09-01,SPH0001,0,False,0,inf,,,0.0
1,2025-09-01,SRPDZS0001,0,False,4,21.75,0.16000000000000003,1.25,0.25476603119584057
1,2025-09-01,SRPDZS0002,2,True,5,17.4,0.3124999999999999,1.6,0.6722560975609757
1,2025-09-01,WSJZS0002,0,False,0,inf,,,0.0
1,2025-09-01,WSJZS0004,0,False,0,inf,,,0.0
1,2025-09-01,XHP0001,1,True,8,10.875,0.714506011803309,13.875,0.5454048481185018
1,2025-09-01,XHZXCZP0001,1,True,34,2.5588235294117645,0.535599481414389,16.11764705882353,0.8629750745602738
1,2025-09-01,XHZXCZP0002,0,False,0,inf,,,0.0
1,2025-09-01,YBB0001,2,True,6,14.5,0.28571428571428575,3.5,0.9287957534790778
1,2025-09-01,YDBZ001,2,True,15,5.8,0.19419642857142863,2.6666666666666665,0.7533857384756727
1,2025-09-01,YDBZ002,1,True,14,6.214285714285714,1.4107692307692312,4.285714285714286,0.474535592094085
1,2025-09-01,YDBZLV0001AMDE,2,True,9,9.666666666666666,0.25295857988165676,1.4444444444444444,0.3344389165284678
1,2025-09-01,YDBZWV0001AMDE,2,True,9,9.666666666666666,0.18,1.6666666666666667,0.43146760687527563
1,2025-09-01,YJL0002,0,False,0,inf,,,0.0
1,2025-09-01,YJLZHMV000AMDE,1,True,41,2.1219512195121952,0.5568934240362813,2.5609756097560976,0.5013987431583219
1,2025-09-01,YJX0022,0,False,3,29.0,0.18749999999999997,1.3333333333333333,0.3120000000000003
1,2025-09-01,YJX0023,0,False,2,43.5,0.024691358024691364,4.5,0.47576197387518127
1,2025-09-01,YJX0024,2,True,5,17.4,0.24793388429752056,2.2,0.31142014327855
1,2025-09-01,YJX0025,2,True,5,17.4,0.11718749999999996,1.6,0.09473684210526309
1,2025-09-01,YKLLW0004,0,False,3,29.0,1.9843749999999998,8.0,0.08035997882477514
1,2025-09-01,YKLLW0005,1,True,7,12.428571428571429,3.8395592582639075,8.714285714285714,0.1705889994543896
1,2025-09-01,YKLLW0006,0,False,2,43.5,0.72,7.5,0.22199025748086246
1,2025-09-01,YXBLJ0001,0,False,0,inf,,,0.0
1,2025-09-01,ZBTZ0002,0,False,3,29.0,2.143876337693223,9.666666666666666,0.06290168904287562
1,2025-09-01,ZBTZ0003,0,False,2,43.5,0.0,1.0,0.48809523809523825
1,2025-09-01,ZJJSJBV001AMDE,2,True,19,4.578947368421052,0.30373893513013617,1.5263157894736843,0.3011573504063042
1,2025-09-01,ZJJSJSV001AMDE,1,True,22,3.9545454545454546,0.8018812463256908,3.272727272727273,0.5614539748953983
1,2025-09-01,ZJJYZBV001AMDE,1,True,30,2.9,0.2534408168452227,2.6333333333333333,0.7376360776916187
1,2025-09-01,ZJJYZSJBV1AMDE,1,True,19,4.578947368421052,0.4015419501133788,1.8421052631578947,0.451547674599473
1,2025-09-01,ZJJYZSJSV1AMDE,1,True,9,9.666666666666666,0.4641795481569559,6.444444444444445,0.7995433355532303
1,2025-09-01,ZJJYZSJSV2AMDE,2,True,13,6.6923076923076925,0.22600151171579744,1.6153846153846154,0.5818476499189627
1,2025-09-01,ZTD0001,0,False,0,inf,,,0.0
1,2025-09-01,ZTD0003,0,False,1,87.0,,2.0,-0.011764705882352929
2,2025-10-27,BLJZ0001,0,False,3,31.666666666666668,0.18749999999999997,1.3333333333333333,-0.0251936328619351
2,2025-10-27,BLP0001,1,True,11,8.636363636363637,0.740395061728395,8.181818181818182,0.6442142195189428
2,2025-10-27,BLP0002,2,True,9,10.555555555555555,0.3431249999999999,2.2222222222222223,0.3901446693101994
2,2025-10-27,BLP0003,0,False,2,47.5,0.0,1.0,0.7032948570222725
2,2025-10-27,BLP0004,0,False,0,inf,,,0.0
2,2025-10-27,CBJZ0001,0,False,1,95.0,,1.0,-0.010752688172043027
2,2025-10-27,CLSSLT0003,2,True,11,8.636363636363637,0.1346938775510204,1.9090909090909092,0.6030614937978357
2,2025-10-27,CLSSLT0006,2,True,10,9.5,0.15111111111111108,2.5,0.41186040972123206
2,2025-10-27,CWW0002,1,True,10,9.5,0.5592362391761339,12.1,0.7134817141995181
2,2025-10-27,DGNTYBV001AMDE,0,False,2,47.5,0.0,1.0,-0.021739130434782643
2,2025-10-27,DHZXCZP0001,1,True,15,6.333333333333333,0.3608630952380953,4.8,0.689984269098985
2,2025-10-27,DRMJJ0020,1,True,11,8.636363636363637,0.7999999999999999,2.0,0.3520926648430043
2,2025-10-27,DRMJJ0021,2,True,7,13.571428571428571,0.36458333333333337,2.2857142857142856,0.6466165413533833
2,2025-10-27,DRMJJ0022,1,True,16,5.9375,0.5076462585034015,2.1875,0.5798659146536125
2,2025-10-27,DRMJJ0023,1,True,27,3.5185185185185186,0.2950872196511214,3.925925925925926,0.6755696775602247
2,2025-10-27,DRMJJ0024,0,False,2,47.5,0.0,1.0,-0.021739130434782636
2,2025-10-27,DRMJJ0025,2,True,9,10.555555555555555,0.4515570934256055,1.8888888888888888,0.4991119005328597
2,2025-10-27,DRMJJ0026,2,True,5,19.0,0.33179012345679004,3.6,0.554442036836403
2,2025-10-27,DRMJJ0027,2,True,5,19.0,0.37499999999999994,2.0,0.6791808873720137
2,2025-10-27,ETZP0003,2,True,6,15.833333333333334,0.24,1.6666666666666667,0.6570389809118551
2,2025-10-27,ETZP0004,2,True,20,4.75,0.20692757534862796,1.95,0.4163238417550022
2,2025-10-27,FDBLHP0001,2,True,8,11.875,0.2160693052488534,3.625,0.612246768723073
2,2025-10-27,FDBLP0001,1,True,20,4.75,0.8354095297415133,5.2,0.6709733627243216
2,2025-10-27,FRC0002,1,True,16,5.9375,0.3281297826752372,4.125,0.7965507764188497
2,2025-10-27,FRC0003,1,True,32,2.96875,0.4536220560330394,2.125,0.5214362272240086
2,2025-10-27,FRC0010,2,True,8,11.875,0.14167650531286896,1.375,0.36357481381177936
2,2025-10-27,FRC0011,0,False,1,95.0,,1.0,-0.010752688172043032
2,2025-10-27,FRH0001,1,True,40,2.375,0.4318123808236865,3.725,0.6771152631660032
2,2025-10-27,FRH0002,1,True,40,2.375,0.5127118720791484,2.975,0.4715408497189031
2,2025-10-27,FRH0003,1,True,45,2.111111111111111,0.7497076487614613,6.155555555555556,0.7867897593028296
2,2025-10-27,FRH0004,1,True,24,3.9583333333333335,0.31975360846213563,3.4583333333333335,0.7547336130601917
2,2025-10-27,FRH0012,0,False,2,47.5,0.5000000000000001,2.0,-0.017316017316017337
2,2025-10-27,FRH0028,1,True,22,4.318181818181818,0.5202461937155815,1.9090909090909092,0.24926439680538034
2,2025-10-27,FRH0029,1,True,24,3.9583333333333335,0.46121614980730946,1.7083333333333333,0.3438161699088742
2,2025-10-27,FRH0031,2,True,7,13.571428571428571,0.08101851851851856,1.7142857142857142,0.02286902286902287
2,2025-10-27,FRH0033,1,True,78,1.2179487179487178,0.45418026065645123,6.0576923076923075,0.36923566172013805
2,2025-10-27,FRH0034,1,True,52,1.8269230769230769,0.3627749809650888,2.451923076923077,0.32100928586626964
2,2025-10-27,FRH0035,2,True,13,7.3076923076923075,0.20106666666666664,1.9230769230769231,0.4637650538770327
2,2025-10-27,FRH0036,0,False,3,31.666666666666668,0.0,2.0,0.655677655677659
2,2025-10-27,FRH0037,2,True,10,9.5,0.26955950032873105,1.3,0.4792243767313048
2,2025-10-27,FRH0040,1,True,16,5.9375,1.0016292936927857,3.9375,0.5441871742029335
2,2025-10-27,FRH0042,2,True,10,9.5,0.19097222222222227,1.6,0.5234009360374419
2,2025-10-27,FRH0043,2,True,9,10.555555555555555,0.29752066115702486,1.2222222222222223,0.24999348983763517
2,2025-10-27,FRH0044,2,True,17,5.588235294117647,0.13256143667296785,1.3529411764705883,0.1586031043694924
2,2025-10-27,FRH0045,1,True,12,7.916666666666667,0.3778409090909091,8.0,0.7542623323482612
2,2025-10-27,FRH0046,1,True,43,2.2093023255813953,0.3046925325801497,1.441860465116279,0.24934676729435232
2,2025-10-27,FRH0047,2,True,13,7.3076923076923075,0.19278911564625847,2.6923076923076925,0.4692148984688881
2,2025-10-27,FRH0048,1,True,65,1.4615384615384615,0.3099817835741386,5.984615384615385,0.5751765486098067
2,2025-10-27,FRH0049,2,True,6,15.833333333333334,0.5279999999999999,1.6666666666666667,0.12801484230055588
2,2025-10-27,FRH0050,1,True,43,2.2093023255813953,0.3785645335713923,1.8837209302325582,0.08812804941120768
2,2025-10-27,FRH0051,1,True,65,1.4615384615384615,0.4246627799974375,4.507692307692308,0.6246209908535592
2,2025-10-27,FRH0052,0,False,3,31.666666666666668,0.0,1.0,-0.03296703296703302
2,2025-10-27,FRH0056,1,True,68,1.3970588235294117,0.5356817048970648,8.117647058823529,0.6807425910819114
2,2025-10-27,FRH0056-1,0,False,1,95.0,,1.0,0.0
2,2025-10-27,FRH0058,0,False,2,47.5,0.04081632653061225,3.5,-0.02129508909169916
2,2025-10-27,FRH0059,1,True,48,1.9791666666666667,0.7576899696048635,5.833333333333333,0.8080622371226848
2,2025-10-27,FRH0064,1,True,9,10.555555555555555,0.4648760330578512,4.888888888888889,0.5206251055075822
2,2025-10-27,FRH0065,2,True,8,11.875,0.3705863297700032,2.625,0.7428322448108184
2,2025-10-27,FRH0068,0,False,2,47.5,0.22222222222222227,1.5,0.89346962275481
2,2025-10-27,FRW00011,2,True,7,13.571428571428571,0.3033333333333334,1.4285714285714286,0.055276381909547666
2,2025-10-27,FRW0005,1,True,63,1.507936507936508,0.32133995037220847,3.7142857142857144,0.651283619729643
2,2025-10-27,FRW0006,1,True,75,1.2666666666666666,0.4395903869701164,6.653333333333333,0.5568424101492006
2,2025-10-27,FRW0007,0,False,4,23.75,0.16000000000000003,1.25,0.10900473933649234
2,2025-10-27,FRW0008,0,False,3,31.666666666666668,0.0,1.0,-0.03296703296703297
2,2025-10-27,FRW0009,2,True,9,10.555555555555555,0.3599999999999998,1.6666666666666667,0.5871362328683026
2,2025-10-27,FRW0011,2,True,7,13.571428571428571,0.10937500000000001,1.1428571428571428,0.3561643835616446
2,2025-10-27,FRW0013,1,True,11,8.636363636363637,0.3819262782401903,2.6363636363636362,0.723560683180635
2,2025-10-27,FRW0014,2,True,8,11.875,0.13714285714285715,1.25,0.6134868421052663
2,2025-10-27,FRW0015,1,True,25,3.8,0.7581360946745563,5.2,0.7105886405718471
2,2025-10-27,FRW0016,2,True,9,10.555555555555555,0.44999999999999984,1.6666666666666667,-0.04274061990212061
2,2025-10-27,FRW0017,2,True,6,15.833333333333334,0.5142857142857143,3.5,0.6909534415102341
2,2025-10-27,FRW0020,2,True,5,19.0,0.0,1.0,0.3662921348314602
2,2025-10-27,FRW0021,0,False,4,23.75,0.0,1.0,-0.04444444444444445
2,2025-10-27,FRW0022,0,False,4,23.75,0.16000000000000003,1.25,0.25750394944707733
2,2025-10-27,FRW0023,2,True,10,9.5,0.0,1.0,0.10476190476190496
2,2025-10-27,FRW0024,2,True,7,13.571428571428571,0.2347140039447731,1.8571428571428572,0.644037814453347
2,2025-10-27,FSTBY001,0,False,0,inf,,,0.0
2,2025-10-27,FZGLS0001,0,False,0,inf,,,0.0
2,2025-10-27,FZGLS0002,0,False,2,47.5,0.0,1.0,0.4891304347826087
2,2025-10-27,FZLRICBHP0001,2,True,9,10.555555555555555,0.5216262975778547,1.8888888888888888,0.6812787599903125
2,2025-10-27,FZLRJ0001,2,True,12,7.916666666666667,0.16679188580015028,3.6666666666666665,0.6312065860560837
2,2025-10-27,FZLRJ0001double,0,False,2,47.5,0.0,1.0,-0.021739130434782643
2,2025-10-27,FZLRJ0002,1,True,23,4.130434782608695,0.5013290802764485,2.4782608695652173,0.5854484158828929
2,2025-10-27,FZLRJ0002double,2,True,6,15.833333333333334,0.1333333333333333,1.5,0.36343115124153436
2,2025-10-27,GJMJSLW001,1,True,11,8.636363636363637,3.2456747404844295,17.0,0.38992315662762156
2,2025-10-27,GJMJSW001,0,False,1,95.0,,1.0,-0.010752688172043027
2,2025-10-27,GJMJWJX001,1,True,53,1.7924528301886793,5.196838235154119,10.11320754716981,0.24800904756730252
2,2025-10-27,GJMJWJXW001,1,True,15,6.333333333333333,1.9935689100478842,41.266666666666666,0.4831123549802655
2,2025-10-27,GJMUSDW001,0,False,2,47.5,0.0,1.0,0.489130434782609
2,2025-10-27,HLGKSLT0001,1,True,26,3.6538461538461537,0.3421118410511137,3.0384615384615383,0.6958511374582208
2,2025-10-27,HSAKSLT0001,2,True,6,15.833333333333334,0.1333333333333333,1.5,0.08051166290443942
2,2025-10-27,HWZDSKL0001,1,True,18,5.277777777777778,1.282614379084967,7.5,0.4557768634162327
2,2025-10-27,HWZDSKL0002,1,True,9,10.555555555555555,0.6423816568047338,2.888888888888889,0.5487711213517674
2,2025-10-27,HZSN0001,1,True,44,2.159090909090909,0.3904885834729249,3.852272727272727,0.771669772931445
2,2025-10-27,JZJ00011,1,True,14,6.785714285714286,0.4793405148434734,2.7857142857142856,0.7410517037950237
2,2025-10-27,JZJ00012,1,True,25,3.8,0.36853971557405485,6.2,0.7090155034247915
2,2025-10-27,JZJ0002,1,True,40,2.375,0.21201901105535143,10.525,0.8311884324664989
2,2025-10-27,JZJ0003,1,True,39,2.4358974358974357,0.2270988890912402,17.0,0.8073765426619625
2,2025-10-27,JZJ0004,2,True,15,6.333333333333333,0.2914285714285713,1.6666666666666667,0.3959146201514804
2,2025-10-27,JZJ0005,1,True,23,4.130434782608695,0.47157492080568986,2.8260869565217392,0.562291645553416
2,2025-10-27,JZJ0008,1,True,32,2.96875,0.27977617787611203,6.53125,0.7559062013122984
2,2025-10-27,JZJ0009,1,True,34,2.7941176470588234,0.4311940226571835,16.441176470588236,0.8854090221519502
2,2025-10-27,JZJ0013,1,True,46,2.0652173913043477,0.43208724756640726,16.217391304347824,0.8715505280723315
2,2025-10-27,JZJ0014,2,True,5,19.0,0.9710743801652891,2.2,-0.006885998469778097
2,2025-10-27,JZJ0016,1,True,45,2.111111111111111,0.481022325681015,2.8222222222222224,0.4682271244275492
2,2025-10-27,JZJ0017,2,True,8,11.875,0.2539682539682539,1.5,0.3648648648648643
2,2025-10-27,JZJ0018,2,True,9,10.555555555555555,0.259512485136742,3.2222222222222223,0.7076938509379075
2,2025-10-27,JZJ0019,1,True,21,4.523809523809524,0.28156607700312175,4.428571428571429,0.8467400962172164
2,2025-10-27,JZQCQ001,1,True,31,3.064516129032258,0.595099118070357,16.870967741935484,0.7475242878608603
2,2025-10-27,JZQCQ003,1,True,37,2.5675675675675675,2.011046189685131,13.675675675675675,0.6133334612920784
2,2025-10-27,JZQCQ004,1,True,19,5.0,1.104982603977146,3.1052631578947367,0.5384179546098399
2,2025-10-27,KFZ0001,2,True,6,15.833333333333334,0.0,1.0,-0.06818181818181815
2,2025-10-27,KZCWBG001,2,True,12,7.916666666666667,0.2646584185045723,2.1666666666666665,0.5766294357842038
2,2025-10-27,LRKF0001,1,True,10,9.5,0.29702415945802196,6.3,0.7243783621545494
2,2025-10-27,LTKF0002,2,True,6,15.833333333333334,0.15000000000000005,1.3333333333333333,0.7349624060150377
2,2025-10-27,LTKF0003B,0,False,1,95.0,,1.0,-0.010752688172043027
2,2025-10-27,LTKF0005A,2,True,13,7.3076923076923075,0.22067901234567905,1.3846153846153846,0.3221153846153851
2,2025-10-27,LTKF0006A,0,False,1,95.0,,1.0,-0.010752688172043027
2,2025-10-27,LTKF0008,2,True,5,19.0,0.5578512396694214,2.2,0.19911644051751334
2,2025-10-27,LTKF0009,2,True,5,19.0,0.38888888888888884,3.0,0.3286976132305962
2,2025-10-27,LTKF0010,0,False,1,95.0,,2.0,-0.010752688172043027
2,2025-10-27,LTKF0012,0,False,3,31.666666666666668,0.48000000000000015,1.6666666666666667,0.34786917740336853
2,2025-10-27,LTKF0016,0,False,2,47.5,0.04081632653061225,3.5,0.46892655367231684
2,2025-10-27,LTKF0018A,0,False,1,95.0,,3.0,-0.01075268817204299
2,2025-10-27,LTKF0019,1,True,20,4.75,1.1895810955961335,2.8,0.3713375796178342
2,2025-10-27,LTKF0020,1,True,34,2.7941176470588234,0.23981531783905327,19.235294117647058,0.7830862561195299
2,2025-10-27,LTKF0021,1,True,34,2.7941176470588234,0.3304661195286194,5.647058823529412,0.6980275004092324
2,2025-10-27,LTKF0022,1,True,12,7.916666666666667,0.6894545454545452,2.0833333333333335,0.5405295315682279
2,2025-10-27,LTKF0022M,1,True,28,3.392857142857143,0.32967535436671236,2.5714285714285716,0.7346686941877226
2,2025-10-27,LTKF0023,0,False,1,95.0,,1.0,-0.010752688172043027
2,2025-10-27,LTKF0024A,2,True,15,6.333333333333333,0.131195335276968,1.4,0.5542128931937361
2,2025-10-27,LTKF0031,1,True,29,3.2758620689655173,0.3290718993112333,6.413793103448276,0.6695807675838934
2,2025-10-27,LTKF0047,1,True,14,6.785714285714286,0.5186133723589135,2.0714285714285716,0.6877076411960126
2,2025-10-27,LTKF0058,0,False,0,inf,,,0.0
2,2025-10-27,LTKF0101,1,True,18,5.277777777777778,0.5099854156538648,9.166666666666666,0.574993766358022
2,2025-10-27,LTKF0102,2,True,7,13.571428571428571,0.25068870523415987,1.5714285714285714,0.6449001618996225
2,2025-10-27,LTKF0103,0,False,2,47.5,0.5000000000000001,2.0,0.3070188563126798
2,2025-10-27,LTKF0106,0,False,0,inf,,,0.0
2,2025-10-27,LTKF0111,0,False,1,95.0,,1.0,-0.010752688172043027
2,2025-10-27,LTKF093,2,True,11,8.636363636363637,0.3412742382271468,1.7272727272727273,0.1572942135289324
2,2025-10-27,LTKF098,2,True,13,7.3076923076923075,0.15414777021919882,6.461538461538462,0.9099555494381271
2,2025-10-27,LYC0201,1,True,12,7.916666666666667,0.6057723489352503,2.4166666666666665,0.5302498670919725
2,2025-10-27,LYC0203,2,True,7,13.571428571428571,0.25068870523415976,1.5714285714285714,0.18834322719913665
2,2025-10-27,NNB0002,0,False,3,31.666666666666668,0.0,1.0,-0.03296703296703296
2,2025-10-27,QCCXC0004,1,True,12,7.916666666666667,1.971291866028708,9.5,0.5475136015016647
2,2025-10-27,QCCXC0005,1,True,35,2.7142857142857144,0.5185185185185185,3.857142857142857,0.5722411831626849
2,2025-10-27,QCCXC0007,1,True,45,2.111111111111111,0.942434727901856,5.666666666666667,0.5262535712443044
2,2025-10-27,QCSSXC0004,0,False,3,31.666666666666668,0.0,1.0,-0.03296703296703302
2,2025-10-27,QCSSXC0005,1,True,26,3.6538461538461537,1.55584,3.8461538461538463,0.3615403788634095
2,2025-10-27,QCSSXC0006,1,True,26,3.6538461538461537,0.8252993759487265,2.9615384615384617,0.5682333767656385
2,2025-10-27,QCXDS001,1,True,17,5.588235294117647,1.2378052126200272,7.9411764705882355,0.6351869726780303
2,2025-10-27,QCXXC0001,2,True,20,4.75,0.28742289990294007,2.05,0.4164975528232065
2,2025-10-27,QCXXC0002,2,True,12,7.916666666666667,0.27014951022512457,1.9166666666666667,0.37211807800043045
2,2025-10-27,QFSJZ001-1,1,True,15,6.333333333333333,0.44802760754447557,3.2666666666666666,0.7515690806541325
2,2025-10-27,QFSJZ002-1,2,True,9,10.555555555555555,0.4926035502958579,1.4444444444444444,0.4444913465597301
2,2025-10-27,QFSJZ003,2,True,7,13.571428571428571,0.10937500000000001,1.1428571428571428,0.04547810738749284
2,2025-10-27,QFSJZ003-1,2,True,11,8.636363636363637,0.23584,2.272727272727273,0.47470954259148757
2,2025-10-27,QYGZIPJ,0,False,3,31.666666666666668,0.0,1.0,-0.03296703296703296
2,2025-10-27,RLHZHMV000AMDE,1,True,53,1.7924528301886793,0.6848177018753522,11.264150943396226,0.8097009420970167
2,2025-10-27,SLT0001,0,False,1,95.0,,2.0,-0.010752688172043027
2,2025-10-27,SLT0003,2,True,12,7.916666666666667,0.28282828282828276,1.5,0.18175487465181064
2,2025-10-27,SLT0004,0,False,4,23.75,0.2993197278911565,1.75,0.6091468480090683
2,2025-10-27,SPH0001,2,True,5,19.0,0.37500000000000006,6.0,0.6524459613196814
2,2025-10-27,SRPDZS0001,0,False,4,23.75,0.16000000000000003,1.25,0.25750394944707733
2,2025-10-27,SRPDZS0002,2,True,5,19.0,0.3124999999999999,1.6,0.6736111111111112
2,2025-10-27,WSJZS0002,1,True,5,19.0,0.512396694214876,11.0,0.7878734395715842
2,2025-10-27,WSJZS0004,1,True,6,15.833333333333334,0.40332409972299177,19.0,0.7823409714263405
2,2025-10-27,XHP0001,1,True,9,10.555555555555555,0.7771997621878716,12.88888888888889,0.5429483976875313
2,2025-10-27,XHZXCZP0001,1,True,42,2.261904761904762,0.6157261260739137,14.357142857142858,0.8528453286762328
2,2025-10-27,XHZXCZP0002,2,True,5,19.0,0.21484375,3.2,0.7306481183335687
2,2025-10-27,YBB0001,1,True,12,7.916666666666667,0.43576258452291505,2.75,0.8568931020598248
2,2025-10-27,YDBZ001,1,True,22,4.318181818181818,0.44743578843955756,3.227272727272727,0.7679480664989016
2,2025-10-27,YDBZ002,1,True,20,4.75,1.2865497076023393,3.9,0.501044204664114
2,2025-10-27,YDBZLV0001AMDE,2,True,9,10.555555555555555,0.25295857988165676,1.4444444444444444,0.3396889111891624
2,2025-10-27,YDBZWV0001AMDE,2,True,9,10.555555555555555,0.18,1.6666666666666667,0.4362255097960801
2,2025-10-27,YJL0002,0,False,3,31.666666666666668,0.0,1.0,0.31135531135531147
2,2025-10-27,YJLZHMV000AMDE,1,True,46,2.0652173913043477,0.5842618241510208,2.4782608695652173,0.4632300194951705
2,2025-10-27,YJX0022,0,False,3,31.666666666666668,0.18749999999999997,1.3333333333333333,0.31386861313868614
2,2025-10-27,YJX0023,0,False,2,47.5,0.024691358024691364,4.5,0.4768089053803354
2,2025-10-27,YJX0024,2,True,5,19.0,0.24793388429752056,2.2,0.3143953934740891
2,2025-10-27,YJX0025,2,True,5,19.0,0.11718749999999996,1.6,0.09904153354632579
2,2025-10-27,YKLLW0004,0,False,3,31.666666666666668,1.9843749999999998,8.0,0.08155170745864371
2,2025-10-27,YKLLW0005,1,True,7,13.571428571428571,3.8395592582639075,8.714285714285714,0.1719516073149083
2,2025-10-27,YKLLW0006,0,False,2,47.5,0.72,7.5,0.2231404958677684
2,2025-10-27,YXBLJ0001,0,False,1,95.0,,1.0,0.0
2,2025-10-27,ZBTZ0002,0,False,3,31.666666666666668,2.143876337693223,9.666666666666666,0.06406217846231763
2,2025-10-27,ZBTZ0003,0,False,3,31.666666666666668,0.0,1.0,0.31135531135531164
2,2025-10-27,ZJJSJBV001AMDE,2,True,21,4.523809523809524,0.30374609781477624,1.4761904761904763,0.3029443838604136
2,2025-10-27,ZJJSJSV001AMDE,1,True,22,4.318181818181818,0.8018812463256908,3.272727272727273,0.5676886792452853
2,2025-10-27,ZJJYZBV001AMDE,1,True,32,2.96875,0.27262305072899223,2.71875,0.7116424015192081
2,2025-10-27,ZJJYZSJBV1AMDE,1,True,19,5.0,0.4015419501133788,1.8421052631578947,0.4602996779162559
2,2025-10-27,ZJJYZSJSV1AMDE,1,True,9,10.555555555555555,0.4641795481569559,6.444444444444445,0.8008991095357487
2,2025-10-27,ZJJYZSJSV2AMDE,2,True,13,7.3076923076923075,0.22600151171579744,1.6153846153846154,0.5868737181365368
2,2025-10-27,ZTD0001,0,False,0,inf,,,0.0
2,2025-10-27,ZTD0003,2,True,6,15.833333333333334,0.15000000000000005,1.3333333333333333,0.220759554980582
3,2025-12-22,BLJZ0001,2,True,7,14.714285714285714,0.25068870523415987,1.5714285714285714,0.14200890648193973
3,2025-12-22,BLP0001,1,True,14,7.357142857142857,0.9308763295371862,6.928571428571429,0.5442621012356732
3,2025-12-22,BLP0002,1,True,16,6.4375,0.5444266666666666,3.125,0.4844616919749935
3,2025-12-22,BLP0003,2,True,6,17.166666666666668,0.0,1.0,0.32920554166021243
3,2025-12-22,BLP0004,0,False,1,103.0,,2.0,-0.009900990099009906
3,2025-12-22,CBJZ0001,0,False,1,103.0,,1.0,-0.009900990099009924
3,2025-12-22,CLSSLT0003,2,True,14,7.357142857142857,0.1794871794871795,1.7142857142857142,0.5750000000000017
3,2025-12-22,CLSSLT0006,2,True,15,6.866666666666666,0.2125147579693034,2.2,0.4366088631984587
3,2025-12-22,CWW0002,1,True,19,5.421052631578948,0.28127972547770347,14.842105263157896,0.8032287552818876
3,2025-12-22,DGNTYBV001AMDE,0,False,2,51.5,0.0,1.0,-0.020000000000000108
3,2025-12-22,DHZXCZP0001,1,True,16,6.4375,0.4161381122161756,4.5625,0.6859441010096188
3,2025-12-22,DRMJJ0020,2,True,12,8.583333333333334,0.8145729506788105,1.9166666666666667,0.35945392491467587
3,2025-12-22,DRMJJ0021,2,True,7,14.714285714285714,0.36458333333333337,2.2857142857142856,0.6482758620689657
3,2025-12-22,DRMJJ0022,1,True,18,5.722222222222222,0.4491024250271199,2.2777777777777777,0.5492185210770415
3,2025-12-22,DRMJJ0023,1,True,34,3.0294117647058822,0.31163743200302474,4.955882352941177,0.7537449459964529
3,2025-12-22,DRMJJ0024,0,False,2,51.5,0.0,1.0,-0.020000000000000056
3,2025-12-22,DRMJJ0025,2,True,10,10.3,0.4663923182441702,1.8,0.48626373626373764
3,2025-12-22,DRMJJ0026,2,True,5,20.6,0.33179012345679004,3.6,0.5559701492537311
3,2025-12-22,DRMJJ0027,2,True,5,20.6,0.37499999999999994,2.0,0.6802507836990597
3,2025-12-22,ETZP0003,2,True,9,11.444444444444445,0.4648760330578512,2.4444444444444446,0.663181067694001
3,2025-12-22,ETZP0004,2,True,26,3.9615384615384617,0.22000000000000003,2.0,0.3969255025620813
3,2025-12-22,FDBLHP0001,2,True,10,10.3,0.2537485582468281,3.4,0.5561224489795916
3,2025-12-22,FDBLP0001,1,True,23,4.478260869565218,0.9980625540936484,4.6521739130434785,0.6712188343565269
3,2025-12-22,FRC0002,1,True,16,6.4375,0.3281297826752372,4.125,0.7989110026286147
3,2025-12-22,FRC0003,1,True,32,3.21875,0.4536220560330394,2.125,0.5327868852459003
3,2025-12-22,FRC0010,2,True,8,12.875,0.14167650531286896,1.375,0.36763794172349623
3,2025-12-22,FRC0011,0,False,1,103.0,,1.0,-0.009900990099009903
3,2025-12-22,FRH0001,1,True,40,2.575,0.4318123808236865,3.725,0.6875892759037471
3,2025-12-22,FRH0002,1,True,40,2.575,0.5127118720791484,2.975,0.48746281342966585
3,2025-12-22,FRH0003,1,True,46,2.239130434782609,0.7763090247226677,6.043478260869565,0.7921133845906843
3,2025-12-22,FRH0004,1,True,24,4.291666666666667,0.31975360846213563,3.4583333333333335,0.7593188992697982
3,2025-12-22,FRH0012,0,False,2,51.5,0.5000000000000001,2.0,-0.015936254980079695
3,2025-12-22,FRH0028,1,True,23,4.478260869565218,0.49464688204357615,1.9130434782608696,0.23823749066467534
3,2025-12-22,FRH0029,1,True,28,3.6785714285714284,0.44500455086466434,1.6428571428571428,0.31772449719344353
3,2025-12-22,FRH0031,2,True,7,14.714285714285714,0.08101851851851856,1.7142857142857142,0.028571428571428588
3,2025-12-22,FRH0033,1,True,82,1.2560975609756098,0.4605851031013883,5.932926829268292,0.3611998421952718
3,2025-12-22,FRH0034,1,True,55,1.8727272727272728,0.37398738355814504,2.390909090909091,0.32217554312313934
3,2025-12-22,FRH0035,2,True,13,7.923076923076923,0.20106666666666664,1.9230769230769231,0.46926190017344127
3,2025-12-22,FRH0036,0,False,3,34.333333333333336,0.0,2.0,0.6565656565656528
3,2025-12-22,FRH0037,2,True,10,10.3,0.26955950032873105,1.3,0.48302078053725234
3,2025-12-22,FRH0040,1,True,16,6.4375,1.0016292936927857,3.9375,0.5476016233118242
3,2025-12-22,FRH0042,2,True,10,10.3,0.19097222222222227,1.6,0.5271041369472167
3,2025-12-22,FRH0043,2,True,9,11.444444444444445,0.29752066115702486,1.2222222222222223,0.24116553006819558
3,2025-12-22,FRH0044,2,True,20,5.15,0.13139845498519964,1.35,0.20243266724587286
3,2025-12-22,FRH0045,1,True,12,8.583333333333334,0.3778409090909091,8.0,0.7562648048871707
3,2025-12-22,FRH0046,1,True,51,2.019607843137255,0.3358024691358025,1.588235294117647,0.3978070991708069
3,2025-12-22,FRH0047,2,True,13,7.923076923076923,0.19278911564625847,2.6923076923076925,0.47469545409527725
3,2025-12-22,FRH0048,1,True,73,1.4109589041095891,0.29774268805869764,6.178082191780822,0.5543076982578267
3,2025-12-22,FRH0049,2,True,6,17.166666666666668,0.5279999999999999,1.6666666666666667,0.13117546848381603
3,2025-12-22,FRH0050,1,True,50,2.06,0.7774298194668022,2.38,0.3114298935677927
3,2025-12-22,FRH0051,1,True,73,1.4109589041095891,0.4092799474030243,4.4520547945205475,0.6147350331921533
3,2025-12-22,FRH0052,0,False,3,34.333333333333336,0.0,1.0,-0.030303030303030255
3,2025-12-22,FRH0056,1,True,76,1.355263157894737,0.46786160646242947,8.526315789473685,0.682429672039828
3,2025-12-22,FRH0056-1,0,False,4,25.75,0.16000000000000003,1.25,0.40783744557329465
3,2025-12-22,FRH0058,0,False,2,51.5,0.04081632653061225,3.5,-0.019592163134746123
3,2025-12-22,FRH0059,1,True,45,2.2888888888888888,0.7739942586929665,5.955555555555556,0.814748067082508
3,2025-12-22,FRH0064,1,True,16,6.4375,0.3866548148148148,4.6875,0.5191705454175443
3,2025-12-22,FRH0065,2,True,13,7.923076923076923,0.41888888888888887,2.3076923076923075,0.6420943932141869
3,2025-12-22,FRH0068,2,True,8,12.875,1.3138108428967155,2.375,0.2216738406087017
3,2025-12-22,FRW00011,2,True,7,14.714285714285714,0.3033333333333334,1.4285714285714286,0.05990783410138241
3,2025-12-22,FRW0005,1,True,69,1.4927536231884058,0.30429472827193155,3.6956521739130435,0.6162987824518147
3,2025-12-22,FRW0006,1,True,83,1.2409638554216869,0.42048065136728957,7.072289156626506,0.6033063162541183
3,2025-12-22,FRW0007,0,False,4,25.75,0.16000000000000003,1.25,0.11175616835994198
3,2025-12-22,FRW0008,2,True,5,20.6,0.0,1.0,-0.05154639175257732
3,2025-12-22,FRW0009,2,True,13,7.923076923076923,0.2898715041572184,1.6153846153846154,0.46142341486608246
3,2025-12-22,FRW0011,2,True,7,14.714285714285714,0.10937500000000001,1.1428571428571428,0.35983263598326193
3,2025-12-22,FRW0013,2,True,11,9.363636363636363,0.3819262782401903,2.6363636363636362,0.7256078634247287
3,2025-12-22,FRW0014,2,True,8,12.875,0.13714285714285715,1.25,0.6159638554216896
3,2025-12-22,FRW0015,1,True,25,4.12,0.7581360946745563,5.2,0.7146601979733169
3,2025-12-22,FRW0016,2,True,9,11.444444444444445,0.44999999999999984,1.6666666666666667,-0.036771300448430445
3,2025-12-22,FRW0017,2,True,6,17.166666666666668,0.5142857142857143,3.5,0.6920829681565891
3,2025-12-22,FRW0020,2,True,5,20.6,0.0,1.0,0.36907216494845274
3,2025-12-22,FRW0021,0,False,4,25.75,0.0,1.0,-0.04081632653061233
3,2025-12-22,FRW0022,0,False,4,25.75,0.16000000000000003,1.25,0.25979680696661794
3,2025-12-22,FRW0023,2,True,10,10.3,0.0,1.0,0.11304347826086963
3,2025-12-22,FRW0024,2,True,12,8.583333333333334,0.23219111447411092,2.4166666666666665,0.8045727423681189
3,2025-12-22,FSTBY001,0,False,0,inf,,,0.0
3,2025-12-22,FZGLS0001,0,False,2,51.5,0.0,1.0,0.49
3,2025-12-22,FZGLS0002,0,False,3,34.333333333333336,0.0,1.0,0.31313131313131276
3,2025-12-22,FZLRICBHP0001,2,True,9,11.444444444444445,0.5216262975778547,1.8888888888888888,0.6830188679245286
3,2025-12-22,FZLRJ0001,2,True,14,7.357142857142857,0.2626145121419224,3.2857142857142856,0.6262277144083975
3,2025-12-22,FZLRJ0001double,0,False,2,51.5,0.0,1.0,-0.02000000000000005
3,2025-12-22,FZLRJ0002,1,True,24,4.291666666666667,0.4889149794536801,2.4583333333333335,0.5862976157851453
3,2025-12-22,FZLRJ0002double,2,True,6,17.166666666666668,0.1333333333333333,1.5,0.3664596273291934
3,2025-12-22,GJMJSLW001,1,True,11,9.363636363636363,3.2456747404844295,17.0,0.39138027477250126
3,2025-12-22,GJMJSW001,0,False,1,103.0,,1.0,-0.009900990099009922
3,2025-12-22,GJMJWJX001,1,True,61,1.6885245901639345,3.14848274814589,13.40983606557377,0.3748831415327654
3,2025-12-22,GJMJWJXW001,1,True,22,4.681818181818182,1.0960115679146396,53.68181818181818,0.6209248665371494
3,2025-12-22,GJMUSDW001,0,False,2,51.5,0.0,1.0,0.49000000000000177
3,2025-12-22,HLGKSLT0001,1,True,32,3.21875,0.27271203645436404,3.15625,0.7161624332632253
3,2025-12-22,HSAKSLT0001,2,True,6,17.166666666666668,0.1333333333333333,1.5,0.08488612836438938
3,2025-12-22,HWZDSKL0001,1,True,18,5.722222222222222,1.282614379084967,7.5,0.4597935789638982
3,2025-12-22,HWZDSKL0002,2,True,10,10.3,0.7026367931717724,2.7,0.5440441756508018
3,2025-12-22,HZSN0001,1,True,51,2.019607843137255,0.44933817266595566,3.5392156862745097,0.7703970067976652
3,2025-12-22,JZJ00011,1,True,22,4.681818181818182,0.4385865457294029,2.5454545454545454,0.7640872085163775
3,2025-12-22,JZJ00012,1,True,33,3.121212121212121,0.46172555548541844,5.393939393939394,0.6947015845520159
3,2025-12-22,JZJ0002,1,True,48,2.1458333333333335,0.21237032496992223,10.125,0.8105081049988379
3,2025-12-22,JZJ0003,1,True,47,2.1914893617021276,0.19921733206328815,17.76595744680851,0.820530238705941
3,2025-12-22,JZJ0004,2,True,15,6.866666666666666,0.2914285714285713,1.6666666666666667,0.40263543191800794
3,2025-12-22,JZJ0005,1,True,23,4.478260869565218,0.47157492080568986,2.8260869565217392,0.5691454616713352
3,2025-12-22,JZJ0008,1,True,34,3.0294117647058822,0.309837831542784,6.294117647058823,0.7513467962801329
3,2025-12-22,JZJ0009,1,True,42,2.4523809523809526,0.35164290670372966,18.238095238095237,0.8937393265325825
3,2025-12-22,JZJ0013,1,True,54,1.9074074074074074,0.37032499547069875,16.87037037037037,0.8628701361648936
3,2025-12-22,JZJ0014,2,True,6,17.166666666666668,1.0,2.0,-0.009668508287292828
3,2025-12-22,JZJ0016,1,True,45,2.2888888888888888,0.481022325681015,2.8222222222222224,0.4876279069767442
3,2025-12-22,JZJ0017,2,True,8,12.875,0.2539682539682539,1.5,0.36857142857142894
3,2025-12-22,JZJ0018,2,True,12,8.583333333333334,0.36363636363636365,2.75,0.6827512663289791
3,2025-12-22,JZJ0019,1,True,29,3.5517241379310347,0.2249214225702883,4.758620689655173,0.8273062782564147
3,2025-12-22,JZQCQ001,1,True,31,3.3225806451612905,0.595099118070357,16.870967741935484,0.7526583687185586
3,2025-12-22,JZQCQ003,1,True,37,2.7837837837837838,2.011046189685131,13.675675675675675,0.617935379849299
3,2025-12-22,JZQCQ004,1,True,19,5.421052631578948,1.104982603977146,3.1052631578947367,0.5423509448071564
3,2025-12-22,KFZ0001,2,True,6,17.166666666666668,0.0,1.0,-0.06250000000000011
3,2025-12-22,KZCWBG001,2,True,13,7.923076923076923,0.28829446730681285,2.076923076923077,0.5614923998157524
3,2025-12-22,LRKF0001,1,True,10,10.3,0.29702415945802196,6.3,0.7263451422777101
3,2025-12-22,LTKF0002,2,True,6,17.166666666666668,0.15000000000000005,1.3333333333333333,0.7362068965517248
3,2025-12-22,LTKF0003B,0,False,1,103.0,,1.0,-0.009900990099009922
3,2025-12-22,LTKF0005A,2,True,14,7.357142857142857,0.2046153846153846,1.4285714285714286,0.26857887874837044
3,2025-12-22,LTKF0006A,0,False,1,103.0,,1.0,-0.009900990099009925
3,2025-12-22,LTKF0008,2,True,5,20.6,0.5578512396694214,2.2,0.20150768338648736
3,2025-12-22,LTKF0009,2,True,5,20.6,0.38888888888888884,3.0,0.33091662351113343
3,2025-12-22,LTKF0010,0,False,1,103.0,,2.0,-0.009900990099009922
3,2025-12-22,LTKF0012,0,False,3,34.333333333333336,0.48000000000000015,1.6666666666666667,0.3491340018231526
3,2025-12-22,LTKF0016,0,False,2,51.5,0.04081632653061225,3.5,0.4698120751699341
3,2025-12-22,LTKF0018A,0,False,1,103.0,,3.0,-0.009900990099009905
3,2025-12-22,LTKF0019,1,True,24,4.291666666666667,1.120041162850527,2.7083333333333335,0.35275339059010097
3,2025-12-22,LTKF0020,1,True,42,2.4523809523809526,0.4033997702857915,18.095238095238095,0.6773121178571005
3,2025-12-22,LTKF0021,1,True,43,2.395348837209302,0.35857199971314085,5.162790697674419,0.6989801515021922
3,2025-12-22,LTKF0022,2,True,12,8.583333333333334,0.6894545454545452,2.0833333333333335,0.5435674331883162
3,2025-12-22,LTKF0022M,1,True,31,3.3225806451612905,0.4103458049886623,2.7096774193548385,0.6568426424229048
3,2025-12-22,LTKF0023,0,False,1,103.0,,1.0,-0.009900990099009922
3,2025-12-22,LTKF0024A,2,True,15,6.866666666666666,0.131195335276968,1.4,0.5466666666666664
3,2025-12-22,LTKF0031,1,True,37,2.7837837837837838,0.40468650889863605,5.756756756756757,0.6685906067490429
3,2025-12-22,LTKF0047,1,True,15,6.866666666666666,0.5357142857142857,2.0,0.6797101449275371
3,2025-12-22,LTKF0058,2,True,5,20.6,0.3124999999999999,1.6,0.7397959183673469
3,2025-12-22,LTKF0101,1,True,20,5.15,0.5291579322473557,9.55,0.5438571889914756
3,2025-12-22,LTKF0102,2,True,10,10.3,0.1576316801230296,1.7,0.6858848642098975
3,2025-12-22,LTKF0103,0,False,4,25.75,0.2993197278911565,1.75,0.17353139770425388
3,2025-12-22,LTKF0106,0,False,2,51.5,0.0,2.0,-0.020000000000000014
3,2025-12-22,LTKF0111,2,True,6,17.166666666666668,0.1224489795918367,1.1666666666666667,0.19676951944225243
3,2025-12-22,LTKF093,2,True,15,6.866666666666666,0.32252186588921283,1.8666666666666667,0.1046814044213262
3,2025-12-22,LTKF098,1,True,18,5.722222222222222,0.3345671451015898,5.222222222222222,0.8794278993298001
3,2025-12-22,LYC0201,2,True,12,8.583333333333334,0.6057723489352503,2.4166666666666665,0.5335214556777272
3,2025-12-22,LYC0203,2,True,8,12.875,0.2539682539682539,1.5,0.1742857142857145
3,2025-12-22,NNB0002,1,True,9,11.444444444444445,0.9022799774817041,8.11111111111111,0.894165827832457
3,2025-12-22,QCCXC0004,1,True,12,8.583333333333334,1.971291866028708,9.5,0.5491982065678401
3,2025-12-22,QCCXC0005,1,True,35,2.942857142857143,0.5185185185185185,3.857142857142857,0.5830048182216375
3,2025-12-22,QCCXC0007,1,True,45,2.2888888888888888,0.942434727901856,5.666666666666667,0.5382697452146586
3,2025-12-22,QCSSXC0004,0,False,3,34.333333333333336,0.0,1.0,-0.030303030303030245
3,2025-12-22,QCSSXC0005,1,True,26,3.9615384615384617,1.55584,3.8461538461538463,0.3677206551410369
3,2025-12-22,QCSSXC0006,1,True,28,3.6785714285714284,0.8751921285169157,2.8214285714285716,0.568341694459236
3,2025-12-22,QCXDS001,1,True,17,6.0588235294117645,1.2378052126200272,7.9411764705882355,0.6377764659042577
3,2025-12-22,QCXXC0001,2,True,20,5.15,0.28742289990294007,2.05,0.42553882811653815
3,2025-12-22,QCXXC0002,2,True,12,8.583333333333334,0.27014951022512457,1.9166666666666667,0.3776815587482765
3,2025-12-22,QFSJZ001-1,1,True,18,5.722222222222222,0.5623042116254785,2.888888888888889,0.6191795343014874
3,2025-12-22,QFSJZ002-1,2,True,9,11.444444444444445,0.4926035502958579,1.4444444444444444,0.44758220502901347
3,2025-12-22,QFSJZ003,2,True,7,14.714285714285714,0.10937500000000001,1.1428571428571428,0.039748953974895404
3,2025-12-22,QFSJZ003-1,2,True,14,7.357142857142857,0.26763011067410597,2.0714285714285716,0.40639728254249297
3,2025-12-22,QYGZIPJ,0,False,4,25.75,0.0,1.0,-0.04081632653061222
3,2025-12-22,RLHZHMV000AMDE,1,True,60,1.7166666666666666,0.7402282947077136,10.5,0.8007590313158995
3,2025-12-22,SLT0001,0,False,1,103.0,,2.0,-0.009900990099009917
3,2025-12-22,SLT0003,2,True,18,5.722222222222222,0.3511404561824729,1.5555555555555556,0.16523772408417756
3,2025-12-22,SLT0004,2,True,8,12.875,0.27936507936507937,1.875,0.695067264573991
3,2025-12-22,SPH0001,2,True,5,20.6,0.37500000000000006,6.0,0.6536050156739811
3,2025-12-22,SRPDZS0001,0,False,4,25.75,0.16000000000000003,1.25,0.2597968069666182
3,2025-12-22,SRPDZS0002,2,True,5,20.6,0.3124999999999999,1.6,0.6747448979591839
3,2025-12-22,WSJZS0002,1,True,5,20.6,0.512396694214876,11.0,0.780164561031662
3,2025-12-22,WSJZS0004,1,True,6,17.166666666666668,0.40332409972299177,19.0,0.6078202075182855
3,2025-12-22,XHP0001,1,True,11,9.363636363636363,0.8709372637944067,11.454545454545455,0.537991763606487
3,2025-12-22,XHZXCZP0001,1,True,50,2.06,0.755347168671726,12.68,0.8528873287464162
3,2025-12-22,XHZXCZP0002,2,True,11,9.363636363636363,0.2956004756242569,2.6363636363636362,0.7183254169888434
3,2025-12-22,YBB0001,2,True,14,7.357142857142857,0.384828467930961,2.7142857142857144,0.7616079775631042
3,2025-12-22,YDBZ001,1,True,28,3.6785714285714284,0.5175931434111088,2.9285714285714284,0.739797165965857
3,2025-12-22,YDBZ002,1,True,25,4.12,1.3221710221773346,3.56,0.47406985146248426
3,2025-12-22,YDBZLV0001AMDE,2,True,9,11.444444444444445,0.25295857988165676,1.4444444444444444,0.344051446945337
3,2025-12-22,YDBZWV0001AMDE,2,True,9,11.444444444444445,0.18,1.6666666666666667,0.44017563117453506
3,2025-12-22,YJL0002,0,False,3,34.333333333333336,0.0,1.0,0.3131313131313128
3,2025-12-22,YJLZHMV000AMDE,1,True,47,2.1914893617021276,0.5941152297197335,2.4468085106382977,0.47358930514534286
3,2025-12-22,YJX0022,0,False,3,34.333333333333336,0.18749999999999997,1.3333333333333333,0.31543624161073935
3,2025-12-22,YJX0023,0,False,2,51.5,0.024691358024691364,4.5,0.4776883686905615
3,2025-12-22,YJX0024,2,True,5,20.6,0.24793388429752056,2.2,0.31688403242862173
3,2025-12-22,YJX0025,2,True,5,20.6,0.11718749999999996,1.6,0.10263929618768335
3,2025-12-22,YKLLW0004,0,False,3,34.333333333333336,1.9843749999999998,8.0,0.08255410098851178
3,2025-12-22,YKLLW0005,1,True,8,12.875,4.284822357663148,7.75,0.17257557225231504
3,2025-12-22,YKLLW0006,0,False,3,34.333333333333336,1.2070312500000002,5.333333333333333,0.22107170592803507
3,2025-12-22,YXBLJ0001,2,True,7,14.714285714285714,0.3033333333333334,1.4285714285714286,0.48878632796120614
3,2025-12-22,ZBTZ0002,0,False,4,25.75,2.7081481481481484,7.5,0.06413841314225806
3,2025-12-22,ZBTZ0003,2,True,5,20.6,0.9876543209876545,1.8,0.5423873087374457
3,2025-12-22,ZJJSJBV001AMDE,2,True,21,4.904761904761905,0.30374609781477624,1.4761904761904763,0.3142179157603322
3,2025-12-22,ZJJSJSV001AMDE,1,True,22,4.681818181818182,0.8018812463256908,3.272727272727273,0.5728092783505129
3,2025-12-22,ZJJYZBV001AMDE,1,True,32,3.21875,0.27262305072899223,2.71875,0.7197435561952105
3,2025-12-22,ZJJYZSJBV1AMDE,1,True,19,5.421052631578948,0.4015419501133788,1.8421052631578947,0.4674646631860464
3,2025-12-22,ZJJYZSJSV1AMDE,1,True,9,11.444444444444445,0.4641795481569559,6.444444444444445,0.8020280440465812
3,2025-12-22,ZJJYZSJSV2AMDE,2,True,13,7.923076923076923,0.22600151171579744,1.6153846153846154,0.5910184442662387
3,2025-12-22,ZTD0001,0,False,3,34.333333333333336,0.09917355371900828,3.6666666666666665,0.8596981394495607
3,2025-12-22,ZTD0003,1,True,13,7.923076923076923,0.9404938271604937,3.4615384615384617,0.7824059008569259
4,2026-02-16,BLJZ0001,2,True,7,14.857142857142858,0.25068870523415987,1.5714285714285714,0.14250734573947113
4,2026-02-16,BLP0001,1,True,24,4.625,0.6912374220667146,6.708333333333333,0.6150729422743567
4,2026-02-16,BLP0002,1,True,23,4.826086956521739,0.6745449322295058,2.5652173913043477,0.47790904850654126
4,2026-02-16,BLP0003,2,True,10,11.1,0.1234567901234568,1.2,0.5235148514851483
4,2026-02-16,BLP0004,2,True,5,22.2,0.21604938271604937,1.8,0.23344947735191632
4,2026-02-16,BLP0005,0,False,2,3.0,0.0,2.0,0.6123724356957946
4,2026-02-16,BLP0007,0,False,0,inf,,,0.0
4,2026-02-16,CBJZ0001,0,False,1,104.0,,1.0,-0.009803921568627501
4,2026-02-16,CFSNT008,0,False,0,inf,,,0.0
4,2026-02-16,CLSSLT0003,2,True,18,6.166666666666667,0.21176470588235288,1.6666666666666667,0.447621049772539
4,2026-02-16,CLSSLT0006,2,True,18,6.166666666666667,0.2082450708815382,2.111111111111111,0.411648734265049
4,2026-02-16,CWW0002,1,True,27,4.111111111111111,0.35542365305149387,16.296296296296298,0.8181496499324887
4,2026-02-16,DGNTYBV001AMDE,0,False,2,52.0,0.0,1.0,-0.01980198019801988
4,2026-02-16,DHZXCZP0001,1,True,20,5.55,0.48436133772932544,4.05,0.6777014148135119
4,2026-02-16,DRMJJ0020,2,True,12,8.666666666666666,0.8145729506788105,1.9166666666666667,0.3599027289921643
4,2026-02-16,DRMJJ0021,2,True,11,10.090909090909092,0.4,2.0,0.6223021582733814
4,2026-02-16,DRMJJ0022,1,True,24,4.625,0.4591304347826086,2.5,0.5525793650793652
4,2026-02-16,DRMJJ0023,1,True,41,2.707317073170732,0.3456799288888889,4.573170731707317,0.7455080697042052
4,2026-02-16,DRMJJ0024,0,False,2,52.0,0.0,1.0,-0.019801980198019837
4,2026-02-16,DRMJJ0025,2,True,15,7.4,0.40257819103972936,1.7333333333333334,0.4873717692282772
4,2026-02-16,DRMJJ0026,2,True,8,13.875,0.3178360101437025,3.25,0.430560514102107
4,2026-02-16,DRMJJ0027,2,True,6,18.5,0.40661157024793393,1.8333333333333333,0.6525096525096529
4,2026-02-16,DRMJJ0038,0,False,0,inf,,,0.0
4,2026-02-16,DRMJJ0039,0,False,1,6.0,,2.0,-0.24999999999999997
4,2026-02-16,ETZP0003,1,True,20,5.55,0.5413155980608135,3.55,0.6865510818510419
4,2026-02-16,ETZP0004,1,True,35,3.1714285714285713,0.6428046353661143,2.6714285714285713,0.577454065008744
4,2026-02-16,FDBLHP0001,2,True,13,8.538461538461538,0.3333333333333333,3.0,0.5257691553987841
4,2026-02-16,FDBLP0001,1,True,33,3.3636363636363638,1.2041738757316935,3.8106060606060606,0.6465070858161015
4,2026-02-16,FRC0002,2,True,16,6.5,0.3281297826752372,4.125,0.7991767764298092
4,2026-02-16,FRC0003,1,True,34,3.264705882352941,0.6007954545454544,2.3529411764705883,0.4337803323037402
4,2026-02-16,FRC0010,2,True,8,13.0,0.14167650531286896,1.375,0.368098159509203
4,2026-02-16,FRC0011,0,False,1,104.0,,1.0,-0.009803921568627484
4,2026-02-16,FRH0001,1,True,40,2.6,0.4318123808236865,3.725,0.6887411048681212
4,2026-02-16,FRH0002,1,True,40,2.6,0.5127118720791484,2.975,0.4892183953419527
4,2026-02-16,FRH0003,1,True,46,2.260869565217391,0.7763090247226677,6.043478260869565,0.7928067117402634
4,2026-02-16,FRH0004,1,True,24,4.333333333333333,0.31975360846213563,3.4583333333333335,0.7598311066296909
4,2026-02-16,FRH0012,0,False,2,52.0,0.5000000000000001,2.0,-0.015779092702169723
4,2026-02-16,FRH0028,2,True,23,4.826086956521739,0.49464688204357615,1.9130434782608696,0.24812030075188013
4,2026-02-16,FRH0029,2,True,28,3.7142857142857144,0.44500455086466434,1.6428571428571428,0.31394316163410296
4,2026-02-16,FRH0031,2,True,7,14.857142857142858,0.08101851851851856,1.7142857142857142,0.02921771913289354
4,2026-02-16,FRH0033,1,True,84,1.3214285714285714,0.45345737418875326,5.910714285714286,0.3892017550214703
4,2026-02-16,FRH0034,1,True,60,1.85,0.407570543931386,2.525,0.31128140126379145
4,2026-02-16,FRH0035,2,True,13,8.0,0.20106666666666664,1.9230769230769231,0.46988181471597307
4,2026-02-16,FRH0036,0,False,3,34.666666666666664,0.0,2.0,0.6566666666666663
4,2026-02-16,FRH0037,2,True,10,10.4,0.26955950032873105,1.3,0.4834503510531562
4,2026-02-16,FRH0040,1,True,16,6.5,1.0016292936927857,3.9375,0.5479878878307802
4,2026-02-16,FRH0042,2,True,10,10.4,0.19097222222222227,1.6,0.527522935779816
4,2026-02-16,FRH0043,2,True,11,10.090909090909092,0.3179687499999999,1.4545454545454546,0.3134034165571609
4,2026-02-16,FRH0044,2,True,23,4.826086956521739,0.1305458329391732,1.3478260869565217,0.13756236635780483
4,2026-02-16,FRH0045,2,True,12,8.666666666666666,0.3778409090909091,8.0,0.7564911703636699
4,2026-02-16,FRH0046,1,True,59,1.88135593220339,1.2022543550888913,2.305084745762712,0.7302069882516162
4,2026-02-16,FRH0047,2,True,13,8.0,0.19278911564625847,2.6923076923076925,0.47531347962382625
4,2026-02-16,FRH0048,1,True,81,1.3703703703703705,0.31626195395309625,6.6419753086419755,0.5654416123542282
4,2026-02-16,FRH0049,2,True,6,17.333333333333332,0.5279999999999999,1.6666666666666667,0.1315345699831368
4,2026-02-16,FRH0050,1,True,59,1.88135593220339,0.7303190262375421,2.2966101694915255,0.33802169066643406
4,2026-02-16,FRH0051,1,True,80,1.3875,0.411841901317489,4.375,0.6016218102609742
4,2026-02-16,FRH0052,0,False,3,34.666666666666664,0.0,1.0,-0.029999999999999912
4,2026-02-16,FRH0056,1,True,84,1.3214285714285714,0.4648504786546542,8.785714285714286,0.678915773321808
4,2026-02-16,FRH0056-1,2,True,6,18.5,0.1224489795918367,1.1666666666666667,0.2986184909670563
4,2026-02-16,FRH0058,0,False,2,52.0,0.04081632653061225,3.5,-0.019398258115597797
4,2026-02-16,FRH0059,1,True,49,2.2653061224489797,0.7975260416666665,5.714285714285714,0.8119098256061251
4,2026-02-16,FRH0064,1,True,22,5.045454545454546,0.4940476190476191,4.0,0.49061662198391437
4,2026-02-16,FRH0065,2,True,19,5.842105263157895,0.4416473765432099,2.526315789473684,0.6059548439732696
4,2026-02-16,FRH0068,2,True,13,8.538461538461538,1.0004251700680273,2.1538461538461537,0.25601202404809636
4,2026-02-16,FRW00011,2,True,7,14.857142857142858,0.3033333333333334,1.4285714285714286,0.06043329532497142
4,2026-02-16,FRW00023,0,False,0,inf,,,0.0
4,2026-02-16,FRW0005,1,True,75,1.48,0.32584373320405163,3.5866666666666664,0.5903882733425435
4,2026-02-16,FRW0006,1,True,91,1.2197802197802199,0.4026729242706379,7.021978021978022,0.5938424056998058
4,2026-02-16,FRW0007,0,False,4,26.0,0.16000000000000003,1.25,0.11206896551724155
4,2026-02-16,FRW0008,2,True,5,22.2,0.0,1.0,-0.04761904761904758
4,2026-02-16,FRW0009,2,True,14,7.928571428571429,0.2937062937062938,1.5714285714285714,0.4696969696969696
4,2026-02-16,FRW0011,2,True,7,14.857142857142858,0.10937500000000001,1.1428571428571428,0.36024844720496624
4,2026-02-16,FRW0013,2,True,11,9.454545454545455,0.3819262782401903,2.6363636363636362,0.725839475839476
4,2026-02-16,FRW0014,2,True,8,13.0,0.13714285714285715,1.25,0.616244411326375
4,2026-02-16,FRW0015,1,True,25,4.44,0.7581360946745563,5.2,0.7180498297185872
4,2026-02-16,FRW0016,2,True,9,11.555555555555555,0.44999999999999984,1.6666666666666667,-0.03609467455621284
4,2026-02-16,FRW0017,2,True,6,17.333333333333332,0.5142857142857143,3.5,0.6922112974744551
4,2026-02-16,FRW0020,2,True,5,20.8,0.0,1.0,0.369387755102039
4,2026-02-16,FRW0021,0,False,4,26.0,0.0,1.0,-0.04040404040404042
4,2026-02-16,FRW0022,0,False,4,26.0,0.16000000000000003,1.25,0.2600574712643671
4,2026-02-16,FRW0023,2,True,10,10.4,0.0,1.0,0.11397849462365567
4,2026-02-16,FRW0024,2,True,15,7.4,0.37222741565394757,2.7333333333333334,0.7657374307968113
4,2026-02-16,FRW0025,0,False,0,inf,,,0.0
4,2026-02-16,FSTBY001,0,False,1,111.0,,1.0,-0.00917431192660553
4,2026-02-16,FZGLS0001,0,False,2,55.5,0.0,1.0,0.4907407407407411
4,2026-02-16,FZGLS0002,2,True,6,18.5,0.0,1.0,0.47115384615384603
4,2026-02-16,FZLRICBHP0001,2,True,13,8.538461538461538,0.5120442708333334,2.4615384615384617,0.7318951100485798
4,2026-02-16,FZLRJ0001,2,True,18,6.166666666666667,0.2895712387214101,3.2222222222222223,0.5973009915463979
4,2026-02-16,FZLRJ0001double,0,False,3,37.0,0.0,1.0,-0.028037383177570065
4,2026-02-16,FZLRJ0002,1,True,31,3.5806451612903225,0.5643786008230453,2.903225806451613,0.45416452269062
4,2026-02-16,FZLRJ0002double,2,True,9,12.333333333333334,0.13313609467455625,1.4444444444444444,0.2807099486221396
4,2026-02-16,FZLRJ0005,0,False,1,6.0,,1.0,-0.24999999999999997
4,2026-02-16,GJMJSLW001,1,True,11,9.454545454545455,3.2456747404844295,17.0,0.39154605723148134
4,2026-02-16,GJMJSW001,0,False,1,104.0,,1.0,-0.0098039215686275
4,2026-02-16,GJMJWJX001,1,True,66,1.6818181818181819,3.244085422674852,12.772727272727273,0.37954294593927274
4,2026-02-16,GJMJWJXW001,1,True,23,4.826086956521739,1.1872181710427994,51.391304347826086,0.6240713706860765
4,2026-02-16,GJMUSDW001,0,False,2,52.0,0.0,1.0,0.49009900990099237
4,2026-02-16,HLGKSLT0001,1,True,39,2.8461538461538463,0.28135152696556204,3.0,0.7006729487652931
4,2026-02-16,HSAKSLT0001,2,True,6,17.333333333333332,0.1333333333333333,1.5,0.08538251366120206
4,2026-02-16,HWZDSKL0001,1,True,18,6.166666666666667,1.282614379084967,7.5,0.4631793567623274
4,2026-02-16,HWZDSKL0002,2,True,10,11.1,0.7026367931717724,2.7,0.5461532238492031
4,2026-02-16,HZSN0001,1,True,58,1.9137931034482758,0.4367822462440896,3.6810344827586206,0.6702970903576002
4,2026-02-16,JZJ00011,1,True,25,4.44,0.47743055555555547,2.4,0.6728205128205128
4,2026-02-16,JZJ00012,1,True,38,2.9210526315789473,0.5081223324692526,5.026315789473684,0.686761491521493
4,2026-02-16,JZJ0002,1,True,56,1.9821428571428572,0.23871210323577044,10.303571428571429,0.7894389281146609
4,2026-02-16,JZJ0003,1,True,55,2.018181818181818,0.20091617933723194,17.272727272727273,0.8123056511857052
4,2026-02-16,JZJ0004,2,True,15,6.933333333333334,0.2914285714285713,1.6666666666666667,0.4033926354985517
4,2026-02-16,JZJ0005,1,True,23,4.521739130434782,0.47157492080568986,2.8260869565217392,0.5699137139358684
4,2026-02-16,JZJ0008,1,True,34,3.0588235294117645,0.309837831542784,6.294117647058823,0.752175850289618
4,2026-02-16,JZJ0009,1,True,50,2.22,0.31539784806170734,18.9,0.8923639986106604
4,2026-02-16,JZJ0013,1,True,62,1.7903225806451613,0.36875451329792375,17.080645161290324,0.8430390407454001
4,2026-02-16,JZJ0014,2,True,8,13.875,1.002915451895044,1.75,-0.017680921052631495
4,2026-02-16,JZJ0016,1,True,61,1.819672131147541,0.38306162644076214,2.807377049180328,0.5039379502789595
4,2026-02-16,JZJ0017,2,True,8,13.875,0.2539682539682539,1.5,0.3717047451669589
4,2026-02-16,JZJ0018,2,True,16,6.9375,0.4461680517082178,2.375,0.6691991136435582
4,2026-02-16,JZJ0019,1,True,30,3.7,0.25100435652470326,4.633333333333334,0.8026108976597972
4,2026-02-16,JZQCQ001,1,True,31,3.3548387096774195,0.595099118070357,16.870967741935484,0.7532308149058502
4,2026-02-16,JZQCQ003,1,True,37,2.810810810810811,2.011046189685131,13.675675675675675,0.6184534046616927
4,2026-02-16,JZQCQ004,1,True,19,5.473684210526316,1.104982603977146,3.1052631578947367,0.5427953562485759
4,2026-02-16,KFYFQ51mm,0,False,4,1.5,0.5866666666666668,6.25,0.31844510479549204
4,2026-02-16,KFYFQ54mm,0,False,0,inf,,,0.0
4,2026-02-16,KFYFQ58mm,0,False,3,2.0,1.6875,4.0,-0.21872966988536405
4,2026-02-16,KFZ0001,2,True,6,17.333333333333332,0.0,1.0,-0.06185567010309275
4,2026-02-16,KZCWBG001,2,True,14,7.928571428571429,0.3076923076923077,2.0,0.5529708520179372
4,2026-02-16,LRKF0001,2,True,10,10.4,0.29702415945802196,6.3,0.7265677257525079
4,2026-02-16,LTKF0002,2,True,6,17.333333333333332,0.15000000000000005,1.3333333333333333,0.7363481228668952
4,2026-02-16,LTKF0003B,0,False,1,104.0,,1.0,-0.009803921568627498
4,2026-02-16,LTKF0005A,2,True,14,7.428571428571429,0.2046153846153846,1.4285714285714286,0.26950354609929156
4,2026-02-16,LTKF0006A,0,False,1,104.0,,1.0,-0.0098039215686275
4,2026-02-16,LTKF0008,2,True,5,20.8,0.5578512396694214,2.2,0.20177956371986394
4,2026-02-16,LTKF0009,2,True,5,20.8,0.38888888888888884,3.0,0.3311688311688298
4,2026-02-16,LTKF0010,0,False,1,104.0,,2.0,-0.009803921568627498
4,2026-02-16,LTKF0012,0,False,3,34.666666666666664,0.48000000000000015,1.6666666666666667,0.34927797833935076
4,2026-02-16,LTKF0016,0,False,2,52.0,0.04081632653061225,3.5,0.46991290577989
4,2026-02-16,LTKF0018A,0,False,1,104.0,,3.0,-0.009803921568627402
4,2026-02-16,LTKF0019,1,True,28,3.9642857142857144,1.123028205749888,2.5357142857142856,0.3515467114246284
4,2026-02-16,LTKF0020,1,True,49,2.2653061224489797,0.5144893955361513,19.959183673469386,0.7409083075524198
4,2026-02-16,LTKF0021,1,True,49,2.2653061224489797,0.3517006674497231,5.122448979591836,0.6557114166417499
4,2026-02-16,LTKF0022,2,True,12,8.666666666666666,0.6894545454545452,2.0833333333333335,0.5439114391143897
4,2026-02-16,LTKF0022M,1,True,35,3.1714285714285713,0.7404903932270984,3.3714285714285714,0.7596700883964171
4,2026-02-16,LTKF0023,0,False,1,104.0,,1.0,-0.0098039215686275
4,2026-02-16,LTKF0024A,2,True,15,6.933333333333334,0.131195335276968,1.4,0.5473292765382023
4,2026-02-16,LTKF0031,1,True,44,2.522727272727273,0.4886519202310638,5.204545454545454,0.6644259731174731
4,2026-02-16,LTKF0047,2,True,15,7.4,0.5357142857142857,2.0,0.6822222222222223
4,2026-02-16,LTKF0058,2,True,5,22.2,0.3124999999999999,1.6,0.7405660377358492
4,2026-02-16,LTKF0101,1,True,24,4.625,0.4539389643918695,10.458333333333334,0.6158739103335812
4,2026-02-16,LTKF0102,2,True,15,7.4,0.16483516483516483,1.7333333333333334,0.5284765895073655
4,2026-02-16,LTKF0103,0,False,4,26.0,0.2993197278911565,1.75,0.17379679144385018
4,2026-02-16,LTKF0106,0,False,3,37.0,0.11999999999999997,1.6666666666666667,-0.025906735751295335
4,2026-02-16,LTKF0111,2,True,7,15.857142857142858,0.3033333333333334,1.4285714285714286,0.11277621708330433
4,2026-02-16,LTKF093,2,True,19,5.842105263157895,0.3546006944444446,1.6842105263157894,0.10672853828306246
4,2026-02-16,LTKF098,1,True,25,4.44,0.3314606020734769,5.67,0.7910380928682147
4,2026-02-16,LTKF098B,0,False,4,1.5,0.3856749311294765,2.75,0.22191801643659276
4,2026-02-16,LYC0201,2,True,12,9.25,0.6057723489352503,2.4166666666666665,0.5362812808323623
4,2026-02-16,LYC0203,2,True,10,11.1,0.24943310657596376,1.4,0.14484451718494298
4,2026-02-16,NNB0002,1,True,12,9.25,0.7857083228984055,8.25,0.8723307242191659
4,2026-02-16,NNBZL01,0,False,0,inf,,,0.0
4,2026-02-16,QCCXC0004,1,True,12,9.25,1.971291866028708,9.5,0.5506278702194153
4,2026-02-16,QCCXC0005,1,True,35,2.9714285714285715,0.5185185185185185,3.857142857142857,0.584198385236448
4,2026-02-16,QCCXC0007,1,True,45,2.311111111111111,0.942434727901856,5.666666666666667,0.5396018991854749
4,2026-02-16,QCSSXC0004,0,False,3,34.666666666666664,0.0,1.0,-0.02999999999999992
4,2026-02-16,QCSSXC0005,1,True,26,4.0,1.55584,3.8461538461538463,0.3684180918091807
4,2026-02-16,QCSSXC0006,1,True,28,3.7142857142857144,0.8751921285169157,2.8214285714285716,0.569073478887288
4,2026-02-16,QCXDS001,1,True,17,6.117647058823529,1.2378052126200272,7.9411764705882355,0.638069535134355
4,2026-02-16,QCXXC0001,2,True,20,5.2,0.28742289990294007,2.05,0.426552462526766
4,2026-02-16,QCXXC0002,2,True,12,8.666666666666666,0.27014951022512457,1.9166666666666667,0.37830996884735074
4,2026-02-16,QFDNZGJK001,0,False,1,6.0,,2.0,0.0
4,2026-02-16,QFDNZGJK002,0,False,0,inf,,,0.0
4,2026-02-16,QFSJZ001-1,1,True,18,5.777777777777778,0.5623042116254785,2.888888888888889,0.6171733536643478
4,2026-02-16,QFSJZ002-1,2,True,9,12.333333333333334,0.4926035502958579,1.4444444444444444,0.4501963584434138
4,2026-02-16,QFSJZ003,2,True,8,13.875,0.09876543209876545,1.125,0.02568644818423381
4,2026-02-16,QFSJZ003-1,2,True,21,5.285714285714286,0.3657439446366782,2.4285714285714284,0.48717056125427516
4,2026-02-16,QFYF001,0,False,0,inf,,,0.0
4,2026-02-16,QYGZIPJ,0,False,4,26.0,0.0,1.0,-0.04040404040404036
4,2026-02-16,RLHZHMV000AMDE,1,True,67,1.6567164179104477,0.7932304489017188,9.880597014925373,0.7934998613797573
4,2026-02-16,SKZ2FT01,0,False,0,inf,,,0.0
4,2026-02-16,SKZ3FT01,0,False,0,inf,,,0.0
4,2026-02-16,SLT0001,0,False,1,104.0,,2.0,-0.009803921568627486
4,2026-02-16,SLT0003,2,True,22,5.045454545454546,0.45072872099899136,1.6818181818181819,0.2554328464552904
4,2026-02-16,SLT0004,2,True,10,11.1,0.3114186851211073,1.7,0.6799788415763024
4,2026-02-16,SPH0001,2,True,5,20.8,0.37500000000000006,6.0,0.6537367468321699
4,2026-02-16,SRPDZS0001,0,False,4,26.0,0.16000000000000003,1.25,0.26005747126436746
4,2026-02-16,SRPDZS0002,2,True,5,20.8,0.3124999999999999,1.6,0.6748737373737378
4,2026-02-16,TTNX0002,0,False,0,inf,,,0.0
4,2026-02-16,WSJZS0002,2,True,5,20.8,0.512396694214876,11.0,0.7802414126411579
4,2026-02-16,WSJZS0004,2,True,6,17.333333333333332,0.40332409972299177,19.0,0.6079954820650615
4,2026-02-16,XFTW0001,0,False,0,inf,,,0.0
4,2026-02-16,XGX9992,0,False,0,inf,,,0.0
4,2026-02-16,XGX9993,0,False,0,inf,,,0.0
4,2026-02-16,XGX9994,0,False,0,inf,,,0.0
4,2026-02-16,XGX9995,0,False,0,inf,,,0.0
4,2026-02-16,XGX99990,0,False,0,inf,,,0.0
4,2026-02-16,XGX99991,0,False,0,inf,,,0.0
4,2026-02-16,XGX99992,0,False,0,inf,,,0.0
4,2026-02-16,XGX99993,0,False,0,inf,,,0.0
4,2026-02-16,XHP0001,1,True,17,6.529411764705882,0.8778427977839335,11.176470588235293,0.5337352729790539
4,2026-02-16,XHZXCZP0001,1,True,57,1.9473684210526316,0.947135041357666,11.280701754385966,0.8549862174719863
4,2026-02-16,XHZXCZP0002,2,True,11,10.090909090909092,0.2956004756242569,2.6363636363636362,0.7202156882694067
4,2026-02-16,XMJ0001,0,False,0,inf,,,0.0
4,2026-02-16,XMJ0004,0,False,0,inf,,,0.0
4,2026-02-16,XMSH0001,0,False,1,6.0,,2.0,0.0
4,2026-02-16,XXGP0002,0,False,0,inf,,,0.0
4,2026-02-16,XYJ0001,0,False,0,inf,,,0.0
4,2026-02-16,XYMGPD0001,0,False,4,1.5,0.4936562860438293,4.25,0.9845165704571193
4,2026-02-16,XYMGPD0002,0,False,0,inf,,,0.0
4,2026-02-16,XYMLRY00001,0,False,2,3.0,0.0,1.0,-0.408248290463863
4,2026-02-16,XYMZD0017,0,False,0,inf,,,0.0
4,2026-02-16,XYMZG0016,0,False,0,inf,,,0.0
4,2026-02-16,YBB0001,2,True,14,7.428571428571429,0.384828467930961,2.7142857142857144,0.7618680641183724
4,2026-02-16,YDBZ001,1,True,36,3.0833333333333335,0.419047619047619,3.0,0.7571317317244911
4,2026-02-16,YDBZ002,1,True,35,3.1714285714285713,1.0855387057324504,3.557142857142857,0.525603188669746
4,2026-02-16,YDBZLV0001AMDE,2,True,9,11.555555555555555,0.25295857988165676,1.4444444444444444,0.34454545454545277
4,2026-02-16,YDBZWV0001AMDE,2,True,9,11.555555555555555,0.18,1.6666666666666667,0.4406227371469946
4,2026-02-16,YEC0009,0,False,2,3.0,0.0,1.0,-0.408248290463863
4,2026-02-16,YJL0002,0,False,3,34.666666666666664,0.0,1.0,0.31333333333333324
4,2026-02-16,YJLZHMV000AMDE,1,True,49,2.2653061224489797,0.5957549315330845,2.4081632653061225,0.4712727681583085
4,2026-02-16,YJX0022,0,False,3,34.666666666666664,0.18749999999999997,1.3333333333333333,0.3156146179401996
4,2026-02-16,YJX0023,0,False,2,52.0,0.024691358024691364,4.5,0.4777885079671672
4,2026-02-16,YJX0024,2,True,5,20.8,0.24793388429752056,2.2,0.31716678297278467
4,2026-02-16,YJX0025,2,True,5,20.8,0.11718749999999996,1.6,0.10304789550072566
4,2026-02-16,YKLLW0004,0,False,3,34.666666666666664,1.9843749999999998,8.0,0.08266831268462557
4,2026-02-16,YKLLW0005,1,True,8,13.0,4.284822357663148,7.75,0.17271044368128302
4,2026-02-16,YKLLW0006,0,False,3,34.666666666666664,1.2070312500000002,5.333333333333333,0.2211969755222358
4,2026-02-16,YXBLJ0001,2,True,13,8.538461538461538,0.30761316872427985,1.3846153846153846,0.44931163954943676
4,2026-02-16,ZBTZ0002,0,False,4,27.75,2.7081481481481484,7.5,0.06502968159740938
4,2026-02-16,ZBTZ0003,2,True,7,15.857142857142858,0.925619834710744,1.5714285714285714,0.33110367892976583
4,2026-02-16,ZJJSJBV001AMDE,2,True,21,4.9523809523809526,0.30374609781477624,1.4761904761904763,0.3154808444096945
4,2026-02-16,ZJJSJSV001AMDE,1,True,22,4.7272727272727275,0.8018812463256908,3.272727272727273,0.5733857264231101
4,2026-02-16,ZJJYZBV001AMDE,1,True,32,3.25,0.27262305072899223,2.71875,0.7206388841053889
4,2026-02-16,ZJJYZSJBV1AMDE,2,True,19,5.473684210526316,0.4015419501133788,1.8421052631578947,0.46826995718962744
4,2026-02-16,ZJJYZSJSV1AMDE,2,True,9,11.555555555555555,0.4641795481569559,6.444444444444445,0.8021560172481382
4,2026-02-16,ZJJYZSJSV2AMDE,2,True,13,8.0,0.22600151171579744,1.6153846153846154,0.5914859862506602
4,2026-02-16,ZTD0001,2,True,6,18.5,0.1224489795918367,3.5,0.6622977919471008
4,2026-02-16,ZTD0003,1,True,13,8.538461538461538,0.9404938271604937,3.4615384615384617,0.7835584458896117
4,2026-02-16,ZTD0004,0,False,0,inf,,,0.0
4,2026-02-16,xgx0013,0,False,0,inf,,,0.0
4,2026-02-16,xgx0014,0,False,3,2.0,0.39669421487603324,3.6666666666666665,0.10580184237878973
4,2026-02-16,xgx0015,0,False,4,1.5,0.07407407407407407,3.0,0.22116293423234576
4,2026-02-16,xgx0016,0,False,4,1.5,0.6548323471400396,3.25,0.20077004960122724
4,2026-02-16,xymzd0015,1,True,5,1.2,0.45610425240054864,5.4,0.28719207403835273
4,2026-02-16,xymzd0016,0,False,0,inf,,,0.0
4,2026-02-16,zxy0002,0,False,0,inf,,,0.0
5,2026-04-13,BLJZ0001,2,True,7,14.857142857142858,0.25068870523415987,1.5714285714285714,0.14250734573947113
5,2026-04-13,BLP0001,1,True,31,3.838709677419355,0.5742973539899323,6.629032258064516,0.6102851727748427
5,2026-04-13,BLP0002,1,True,31,3.838709677419355,0.7678489042675896,2.193548387096774,0.4816513137624512
5,2026-04-13,BLP0003,2,True,13,9.153846153846153,0.10592592592592595,1.1538461538461537,0.4734754586018839
5,2026-04-13,BLP0004,2,True,5,23.8,0.21604938271604937,1.8,0.2355391022674686
5,2026-04-13,BLP0005,0,False,3,4.666666666666667,0.11999999999999997,1.6666666666666667,0.2934782608695652
5,2026-04-13,BLP0007,0,False,0,inf,,,0.0
5,2026-04-13,CBJZ0001,0,False,1,104.0,,1.0,-0.009803921568627501
5,2026-04-13,CFSNT008,0,False,0,inf,,,0.0
5,2026-04-13,CLSSLT0003,2,True,19,6.2631578947368425,0.2174817898022893,1.631578947368421,0.4513387846721196
5,2026-04-13,CLSSLT0006,2,True,20,5.95,0.2124358515335959,2.1,0.3410275502606107
5,2026-04-13,CWW0002,1,True,35,3.4,0.3771974902894329,19.457142857142856,0.8364989596204376
5,2026-04-13,DGNTYBV001AMDE,0,False,2,52.0,0.0,1.0,-0.01980198019801988
5,2026-04-13,DHZXCZP0001,1,True,24,4.958333333333333,0.6021586286359252,3.5833333333333335,0.6716447789878279
5,2026-04-13,DRMJJ0020,1,True,12,8.666666666666666,0.8145729506788105,1.9166666666666667,0.3599027289921643
5,2026-04-13,DRMJJ0021,2,True,14,8.5,0.35011079455523886,1.9285714285714286,0.5224605422905709
5,2026-04-13,DRMJJ0022,1,True,32,3.71875,0.4100245040448457,2.421875,0.5727461457417952
5,2026-04-13,DRMJJ0023,1,True,49,2.4285714285714284,0.4164496665291735,4.173469387755102,0.7197656516653936
5,2026-04-13,DRMJJ0024,0,False,2,52.0,0.0,1.0,-0.019801980198019837
5,2026-04-13,DRMJJ0025,2,True,17,7.0,0.3471644120707597,1.8235294117647058,0.49144378248193743
5,2026-04-13,DRMJJ0026,2,True,10,11.9,0.44784580498866217,2.8,0.42287124392198083
5,2026-04-13,DRMJJ0027,2,True,6,19.833333333333332,0.40661157024793393,1.8333333333333333,0.6535073409461665
5,2026-04-13,DRMJJ0038,0,False,4,3.5,0.4444444444444444,1.5,0.18488047749952394
5,2026-04-13,DRMJJ0039,2,True,5,2.8,0.11718749999999996,1.6,-0.03361463227264071
5,2026-04-13,ETZP0003,1,True,16,7.4375,0.8999999999999999,4.0,0.3962790697674419
5,2026-04-13,ETZP0004,1,True,34,3.5,0.7072388820567802,2.735294117647059,0.5614323493674503
5,2026-04-13,FDBLHP0001,2,True,15,7.933333333333334,0.36807580174927124,2.8,0.5176540284360187
5,2026-04-13,FDBLP0001,1,True,34,3.5,1.7334502302184667,5.029411764705882,0.6286517334946861
5,2026-04-13,FRC0002,1,True,16,6.5,0.3281297826752372,4.125,0.7991767764298092
5,2026-04-13,FRC0003,1,True,37,3.2162162162162162,0.5749255002128565,2.3513513513513513,0.4585176071559203
5,2026-04-13,FRC0010,2,True,8,13.0,0.14167650531286896,1.375,0.368098159509203
5,2026-04-13,FRC0011,0,False,1,104.0,,1.0,-0.009803921568627484
5,2026-04-13,FRH0001,1,True,40,2.6,0.4318123808236865,3.725,0.6887411048681212
5,2026-04-13,FRH0002,1,True,40,2.6,0.5127118720791484,2.975,0.4892183953419527
5,2026-04-13,FRH0003,1,True,46,2.260869565217391,0.7763090247226677,6.043478260869565,0.7928067117402634
5,2026-04-13,FRH0004,1,True,24,4.333333333333333,0.31975360846213563,3.4583333333333335,0.7598311066296909
5,2026-04-13,FRH0012,0,False,2,52.0,0.5000000000000001,2.0,-0.015779092702169723
5,2026-04-13,FRH0028,2,True,24,4.958333333333333,0.5024154589371981,1.875,0.24888015717092363
5,2026-04-13,FRH0029,2,True,28,3.7142857142857144,0.44500455086466434,1.6428571428571428,0.31394316163410296
5,2026-04-13,FRH0031,2,True,7,14.857142857142858,0.08101851851851856,1.7142857142857142,0.02921771913289354
5,2026-04-13,FRH0033,1,True,89,1.3370786516853932,0.46893936834135524,5.758426966292135,0.40175755382637607
5,2026-04-13,FRH0034,1,True,60,1.9833333333333334,0.407570543931386,2.525,0.3365840699835276
5,2026-04-13,FRH0035,2,True,13,8.0,0.20106666666666664,1.9230769230769231,0.46988181471597307
5,2026-04-13,FRH0036,0,False,3,34.666666666666664,0.0,2.0,0.6566666666666663
5,2026-04-13,FRH0037,2,True,10,10.4,0.26955950032873105,1.3,0.4834503510531562
5,2026-04-13,FRH0040,1,True,16,6.5,1.0016292936927857,3.9375,0.5479878878307802
5,2026-04-13,FRH0042,2,True,10,10.4,0.19097222222222227,1.6,0.527522935779816
5,2026-04-13,FRH0043,2,True,11,10.818181818181818,0.3179687499999999,1.4545454545454546,0.31729598051157143
5,2026-04-13,FRH0044,2,True,28,4.25,0.12927054478301014,1.3571428571428572,0.16693743874633013
5,2026-04-13,FRH0045,1,True,12,8.666666666666666,0.3778409090909091,8.0,0.7564911703636699
5,2026-04-13,FRH0046,1,True,67,1.7761194029850746,1.5047779191816975,3.4477611940298507,0.817050276925736
5,2026-04-13,FRH0047,2,True,13,8.0,0.19278911564625847,2.6923076923076925,0.47531347962382625
5,2026-04-13,FRH0048,1,True,89,1.3370786516853932,0.29844510406880026,6.764044943820225,0.5759086513208808
5,2026-04-13,FRH0049,2,True,6,17.333333333333332,0.5279999999999999,1.6666666666666667,0.1315345699831368
5,2026-04-13,FRH0050,1,True,55,2.1636363636363636,0.7880751752003958,2.290909090909091,0.31383026493039984
5,2026-04-13,FRH0051,1,True,88,1.3522727272727273,0.4120566845466155,4.261363636363637,0.594972599261544
5,2026-04-13,FRH0052,0,False,3,34.666666666666664,0.0,1.0,-0.029999999999999912
5,2026-04-13,FRH0056,1,True,92,1.2934782608695652,0.45274305308812723,8.706521739130435,0.652877826514645
5,2026-04-13,FRH0056-1,2,True,9,13.222222222222221,0.28125000000000006,1.3333333333333333,0.25451263537906144
5,2026-04-13,FRH0058,0,False,2,52.0,0.04081632653061225,3.5,-0.019398258115597797
5,2026-04-13,FRH0059,1,True,50,2.38,0.8217567494570427,5.62,0.815293427640344
5,2026-04-13,FRH0064,1,True,25,4.76,0.5705537177063641,3.68,0.48482236546244917
5,2026-04-13,FRH0065,2,True,24,4.958333333333333,0.47154868846568454,2.2916666666666665,0.5869459852442233
5,2026-04-13,FRH0068,1,True,14,8.5,1.020579895728528,2.0714285714285716,0.25368299267258004
5,2026-04-13,FRW00011,2,True,7,14.857142857142858,0.3033333333333334,1.4285714285714286,0.06043329532497142
5,2026-04-13,FRW00023,0,False,0,inf,,,0.0
5,2026-04-13,FRW0005,1,True,83,1.4337349397590362,0.3177280358110341,3.5301204819277108,0.586377574356647
5,2026-04-13,FRW0006,1,True,99,1.202020202020202,0.4166072239460287,6.808080808080808,0.5824929768840076
5,2026-04-13,FRW0007,0,False,4,26.0,0.16000000000000003,1.25,0.11206896551724155
5,2026-04-13,FRW0008,2,True,7,17.0,0.10937500000000001,1.1428571428571428,-0.05734767025089609
5,2026-04-13,FRW0009,2,True,20,5.95,0.28128171668841534,1.65,0.4934803913845254
5,2026-04-13,FRW0011,2,True,7,14.857142857142858,0.10937500000000001,1.1428571428571428,0.36024844720496624
5,2026-04-13,FRW0013,2,True,11,9.454545454545455,0.3819262782401903,2.6363636363636362,0.725839475839476
5,2026-04-13,FRW0014,2,True,8,13.0,0.13714285714285715,1.25,0.616244411326375
5,2026-04-13,FRW0015,1,True,27,4.407407407407407,0.7231939998170674,5.37037037037037,0.6964725954877672
5,2026-04-13,FRW0016,2,True,9,11.555555555555555,0.44999999999999984,1.6666666666666667,-0.03609467455621284
5,2026-04-13,FRW0017,2,True,6,17.333333333333332,0.5142857142857143,3.5,0.6922112974744551
5,2026-04-13,FRW0020,2,True,5,20.8,0.0,1.0,0.369387755102039
5,2026-04-13,FRW0021,0,False,4,26.0,0.0,1.0,-0.04040404040404042
5,2026-04-13,FRW0022,0,False,4,26.0,0.16000000000000003,1.25,0.2600574712643671
5,2026-04-13,FRW0023,2,True,10,10.4,0.0,1.0,0.11397849462365567
5,2026-04-13,FRW0024,1,True,20,5.95,0.7935817505195496,3.3,0.7647142803115131
5,2026-04-13,FRW0025,0,False,2,7.0,0.08,2.5,0.36805555555555575
5,2026-04-13,FSTBY001,0,False,1,119.0,,1.0,-0.008547008547008551
5,2026-04-13,FZGLS0001,0,False,4,29.75,0.16000000000000003,1.25,0.11610486891385777
5,2026-04-13,FZGLS0002,2,True,8,14.875,0.0,1.0,0.32954545454545464
5,2026-04-13,FZLRICBHP0001,1,True,13,9.153846153846153,0.5120442708333334,2.4615384615384617,0.6738787113076439
5,2026-04-13,FZLRJ0001,1,True,24,4.958333333333333,0.3904170363797693,3.5,0.67627133017998
5,2026-04-13,FZLRJ0001double,0,False,3,39.666666666666664,0.0,1.0,-0.026086956521739098
5,2026-04-13,FZLRJ0002,1,True,39,3.051282051282051,0.7796052631578947,4.0,0.604922676757166
5,2026-04-13,FZLRJ0002double,2,True,9,13.222222222222221,0.13313609467455625,1.4444444444444444,0.2845387613685582
5,2026-04-13,FZLRJ0005,0,False,1,14.0,,1.0,-0.08333333333333327
5,2026-04-13,GJMJSLW001,1,True,11,9.454545454545455,3.2456747404844295,17.0,0.39154605723148134
5,2026-04-13,GJMJSW001,0,False,1,104.0,,1.0,-0.0098039215686275
5,2026-04-13,GJMJWJX001,1,True,66,1.803030303030303,3.244085422674852,12.772727272727273,0.3863587244319747
5,2026-04-13,GJMJWJXW001,1,True,23,5.173913043478261,1.1872181710427994,51.391304347826086,0.6268173264827027
5,2026-04-13,GJMUSDW001,0,False,2,52.0,0.0,1.0,0.49009900990099237
5,2026-04-13,HLGKSLT0001,1,True,42,2.8333333333333335,0.3053073852426244,2.9047619047619047,0.6707263107244095
5,2026-04-13,HSAKSLT0001,2,True,6,17.333333333333332,0.1333333333333333,1.5,0.08538251366120206
5,2026-04-13,HWZDSKL0001,1,True,20,5.95,1.2936419487762885,7.15,0.4639953531351557
5,2026-04-13,HWZDSKL0002,1,True,11,10.818181818181818,0.6696789536266349,2.6363636363636362,0.525341914722446
5,2026-04-13,HZSN0001,1,True,62,1.9193548387096775,0.4364612652704889,3.6693548387096775,0.6213414788216366
5,2026-04-13,JZJ00011,1,True,32,3.71875,0.3727427990251578,2.5625,0.6060134162664469
5,2026-04-13,JZJ00012,1,True,43,2.7674418604651163,0.5742547619047619,4.651162790697675,0.6751742792644363
5,2026-04-13,JZJ0002,1,True,64,1.859375,0.2878391135857824,9.578125,0.7800213295893093
5,2026-04-13,JZJ0003,1,True,63,1.8888888888888888,0.22749183371558496,16.285714285714285,0.8022297439499345
5,2026-04-13,JZJ0004,2,True,15,6.933333333333334,0.2914285714285713,1.6666666666666667,0.4033926354985517
5,2026-04-13,JZJ0005,1,True,23,4.521739130434782,0.47157492080568986,2.8260869565217392,0.5699137139358684
5,2026-04-13,JZJ0008,1,True,34,3.0588235294117645,0.309837831542784,6.294117647058823,0.752175850289618
5,2026-04-13,JZJ0009,1,True,58,2.0517241379310347,0.3363966885461972,19.189655172413794,0.8449944590867436
5,2026-04-13,JZJ0013,1,True,70,1.7,0.36558409592033514,16.514285714285716,0.8341941583190857
5,2026-04-13,JZJ0014,1,True,8,14.875,1.002915451895044,1.75,-0.014908256880733906
5,2026-04-13,JZJ0016,1,True,54,2.2037037037037037,0.4884983199793228,2.7037037037037037,0.4716622871329898
5,2026-04-13,JZJ0017,2,True,9,13.222222222222221,0.25295857988165676,1.4444444444444444,0.35088408644400876
5,2026-04-13,JZJ0018,2,True,18,6.611111111111111,0.43217286914765896,2.3333333333333335,0.6342975206611567
5,2026-04-13,JZJ0019,1,True,43,2.7674418604651163,0.26357150672942165,4.401162790697675,0.7991504327158898
5,2026-04-13,JZQCQ001,1,True,31,3.3548387096774195,0.595099118070357,16.870967741935484,0.7532308149058502
5,2026-04-13,JZQCQ003,1,True,37,2.810810810810811,2.011046189685131,13.675675675675675,0.6184534046616927
5,2026-04-13,JZQCQ004,1,True,19,5.473684210526316,1.104982603977146,3.1052631578947367,0.5427953562485759
5,2026-04-13,KFYFQ51mm,1,True,9,1.5555555555555556,0.32142857142857134,5.444444444444445,0.3625750739663261
5,2026-04-13,KFYFQ54mm,0,False,4,3.5,0.3704474505723205,7.75,0.21190899499001128
5,2026-04-13,KFYFQ58mm,1,True,13,1.0769230769230769,0.6322342508480749,4.653846153846154,0.011031289100052464
5,2026-04-13,KFZ0001,2,True,6,17.333333333333332,0.0,1.0,-0.06185567010309275
5,2026-04-13,KZCWBG001,2,True,18,6.611111111111111,0.32377248420029164,1.8333333333333333,0.5615090507408256
5,2026-04-13,LRKF0001,1,True,10,10.4,0.29702415945802196,6.3,0.7265677257525079
5,2026-04-13,LTKF0002,2,True,6,17.333333333333332,0.15000000000000005,1.3333333333333333,0.7363481228668952
5,2026-04-13,LTKF0003B,0,False,1,104.0,,1.0,-0.009803921568627498
5,2026-04-13,LTKF0005A,2,True,14,7.428571428571429,0.2046153846153846,1.4285714285714286,0.26950354609929156
5,2026-04-13,LTKF0006A,0,False,1,104.0,,1.0,-0.0098039215686275
5,2026-04-13,LTKF0008,2,True,5,20.8,0.5578512396694214,2.2,0.20177956371986394
5,2026-04-13,LTKF0009,2,True,5,20.8,0.38888888888888884,3.0,0.3311688311688298
5,2026-04-13,LTKF0010,0,False,1,104.0,,2.0,-0.009803921568627498
5,2026-04-13,LTKF0012,0,False,3,34.666666666666664,0.48000000000000015,1.6666666666666667,0.34927797833935076
5,2026-04-13,LTKF0016,0,False,2,52.0,0.04081632653061225,3.5,0.46991290577989
5,2026-04-13,LTKF0018A,0,False,1,104.0,,3.0,-0.009803921568627402
5,2026-04-13,LTKF0019,1,True,34,3.5,1.1419013075798845,2.323529411764706,0.3462454736510255
5,2026-04-13,LTKF0020,1,True,57,2.087719298245614,0.4891210304055459,20.56140350877193,0.744958251593515
5,2026-04-13,LTKF0021,1,True,57,2.087719298245614,0.39172691100922613,4.754385964912281,0.6449618969675349
5,2026-04-13,LTKF0022,1,True,12,8.666666666666666,0.6894545454545452,2.0833333333333335,0.5439114391143897
5,2026-04-13,LTKF0022M,1,True,43,2.7674418604651163,0.721594281757024,3.5348837209302326,0.7635250438645876
5,2026-04-13,LTKF0023,0,False,1,104.0,,1.0,-0.0098039215686275
5,2026-04-13,LTKF0024A,2,True,15,6.933333333333334,0.131195335276968,1.4,0.5473292765382023
5,2026-04-13,LTKF0031,1,True,50,2.38,0.6120601250912318,4.7,0.6674338785280508
5,2026-04-13,LTKF0047,1,True,17,7.0,0.5132001836547289,1.9411764705882353,0.6385732635115087
5,2026-04-13,LTKF0058,2,True,9,13.222222222222221,0.18,1.6666666666666667,0.5939943697216138
5,2026-04-13,LTKF0101,1,True,29,4.103448275862069,0.4646760582075266,9.862068965517242,0.6259202701237978
5,2026-04-13,LTKF0102,2,True,15,7.933333333333334,0.16483516483516483,1.7333333333333334,0.5245421245421247
5,2026-04-13,LTKF0103,0,False,4,26.0,0.2993197278911565,1.75,0.17379679144385018
5,2026-04-13,LTKF0106,0,False,3,39.666666666666664,0.11999999999999997,1.6666666666666667,-0.02410800385728066
5,2026-04-13,LTKF0111,2,True,14,8.5,0.39508420573509323,1.8571428571428572,0.5354330708661416
5,2026-04-13,LTKF093,1,True,23,5.173913043478261,1.2401048577623868,2.3043478260869565,0.23296910724932146
5,2026-04-13,LTKF098,1,True,23,5.173913043478261,0.4110777312463716,5.521739130434782,0.7810341176114652
5,2026-04-13,LTKF098B,1,True,12,1.1666666666666667,0.24242424242424243,3.0,0.2986253307375279
5,2026-04-13,LYC0201,1,True,14,8.5,0.6015625,2.2857142857142856,0.5099806903526929
5,2026-04-13,LYC0203,2,True,11,10.818181818181818,0.24444444444444444,1.3636363636363635,0.13394495412844004
5,2026-04-13,NNB0002,1,True,25,4.76,0.3487110524818001,13.33,0.9303139536634822
5,2026-04-13,NNBZL01,0,False,4,3.5,0.5147415886229622,7.75,0.45042311595284046
5,2026-04-13,QCCXC0004,1,True,13,9.153846153846153,2.155034656584751,8.846153846153847,0.5513710421772334
5,2026-04-13,QCCXC0005,1,True,35,2.9714285714285715,0.5185185185185185,3.857142857142857,0.584198385236448
5,2026-04-13,QCCXC0007,1,True,45,2.311111111111111,0.942434727901856,5.666666666666667,0.5396018991854749
5,2026-04-13,QCSSXC0004,0,False,3,34.666666666666664,0.0,1.0,-0.02999999999999992
5,2026-04-13,QCSSXC0005,1,True,26,4.0,1.55584,3.8461538461538463,0.3684180918091807
5,2026-04-13,QCSSXC0006,1,True,28,3.7142857142857144,0.8751921285169157,2.8214285714285716,0.569073478887288
5,2026-04-13,QCXDS001,1,True,17,6.117647058823529,1.2378052126200272,7.9411764705882355,0.638069535134355
5,2026-04-13,QCXXC0001,2,True,20,5.2,0.28742289990294007,2.05,0.426552462526766
5,2026-04-13,QCXXC0002,2,True,12,8.666666666666666,0.27014951022512457,1.9166666666666667,0.37830996884735074
5,2026-04-13,QFDNZGJK001,1,True,8,1.75,0.32,2.5,0.2726221105114204
5,2026-04-13,QFDNZGJK002,1,True,8,1.75,0.5638095238095239,3.75,0.3845773115668718
5,2026-04-13,QFSJZ001-1,1,True,18,5.777777777777778,0.5623042116254785,2.888888888888889,0.6171733536643478
5,2026-04-13,QFSJZ002-1,2,True,11,10.818181818181818,0.4125,1.4545454545454546,0.43011363636363636
5,2026-04-13,QFSJZ003,2,True,8,14.875,0.09876543209876545,1.125,0.03040262941659819
5,2026-04-13,QFSJZ003-1,2,True,21,5.666666666666667,0.3657439446366782,2.4285714285714284,0.48950599239988307
5,2026-04-13,QFYF001,0,False,0,inf,,,0.0
5,2026-04-13,QYGZIPJ,0,False,4,26.0,0.0,1.0,-0.04040404040404036
5,2026-04-13,RLHZHMV000AMDE,1,True,75,1.5866666666666667,0.6928992431054546,10.173333333333334,0.7843940167031465
5,2026-04-13,SKZ2FT01,0,False,0,inf,,,0.0
5,2026-04-13,SKZ3FT01,0,False,0,inf,,,0.0
5,2026-04-13,SLT0001,0,False,1,104.0,,2.0,-0.009803921568627486
5,2026-04-13,SLT0003,2,True,23,5.173913043478261,0.4532233694283556,1.6521739130434783,0.2541412380122061
5,2026-04-13,SLT0004,2,True,10,11.9,0.3114186851211073,1.7,0.6816286485160661
5,2026-04-13,SPH0001,2,True,5,20.8,0.37500000000000006,6.0,0.6537367468321699
5,2026-04-13,SRPDZS0001,0,False,4,26.0,0.16000000000000003,1.25,0.26005747126436746
5,2026-04-13,SRPDZS0002,2,True,5,20.8,0.3124999999999999,1.6,0.6748737373737378
5,2026-04-13,TTNX0002,0,False,0,inf,,,0.0
5,2026-04-13,WSJZS0002,1,True,5,20.8,0.512396694214876,11.0,0.7802414126411579
5,2026-04-13,WSJZS0004,1,True,6,17.333333333333332,0.40332409972299177,19.0,0.6079954820650615
5,2026-04-13,XFTW0001,0,False,0,inf,,,0.0
5,2026-04-13,XGX9992,0,False,0,inf,,,0.0
5,2026-04-13,XGX9993,0,False,0,inf,,,0.0
5,2026-04-13,XGX9994,0,False,0,inf,,,0.0
5,2026-04-13,XGX9995,0,False,0,inf,,,0.0
5,2026-04-13,XGX99990,0,False,0,inf,,,0.0
5,2026-04-13,XGX99991,0,False,0,inf,,,0.0
5,2026-04-13,XGX99992,0,False,0,inf,,,0.0
5,2026-04-13,XGX99993,0,False,0,inf,,,0.0
5,2026-04-13,XHP0001,1,True,24,4.958333333333333,0.9896719779803544,16.583333333333332,0.6698817810318333
5,2026-04-13,XHZXCZP0001,1,True,65,1.8307692307692307,0.9952681282966592,10.538461538461538,0.849088772162415
5,2026-04-13,XHZXCZP0002,1,True,27,4.407407407407407,0.39409669414872334,2.2962962962962963,0.6705160374686832
5,2026-04-13,XMJ0001,0,False,0,inf,,,0.0
5,2026-04-13,XMJ0004,0,False,1,14.0,,1.0,0.0
5,2026-04-13,XMSH0001,1,True,5,2.8,1.1521050248981435,9.4,0.46545083824195765
5,2026-04-13,XXGP0002,0,False,3,4.666666666666667,0.71484375,5.333333333333333,0.4705922702924704
5,2026-04-13,XYJ0001,1,True,6,2.3333333333333335,1.1504132231404962,3.6666666666666665,0.7847854363931619
5,2026-04-13,XYMGPD0001,1,True,10,1.4,0.3479236812570146,3.3,0.5779220779220777
5,2026-04-13,XYMGPD0002,1,True,7,2.0,0.30787037037037035,1.7142857142857142,0.18951568680120204
5,2026-04-13,XYMLRY00001,2,True,5,2.8,0.1388888888888889,1.2,0.04411764705882353
5,2026-04-13,XYMZD0017,0,False,0,inf,,,0.0
5,2026-04-13,XYMZG0016,0,False,0,inf,,,0.0
5,2026-04-13,YBB0001,2,True,14,7.428571428571429,0.384828467930961,2.7142857142857144,0.7618680641183724
5,2026-04-13,YDBZ001,1,True,38,3.1315789473684212,0.45019432655796277,2.8947368421052633,0.7541469215968104
5,2026-04-13,YDBZ002,1,True,36,3.3055555555555554,1.06444686109738,3.5416666666666665,0.5287156480888784
5,2026-04-13,YDBZLV0001AMDE,2,True,9,11.555555555555555,0.25295857988165676,1.4444444444444444,0.34454545454545277
5,2026-04-13,YDBZWV0001AMDE,2,True,9,11.555555555555555,0.18,1.6666666666666667,0.4406227371469946
5,2026-04-13,YEC0009,1,True,6,2.3333333333333335,0.3480000000000001,3.3333333333333335,0.6740947075208914
5,2026-04-13,YJL0002,0,False,3,34.666666666666664,0.0,1.0,0.31333333333333324
5,2026-04-13,YJLZHMV000AMDE,1,True,54,2.2037037037037037,0.6199615180727623,2.2962962962962963,0.4592532024569532
5,2026-04-13,YJX0022,0,False,3,34.666666666666664,0.18749999999999997,1.3333333333333333,0.3156146179401996
5,2026-04-13,YJX0023,0,False,2,52.0,0.024691358024691364,4.5,0.4777885079671672
5,2026-04-13,YJX0024,2,True,5,20.8,0.24793388429752056,2.2,0.31716678297278467
5,2026-04-13,YJX0025,2,True,5,20.8,0.11718749999999996,1.6,0.10304789550072566
5,2026-04-13,YKLLW0004,0,False,3,34.666666666666664,1.9843749999999998,8.0,0.08266831268462557
5,2026-04-13,YKLLW0005,1,True,8,13.0,4.284822357663148,7.75,0.17271044368128302
5,2026-04-13,YKLLW0006,0,False,3,34.666666666666664,1.2070312500000002,5.333333333333333,0.2211969755222358
5,2026-04-13,YXBLJ0001,2,True,13,9.153846153846153,0.30761316872427985,1.3846153846153846,0.45307068366164566
5,2026-04-13,ZBTZ0002,1,True,6,19.833333333333332,3.342148760330579,5.5,0.0660564912412316
5,2026-04-13,ZBTZ0003,1,True,8,14.875,0.8888888888888891,1.5,0.3177312775330392
5,2026-04-13,ZJJSJBV001AMDE,2,True,21,4.9523809523809526,0.30374609781477624,1.4761904761904763,0.3154808444096945
5,2026-04-13,ZJJSJSV001AMDE,1,True,22,4.7272727272727275,0.8018812463256908,3.272727272727273,0.5733857264231101
5,2026-04-13,ZJJYZBV001AMDE,1,True,32,3.25,0.27262305072899223,2.71875,0.7206388841053889
5,2026-04-13,ZJJYZSJBV1AMDE,2,True,19,5.473684210526316,0.4015419501133788,1.8421052631578947,0.46826995718962744
5,2026-04-13,ZJJYZSJSV1AMDE,1,True,9,11.555555555555555,0.4641795481569559,6.444444444444445,0.8021560172481382
5,2026-04-13,ZJJYZSJSV2AMDE,2,True,13,8.0,0.22600151171579744,1.6153846153846154,0.5914859862506602
5,2026-04-13,ZTD0001,2,True,8,14.875,0.23323615160349856,3.5,0.49143827285929786
5,2026-04-13,ZTD0003,1,True,30,3.966666666666667,0.5078125,3.2,0.8208659593905204
5,2026-04-13,ZTD0004,0,False,0,inf,,,0.0
5,2026-04-13,xgx0013,0,False,1,14.0,,1.0,-0.08333333333333333
5,2026-04-13,xgx0014,1,True,7,2.0,0.36458333333333337,3.4285714285714284,-0.22463768115942034
5,2026-04-13,xgx0015,1,True,9,1.5555555555555556,0.1301652892561983,2.4444444444444446,-0.13713064846533526
5,2026-04-13,xgx0016,1,True,12,1.1666666666666667,0.5788497217068644,2.3333333333333335,0.11740824576682637
5,2026-04-13,xymzd0015,1,True,7,2.0,0.7851763773285769,4.142857142857143,0.692359754042083
5,2026-04-13,xymzd0016,0,False,0,inf,,,0.0
5,2026-04-13,zxy0002,0,False,0,inf,,,0.0
6,2026-06-08,BLJZ0001,2,True,7,14.857142857142858,0.25068870523415987,1.5714285714285714,0.14250734573947113
6,2026-06-08,BLP0001,1,True,43,2.953488372093023,0.39545833659134155,7.0813953488372094,0.7212552954767014
6,2026-06-08,BLP0002,1,True,32,3.96875,0.6490930211777322,2.375,0.4318152744019449
6,2026-06-08,BLP0003,2,True,14,9.071428571428571,0.122970455150386,1.2142857142857142,0.3721732464545804
6,2026-06-08,BLP0004,2,True,5,25.4,0.21604938271604937,1.8,0.2373540856031129
6,2026-06-08,BLP0005,0,False,4,5.5,0.1481481481481481,1.5,0.31966656303449625
6,2026-06-08,BLP0007,0,False,0,inf,,,0.0
6,2026-06-08,CBJZ0001,0,False,1,104.0,,1.0,-0.009803921568627501
6,2026-06-08,CFSNT008,0,False,0,inf,,,0.0
6,2026-06-08,CLSSLT0003,2,True,19,6.684210526315789,0.2174817898022893,1.631578947368421,0.45665427509293716
6,2026-06-08,CLSSLT0006,2,True,22,5.7727272727272725,0.2380952380952381,2.0,0.34150102810143995
6,2026-06-08,CWW0002,1,True,43,2.953488372093023,0.4866899462573871,17.232558139534884,0.8212307111138623
6,2026-06-08,DGNTYBV001AMDE,0,False,2,52.0,0.0,1.0,-0.01980198019801988
6,2026-06-08,DHZXCZP0001,1,True,26,4.884615384615385,0.6639669421487604,3.3846153846153846,0.6731079304268102
6,2026-06-08,DRMJJ0020,2,True,12,8.666666666666666,0.8145729506788105,1.9166666666666667,0.3599027289921643
6,2026-06-08,DRMJJ0021,2,True,15,8.466666666666667,0.3635204081632652,1.8666666666666667,0.5139372822299653
6,2026-06-08,DRMJJ0022,2,True,34,3.735294117647059,0.4458978504804493,2.323529411764706,0.5154482972865363
6,2026-06-08,DRMJJ0023,1,True,57,2.2280701754385963,0.4962106729309071,3.7982456140350878,0.7155840229106328
6,2026-06-08,DRMJJ0024,0,False,2,52.0,0.0,1.0,-0.019801980198019837
6,2026-06-08,DRMJJ0025,2,True,19,6.684210526315789,0.36251402918069575,1.736842105263158,0.47888446874751633
6,2026-06-08,DRMJJ0026,2,True,14,9.071428571428571,0.6015625,2.2857142857142856,0.4177792819878234
6,2026-06-08,DRMJJ0027,2,True,8,15.875,0.34985422740524785,1.75,0.5509516092527353
6,2026-06-08,DRMJJ0038,2,True,6,3.6666666666666665,0.31111111111111117,1.5,0.08695652173913045
6,2026-06-08,DRMJJ0039,2,True,6,3.6666666666666665,0.1333333333333333,1.5,0.10256410256410262
6,2026-06-08,ETZP0003,1,True,16,7.9375,0.8999999999999999,4.0,0.3993065587980351
6,2026-06-08,ETZP0004,1,True,34,3.735294117647059,0.7072388820567802,2.735294117647059,0.5670961347869176
6,2026-06-08,FDBLHP0001,2,True,15,8.466666666666667,0.36807580174927124,2.8,0.5208333333333329
6,2026-06-08,FDBLP0001,1,True,37,3.4324324324324325,3.480725623582767,7.0,0.5447814271061835
6,2026-06-08,FRC0002,2,True,16,6.5,0.3281297826752372,4.125,0.7991767764298092
6,2026-06-08,FRC0003,1,True,43,2.953488372093023,0.5448985452118041,2.627906976744186,0.5133726368809897
6,2026-06-08,FRC0010,2,True,8,13.0,0.14167650531286896,1.375,0.368098159509203
6,2026-06-08,FRC0011,0,False,1,104.0,,1.0,-0.009803921568627484
6,2026-06-08,FRH0001,1,True,40,2.6,0.4318123808236865,3.725,0.6887411048681212
6,2026-06-08,FRH0002,1,True,40,2.6,0.5127118720791484,2.975,0.4892183953419527
6,2026-06-08,FRH0003,1,True,46,2.260869565217391,0.7763090247226677,6.043478260869565,0.7928067117402634
6,2026-06-08,FRH0004,2,True,24,4.333333333333333,0.31975360846213563,3.4583333333333335,0.7598311066296909
6,2026-06-08,FRH0012,0,False,2,52.0,0.5000000000000001,2.0,-0.015779092702169723
6,2026-06-08,FRH0028,2,True,25,5.08,0.5090185885318211,1.84,0.2527926372005282
6,2026-06-08,FRH0029,2,True,28,3.7142857142857144,0.44500455086466434,1.6428571428571428,0.31394316163410296
6,2026-06-08,FRH0031,2,True,7,14.857142857142858,0.08101851851851856,1.7142857142857142,0.02921771913289354
6,2026-06-08,FRH0033,1,True,92,1.3804347826086956,0.4971363985736732,5.614130434782608,0.43125701020743434
6,2026-06-08,FRH0034,1,True,60,2.1166666666666667,0.407570543931386,2.525,0.35974877061181526
6,2026-06-08,FRH0035,2,True,13,8.0,0.20106666666666664,1.9230769230769231,0.46988181471597307
6,2026-06-08,FRH0036,0,False,3,34.666666666666664,0.0,2.0,0.6566666666666663
6,2026-06-08,FRH0037,2,True,10,10.4,0.26955950032873105,1.3,0.4834503510531562
6,2026-06-08,FRH0040,1,True,16,6.5,1.0016292936927857,3.9375,0.5479878878307802
6,2026-06-08,FRH0042,2,True,10,10.4,0.19097222222222227,1.6,0.527522935779816
6,2026-06-08,FRH0043,2,True,12,10.583333333333334,0.3133060710915382,1.4166666666666667,0.30329001935305516
6,2026-06-08,FRH0044,2,True,31,4.096774193548387,0.12908982748364067,1.3225806451612903,0.18168193172356376
6,2026-06-08,FRH0045,2,True,12,8.666666666666666,0.3778409090909091,8.0,0.7564911703636699
6,2026-06-08,FRH0046,1,True,74,1.7162162162162162,1.3581213307240705,3.5,0.7815026780643484
6,2026-06-08,FRH0047,2,True,13,8.0,0.19278911564625847,2.6923076923076925,0.47531347962382625
6,2026-06-08,FRH0048,1,True,97,1.309278350515464,0.28691946053334805,6.742268041237113,0.5718435297610254
6,2026-06-08,FRH0049,2,True,6,17.333333333333332,0.5279999999999999,1.6666666666666667,0.1315345699831368
6,2026-06-08,FRH0050,1,True,55,2.309090909090909,0.7880751752003958,2.290909090909091,0.3290155440414508
6,2026-06-08,FRH0051,1,True,96,1.3229166666666667,0.44228559861865485,4.09375,0.5774620920285481
6,2026-06-08,FRH0052,0,False,3,34.666666666666664,0.0,1.0,-0.029999999999999912
6,2026-06-08,FRH0056,1,True,100,1.27,0.42097436624142426,9.07,0.6415269588783002
6,2026-06-08,FRH0056-1,2,True,11,11.545454545454545,0.25816326530612255,1.2727272727272727,0.2272353846333988
6,2026-06-08,FRH0058,0,False,2,52.0,0.04081632653061225,3.5,-0.019398258115597797
6,2026-06-08,FRH0059,1,True,53,2.3962264150943398,0.8808362336340173,5.377358490566038,0.8160333193426551
6,2026-06-08,FRH0064,1,True,28,4.535714285714286,0.6328446502057612,3.4285714285714284,0.4812382739212013
6,2026-06-08,FRH0065,2,True,29,4.379310344827586,0.48013601902779857,2.1379310344827585,0.5596116504854376
6,2026-06-08,FRH0068,2,True,14,9.071428571428571,1.020579895728528,2.0714285714285716,0.2567441191281198
6,2026-06-08,FRW00011,2,True,7,14.857142857142858,0.3033333333333334,1.4285714285714286,0.06043329532497142
6,2026-06-08,FRW00023,0,False,1,22.0,,3.0,-0.049999999999999975
6,2026-06-08,FRW0005,1,True,89,1.4269662921348314,0.3089145082071416,3.5168539325842696,0.5562027327756945
6,2026-06-08,FRW0006,1,True,104,1.2211538461538463,0.4675849754364452,6.528846153846154,0.6090889235252531
6,2026-06-08,FRW0007,0,False,4,26.0,0.16000000000000003,1.25,0.11206896551724155
6,2026-06-08,FRW0008,2,True,7,18.142857142857142,0.10937500000000001,1.1428571428571428,-0.05351170568561873
6,2026-06-08,FRW0009,2,True,25,5.08,0.3572658402203857,1.76,0.4292960776034817
6,2026-06-08,FRW0011,2,True,7,14.857142857142858,0.10937500000000001,1.1428571428571428,0.36024844720496624
6,2026-06-08,FRW0013,2,True,11,9.454545454545455,0.3819262782401903,2.6363636363636362,0.725839475839476
6,2026-06-08,FRW0014,2,True,8,13.0,0.13714285714285715,1.25,0.616244411326375
6,2026-06-08,FRW0015,1,True,35,3.6285714285714286,0.9781448204898395,8.485714285714286,0.8369959764660825
6,2026-06-08,FRW0016,2,True,9,11.555555555555555,0.44999999999999984,1.6666666666666667,-0.03609467455621284
6,2026-06-08,FRW0017,2,True,6,17.333333333333332,0.5142857142857143,3.5,0.6922112974744551
6,2026-06-08,FRW0020,2,True,5,20.8,0.0,1.0,0.369387755102039
6,2026-06-08,FRW0021,0,False,4,26.0,0.0,1.0,-0.04040404040404042
6,2026-06-08,FRW0022,0,False,4,26.0,0.16000000000000003,1.25,0.2600574712643671
6,2026-06-08,FRW0023,2,True,10,10.4,0.0,1.0,0.11397849462365567
6,2026-06-08,FRW0024,1,True,27,4.703703703703703,0.7401431490559086,3.074074074074074,0.7354740140638856
6,2026-06-08,FRW0025,0,False,2,11.0,0.08,2.5,0.4072580645161298
6,2026-06-08,FSTBY001,0,False,2,63.5,0.0,1.0,-0.016129032258064526
6,2026-06-08,FZGLS0001,2,True,6,21.166666666666668,0.1224489795918367,1.1666666666666667,0.1870967741935484
6,2026-06-08,FZGLS0002,2,True,8,15.875,0.0,1.0,0.33262711864406813
6,2026-06-08,FZLRICBHP0001,2,True,13,9.76923076923077,0.5120442708333334,2.4615384615384617,0.6755444379046505
6,2026-06-08,FZLRJ0001,2,True,28,4.535714285714286,0.42515888669734825,3.25,0.6664337072827136
6,2026-06-08,FZLRJ0001double,0,False,3,42.333333333333336,0.0,1.0,-0.024390243902438994
6,2026-06-08,FZLRJ0002,1,True,46,2.760869565217391,0.7367572016460908,3.9130434782608696,0.5625251292100906
6,2026-06-08,FZLRJ0002double,2,True,9,14.11111111111111,0.13313609467455625,1.4444444444444444,0.28784820347194323
6,2026-06-08,FZLRJ0005,0,False,3,7.333333333333333,1.3928571428571426,4.666666666666667,0.8660254037844383
6,2026-06-08,GJMJSLW001,1,True,11,9.454545454545455,3.2456747404844295,17.0,0.39154605723148134
6,2026-06-08,GJMJSW001,0,False,1,104.0,,1.0,-0.0098039215686275
6,2026-06-08,GJMJWJX001,1,True,66,1.9242424242424243,3.244085422674852,12.772727272727273,0.39229476674345237
6,2026-06-08,GJMJWJXW001,1,True,23,5.521739130434782,1.1872181710427994,51.391304347826086,0.6291819994605422
6,2026-06-08,GJMUSDW001,0,False,2,52.0,0.0,1.0,0.49009900990099237
6,2026-06-08,HLGKSLT0001,1,True,47,2.702127659574468,0.3627303776346682,2.702127659574468,0.6646805303690444
6,2026-06-08,HSAKSLT0001,2,True,6,17.333333333333332,0.1333333333333333,1.5,0.08538251366120206
6,2026-06-08,HWZDSKL0001,1,True,28,4.535714285714286,1.3069489095384197,6.214285714285714,0.46362123126753874
6,2026-06-08,HWZDSKL0002,2,True,11,11.545454545454545,0.6696789536266349,2.6363636363636362,0.5271883741556918
6,2026-06-08,HZSN0001,1,True,71,1.7887323943661972,0.4391601677676237,3.528169014084507,0.6215510008008475
6,2026-06-08,JZJ00011,2,True,35,3.6285714285714286,0.41176470588235314,2.4285714285714284,0.5985473979923946
6,2026-06-08,JZJ00012,1,True,53,2.3962264150943398,0.6373343521888636,4.2075471698113205,0.6774325387981357
6,2026-06-08,JZJ0002,1,True,72,1.7638888888888888,0.30396665708536924,9.333333333333334,0.751062572882379
6,2026-06-08,JZJ0003,1,True,71,1.7887323943661972,0.24036500949144018,15.56338028169014,0.7986268413885997
6,2026-06-08,JZJ0004,2,True,15,6.933333333333334,0.2914285714285713,1.6666666666666667,0.4033926354985517
6,2026-06-08,JZJ0005,2,True,23,4.521739130434782,0.47157492080568986,2.8260869565217392,0.5699137139358684
6,2026-06-08,JZJ0008,1,True,34,3.0588235294117645,0.309837831542784,6.294117647058823,0.752175850289618
6,2026-06-08,JZJ0009,1,True,66,1.9242424242424243,0.33780345960691915,19.242424242424242,0.8396682506371058
6,2026-06-08,JZJ0013,1,True,78,1.6282051282051282,0.3557971971997145,16.08974358974359,0.8290581840194603
6,2026-06-08,JZJ0014,2,True,10,12.7,0.9722222222222222,1.6,-0.02244475138121545
6,2026-06-08,JZJ0016,1,True,61,2.081967213114754,0.5555514241932575,2.819672131147541,0.39441740094891803
6,2026-06-08,JZJ0017,2,True,10,12.7,0.24943310657596376,1.4,0.3316831683168324
6,2026-06-08,JZJ0018,2,True,19,6.684210526315789,0.41546143250688694,2.3157894736842106,0.6251137096441254
6,2026-06-08,JZJ0019,1,True,45,2.8222222222222224,0.2563714170431051,4.383333333333334,0.7824351762903954
6,2026-06-08,JZQCQ001,1,True,31,3.3548387096774195,0.595099118070357,16.870967741935484,0.7532308149058502
6,2026-06-08,JZQCQ003,1,True,37,2.810810810810811,2.011046189685131,13.675675675675675,0.6184534046616927
6,2026-06-08,JZQCQ004,1,True,19,5.473684210526316,1.104982603977146,3.1052631578947367,0.5427953562485759
6,2026-06-08,KFYFQ51mm,1,True,20,1.1,0.36748699769889104,5.775,0.013545678529560682
6,2026-06-08,KFYFQ54mm,1,True,10,2.2,0.30782104007548644,7.9,0.5466814341443297
6,2026-06-08,KFYFQ58mm,1,True,21,1.0476190476190477,0.6923929216707406,6.928571428571429,0.5187539726228394
6,2026-06-08,KFZ0001,2,True,6,17.333333333333332,0.0,1.0,-0.06185567010309275
6,2026-06-08,KZCWBG001,1,True,24,5.291666666666667,0.60401006108516,2.2916666666666665,0.7217791081564771
6,2026-06-08,LRKF0001,2,True,10,10.4,0.29702415945802196,6.3,0.7265677257525079
6,2026-06-08,LTKF0002,2,True,6,17.333333333333332,0.15000000000000005,1.3333333333333333,0.7363481228668952
6,2026-06-08,LTKF0003B,0,False,1,104.0,,1.0,-0.009803921568627498
6,2026-06-08,LTKF0005A,2,True,14,7.428571428571429,0.2046153846153846,1.4285714285714286,0.26950354609929156
6,2026-06-08,LTKF0006A,0,False,1,104.0,,1.0,-0.0098039215686275
6,2026-06-08,LTKF0008,2,True,5,20.8,0.5578512396694214,2.2,0.20177956371986394
6,2026-06-08,LTKF0009,2,True,5,20.8,0.38888888888888884,3.0,0.3311688311688298
6,2026-06-08,LTKF0010,0,False,1,104.0,,2.0,-0.009803921568627498
6,2026-06-08,LTKF0012,0,False,3,34.666666666666664,0.48000000000000015,1.6666666666666667,0.34927797833935076
6,2026-06-08,LTKF0016,0,False,2,52.0,0.04081632653061225,3.5,0.46991290577989
6,2026-06-08,LTKF0018A,0,False,1,104.0,,3.0,-0.009803921568627402
6,2026-06-08,LTKF0019,1,True,36,3.5277777777777777,1.1668430335097002,2.25,0.3411066355734567
6,2026-06-08,LTKF0020,1,True,65,1.9538461538461538,0.4571030195319125,20.46153846153846,0.7303374587618425
6,2026-06-08,LTKF0021,1,True,65,1.9538461538461538,0.3894139034061434,4.630769230769231,0.6338994704137131
6,2026-06-08,LTKF0022,2,True,12,8.666666666666666,0.6894545454545452,2.0833333333333335,0.5439114391143897
6,2026-06-08,LTKF0022M,1,True,49,2.5918367346938775,0.7469999498162015,3.326530612244898,0.7533072736158134
6,2026-06-08,LTKF0023,0,False,1,104.0,,1.0,-0.0098039215686275
6,2026-06-08,LTKF0024A,2,True,15,6.933333333333334,0.131195335276968,1.4,0.5473292765382023
6,2026-06-08,LTKF0031,1,True,54,2.3518518518518516,0.6756367924528301,4.444444444444445,0.6689086569754824
6,2026-06-08,LTKF0047,2,True,19,6.684210526315789,0.49194101508916327,1.894736842105263,0.6150796609563554
6,2026-06-08,LTKF0058,2,True,12,10.583333333333334,0.202020202020202,1.5,0.5582524271844661
6,2026-06-08,LTKF0101,1,True,37,3.4324324324324325,0.3919157761954239,10.108108108108109,0.6506989726190147
6,2026-06-08,LTKF0102,2,True,16,7.9375,0.15238095238095237,1.75,0.5027367240920948
6,2026-06-08,LTKF0103,0,False,4,26.0,0.2993197278911565,1.75,0.17379679144385018
6,2026-06-08,LTKF0106,0,False,4,31.75,0.1481481481481481,1.5,-0.029411764705882283
6,2026-06-08,LTKF0111,2,True,18,7.055555555555555,0.3556985294117647,1.7777777777777777,0.47509273674341457
6,2026-06-08,LTKF093,1,True,28,4.535714285714286,1.3005289019550605,2.607142857142857,0.2277192610977597
6,2026-06-08,LTKF098,1,True,30,4.233333333333333,0.4551724137931034,5.0,0.7801012419333909
6,2026-06-08,LTKF098B,1,True,20,1.1,0.24605049671230542,2.6875,0.2743696952545241
6,2026-06-08,LYC0201,1,True,20,6.35,1.5282006669566481,3.3,0.7396061978325107
6,2026-06-08,LYC0203,2,True,14,9.071428571428571,0.231404958677686,1.5714285714285714,0.3705476102985205
6,2026-06-08,NNB0002,1,True,19,6.684210526315789,0.6167648014254342,12.578947368421053,0.8684350582025977
6,2026-06-08,NNBZL01,1,True,9,2.4444444444444446,1.3970051132213301,4.111111111111111,0.45686258883172326
6,2026-06-08,QCCXC0004,1,True,13,9.76923076923077,2.155034656584751,8.846153846153847,0.552458364982525
6,2026-06-08,QCCXC0005,1,True,35,2.9714285714285715,0.5185185185185185,3.857142857142857,0.584198385236448
6,2026-06-08,QCCXC0007,1,True,45,2.311111111111111,0.942434727901856,5.666666666666667,0.5396018991854749
6,2026-06-08,QCSSXC0004,0,False,3,34.666666666666664,0.0,1.0,-0.02999999999999992
6,2026-06-08,QCSSXC0005,1,True,26,4.0,1.55584,3.8461538461538463,0.3684180918091807
6,2026-06-08,QCSSXC0006,1,True,28,3.7142857142857144,0.8751921285169157,2.8214285714285716,0.569073478887288
6,2026-06-08,QCXDS001,1,True,17,6.117647058823529,1.2378052126200272,7.9411764705882355,0.638069535134355
6,2026-06-08,QCXXC0001,2,True,20,5.2,0.28742289990294007,2.05,0.426552462526766
6,2026-06-08,QCXXC0002,2,True,12,8.666666666666666,0.27014951022512457,1.9166666666666667,0.37830996884735074
6,2026-06-08,QFDNZGJK001,1,True,8,2.75,0.32,2.5,0.399364406779661
6,2026-06-08,QFDNZGJK002,1,True,12,1.8333333333333333,0.529090909090909,3.3333333333333335,0.44996090695856145
6,2026-06-08,QFSJZ001-1,1,True,18,5.777777777777778,0.5623042116254785,2.888888888888889,0.6171733536643478
6,2026-06-08,QFSJZ002-1,2,True,11,11.545454545454545,0.4125,1.4545454545454546,0.43273305084745733
6,2026-06-08,QFSJZ003,2,True,9,14.11111111111111,0.09000000000000002,1.1111111111111112,0.01841359773371121
6,2026-06-08,QFSJZ003-1,2,True,21,6.0476190476190474,0.3657439446366782,2.4285714285714284,0.4943875061005378
6,2026-06-08,QFYF001,0,False,0,inf,,,0.0
6,2026-06-08,QYGZIPJ,0,False,4,26.0,0.0,1.0,-0.04040404040404036
6,2026-06-08,RLHZHMV000AMDE,1,True,83,1.5301204819277108,0.6184788714156358,10.289156626506024,0.7867964780514862
6,2026-06-08,SKZ2FT01,0,False,2,11.0,0.08,2.5,0.5253646966785349
6,2026-06-08,SKZ3FT01,0,False,4,5.5,0.5429362880886426,4.75,0.6728189649547214
6,2026-06-08,SLT0001,0,False,1,104.0,,2.0,-0.009803921568627486
6,2026-06-08,SLT0003,2,True,23,5.521739130434782,0.4532233694283556,1.6521739130434783,0.2615198059822153
6,2026-06-08,SLT0004,2,True,10,12.7,0.3114186851211073,1.7,0.6830551109078452
6,2026-06-08,SPH0001,2,True,5,20.8,0.37500000000000006,6.0,0.6537367468321699
6,2026-06-08,SRPDZS0001,0,False,4,26.0,0.16000000000000003,1.25,0.26005747126436746
6,2026-06-08,SRPDZS0002,2,True,5,20.8,0.3124999999999999,1.6,0.6748737373737378
6,2026-06-08,TTNX0002,0,False,0,inf,,,0.0
6,2026-06-08,WSJZS0002,2,True,5,20.8,0.512396694214876,11.0,0.7802414126411579
6,2026-06-08,WSJZS0004,2,True,6,17.333333333333332,0.40332409972299177,19.0,0.6079954820650615
6,2026-06-08,XFTW0001,1,True,7,3.142857142857143,0.454316320100819,3.2857142857142856,0.5238663484486874
6,2026-06-08,XGX9992,0,False,0,inf,,,0.0
6,2026-06-08,XGX9993,0,False,0,inf,,,0.0
6,2026-06-08,XGX9994,0,False,0,inf,,,0.0
6,2026-06-08,XGX9995,0,False,0,inf,,,0.0
6,2026-06-08,XGX99990,0,False,0,inf,,,0.0
6,2026-06-08,XGX99991,0,False,0,inf,,,0.0
6,2026-06-08,XGX99992,0,False,0,inf,,,0.0
6,2026-06-08,XGX99993,0,False,0,inf,,,0.0
6,2026-06-08,XHP0001,1,True,31,4.096774193548387,2.5022144994932836,31.548387096774192,0.5024437257778076
6,2026-06-08,XHZXCZP0001,1,True,73,1.7397260273972603,0.945166863437954,10.26027397260274,0.8475235029611696
6,2026-06-08,XHZXCZP0002,1,True,35,3.6285714285714286,0.6454566096848894,3.757142857142857,0.8470701431304458
6,2026-06-08,XMJ0001,0,False,3,7.333333333333333,0.29489603024574673,7.666666666666667,0.5425422860071757
6,2026-06-08,XMJ0004,1,True,5,4.4,0.7083333333333333,6.0,0.602747909199522
6,2026-06-08,XMSH0001,1,True,10,2.2,1.0834567901234569,7.5,0.4235983385561934
6,2026-06-08,XXGP0002,1,True,7,3.142857142857143,0.40010252466999874,7.285714285714286,0.6854531607006852
6,2026-06-08,XYJ0001,1,True,9,2.4444444444444446,1.1522491349480972,3.7777777777777777,0.6291821561338289
6,2026-06-08,XYMGPD0001,1,True,11,2.0,0.4072664359861592,3.090909090909091,0.7171339563445054
6,2026-06-08,XYMGPD0002,1,True,11,2.0,0.29150000000000004,1.8181818181818181,0.36925795053003535
6,2026-06-08,XYMLRY00001,1,True,10,2.2,0.19097222222222227,1.6,0.045454545454545435
6,2026-06-08,XYMZD0017,0,False,0,inf,,,0.0
6,2026-06-08,XYMZG0016,0,False,0,inf,,,0.0
6,2026-06-08,YBB0001,2,True,14,7.428571428571429,0.384828467930961,2.7142857142857144,0.7618680641183724
6,2026-06-08,YDBZ001,1,True,38,3.3421052631578947,0.45019432655796277,2.8947368421052633,0.756884757060164
6,2026-06-08,YDBZ002,1,True,36,3.5277777777777777,1.06444686109738,3.5416666666666665,0.5339347079037801
6,2026-06-08,YDBZLV0001AMDE,2,True,9,11.555555555555555,0.25295857988165676,1.4444444444444444,0.34454545454545277
6,2026-06-08,YDBZWV0001AMDE,2,True,9,11.555555555555555,0.18,1.6666666666666667,0.4406227371469946
6,2026-06-08,YEC0009,1,True,11,2.0,0.4507755102040817,3.1818181818181817,0.5844594594594597
6,2026-06-08,YJL0002,0,False,3,34.666666666666664,0.0,1.0,0.31333333333333324
6,2026-06-08,YJLZHMV000AMDE,1,True,60,2.1166666666666667,0.5929271010497918,2.2666666666666666,0.44901377000372134
6,2026-06-08,YJX0022,0,False,3,34.666666666666664,0.18749999999999997,1.3333333333333333,0.3156146179401996
6,2026-06-08,YJX0023,0,False,2,52.0,0.024691358024691364,4.5,0.4777885079671672
6,2026-06-08,YJX0024,2,True,5,20.8,0.24793388429752056,2.2,0.31716678297278467
6,2026-06-08,YJX0025,2,True,5,20.8,0.11718749999999996,1.6,0.10304789550072566
6,2026-06-08,YKLLW0004,0,False,3,34.666666666666664,1.9843749999999998,8.0,0.08266831268462557
6,2026-06-08,YKLLW0005,1,True,8,13.0,4.284822357663148,7.75,0.17271044368128302
6,2026-06-08,YKLLW0006,0,False,3,34.666666666666664,1.2070312500000002,5.333333333333333,0.2211969755222358
6,2026-06-08,YXBLJ0001,2,True,15,8.466666666666667,0.27696793002915465,1.4,0.4328358208955226
6,2026-06-08,ZBTZ0002,1,True,9,14.11111111111111,2.548828125000001,5.333333333333333,0.0754716981132078
6,2026-06-08,ZBTZ0003,2,True,9,14.11111111111111,0.7346938775510206,1.5555555555555556,0.2741935483870963
6,2026-06-08,ZJJSJBV001AMDE,2,True,21,4.9523809523809526,0.30374609781477624,1.4761904761904763,0.3154808444096945
6,2026-06-08,ZJJSJSV001AMDE,1,True,22,4.7272727272727275,0.8018812463256908,3.272727272727273,0.5733857264231101
6,2026-06-08,ZJJYZBV001AMDE,1,True,32,3.25,0.27262305072899223,2.71875,0.7206388841053889
6,2026-06-08,ZJJYZSJBV1AMDE,2,True,19,5.473684210526316,0.4015419501133788,1.8421052631578947,0.46826995718962744
6,2026-06-08,ZJJYZSJSV1AMDE,2,True,9,11.555555555555555,0.4641795481569559,6.444444444444445,0.8021560172481382
6,2026-06-08,ZJJYZSJSV2AMDE,2,True,13,8.0,0.22600151171579744,1.6153846153846154,0.5914859862506602
6,2026-06-08,ZTD0001,2,True,14,9.071428571428571,0.29111531190926276,3.2857142857142856,0.5957402844341864
6,2026-06-08,ZTD0003,1,True,34,3.735294117647059,0.6497780704982922,2.7941176470588234,0.8015268465733842
6,2026-06-08,ZTD0004,0,False,0,inf,,,0.0
6,2026-06-08,xgx0013,0,False,2,11.0,0.7199999999999998,2.5,-0.07530120481927713
6,2026-06-08,xgx0014,1,True,11,2.0,0.4444444444444444,3.0,-0.04211960256130531
6,2026-06-08,xgx0015,1,True,15,1.4666666666666666,0.7871720116618077,2.8,-0.25431066246517914
6,2026-06-08,xgx0016,1,True,17,1.2941176470588236,0.6985937499999999,2.3529411764705883,0.07752333877584502
6,2026-06-08,xymzd0015,1,True,20,1.1,0.44560436904934536,3.3,0.558344208675859
6,2026-06-08,xymzd0016,0,False,0,inf,,,0.0
6,2026-06-08,zxy0002,0,False,1,22.0,,1.0,-0.05000000000000001
