origin_index,origin,sku,cluster,demand_profile,model,mase_scale,ses_alpha,adida_ses_alpha,mase,mae,wape,bias_units,bias_ratio,actual_sum,forecast_sum,abs_error_sum,signed_error_sum,aggregation_weeks
1,2025-09-01,BLJZ0001,0,low_information,ADIDA2,0.0,0.999999970046711,0.999999970046711,,0.5,1.0,-0.5,-1.0,4.0,0.0,4.0,-4.0,2
1,2025-09-01,BLP0001,0,low_information,ADIDA2,0.4186046511627907,0.15392894057838333,0.09158513618114916,15.842478018243991,6.631734984381206,0.8842313312508274,-6.263469968762411,-0.8351293291683215,60.0,9.892240249900716,53.053879875049645,-50.10775975009929,2
1,2025-09-01,BLP0002,0,low_information,ADIDA2,0.06976744186046512,0.30482971572722395,0.999999970046711,23.291666666666668,1.625,0.8666666666666667,-0.8750000000000004,-0.4666666666666669,15.0,7.9999999999999964,13.0,-7.0000000000000036,2
1,2025-09-01,BLP0003,0,low_information,ADIDA2,0.0,0.999999970046711,0.999999970046711,,0.25,1.0,-0.25,-1.0,2.0,0.0,2.0,-2.0,2
1,2025-09-01,BLP0004,0,low_information,ADIDA2,0.0,0.999999970046711,0.999999970046711,,0.0,,0.0,,0.0,0.0,0.0,0.0,2
1,2025-09-01,CBJZ0001,0,low_information,ADIDA2,0.023255813953488372,1.0037376640824323e-06,1.0037376640824323e-06,2.1579883240356553e-05,5.018577497757338e-07,,5.018577497757338e-07,,0.0,4.01486199820587e-06,4.01486199820587e-06,4.01486199820587e-06,2
1,2025-09-01,CLSSLT0003,2,cluster_2,ADIDA2,0.16279069767441862,0.8945959352431475,0.29358737759323755,2.8131010070436657,0.45794667556524793,1.2211911348406612,-0.20910664886950417,-0.5576177303186778,3.0,1.3271468090439664,3.6635734045219834,-1.6728531909560334,2
1,2025-09-01,CLSSLT0006,2,cluster_2,ADIDA2,0.18604651162790697,0.31766812023556834,0.677540416680424,10.434843536033352,1.941366239262019,1.941366239262019,1.9218216523493585,1.9218216523493585,8.0,23.37457321879487,15.530929914096152,15.374573218794868,2
1,2025-09-01,CWW0002,1,cluster_1,ADIDA2,0.5348837209302325,0.999999970046711,0.8393765045201538,18.732996686614438,10.019974971910047,1.29289999637549,5.329899887640188,0.6877290177600243,62.0,104.6391991011215,80.15979977528038,42.639199101121505,2
1,2025-09-01,DGNTYBV001AMDE,0,low_information,ADIDA2,0.046511627906976744,0.016381424479879763,0.03637589246767145,0.4743293637478497,0.022061830871993007,,0.022061830871993007,,0.0,0.17649464697594405,0.17649464697594405,0.17649464697594405,2
1,2025-09-01,DHZXCZP0001,1,cluster_1,ADIDA2,0.36046511627906974,0.5735570421407229,0.6802319629621225,5.548188120773418,1.9999282760927435,0.8420750636179972,1.7915710347903246,0.7543456988590841,19.0,33.3325682783226,15.999426208741948,14.332568278322597,2
1,2025-09-01,DRMJJ0020,2,cluster_2,ADIDA2,0.09302325581395349,0.2893853310418987,0.33333334060387654,17.468749973947222,1.6249999975764857,0.8666666653741257,-1.3749999951529714,-0.7333333307482515,15.0,4.000000038776229,12.999999980611886,-10.999999961223772,2
1,2025-09-01,DRMJJ0021,2,cluster_2,ADIDA2,0.16279069767441862,0.6827646992216674,0.37642128607044867,7.866367500753454,1.2805714536110275,,1.2805714536110275,,0.0,10.24457162888822,10.24457162888822,10.24457162888822,2
1,2025-09-01,DRMJJ0022,1,cluster_1,ADIDA2,0.29069767441860467,0.15662440574732775,0.3561096337274394,4.745252878396991,1.3794339762781953,1.3794339762781953,-0.24113204744360883,-0.24113204744360883,8.0,6.0709436204511285,11.035471810225562,-1.9290563795488707,2
1,2025-09-01,DRMJJ0023,1,cluster_1,ADIDA2,0.4069767441860465,0.3543273104633113,0.4816346516924232,10.02038260961638,4.078062689960155,0.9886212581721587,-4.03112537992031,-0.9772425163443175,33.0,0.7509969606375165,32.62450151968124,-32.24900303936248,2
1,2025-09-01,DRMJJ0024,0,low_information,ADIDA2,0.046511627906976744,0.024976184026298014,0.05770540196482513,0.8746544004676446,0.04068160002175091,,0.04068160002175091,,0.0,0.3254528001740073,0.3254528001740073,0.3254528001740073,2
1,2025-09-01,DRMJJ0025,2,cluster_2,ADIDA2,0.20930232558139536,0.4453989781644892,0.999999970046711,7.155508132618133e-08,1.497664492873563e-08,,1.497664492873563e-08,,0.0,1.1981315942988503e-07,1.1981315942988503e-07,1.1981315942988503e-07,2
1,2025-09-01,DRMJJ0026,0,low_information,ADIDA2,0.0,0.999999970046711,0.999999970046711,,2.25,1.0,-2.25,-1.0,18.0,0.0,18.0,-18.0,2
1,2025-09-01,DRMJJ0027,0,low_information,ADIDA2,0.0,0.999999970046711,0.999999970046711,,1.25,1.0,-1.25,-1.0,10.0,0.0,10.0,-10.0,2
1,2025-09-01,ETZP0003,0,low_information,ADIDA2,0.0,0.999999970046711,0.999999970046711,,1.25,1.0,-1.25,-1.0,10.0,0.0,10.0,-10.0,2
1,2025-09-01,ETZP0004,2,cluster_2,ADIDA2,0.2558139534883721,0.19928091158835884,0.3866869357451788,2.9186672204779893,0.7466358005873927,0.3733179002936963,-0.32884773411652346,-0.16442386705826173,16.0,13.369218127067812,5.973086404699141,-2.6307818729321877,2
1,2025-09-01,FDBLHP0001,2,cluster_2,ADIDA2,0.18604651162790697,0.9467974486208701,0.9999999691707924,14.781250186420364,2.7500000346828584,3.666666712910478,2.250000046243811,3.000000061658415,6.0,24.000000369950488,22.000000277462867,18.000000369950488,2
1,2025-09-01,FDBLP0001,1,cluster_1,ADIDA2,0.6976744186046512,0.999999970046711,0.24401806347383717,2.71606247936012,1.8949273111814793,0.7218770709262778,1.7349030815753057,0.6609154596477355,21.0,34.879224652602446,15.159418489451834,13.879224652602446,2
1,2025-09-01,FRC0002,1,cluster_1,ADIDA2,0.46511627906976744,0.999999970046711,0.9293025313228029,2.7505072918905172e-25,1.27930571715838e-25,,1.27930571715838e-25,,0.0,1.023444573726704e-24,1.023444573726704e-24,1.023444573726704e-24,2
1,2025-09-01,FRC0003,1,cluster_1,ADIDA2,0.6976744186046512,0.5612465588062011,0.15275924046069683,1.1832762623434985,0.825541578379185,2.20144420901116,0.5260831567583699,1.4028884180223198,3.0,7.208665254066959,6.60433262703348,4.208665254066959,2
1,2025-09-01,FRC0010,2,cluster_2,ADIDA2,0.16279069767441862,0.11423834611285523,0.09949266447011502,0.43593373110414047,0.07096595622625543,,0.07096595622625543,,0.0,0.5677276498100434,0.5677276498100434,0.5677276498100434,2
1,2025-09-01,FRC0011,0,low_information,ADIDA2,0.023255813953488372,1.0037376640824323e-06,1.0037376640824323e-06,2.1579731617021954e-05,5.018542236516734e-07,,5.018542236516734e-07,,0.0,4.014833789213387e-06,4.014833789213387e-06,4.014833789213387e-06,2
1,2025-09-01,FRH0001,1,cluster_1,ADIDA2,1.044186046511628,0.46190876761142746,0.4941391509582315,0.0005519457932954642,0.000576334095789915,,0.000576334095789915,,0.0,0.00461067276631932,0.00461067276631932,0.00461067276631932,2
1,2025-09-01,FRH0002,1,cluster_1,ADIDA2,0.9767441860465116,0.2658683667371615,0.44269735202871396,0.0014149940943634057,0.0013820872549596055,,0.0013820872549596055,,0.0,0.011056698039676844,0.011056698039676844,0.011056698039676844,2
1,2025-09-01,FRH0003,1,cluster_1,ADIDA2,1.6046511627906976,0.45385099259137185,0.5979011459183076,0.004985543476124695,0.008000058136107067,,0.008000058136107067,,0.0,0.06400046508885654,0.06400046508885654,0.06400046508885654,2
1,2025-09-01,FRH0004,1,cluster_1,ADIDA2,0.6511627906976745,0.47680741522145365,0.9147945275704406,5.1946633409280164e-20,3.3825714778135924e-20,,3.3825714778135924e-20,,0.0,2.706057182250874e-19,2.706057182250874e-19,2.706057182250874e-19,2
1,2025-09-01,FRH0012,0,low_information,ADIDA2,0.09302325581395349,0.005068216930937489,0.010570290814407014,0.17475064242286883,0.01625587371375524,,0.01625587371375524,,0.0,0.13004698971004192,0.13004698971004192,0.13004698971004192,2
1,2025-09-01,FRH0028,1,cluster_1,ADIDA2,0.6046511627906976,0.19690259711636848,0.3430295836079556,0.652728957522984,0.3946733231534322,1.052462195075819,-0.2963067073862713,-0.7901512196967234,3.0,0.6295463409098299,3.1573865852274574,-2.3704536590901704,2
1,2025-09-01,FRH0029,1,cluster_1,ADIDA2,0.5581395348837209,0.21409321471591203,0.4415306977141543,0.4613411160362054,0.2574927159271844,1.0299708637087377,-0.23501456814563115,-0.9400582725825246,2.0,0.11988345483495065,2.0599417274174754,-1.8801165451650492,2
1,2025-09-01,FRH0031,2,cluster_2,ADIDA2,0.2558139534883721,0.038009232664359384,0.06301336855164115,0.4815865486506324,0.12319655895713852,,0.12319655895713852,,0.0,0.9855724716571082,0.9855724716571082,0.9855724716571082,2
1,2025-09-01,FRH0033,1,cluster_1,ADIDA2,3.161627906976744,0.18306956897944007,0.3443416059136188,0.9390426922026107,2.968903581510347,0.6250323329495467,-0.8743856739586118,-0.1840811945176025,38.0,31.004914608331106,23.751228652082776,-6.995085391668894,2
1,2025-09-01,FRH0034,1,cluster_1,ADIDA2,1.172093023255814,0.22772563376290927,0.4807299704041221,0.6980870872296531,0.8182230045668493,0.6545784036534794,-0.6742973394224656,-0.5394378715379725,10.0,4.605621284620275,6.545784036534794,-5.394378715379725,2
1,2025-09-01,FRH0035,2,cluster_2,ADIDA2,0.3023255813953488,0.3126932202067317,0.47268146386462107,2.8039083853556037e-06,8.476932327819267e-07,,8.476932327819267e-07,,0.0,6.781545862255413e-06,6.781545862255413e-06,6.781545862255413e-06,2
1,2025-09-01,FRH0036,0,low_information,ADIDA2,0.046511627906976744,0.999999970046711,0.013842470101059963,0.6099787954777861,0.028371106766408655,,0.028371106766408655,,0.0,0.22696885413126924,0.22696885413126924,0.22696885413126924,2
1,2025-09-01,FRH0037,2,cluster_2,ADIDA2,0.18604651162790697,0.3132762825500681,0.4856707314500764,3.94169427550905e-06,7.333384698621489e-07,,7.333384698621489e-07,,0.0,5.866707758897191e-06,5.866707758897191e-06,5.866707758897191e-06,2
1,2025-09-01,FRH0040,1,cluster_1,ADIDA2,0.813953488372093,0.3824010165202574,0.35160389827380983,0.005821802810816597,0.004738676706478625,,0.004738676706478625,,0.0,0.037909413651829,0.037909413651829,0.037909413651829,2
1,2025-09-01,FRH0042,2,cluster_2,ADIDA2,0.18604651162790697,0.5711523970024919,0.11446007871932636,1.268644013013912,0.23602679311886735,,0.23602679311886735,,0.0,1.8882143449509388,1.8882143449509388,1.8882143449509388,2
1,2025-09-01,FRH0043,2,cluster_2,ADIDA2,0.12790697674418605,0.04206445723787601,0.07488934987515171,3.146774485567899,0.40249441094473126,1.07331842918595,-0.26502235622107495,-0.7067262832561999,3.0,0.8798211502314006,3.21995528755785,-2.1201788497685996,2
1,2025-09-01,FRH0044,2,cluster_2,ADIDA2,0.36046511627906974,0.06730767598446621,0.13681574319794665,1.1919001034858236,0.4296384093960527,3.4371072751684215,0.2811845458614036,2.249476366891229,1.0,3.249476366891229,3.4371072751684215,2.249476366891229,2
1,2025-09-01,FRH0045,1,cluster_1,ADIDA2,0.8372093023255814,0.999999970046711,0.09461580926723008,0.9479965404780389,0.7936715222606838,,0.7936715222606838,,0.0,6.349372178085471,6.349372178085471,6.349372178085471,2
1,2025-09-01,FRH0046,1,cluster_1,ADIDA2,0.5697674418604651,0.1265360731766308,0.22729118241737842,1.2057146418685472,0.686976947111149,0.7851165109841702,-0.12290778844459593,-0.14046604393668108,7.0,6.0167376924432325,5.495815576889192,-0.9832623075567675,2
1,2025-09-01,FRH0047,2,cluster_2,ADIDA2,0.4418604651162791,0.45614257404409114,0.15116341290824784,0.4548379706812269,0.2009749172777514,,0.2009749172777514,,0.0,1.6077993382220113,1.6077993382220113,1.6077993382220113,2
1,2025-09-01,FRH0048,1,cluster_1,ADIDA2,2.2945736434108523,0.3213631420889075,0.5964432789987504,0.8326297932795116,1.9105303783777936,0.3821060756755587,0.6421215135111744,0.12842430270223487,40.0,45.136972108089395,15.284243027022349,5.136972108089395,2
1,2025-09-01,FRH0049,2,cluster_2,ADIDA2,0.18604651162790697,0.18047706566260927,0.713291908519379,3.1603561168043057e-12,5.879732310333592e-13,,5.879732310333592e-13,,0.0,4.703785848266873e-12,4.703785848266873e-12,4.703785848266873e-12,2
1,2025-09-01,FRH0050,1,cluster_1,ADIDA2,0.9767441860465116,0.07810878584802297,0.1547173798515579,1.4260764004719615,1.392911833019125,0.8571765126271539,-0.5533526679234998,-0.34052471872215373,13.0,8.573178656612003,11.143294664153,-4.426821343387998,2
1,2025-09-01,FRH0051,1,cluster_1,ADIDA2,1.930232558139535,0.3712549958005612,0.3846851623312357,0.61053737175841,1.1784791129290242,0.29461977823225605,-0.7139164517160972,-0.1784791129290243,32.0,26.288668386271222,9.427832903432193,-5.7113316137287775,2
1,2025-09-01,FRH0052,0,low_information,ADIDA2,0.06976744186046512,0.012916354228759317,0.027146142470102632,0.33722752923333676,0.023527502039535124,,0.023527502039535124,,0.0,0.188220016316281,0.188220016316281,0.188220016316281,2
1,2025-09-01,FRH0056,1,cluster_1,ADIDA2,3.2906976744186047,0.6176014475648581,0.3067433321613869,1.2118075783208953,3.9876923798234114,0.46914027997922486,3.816923173097882,0.44904978507033905,68.0,98.53538538478305,31.90153903858729,30.535385384783055,2
1,2025-09-01,FRH0056-1,0,low_information,ADIDA2,0.0,0.999999970046711,0.999999970046711,,0.125,1.0,-0.125,-1.0,1.0,0.0,1.0,-1.0,2
1,2025-09-01,FRH0058,0,low_information,ADIDA2,0.16279069767441862,0.00914237538477502,0.019337105813347237,0.26463897671740233,0.04308076365167015,,0.04308076365167015,,0.0,0.3446461092133612,0.3446461092133612,0.3446461092133612,2
1,2025-09-01,FRH0059,1,cluster_1,ADIDA2,1.441860465116279,0.7740855101521162,0.999999970046711,1.6471774141613251,2.374999992511678,0.9999999968470223,-2.3749999700467113,-0.9999999873880889,19.0,2.3962631168217264e-07,18.999999940093424,-18.99999976037369,2
1,2025-09-01,FRH0064,0,low_information,ADIDA2,0.2441860465116279,0.15829543780110425,1.0037376640824323e-06,11.773788971106555,2.874994981316717,0.999998254371032,-2.8749899626334336,-0.9999965087420639,23.0,8.029893252745071e-05,22.999959850533735,-22.99991970106747,2
1,2025-09-01,FRH0065,2,cluster_2,ADIDA2,0.13953488372093023,0.999999970046711,0.9999999808980665,16.12500013689719,2.2500000191019334,9.000000076407733,2.2500000191019334,9.000000076407733,2.0,20.000000152815467,18.000000152815467,18.000000152815467,2
1,2025-09-01,FRH0068,0,low_information,ADIDA2,0.0,0.999999970046711,0.999999970046711,,0.375,1.0,-0.375,-1.0,3.0,0.0,3.0,-3.0,2
1,2025-09-01,FRW00011,2,cluster_2,ADIDA2,0.18604651162790697,0.05582577318583486,0.11785384264315717,1.3211729405440753,0.24579961684540935,,0.24579961684540935,,0.0,1.9663969347632748,1.9663969347632748,1.9663969347632748,2
1,2025-09-01,FRW0005,1,cluster_1,ADIDA2,1.302325581395349,0.33367913863323584,0.4245519458291323,1.6316964285714284,2.125,0.4857142857142857,-0.06265905746583922,-0.014322070277906107,35.0,34.498727540273286,17.0,-0.5012724597267137,2
1,2025-09-01,FRW0006,1,cluster_1,ADIDA2,2.755813953488372,0.3103176637139227,0.5320239420886294,1.047879384916157,2.887760630524758,0.481293438420793,-1.7755212610495157,-0.29592021017491926,48.0,33.795829911603875,23.102085044198063,-14.204170088396125,2
1,2025-09-01,FRW0007,0,low_information,ADIDA2,0.09302325581395349,0.10827915483595939,0.2810579030270016,0.004637463293167984,0.0004313919342481846,,0.0004313919342481846,,0.0,0.003451135473985477,0.003451135473985477,0.003451135473985477,2
1,2025-09-01,FRW0008,0,low_information,ADIDA2,0.05813953488372093,0.19122362563702702,0.2928932115712685,3.040559127960762,0.17677669348609082,,0.17677669348609082,,0.0,1.4142135478887266,1.4142135478887266,1.4142135478887266,2
1,2025-09-01,FRW0009,2,cluster_2,ADIDA2,0.11627906976744186,0.6705378029100073,0.6472599281461534,3.425209826662523,0.39828021240261896,1.062080566406984,-0.28187915038952416,-0.7516777343720644,3.0,0.7449667968838071,3.1862416992209517,-2.2550332031161933,2
1,2025-09-01,FRW0011,2,cluster_2,ADIDA2,0.11627906976744186,0.30130908893506597,0.529382196266186,3.9977501281945605e-07,4.648546660691349e-08,,4.648546660691349e-08,,0.0,3.7188373285530793e-07,3.7188373285530793e-07,3.7188373285530793e-07,2
1,2025-09-01,FRW0013,1,cluster_1,ADIDA2,0.23255813953488372,0.6077441631802007,0.999999970046711,5.248025291793182e-196,1.2204709980914376e-196,,1.2204709980914376e-196,,0.0,9.763767984731501e-196,9.763767984731501e-196,9.763767984731501e-196,2
1,2025-09-01,FRW0014,2,cluster_2,ADIDA2,0.09302325581395349,0.5046368422950996,0.999999970046711,2.6240124494020796e-195,2.440941813397283e-196,,2.440941813397283e-196,,0.0,1.9527534507178266e-195,1.9527534507178266e-195,1.9527534507178266e-195,2
1,2025-09-01,FRW0015,1,cluster_1,ADIDA2,1.1395348837209303,0.9999999776953862,0.6524330241165088,0.17182607976913775,0.19580181182994766,,0.19580181182994766,,0.0,1.5664144946395813,1.5664144946395813,1.5664144946395813,2
1,2025-09-01,FRW0016,2,cluster_2,ADIDA2,0.32558139534883723,0.10470354623163303,0.25053389785631514,0.019862191159011208,0.006466759912236208,,0.006466759912236208,,0.0,0.05173407929788967,0.05173407929788967,0.05173407929788967,2
1,2025-09-01,FRW0017,2,cluster_2,ADIDA2,0.18604651162790697,0.8427629966898774,0.999999970046711,5.849339801486301e-180,1.0882492653928e-180,,1.0882492653928e-180,,0.0,8.7059941231424e-180,8.7059941231424e-180,8.7059941231424e-180,2
1,2025-09-01,FRW0020,2,cluster_2,ADIDA2,0.06976744186046512,0.2581686635777136,0.32920226793803503,0.00023223083431104505,1.6202151231003142e-05,,1.6202151231003142e-05,,0.0,0.00012961720984802514,0.00012961720984802514,0.00012961720984802514,2
1,2025-09-01,FRW0021,0,low_information,ADIDA2,0.09302325581395349,0.023044379316723377,0.048731390365640545,0.5531243471574722,0.05145342764255555,,0.05145342764255555,,0.0,0.4116274211404444,0.4116274211404444,0.4116274211404444,2
1,2025-09-01,FRW0022,0,low_information,ADIDA2,0.09302325581395349,0.021014618302552933,0.02368232205875133,0.4306847317476726,0.04006369597652768,,0.04006369597652768,,0.0,0.32050956781222145,0.32050956781222145,0.32050956781222145,2
1,2025-09-01,FRW0023,2,cluster_2,ADIDA2,0.16279069767441862,0.06534119244656392,0.10200204280352855,1.7524183148688932,0.28527740009493613,2.282219200759489,0.0887032001265815,0.709625601012652,1.0,1.709625601012652,2.282219200759489,0.709625601012652,2
1,2025-09-01,FRW0024,0,low_information,ADIDA2,0.0,0.999999970046711,0.999999970046711,,1.625,1.0,-1.625,-1.0,13.0,0.0,13.0,-13.0,2
1,2025-09-01,FSTBY001,0,low_information,ADIDA2,0.0,0.999999970046711,0.999999970046711,,0.0,,0.0,,0.0,0.0,0.0,0.0,2
1,2025-09-01,FZGLS0001,0,low_information,ADIDA2,0.0,0.999999970046711,0.999999970046711,,0.0,,0.0,,0.0,0.0,0.0,0.0,2
1,2025-09-01,FZGLS0002,0,low_information,ADIDA2,0.023255813953488372,0.05131670202135952,1.0037376640824323e-06,4.3160546267646176e-05,1.0037336341313065e-06,,1.0037336341313065e-06,,0.0,8.029869073050452e-06,8.029869073050452e-06,8.029869073050452e-06,2
1,2025-09-01,FZLRICBHP0001,2,cluster_2,ADIDA2,0.11627906976744186,0.8745274989998653,0.7826383936812281,2.1505232212694545,0.2500608396824947,1.0002433587299788,-0.24987832063501056,-0.9995132825400422,2.0,0.0009734349199155717,2.0004867174599577,-1.9990265650800845,2
1,2025-09-01,FZLRJ0001,2,cluster_2,ADIDA2,0.3953488372093023,0.45066175741060066,0.999999970046711,2.5294118215290347,1.0000000224649672,4.000000089859869,0.7500000299532898,3.0000001198131594,2.0,8.000000239626319,8.000000179719738,6.000000239626319,2
1,2025-09-01,FZLRJ0001double,0,low_information,ADIDA2,0.046511627906976744,0.04388123447545769,0.10557280868466212,1.3759999980590008,0.06399999990972097,,0.06399999990972097,,0.0,0.5119999992777677,0.5119999992777677,0.5119999992777677,2
1,2025-09-01,FZLRJ0002,1,cluster_1,ADIDA2,0.46511627906976744,0.37477836917122676,0.5064883357153879,2.217899379359643,1.0315811066789036,1.1789498362044613,0.9381622133578071,1.0721853866946367,7.0,14.505297706862457,8.252648853431229,7.505297706862457,2
1,2025-09-01,FZLRJ0002double,2,cluster_2,ADIDA2,0.13953488372093023,0.09187410002901394,0.09292933987939005,1.6655527798620897,0.2324027134691288,,0.2324027134691288,,0.0,1.8592217077530304,1.8592217077530304,1.8592217077530304,2
1,2025-09-01,GJMJSLW001,1,cluster_1,ADIDA2,2.7209302325581395,0.1722808127039225,0.4310225588390426,0.0007707892058183036,0.0020972636530405004,,0.0020972636530405004,,0.0,0.016778109224324003,0.016778109224324003,0.016778109224324003,2
1,2025-09-01,GJMJSW001,0,low_information,ADIDA2,0.023255813953488372,1.0037376640824323e-06,1.0037376640824323e-06,2.157990490091989e-05,5.018582535097648e-07,,5.018582535097648e-07,,0.0,4.014866028078119e-06,4.014866028078119e-06,4.014866028078119e-06,2
1,2025-09-01,GJMJWJX001,1,cluster_1,ADIDA2,5.542635658914728,0.20489446008275236,0.3257758026873703,1.0880220926711697,6.030510048526249,0.6347905314238157,-5.8740133980349984,-0.6183171997931577,76.0,29.007892815720012,48.244080388209994,-46.99210718427999,2
1,2025-09-01,GJMJWJXW001,1,cluster_1,ADIDA2,7.046511627906977,0.3757313149779135,0.999999970046711,0.8869636963696369,6.25,1.0,-6.25,-1.0,50.0,3.023046021744695e-119,50.0,-50.0,2
1,2025-09-01,GJMUSDW001,0,low_information,ADIDA2,0.023255813953488372,0.6180343707159061,1.0037376640824323e-06,4.315985312300994e-05,1.0037175144886031e-06,,1.0037175144886031e-06,,0.0,8.029740115908825e-06,8.029740115908825e-06,8.029740115908825e-06,2
1,2025-09-01,HLGKSLT0001,2,cluster_2,ADIDA2,0.5465116279069767,0.1661527645767813,0.41193779257932017,6.282855502378666,3.433653588509271,0.7043391976429274,-3.433653588509271,-0.7043391976429274,39.0,11.530771291925827,27.46922870807417,-27.46922870807417,2
1,2025-09-01,HSAKSLT0001,2,cluster_2,ADIDA2,0.18604651162790697,0.10740099244920731,0.25067599800968354,2.552825253474707,0.4749442332045966,,0.4749442332045966,,0.0,3.799553865636773,3.799553865636773,3.799553865636773,2
1,2025-09-01,HWZDSKL0001,1,cluster_1,ADIDA2,1.4069767441860466,0.147014764356683,0.16556589990332568,3.1211000732608283,4.391315219355351,,4.391315219355351,,0.0,35.13052175484281,35.13052175484281,35.13052175484281,2
1,2025-09-01,HWZDSKL0002,2,cluster_2,ADIDA2,0.2558139534883721,0.704660252278919,0.08386106203121432,2.6153425909578627,0.6690411279194532,2.676164511677813,0.3087215038926042,1.2348860155704169,2.0,4.469772031140834,5.352329023355626,2.4697720311408338,2
1,2025-09-01,HZSN0001,1,cluster_1,ADIDA2,0.8255813953488372,0.5799169307235311,0.999999970046711,2.119718300788791,1.7499999925116763,0.6999999970046705,-0.9999999850233525,-0.399999994009341,20.0,12.00000011981318,13.99999994009341,-7.99999988018682,2
1,2025-09-01,JZJ00011,2,cluster_2,ADIDA2,0.16279069767441862,0.999999970046711,0.999999970046711,14.58928550728708,2.374999966302548,0.9999999858115992,-2.374999955070064,-0.9999999810821322,19.0,3.5943948905604737e-07,18.999999730420384,-18.99999964056051,2
1,2025-09-01,JZJ00012,1,cluster_1,ADIDA2,0.9186046511627907,0.6983298411252118,0.5769590474926032,2.898709376103441,2.662767915257812,0.6086326663446427,1.2005358305156237,0.27440818983214255,35.0,44.60428664412499,21.302143322062495,9.60428664412499,2
1,2025-09-01,JZJ0002,1,cluster_1,ADIDA2,1.5813953488372092,0.9935892382472378,0.5706124437087657,1.7281884699373733,2.7329492082730553,0.39042131546757936,1.9658984165461106,0.28084263093515865,56.0,71.72718733236889,21.863593666184443,15.727187332368885,2
1,2025-09-01,JZJ0003,1,cluster_1,ADIDA2,2.9302325581395348,0.4953555154574781,0.4203196991426173,1.6481037386892865,4.829327234298839,0.31410258434463995,4.442308937195357,0.2889306625818118,123.0,158.53847149756285,38.63461787439071,35.53847149756285,2
1,2025-09-01,JZJ0004,2,cluster_2,ADIDA2,0.32558139534883723,0.12954000680816158,0.2219143474880114,1.9473289920540282,0.6340140904361953,,0.6340140904361953,,0.0,5.072112723489562,5.072112723489562,5.072112723489562,2
1,2025-09-01,JZJ0005,1,cluster_1,ADIDA2,0.6434108527131783,0.35053969825704345,0.4440480408418366,3.8636715996167683,2.4859282385131145,,2.4859282385131145,,0.0,19.887425908104916,19.887425908104916,19.887425908104916,2
1,2025-09-01,JZJ0008,1,cluster_1,ADIDA2,0.9651162790697675,0.5879063331281305,0.5416529689210644,2.4751159249168313,2.388774671722058,0.42467105275058814,-0.6525493434441163,-0.1160087721678429,45.0,39.77960525244707,19.110197373776465,-5.22039474755293,2
1,2025-09-01,JZJ0009,1,cluster_1,ADIDA2,1.6046511627906976,0.9999999744596778,0.5970521447633342,4.039109814958962,6.481362261213219,0.23356260400768356,-5.675449044852876,-0.20452068630100453,222.0,176.596407641177,51.85089808970575,-45.403592358823005,2
1,2025-09-01,JZJ0013,1,cluster_1,ADIDA2,2.604651162790698,0.9999999798379594,0.8993220706755205,1.9458045176117993,5.068141999360966,0.26851083440323,2.0112839987219324,0.1065580926475196,151.0,167.09027198977546,40.54513599488773,16.09027198977546,2
1,2025-09-01,JZJ0014,0,low_information,ADIDA2,0.20930232558139536,0.07475832861204303,0.19413245294154025,2.913067349307764,0.609711770785346,4.877694166282768,0.521282361047128,4.170258888377024,1.0,5.170258888377024,4.877694166282768,4.170258888377024,2
1,2025-09-01,JZJ0016,1,cluster_1,ADIDA2,1.0,0.3026479165169341,0.41323471229437103,2.0301177375090607,2.0301177375090607,0.6015163666693513,-0.995470950036243,-0.29495435556629424,27.0,19.036232399710055,16.240941900072485,-7.963767600289944,2
1,2025-09-01,JZJ0017,2,cluster_2,ADIDA2,0.10465116279069768,0.6012043605885914,0.06086634194335698,5.137198841831986,0.5376138322847428,1.0752276645694856,-0.3495446708610287,-0.6990893417220574,4.0,1.2036426331117707,4.300910658277942,-2.7963573668882296,2
1,2025-09-01,JZJ0018,2,cluster_2,ADIDA2,0.09302325581395349,0.9999999752433224,0.999999970046711,36.281249637752396,3.374999966302548,2.249999977535032,2.999999955070064,1.9999999700467093,12.0,35.99999964056051,26.999999730420384,23.99999964056051,2
1,2025-09-01,JZJ0019,1,cluster_1,ADIDA2,0.3023255813953488,0.6345887055452349,0.999999970046711,16.951922878770546,5.124999940093421,0.9999999883109114,-5.124999940093421,-0.9999999883109114,41.0,4.792526341307404e-07,40.999999520747366,-40.999999520747366,2
1,2025-09-01,JZQCQ001,1,cluster_1,ADIDA2,3.0930232558139537,0.5424169412561594,0.8628666073151083,2.1942524388045117e-05,6.786873822348838e-05,,6.786873822348838e-05,,0.0,0.0005429499057879071,0.0005429499057879071,0.0005429499057879071,2
1,2025-09-01,JZQCQ003,1,cluster_1,ADIDA2,4.27906976744186,0.4473888879767528,0.5761301901895268,0.06513061556906394,0.2786984480164596,,0.2786984480164596,,0.0,2.229587584131677,2.229587584131677,2.229587584131677,2
1,2025-09-01,JZQCQ004,1,cluster_1,ADIDA2,0.7674418604651163,0.6264763771406808,0.999999970046711,5.845390914161346e-15,4.4859976783098706e-15,,4.4859976783098706e-15,,0.0,3.5887981426478965e-14,3.5887981426478965e-14,3.5887981426478965e-14,2
1,2025-09-01,KFZ0001,2,cluster_2,ADIDA2,0.13953488372093023,0.05487958299071957,0.1440711183734617,1.3591137196876335,0.1896437748401349,,0.1896437748401349,,0.0,1.5171501987210791,1.5171501987210791,1.5171501987210791,2
1,2025-09-01,KZCWBG001,2,cluster_2,ADIDA2,0.20930232558139536,0.8116033269806108,0.40117529593083895,2.986111111111111,0.625,1.0,-0.11888583814004794,-0.1902173410240767,5.0,4.0489132948796165,5.0,-0.9510867051203835,2
1,2025-09-01,LRKF0001,1,cluster_1,ADIDA2,0.4883720930232558,0.7869556051534478,0.8847925400523585,2.2796895617885097e-17,1.1133367627339233e-17,,1.1133367627339233e-17,,0.0,8.906694101871387e-17,8.906694101871387e-17,8.906694101871387e-17,2
1,2025-09-01,LTKF0002,2,cluster_2,ADIDA2,0.046511627906976744,0.9999999638290566,0.585786449215478,7.198739878905e-07,3.3482511064674416e-08,,3.3482511064674416e-08,,0.0,2.678600885173953e-07,2.678600885173953e-07,2.678600885173953e-07,2
1,2025-09-01,LTKF0003B,0,low_information,ADIDA2,0.023255813953488372,1.0037376640824323e-06,1.0037376640824323e-06,2.157992656150497e-05,5.018587572443016e-07,,5.018587572443016e-07,,0.0,4.014870057954413e-06,4.014870057954413e-06,4.014870057954413e-06,2
1,2025-09-01,LTKF0005A,2,cluster_2,ADIDA2,0.27906976744186046,0.1062201184401955,0.1808158760615741,1.4899925891602022,0.41581188534703317,,0.41581188534703317,,0.0,3.3264950827762654,3.3264950827762654,3.3264950827762654,2
1,2025-09-01,LTKF0006A,0,low_information,ADIDA2,0.023255813953488372,1.0037376640824323e-06,1.0037376640824323e-06,2.157990490091989e-05,5.018582535097648e-07,,5.018582535097648e-07,,0.0,4.014866028078119e-06,4.014866028078119e-06,4.014866028078119e-06,2
1,2025-09-01,LTKF0008,2,cluster_2,ADIDA2,0.18604651162790697,0.2310274719334674,0.4999999988313685,1.730024889036491e-05,3.2186509563469597e-06,,3.2186509563469597e-06,,0.0,2.5749207650775678e-05,2.5749207650775678e-05,2.5749207650775678e-05,2
1,2025-09-01,LTKF0009,2,cluster_2,ADIDA2,0.23255813953488372,0.2989118583128349,0.999999970046711,1.2129817706095876e-142,2.820887838626948e-143,,2.820887838626948e-143,,0.0,2.2567102709015584e-142,2.2567102709015584e-142,2.2567102709015584e-142,2
1,2025-09-01,LTKF0010,0,low_information,ADIDA2,0.046511627906976744,1.0037376640824323e-06,1.0037376640824323e-06,2.157992656150497e-05,1.0037175144886031e-06,,1.0037175144886031e-06,,0.0,8.029740115908825e-06,8.029740115908825e-06,8.029740115908825e-06,2
1,2025-09-01,LTKF0012,0,low_information,ADIDA2,0.06976744186046512,0.2679492007139013,0.02297032381770984,0.524436458041353,0.03658859009590835,,0.03658859009590835,,0.0,0.2927087207672668,0.2927087207672668,0.2927087207672668,2
1,2025-09-01,LTKF0016,0,low_information,ADIDA2,0.09302325581395349,0.011899595135088712,1.0037376640824323e-06,3.776490938869564e-05,3.5130148268554083e-06,,3.5130148268554083e-06,,0.0,2.8104118614843266e-05,2.8104118614843266e-05,2.8104118614843266e-05,2
1,2025-09-01,LTKF0018A,0,low_information,ADIDA2,0.06976744186046512,1.0037376640824323e-06,1.0037376640824323e-06,2.1579948222111793e-05,1.5055777829380321e-06,,1.5055777829380321e-06,,0.0,1.2044622263504257e-05,1.2044622263504257e-05,1.2044622263504257e-05,2
1,2025-09-01,LTKF0019,1,cluster_1,ADIDA2,0.686046511627907,0.28764658856118747,0.4421430649777491,1.4752573162301894,1.0120951355532695,1.6193522168852312,0.5577935140710257,0.8924696225136411,5.0,9.462348112568206,8.096761084426156,4.462348112568206,2
1,2025-09-01,LTKF0020,1,cluster_1,ADIDA2,2.872093023255814,0.6350562626080551,0.999999970046711,3.0030364372469633,8.625,0.41818181818181815,-0.12500025460295916,-0.0060606184049919595,165.0,163.99999796317633,69.0,-1.0000020368236733,2
1,2025-09-01,LTKF0021,1,cluster_1,ADIDA2,1.1162790697674418,0.3018212871860668,0.5492479981406211,2.3719739897266017,2.6477849187645788,0.5883966486143508,0.29556983752915755,0.06568218611759057,36.0,38.36455870023326,21.18227935011663,2.3645587002332604,2
1,2025-09-01,LTKF0022,1,cluster_1,ADIDA2,0.3023255813953488,0.4821632931235034,0.999999970046711,9.907626348397527e-08,2.9953288960271594e-08,,2.9953288960271594e-08,,0.0,2.3962631168217275e-07,2.3962631168217275e-07,2.3962631168217275e-07,2
1,2025-09-01,LTKF0022M,1,cluster_1,ADIDA2,0.37984496124031014,0.3094927325335728,0.5386510563267995,6.1745126551590355,2.3453575201766883,0.670102148621911,-2.3453575201766883,-0.670102148621911,28.0,9.237139838586492,18.762860161413506,-18.762860161413506,2
1,2025-09-01,LTKF0023,0,low_information,ADIDA2,0.023255813953488372,1.0037376640824323e-06,1.0037376640824323e-06,2.157990490091989e-05,5.018582535097648e-07,,5.018582535097648e-07,,0.0,4.014866028078119e-06,4.014866028078119e-06,4.014866028078119e-06,2
1,2025-09-01,LTKF0024A,2,cluster_2,ADIDA2,0.1744186046511628,0.350647933605773,0.5816747712903078,5.012444913174664,0.8742636476467438,6.99410918117395,0.874018196862325,6.9921455748986,1.0,7.9921455748986,6.99410918117395,6.9921455748986,2
1,2025-09-01,LTKF0031,1,cluster_1,ADIDA2,1.069767441860465,0.5721559337307549,0.999999970046711,2.2201086536524532,2.374999955070066,0.40425531150128785,-1.874999910140132,-0.3191489208749161,47.0,32.000000718878944,18.999999640560528,-14.999999281121056,2
1,2025-09-01,LTKF0047,1,cluster_1,ADIDA2,0.27906976744186046,0.5739187139596171,0.8472064025477253,0.3092331695037762,0.08629762869872824,,0.08629762869872824,,0.0,0.690381029589826,0.690381029589826,0.690381029589826,2
1,2025-09-01,LTKF0058,0,low_information,ADIDA2,0.0,0.999999970046711,0.999999970046711,,0.0,,0.0,,0.0,0.0,0.0,0.0,2
1,2025-09-01,LTKF0101,1,cluster_1,ADIDA2,1.069767441860465,0.5210241432411319,0.12130637637369658,4.290946155198735,4.590314491607948,0.6557592130868498,-3.180628983215896,-0.45437556903084225,56.0,30.554968134272833,36.72251593286359,-25.445031865727167,2
1,2025-09-01,LTKF0102,0,low_information,ADIDA2,0.03488372093023256,0.9999929909839739,0.999999970046711,32.24999935600429,1.1249999775350332,1.285714260040038,0.6249999550700664,0.7142856629372188,7.0,11.999999640560532,8.999999820280266,4.999999640560532,2
1,2025-09-01,LTKF0103,0,low_information,ADIDA2,0.0,0.999999970046711,0.999999970046711,,0.5,1.0,-0.5,-1.0,4.0,0.0,4.0,-4.0,2
1,2025-09-01,LTKF0106,0,low_information,ADIDA2,0.0,0.999999970046711,0.999999970046711,,0.0,,0.0,,0.0,0.0,0.0,0.0,2
1,2025-09-01,LTKF0111,0,low_information,ADIDA2,0.0,0.999999970046711,0.999999970046711,,0.125,1.0,-0.125,-1.0,1.0,0.0,1.0,-1.0,2
1,2025-09-01,LTKF093,2,cluster_2,ADIDA2,0.18604651162790697,0.1370127729826216,0.24747849706284814,4.5526658333374,0.8470075968999814,0.8470075968999814,-0.3880303875999256,-0.3880303875999256,8.0,4.895756899200594,6.776060775199851,-3.1042431007994047,2
1,2025-09-01,LTKF098,2,cluster_2,ADIDA2,0.1511627906976744,0.999999971980805,0.999999970046711,14.057692307692308,2.125,0.3090909090909091,1.1249998801868406,0.163636346208995,55.0,63.999999041494725,17.0,8.999999041494725,2
1,2025-09-01,LYC0201,2,cluster_2,ADIDA2,0.11627906976744186,0.999999970046711,0.5478736624397066,12.658328010733655,1.4718986058992622,0.7850125898129399,-0.48740557640295057,-0.2599496407482403,15.0,11.100755388776395,11.775188847194098,-3.8992446112236046,2
1,2025-09-01,LYC0203,0,low_information,ADIDA2,0.09302325581395349,0.2460584055420249,0.17017435731898178,6.291496688895898,0.5852555059438045,1.170511011887609,-0.15897797622478183,-0.31795595244956365,4.0,2.7281761902017454,4.682044047550436,-1.2718238097982546,2
1,2025-09-01,NNB0002,0,low_information,ADIDA2,0.023255813953488372,1.0037376640824323e-06,1.0037376640824323e-06,10.750010790169059,0.25000025093416417,1.0000010037366567,-0.2499994981316717,-0.9999979925266868,2.0,4.014946626372536e-06,2.0000020074733134,-1.9999959850533735,2
1,2025-09-01,QCCXC0004,1,cluster_1,ADIDA2,1.441860465116279,0.39992983113045,0.354690919669137,0.028537257782545452,0.041146743779484136,,0.041146743779484136,,0.0,0.3291739502358731,0.3291739502358731,0.3291739502358731,2
1,2025-09-01,QCCXC0005,1,cluster_1,ADIDA2,1.2325581395348837,0.21486568851169177,0.8317151241006203,5.361619011502519,6.608507153712408,8.811342871616544,6.608507153712408,8.811342871616544,6.0,58.86805722969926,52.86805722969926,52.86805722969926,2
1,2025-09-01,QCCXC0007,1,cluster_1,ADIDA2,1.872093023255814,0.3143374324549342,0.4975234591641355,2.353733800860453,4.406408627192244,2.0736040598551737,4.406408627192244,2.0736040598551737,17.0,52.25126901753795,35.25126901753795,35.25126901753795,2
1,2025-09-01,QCSSXC0004,0,low_information,ADIDA2,0.06976744186046512,0.02423737431430792,0.05245603377171227,0.5091030958609454,0.03551882064146131,,0.03551882064146131,,0.0,0.28415056513169046,0.28415056513169046,0.28415056513169046,2
1,2025-09-01,QCSSXC0005,1,cluster_1,ADIDA2,0.6744186046511628,0.2802358322980048,0.5270159451198478,6.857758620689656,4.625,0.8604651162790697,-1.7691594255615812,-0.32914593963936395,43.0,28.846724595507354,37.0,-14.15327540449265,2
1,2025-09-01,QCSSXC0006,1,cluster_1,ADIDA2,0.38372093023255816,0.3222858939708326,0.618920074788658,7.166666666666666,2.75,0.6470588235294118,-0.3523191364241338,-0.08289862033509031,34.0,31.18144690860693,22.0,-2.8185530913930705,2
1,2025-09-01,QCXDS001,1,cluster_1,ADIDA2,1.5116279069767442,0.8226851647848388,0.354021941264517,0.049046232526247895,0.07413965381874682,,0.07413965381874682,,0.0,0.5931172305499746,0.5931172305499746,0.5931172305499746,2
1,2025-09-01,QCXXC0001,2,cluster_2,ADIDA2,0.4883720930232558,0.12412821920158078,0.1268080046252366,1.396567510284188,0.6820445980457661,2.7281783921830645,0.6140891960915323,2.4563567843661294,2.0,6.912713568732259,5.456356784366129,4.912713568732259,2
1,2025-09-01,QCXXC0002,2,cluster_2,ADIDA2,0.3488372093023256,0.17905261172594764,0.2534036848526152,0.3723655365521659,0.12989495461122066,,0.12989495461122066,,0.0,1.0391596368897653,1.0391596368897653,1.0391596368897653,2
1,2025-09-01,QFSJZ001-1,2,cluster_2,ADIDA2,0.2441860465116279,0.20126931506286103,0.306952180224391,11.922066640420384,2.9112023191724195,0.7512780178509469,-2.9112023191724195,-0.7512780178509469,31.0,7.710381446620648,23.289618553379356,-23.289618553379356,2
1,2025-09-01,QFSJZ002-1,2,cluster_2,ADIDA2,0.11627906976744186,0.34211309065182727,0.999999970046711,13.974999613602572,1.6249999550700664,4.333333213520177,1.6249999550700664,4.333333213520177,3.0,15.999999640560532,12.999999640560532,12.999999640560532,2
1,2025-09-01,QFSJZ003,0,low_information,ADIDA2,0.06976744186046512,0.1725285048918449,0.9999999668270315,8.958333333333334,0.625,1.25,0.0,0.0,4.0,4.0,5.0,0.0,2
1,2025-09-01,QFSJZ003-1,2,cluster_2,ADIDA2,0.1511627906976744,0.43753164300459585,0.6569296816519021,8.26923076923077,1.25,0.8333333333333334,-0.012313468112107984,-0.008208978741405323,12.0,11.901492255103136,10.0,-0.09850774489686387,2
1,2025-09-01,QYGZIPJ,0,low_information,ADIDA2,0.023255813953488372,1.0037376640824323e-06,1.0037376640824323e-06,10.750010790169059,0.25000025093416417,1.0000010037366567,-0.2499994981316717,-0.9999979925266868,2.0,4.014946626372536e-06,2.0000020074733134,-1.9999959850533735,2
1,2025-09-01,RLHZHMV000AMDE,1,cluster_1,ADIDA2,3.058139534883721,0.6821179823041783,0.8934310450102297,0.679353058135404,2.077556445228038,0.449201393562819,-1.8950752603040508,-0.40974600222790286,37.0,21.83939791756759,16.620451561824304,-15.160602082432407,2
1,2025-09-01,SLT0001,0,low_information,ADIDA2,0.046511627906976744,1.0037376640824323e-06,1.0037376640824323e-06,2.1580034864756485e-05,1.0037225518491389e-06,,1.0037225518491389e-06,,0.0,8.029780414793111e-06,8.029780414793111e-06,8.029780414793111e-06,2
1,2025-09-01,SLT0003,2,cluster_2,ADIDA2,0.18604651162790697,0.07504304432329212,0.16230088352709413,5.087883609537775,0.946582997123307,0.8414071085540507,-0.7681659942466139,-0.6828142171081013,9.0,2.8546720460270887,7.572663976986456,-6.145327953972911,2
1,2025-09-01,SLT0004,0,low_information,ADIDA2,0.023255813953488372,1.0037376640824323e-06,1.0037376640824323e-06,32.250005395079114,0.7500001254669562,1.0000001672892749,-0.7499994981321754,-0.9999993308429005,6.0,4.0149425964193874e-06,6.000001003735649,-5.999995985057403,2
1,2025-09-01,SPH0001,0,low_information,ADIDA2,0.0,0.999999970046711,0.999999970046711,,3.75,1.0,-3.75,-1.0,30.0,0.0,30.0,-30.0,2
1,2025-09-01,SRPDZS0001,0,low_information,ADIDA2,0.09302325581395349,0.15184997382053828,0.1716186619685114,2.7716107419833347,0.25782425506821716,,0.25782425506821716,,0.0,2.0625940405457373,2.0625940405457373,2.0625940405457373,2
1,2025-09-01,SRPDZS0002,2,cluster_2,ADIDA2,0.06976744186046512,0.9999999756040939,0.14234192446160568,4.7951361117700335,0.33454437989093255,,0.33454437989093255,,0.0,2.6763550391274604,2.6763550391274604,2.6763550391274604,2
1,2025-09-01,WSJZS0002,0,low_information,ADIDA2,0.0,0.999999970046711,0.999999970046711,,6.875,1.0,-6.875,-1.0,55.0,0.0,55.0,-55.0,2
1,2025-09-01,WSJZS0004,0,low_information,ADIDA2,0.0,0.999999970046711,0.999999970046711,,14.25,1.0,-14.25,-1.0,114.0,0.0,114.0,-114.0,2
1,2025-09-01,XHP0001,1,cluster_1,ADIDA2,1.2790697674418605,0.1736692534275059,0.2536715718144906,6.3822983136808125,8.163404819824295,13.061447711718873,8.163404819824295,13.061447711718873,5.0,70.30723855859436,65.30723855859436,65.30723855859436,2
1,2025-09-01,XHZXCZP0001,1,cluster_1,ADIDA2,2.755813953488372,0.9839689777543232,0.999999970046711,0.9071730270293281,2.5000000861157066,0.3636363761622846,0.6250003444628263,0.09090914101277472,55.0,60.00000275570261,20.000000688925653,5.00000275570261,2
1,2025-09-01,XHZXCZP0002,0,low_information,ADIDA2,0.0,0.999999970046711,0.999999970046711,,2.0,1.0,-2.0,-1.0,16.0,0.0,16.0,-16.0,2
1,2025-09-01,YBB0001,2,cluster_2,ADIDA2,0.09302325581395349,0.999999972516037,0.999999970046711,42.99999903400641,3.999999910140131,2.6666666067600873,3.999999910140131,2.6666666067600873,12.0,43.99999928112105,31.99999928112105,31.99999928112105,2
1,2025-09-01,YDBZ001,2,cluster_2,ADIDA2,0.29069767441860467,0.7059123055708142,0.746241559290078,9.03,2.625,0.6774193548387096,-0.5056941403041062,-0.1305017136268661,31.0,26.95444687756715,21.0,-4.04555312243285,2
1,2025-09-01,YDBZ002,1,cluster_1,ADIDA2,0.7325581395348837,0.4533976513439054,0.0675149146610966,2.388888888888889,1.75,0.7777777777777778,-1.0491604197209432,-0.4662935198759748,18.0,9.606716642232453,14.0,-8.393283357767546,2
1,2025-09-01,YDBZLV0001AMDE,2,cluster_2,ADIDA2,0.18604651162790697,0.2175622444227406,0.5238961588701465,0.00016371544814207202,3.0458688026432003e-05,,3.0458688026432003e-05,,0.0,0.00024366950421145602,0.00024366950421145602,0.00024366950421145602,2
1,2025-09-01,YDBZWV0001AMDE,2,cluster_2,ADIDA2,0.20930232558139536,0.300797922536936,0.5081107906618232,0.0020729001615560636,0.00043386282451173425,,0.00043386282451173425,,0.0,0.003470902596093874,0.003470902596093874,0.003470902596093874,2
1,2025-09-01,YJL0002,0,low_information,ADIDA2,0.0,0.999999970046711,0.999999970046711,,0.375,1.0,-0.375,-1.0,3.0,0.0,3.0,-3.0,2
1,2025-09-01,YJLZHMV000AMDE,1,cluster_1,ADIDA2,1.0232558139534884,0.28074001969872925,0.34822119639945903,1.2243008219242046,1.2527729340619769,1.1135759413884239,0.37869724541596916,0.3366197737030837,9.0,12.029577963327753,10.022183472495815,3.0295779633277533,2
1,2025-09-01,YJX0022,0,low_information,ADIDA2,0.06976744186046512,0.18044938425978269,0.999999970046711,4.6437982931011923e-60,3.239859274256646e-61,,3.239859274256646e-61,,0.0,2.5918874194053165e-60,2.5918874194053165e-60,2.5918874194053165e-60,2
1,2025-09-01,YJX0023,0,low_information,ADIDA2,0.11627906976744186,0.023388672558620895,0.04997502656711254,1.1921318399490586,0.1386199813894254,,0.1386199813894254,,0.0,1.1089598511154033,1.1089598511154033,1.1089598511154033,2
1,2025-09-01,YJX0024,2,cluster_2,ADIDA2,0.16279069767441862,0.3634472146116023,0.8695935201407186,4.608722896355564e-06,7.502572156857895e-07,,7.502572156857895e-07,,0.0,6.002057725486316e-06,6.002057725486316e-06,6.002057725486316e-06,2
1,2025-09-01,YJX0025,2,cluster_2,ADIDA2,0.16279069767441862,0.061172648530974344,0.14202388944204367,1.5786729259424106,0.2569932670138808,,0.2569932670138808,,0.0,2.0559461361110465,2.0559461361110465,2.0559461361110465,2
1,2025-09-01,YKLLW0004,0,low_information,ADIDA2,0.5116279069767442,0.008522302427051398,0.019313564495286654,0.3962356685051085,0.20272522574679971,,0.20272522574679971,,0.0,1.6218018059743977,1.6218018059743977,1.6218018059743977,2
1,2025-09-01,YKLLW0005,1,cluster_1,ADIDA2,1.186046511627907,0.017850620941825282,0.03632000188854491,0.7229970138206503,0.857508086159376,,0.857508086159376,,0.0,6.860064689275008,6.860064689275008,6.860064689275008,2
1,2025-09-01,YKLLW0006,0,low_information,ADIDA2,0.27906976744186046,0.013509682841500831,0.030151208899976238,0.6500616939713787,0.18141256575945452,,0.18141256575945452,,0.0,1.4513005260756362,1.4513005260756362,1.4513005260756362,2
1,2025-09-01,YXBLJ0001,0,low_information,ADIDA2,0.0,0.999999970046711,0.999999970046711,,0.125,1.0,-0.125,-1.0,1.0,0.0,1.0,-1.0,2
1,2025-09-01,ZBTZ0002,0,low_information,ADIDA2,0.627906976744186,0.0070037874472058,0.005020993828092542,0.11205177800668602,0.07035809316698889,,0.07035809316698889,,0.0,0.5628647453359111,0.5628647453359111,0.5628647453359111,2
1,2025-09-01,ZBTZ0003,0,low_information,ADIDA2,0.023255813953488372,0.03175416732603257,1.0037376640824323e-06,5.375032370312226,0.12500075279795875,1.00000602238367,-0.12499899626938833,-0.9999919701551067,1.0,8.029844893428643e-06,1.00000602238367,-0.9999919701551067,2
1,2025-09-01,ZJJSJBV001AMDE,2,cluster_2,ADIDA2,0.4186046511627907,0.2144329210653964,0.3779683258382805,1.4220848868490488,0.5952913479833227,2.381165391933291,0.44058269596664545,1.7623307838665818,2.0,5.524661567733164,4.762330783866582,3.5246615677331636,2
1,2025-09-01,ZJJSJSV001AMDE,1,cluster_1,ADIDA2,0.7209302325581395,0.3945555482789047,0.999999970046711,3.2456373498858197e-106,2.3398780894525676e-106,,2.3398780894525676e-106,,0.0,1.871902471562054e-105,1.871902471562054e-105,1.871902471562054e-105,2
1,2025-09-01,ZJJYZBV001AMDE,1,cluster_1,ADIDA2,0.5930232558139535,0.7720497903655412,0.6180336089872027,3.7938223814158207,2.2498249006070568,2.2498249006070568,1.3330998674760752,1.3330998674760752,8.0,18.664798939808602,17.998599204856454,10.664798939808602,2
1,2025-09-01,ZJJYZSJBV1AMDE,1,cluster_1,ADIDA2,0.4418604651162791,0.3498044623727491,0.999999970046711,5.90226991228663e-91,2.6079797286847903e-91,,2.6079797286847903e-91,,0.0,2.0863837829478322e-90,2.0863837829478322e-90,2.0863837829478322e-90,2
1,2025-09-01,ZJJYZSJSV1AMDE,1,cluster_1,ADIDA2,0.4418604651162791,0.9999999766847975,0.999999970046711,6.454993852050065e-188,2.8522065857895634e-188,,2.8522065857895634e-188,,0.0,2.2817652686316507e-187,2.2817652686316507e-187,2.2817652686316507e-187,2
1,2025-09-01,ZJJYZSJSV2AMDE,2,cluster_2,ADIDA2,0.20930232558139536,0.38840678949616636,0.6240639706376866,2.4828350717676506e-08,5.196631545560199e-09,,5.196631545560199e-09,,0.0,4.1573052364481594e-08,4.1573052364481594e-08,4.1573052364481594e-08,2
1,2025-09-01,ZTD0001,0,low_information,ADIDA2,0.0,0.999999970046711,0.999999970046711,,0.0,,0.0,,0.0,0.0,0.0,0.0,2
1,2025-09-01,ZTD0003,0,low_information,ADIDA2,0.046511627906976744,1.0037376640824323e-06,0.999999970046711,10.750000160998928,0.5000000074883222,0.6666666766510962,0.24999997004671104,0.33333329339561474,6.0,7.999999760373688,4.0000000599065775,1.9999997603736883,2
2,2025-10-27,BLJZ0001,0,low_information,ADIDA2,0.06382978723404255,0.2653780176867606,0.3058542782402369,13.708333333333334,0.875,1.0,-0.6483867107364247,-0.7410133836987711,7.0,1.8129063141086021,7.0,-5.187093685891398,2
2,2025-10-27,BLP0001,1,cluster_1,ADIDA2,0.7659574468085106,0.9901591777670378,0.2586196711468885,5.5186158762419355,4.2270249264831845,4.830885630266496,4.2270249264831845,4.830885630266496,7.0,40.816199411865476,33.816199411865476,33.816199411865476,2
2,2025-10-27,BLP0002,2,cluster_2,ADIDA2,0.24468085106382978,0.3143507684008868,0.925897823602843,9.747776447037772,2.385094237041157,0.6360251298776418,-1.2903769481646288,-0.3441005195105677,30.0,19.67698441468297,19.080753896329256,-10.32301558531703,2
2,2025-10-27,BLP0003,0,low_information,ADIDA2,0.010638297872340425,0.999999970046711,0.999999970046711,47.0,0.5,1.0,-1.4976644480135803e-08,-2.995328896027161e-08,4.0,3.999999880186844,4.0,-1.1981315584108643e-07,2
2,2025-10-27,BLP0004,0,low_information,ADIDA2,0.0,0.999999970046711,0.999999970046711,,0.25,1.0,-0.25,-1.0,2.0,0.0,2.0,-2.0,2
2,2025-10-27,CBJZ0001,0,low_information,ADIDA2,0.02127659574468085,1.0037376640824323e-06,1.0037376640824323e-06,2.3587219537699282e-05,5.018557348446655e-07,,5.018557348446655e-07,,0.0,4.014845878757324e-06,4.014845878757324e-06,4.014845878757324e-06,2
2,2025-10-27,CLSSLT0003,2,cluster_2,ADIDA2,0.19148936170212766,0.8436554110456363,0.24545524869978014,2.3817065586119117,0.4560714686703661,1.2161905831209763,-0.0507141253185355,-0.13523766751609467,3.0,2.5942869974517158,3.6485717493629286,-0.405713002548284,2
2,2025-10-27,CLSSLT0006,2,cluster_2,ADIDA2,0.2978723404255319,0.23995937255300565,0.3339222477648617,2.5877588339240294,0.7708217803177959,0.7708217803177959,0.041643560635591825,0.041643560635591825,8.0,8.333148485084735,6.166574242542367,0.3331484850847346,2
2,2025-10-27,CWW0002,1,cluster_1,ADIDA2,0.9787234042553191,0.999999970046711,0.2833051169564257,10.089673913043478,9.875,0.8681318681318682,-2.567792393963437,-0.22573999067810432,91.0,70.4576608482925,79.0,-20.542339151707495,2
2,2025-10-27,DGNTYBV001AMDE,0,low_information,ADIDA2,0.0425531914893617,0.012973642238626475,0.02817468798688167,0.40157339168256934,0.017088229433300822,,0.017088229433300822,,0.0,0.13670583546640658,0.13670583546640658,0.13670583546640658,2
2,2025-10-27,DHZXCZP0001,1,cluster_1,ADIDA2,0.44680851063829785,0.5579877152448568,0.6402462843238432,2.9226987936898507,1.305886695052912,10.447093560423296,1.305886695052912,10.447093560423296,1.0,11.447093560423296,10.447093560423296,10.447093560423296,2
2,2025-10-27,DRMJJ0020,1,cluster_1,ADIDA2,0.2872340425531915,0.18313809261486627,0.3243926594828372,4.661275878099885,1.3388771139223075,10.71101691137846,1.3388771139223075,10.71101691137846,1.0,11.71101691137846,10.71101691137846,10.71101691137846,2
2,2025-10-27,DRMJJ0021,2,cluster_2,ADIDA2,0.14893617021276595,0.6959604411140496,0.5768975861086082,0.23993451880902866,0.035734928333259586,,0.035734928333259586,,0.0,0.2858794266660767,0.2858794266660767,0.2858794266660767,2
2,2025-10-27,DRMJJ0022,1,cluster_1,ADIDA2,0.3191489361702128,0.7042183384583005,0.1720001561206189,3.9748621704682003,1.268573033128149,1.6914307108375322,0.2871460662562983,0.3828614216750644,6.0,8.297168530050387,10.148584265025193,2.2971685300503863,2
2,2025-10-27,DRMJJ0023,1,cluster_1,ADIDA2,0.648936170212766,0.23719563210334077,0.33827533667779575,7.011124983425543,4.549772595627214,0.6275548407761675,-3.6496967941696195,-0.5034064543682234,58.0,28.802425646643044,36.39818076501771,-29.197574353356956,2
2,2025-10-27,DRMJJ0024,0,low_information,ADIDA2,0.0425531914893617,0.017338521369935682,0.03822898904895612,0.6102332428949064,0.025967372038081124,,0.025967372038081124,,0.0,0.207738976304649,0.207738976304649,0.207738976304649,2
2,2025-10-27,DRMJJ0025,2,cluster_2,ADIDA2,0.19148936170212766,0.45216143796735353,0.999999970046711,0.6527777777777778,0.125,1.0,-0.125,-1.0,1.0,9.644563685393796e-38,1.0,-1.0,2
2,2025-10-27,DRMJJ0026,2,cluster_2,ADIDA2,0.2127659574468085,0.30953942078773544,0.9999999728238645,14.100000127727832,3.0000000271761342,,3.0000000271761342,,0.0,24.000000217409074,24.000000217409074,24.000000217409074,2
2,2025-10-27,DRMJJ0027,2,cluster_2,ADIDA2,0.0851063829787234,0.8663580583900227,0.4104017755365293,13.455123510725526,1.145116894529832,,1.145116894529832,,0.0,9.160935156238656,9.160935156238656,9.160935156238656,2
2,2025-10-27,ETZP0003,2,cluster_2,ADIDA2,0.07446808510638298,0.5058081634032131,0.9999999658461919,25.178571371241823,1.874999995730774,1.2499999971538494,-1.707690422403374e-08,-1.1384602816022493e-08,12.0,11.999999863384767,14.999999965846191,-1.3661523379226992e-07,2
2,2025-10-27,ETZP0004,2,cluster_2,ADIDA2,0.3404255319148936,0.18535014059113533,0.37368960538423507,3.3046875,1.125,0.6923076923076923,0.1754297971032286,0.10795679821737145,13.0,14.403438376825829,9.0,1.4034383768258287,2
2,2025-10-27,FDBLHP0001,2,cluster_2,ADIDA2,0.2978723404255319,0.6190317412502632,0.999999970046711,7.553571277735223,2.2499999550700664,3.5999999281121062,1.8749999400934216,2.9999999041494747,5.0,19.999999520747373,17.99999964056053,14.999999520747373,2
2,2025-10-27,FDBLP0001,1,cluster_1,ADIDA2,0.776595744680851,0.999999970046711,0.224194748172195,4.010820962834409,3.1147864924139563,8.306097313103884,3.1147864924139563,8.306097313103884,3.0,27.91829193931165,24.91829193931165,24.91829193931165,2
2,2025-10-27,FRC0002,1,cluster_1,ADIDA2,0.425531914893617,0.999999970046711,0.9293025142024823,7.510353844862537e-30,3.1958952531329945e-30,,3.1958952531329945e-30,,0.0,2.5567162025063956e-29,2.5567162025063956e-29,2.5567162025063956e-29,2
2,2025-10-27,FRC0003,1,cluster_1,ADIDA2,0.7021276595744681,0.5365834008514987,0.1551873503244578,1.0224218860093819,0.717870685921481,,0.717870685921481,,0.0,5.742965487371848,5.742965487371848,5.742965487371848,2
2,2025-10-27,FRC0010,2,cluster_2,ADIDA2,0.14893617021276595,0.11471862539608381,0.1118285819509539,0.2580781738196044,0.038437174824196396,,0.038437174824196396,,0.0,0.30749739859357117,0.30749739859357117,0.30749739859357117,2
2,2025-10-27,FRC0011,0,low_information,ADIDA2,0.02127659574468085,1.0037376640824323e-06,1.0037376640824323e-06,2.3587053810533835e-05,5.018522087347624e-07,,5.018522087347624e-07,,0.0,4.014817669878099e-06,4.014817669878099e-06,4.014817669878099e-06,2
2,2025-10-27,FRH0001,1,cluster_1,ADIDA2,0.9553191489361703,0.4619087573563951,0.49413926440105344,3.950466669988664e-05,3.7739564570742775e-05,,3.7739564570742775e-05,,0.0,0.0003019165165659422,0.0003019165165659422,0.0003019165165659422,2
2,2025-10-27,FRH0002,1,cluster_1,ADIDA2,0.8936170212765957,0.2658684474774013,0.4426979418212603,0.00014919023794995236,0.00013331893604038295,,0.00013331893604038295,,0.0,0.0010665514883230636,0.0010665514883230636,0.0010665514883230636,2
2,2025-10-27,FRH0003,1,cluster_1,ADIDA2,1.4680851063829787,0.45385102025797336,0.5979022878061767,0.08525176541614457,0.12515684710029734,1.0012547768023787,-0.12479087053293689,-0.9983269642634951,1.0,0.0016730357365049493,1.0012547768023787,-0.9983269642634951,2
2,2025-10-27,FRH0004,1,cluster_1,ADIDA2,0.5957446808510638,0.47680740481889927,0.9147945275663223,2.992655767758602e-24,1.7828587552604435e-24,,1.7828587552604435e-24,,0.0,1.4262870042083548e-23,1.4262870042083548e-23,1.4262870042083548e-23,2
2,2025-10-27,FRH0012,0,low_information,ADIDA2,0.0851063829787234,0.004425803175153196,0.009181176888523079,0.1655343473540873,0.014088029562049985,,0.014088029562049985,,0.0,0.11270423649639988,0.11270423649639988,0.11270423649639988,2
2,2025-10-27,FRH0028,1,cluster_1,ADIDA2,0.6170212765957447,0.19041690921200438,0.3392099957040624,0.8566024829297135,0.5285419575523764,2.1141678302095057,0.1213892767365019,0.4855571069460076,2.0,2.9711142138920152,4.228335660419011,0.9711142138920152,2
2,2025-10-27,FRH0029,1,cluster_1,ADIDA2,0.5425531914893617,0.21196825364571237,0.4351691732056651,1.1519607843137256,0.625,1.0,-0.5004297538038844,-0.8006876060862151,5.0,0.9965619695689244,5.0,-4.0034380304310755,2
2,2025-10-27,FRH0031,2,cluster_2,ADIDA2,0.23404255319148937,0.04552777277440434,0.06849531261435315,0.3926119126578411,0.09188789445183516,,0.09188789445183516,,0.0,0.7351031556146813,0.7351031556146813,0.7351031556146813,2
2,2025-10-27,FRH0033,1,cluster_1,ADIDA2,3.1904255319148933,0.17148394453323626,0.33494712024329415,0.685834314709052,2.1881033083111134,1.2503447476063505,1.6262066166222273,0.9292609237841299,14.0,27.00965293297782,17.504826466488907,13.009652932977819,2
2,2025-10-27,FRH0034,1,cluster_1,ADIDA2,1.1148936170212767,0.23292301443716426,0.503385995702596,1.0569294781847978,1.1783639288698597,2.3567278577397195,1.071151905159813,2.142303810319626,4.0,12.569215241278505,9.426911430958878,8.569215241278505,2
2,2025-10-27,FRH0035,2,cluster_2,ADIDA2,0.2765957446808511,0.3126932145768394,0.47268146386871035,2.3696563722744167e-07,6.554368689269663e-08,,6.554368689269663e-08,,0.0,5.243494951415731e-07,5.243494951415731e-07,5.243494951415731e-07,2
2,2025-10-27,FRH0036,0,low_information,ADIDA2,0.0425531914893617,0.999999970046711,0.012085853319088881,0.5821147907211447,0.024770842158346584,,0.024770842158346584,,0.0,0.19816673726677267,0.19816673726677267,0.19816673726677267,2
2,2025-10-27,FRH0037,2,cluster_2,ADIDA2,0.1702127659574468,0.3132762825422928,0.48567072088649144,3.0149319457476435e-07,5.131799056591734e-08,,5.131799056591734e-08,,0.0,4.105439245273387e-07,4.105439245273387e-07,4.105439245273387e-07,2
2,2025-10-27,FRH0040,1,cluster_1,ADIDA2,0.7446808510638298,0.382401016501791,0.3516082008941879,0.0011245867979740695,0.0008374582538104772,,0.0008374582538104772,,0.0,0.006699666030483818,0.006699666030483818,0.006699666030483818,2
2,2025-10-27,FRH0042,2,cluster_2,ADIDA2,0.1702127659574468,0.5711523733814131,0.24445053645716688,0.21580733148727047,0.03673316280634391,,0.03673316280634391,,0.0,0.29386530245075126,0.29386530245075126,0.29386530245075126,2
2,2025-10-27,FRH0043,2,cluster_2,ADIDA2,0.1595744680851064,0.13492502971283019,0.3232634532856807,2.233161610569827,0.35635557615475966,,0.35635557615475966,,0.0,2.8508446092380773,2.8508446092380773,2.8508446092380773,2
2,2025-10-27,FRH0044,2,cluster_2,ADIDA2,0.35106382978723405,0.06534562916271984,0.14812621228711512,1.6091026753146636,0.56489774771685,1.1297954954337,-0.2404090091326003,-0.4808180182652006,4.0,2.076727926939198,4.5191819817348,-1.9232720730608024,2
2,2025-10-27,FRH0045,1,cluster_1,ADIDA2,0.7659574468085106,0.999999970046711,0.12619871301039778,0.4587692789310219,0.35139774556418696,,0.35139774556418696,,0.0,2.8111819645134957,2.8111819645134957,2.8111819645134957,2
2,2025-10-27,FRH0046,1,cluster_1,ADIDA2,0.6276595744680851,0.11406343369412476,0.21250608232726748,2.4826631849413787,1.5582673182078866,0.6561125550348996,-1.5582673182078866,-0.6561125550348996,19.0,6.5338614543369085,12.466138545663092,-12.466138545663092,2
2,2025-10-27,FRH0047,2,cluster_2,ADIDA2,0.40425531914893614,0.45614258423087284,0.167322041481896,0.20230697235975906,0.0817836696773494,,0.0817836696773494,,0.0,0.6542693574187952,0.6542693574187952,0.6542693574187952,2
2,2025-10-27,FRH0048,1,cluster_1,ADIDA2,2.354609929078014,0.314865845168706,0.6014707232915071,1.682371762284253,3.961329255874978,0.5111392588225778,-3.6984390078333043,-0.4772179364946199,62.0,32.412487937333566,31.690634046999826,-29.587512062666434,2
2,2025-10-27,FRH0049,2,cluster_2,ADIDA2,0.1702127659574468,0.18047711640534222,0.7132919224487382,2.334127946193654e-14,3.9729837382019646e-15,,3.9729837382019646e-15,,0.0,3.1783869905615717e-14,3.1783869905615717e-14,3.1783869905615717e-14,2
2,2025-10-27,FRH0050,1,cluster_1,ADIDA2,1.0319148936170213,0.07393088327252456,0.14737241032224246,3.775005101050027,3.8954839872537512,0.8201018920534213,-3.6106453163383345,-0.7601358560712284,38.0,9.114837469293327,31.16387189803001,-28.885162530706676,2
2,2025-10-27,FRH0051,1,cluster_1,ADIDA2,1.8829787234042554,0.3627695501308424,0.3352702793799272,0.9798247368999512,1.8449891322477805,0.4612472830619451,-0.379956528991122,-0.0949891322477805,32.0,28.960347768071024,14.759913057982244,-3.039652231928976,2
2,2025-10-27,FRH0052,0,low_information,ADIDA2,0.06382978723404255,0.011587377624857936,0.024272176578026976,0.3162085908217492,0.02018352707372867,,0.02018352707372867,,0.0,0.16146821658982935,0.16146821658982935,0.16146821658982935,2
2,2025-10-27,FRH0056,1,cluster_1,ADIDA2,3.3297872340425534,0.6039626457448306,0.2768452602268327,0.7963678438395271,2.651735480018851,0.22097795666823758,-2.202313973358468,-0.183526164446539,96.0,78.38148821313226,21.213883840150807,-17.618511786867742,2
2,2025-10-27,FRH0056-1,0,low_information,ADIDA2,0.010638297872340425,0.999999970046711,0.999999970046711,47.0,0.5,1.0,-0.5,-1.0,4.0,0.0,4.0,-4.0,2
2,2025-10-27,FRH0058,0,low_information,ADIDA2,0.14893617021276595,0.00791443896350792,0.016616198705801114,0.24782330400822042,0.03690985378845836,,0.03690985378845836,,0.0,0.2952788303076669,0.2952788303076669,0.2952788303076669,2
2,2025-10-27,FRH0059,1,cluster_1,ADIDA2,1.4609929078014183,0.7608115213616929,0.999999970046711,3.165655309052813,4.6249999550700664,12.333333213520177,4.6249999550700664,12.333333213520177,3.0,39.99999964056053,36.99999964056053,36.99999964056053,2
2,2025-10-27,FRH0064,1,cluster_1,ADIDA2,0.425531914893617,0.1683072555366062,0.17587923400442915,5.523729768833882,2.3505233058867585,0.6065866595836796,-1.777093223547034,-0.4586047028508475,31.0,16.783254211623728,18.804186447094068,-14.216745788376272,2
2,2025-10-27,FRH0065,2,cluster_2,ADIDA2,0.1595744680851064,0.9999999694456345,0.999999970046711,7.049999976536591,1.124999996255839,0.9999999966718569,-1.124999985023356,-0.9999999866874276,9.0,1.1981315225228835e-07,8.999999970046712,-8.999999880186849,2
2,2025-10-27,FRH0068,0,low_information,ADIDA2,0.02127659574468085,0.999999970046711,0.999999970046711,82.25000035195114,1.7500000074883222,0.8750000037441611,-1.5000000149766441,-0.7500000074883221,16.0,3.999999880186844,14.000000059906577,-12.000000119813153,2
2,2025-10-27,FRW00011,2,cluster_2,ADIDA2,0.1702127659574468,0.05492482622447965,0.10940828780751762,0.8925581421968178,0.15192479016116048,,0.15192479016116048,,0.0,1.2153983212892838,1.2153983212892838,1.2153983212892838,2
2,2025-10-27,FRW0005,1,cluster_1,ADIDA2,1.372340425531915,0.33133504244158224,0.354347114498181,1.4890643992721173,2.043503271341523,0.7784774367015326,1.9330043617886972,0.7363826140147418,21.0,36.46403489430958,16.348026170732183,15.464034894309577,2
2,2025-10-27,FRW0006,1,cluster_1,ADIDA2,2.6914893617021276,0.3170837287592605,0.5279877264265527,1.9978114938146403,5.37708838228834,0.4888262165716673,-4.502784509717786,-0.40934404633798055,88.0,51.97772392225771,43.01670705830672,-36.02227607774229,2
2,2025-10-27,FRW0007,0,low_information,ADIDA2,0.0851063829787234,0.1083775793075165,0.28106721898079456,0.0013538125988642815,0.00011521809352036439,,0.00011521809352036439,,0.0,0.0009217447481629151,0.0009217447481629151,0.0009217447481629151,2
2,2025-10-27,FRW0008,0,low_information,ADIDA2,0.06382978723404255,0.07748124781140273,0.18094508255885872,4.781270196001834,0.30518745931926594,1.2207498372770638,-0.13962508136146812,-0.5585003254458725,2.0,0.8829993491082551,2.4414996745541275,-1.117000650891745,2
2,2025-10-27,FRW0009,2,cluster_2,ADIDA2,0.1595744680851064,0.5660513829214565,0.5992999216507453,4.7,0.75,1.0,-0.39883648596791743,-0.5317819812905565,6.0,2.8093081122566606,6.0,-3.1906918877433394,2
2,2025-10-27,FRW0011,2,cluster_2,ADIDA2,0.10638297872340426,0.3013090811238483,0.5293821948357589,2.14347535021653e-08,2.280292925762266e-09,,2.280292925762266e-09,,0.0,1.8242343406098127e-08,1.8242343406098127e-08,1.8242343406098127e-08,2
2,2025-10-27,FRW0013,1,cluster_1,ADIDA2,0.2127659574468085,0.6077441631802007,0.999999970046711,4.617462599218045e-226,9.824388508974564e-227,,9.824388508974564e-227,,0.0,7.859510807179652e-226,7.859510807179652e-226,7.859510807179652e-226,2
2,2025-10-27,FRW0014,2,cluster_2,ADIDA2,0.0851063829787234,0.5046368422950996,0.999999970046711,2.3087311267237925e-225,1.964877554658547e-226,,1.964877554658547e-226,,0.0,1.5719020437268375e-225,1.5719020437268375e-225,1.5719020437268375e-225,2
2,2025-10-27,FRW0015,1,cluster_1,ADIDA2,1.0425531914893618,0.9999999776437019,0.6536937307691997,0.002671454355030329,0.0027851332637550243,,0.0027851332637550243,,0.0,0.022281066110040194,0.022281066110040194,0.022281066110040194,2
2,2025-10-27,FRW0016,2,cluster_2,ADIDA2,0.2978723404255319,0.1049381283153256,0.25064889236741944,0.006829292815513302,0.0020342574344082175,,0.0020342574344082175,,0.0,0.01627405947526574,0.01627405947526574,0.01627405947526574,2
2,2025-10-27,FRW0017,2,cluster_2,ADIDA2,0.1702127659574468,0.8427629966898774,0.999999970046711,5.146527743629039e-210,8.760047223198364e-211,,8.760047223198364e-211,,0.0,7.008037778558691e-210,7.008037778558691e-210,7.008037778558691e-210,2
2,2025-10-27,FRW0020,2,cluster_2,ADIDA2,0.06382978723404255,0.2581686687190254,0.3292022950279107,5.1394319920296814e-05,3.28048850555086e-06,,3.28048850555086e-06,,0.0,2.624390804440688e-05,2.624390804440688e-05,2.624390804440688e-05,2
2,2025-10-27,FRW0021,0,low_information,ADIDA2,0.0851063829787234,0.020187976135489876,0.04211063289793483,0.47735674287210544,0.0406261057763494,,0.0406261057763494,,0.0,0.3250088462107952,0.3250088462107952,0.3250088462107952,2
2,2025-10-27,FRW0022,0,low_information,ADIDA2,0.0851063829787234,0.01894618187965337,0.020133942856414795,0.3908340988907499,0.03326247650134041,,0.03326247650134041,,0.0,0.2660998120107233,0.2660998120107233,0.2660998120107233,2
2,2025-10-27,FRW0023,2,cluster_2,ADIDA2,0.1702127659574468,0.048698331452666055,0.07939947648293509,1.0244981225275829,0.17438265915363113,,0.17438265915363113,,0.0,1.395061273229049,1.395061273229049,1.395061273229049,2
2,2025-10-27,FRW0024,2,cluster_2,ADIDA2,0.09574468085106383,0.47410943771316194,0.999999969917661,15.666666666666666,1.5,0.75,0.4999999548764915,0.24999997743824576,16.0,19.999999639011932,12.0,3.999999639011932,2
2,2025-10-27,FSTBY001,0,low_information,ADIDA2,0.0,0.999999970046711,0.999999970046711,,0.0,,0.0,,0.0,0.0,0.0,0.0,2
2,2025-10-27,FZGLS0001,0,low_information,ADIDA2,0.0,0.999999970046711,0.999999970046711,,0.25,1.0,-0.25,-1.0,2.0,0.0,2.0,-2.0,2
2,2025-10-27,FZGLS0002,0,low_information,ADIDA2,0.02127659574468085,0.02817468798688167,1.0037376640824323e-06,5.875035381468549,0.12500075279720316,1.0000060223776253,-0.12499899627039579,-0.9999919701631663,1.0,8.029836833570886e-06,1.0000060223776253,-0.9999919701631663,2
2,2025-10-27,FZLRICBHP0001,2,cluster_2,ADIDA2,0.14893617021276595,0.7693968205655414,0.7892254870863035,3.208000101807187,0.47778724920532567,,0.47778724920532567,,0.0,3.8222979936426054,3.8222979936426054,3.8222979936426054,2
2,2025-10-27,FZLRJ0001,2,cluster_2,ADIDA2,0.40425531914893614,0.45554305832331626,0.999999970046711,1.855263120847248,0.7499999850233555,2.999999940093422,0.749999970046711,2.999999880186844,2.0,7.999999760373688,5.999999880186844,5.999999760373688,2
2,2025-10-27,FZLRJ0001double,0,low_information,ADIDA2,0.0425531914893617,0.025671396843561057,0.057190956533862046,0.8150518930139763,0.03468305927719048,,0.03468305927719048,,0.0,0.27746447421752385,0.27746447421752385,0.27746447421752385,2
2,2025-10-27,FZLRJ0002,1,cluster_1,ADIDA2,0.5106382978723404,0.370455379252947,0.5807921033205871,1.393601145688512,0.7116261169473252,2.846504467789301,0.36550148926310044,1.4620059570524018,2.0,4.9240119141048035,5.693008935578602,2.9240119141048035,2
2,2025-10-27,FZLRJ0002double,2,cluster_2,ADIDA2,0.1276595744680851,0.13039932896248504,0.0693487794006709,1.182419930973452,0.15094722523065343,,0.15094722523065343,,0.0,1.2075778018452274,1.2075778018452274,1.2075778018452274,2
2,2025-10-27,GJMJSLW001,1,cluster_1,ADIDA2,2.4893617021276597,0.1722934237654881,0.4310226746640402,8.829649722827503e-05,0.0002198019186320889,,0.0002198019186320889,,0.0,0.0017584153490567112,0.0017584153490567112,0.0017584153490567112,2
2,2025-10-27,GJMJSW001,0,low_information,ADIDA2,0.02127659574468085,1.0037376640824323e-06,1.0037376640824323e-06,2.358724321310369e-05,5.018562385766742e-07,,5.018562385766742e-07,,0.0,4.014849908613394e-06,4.014849908613394e-06,4.014849908613394e-06,2
2,2025-10-27,GJMJWJX001,1,cluster_1,ADIDA2,5.613475177304964,0.2072714411053686,0.3314156631885323,4.900087602850214,27.50652012521946,0.7803268120629634,-27.50652012521946,-0.7803268120629634,282.0,61.94783899824432,220.05216100175568,-220.05216100175568,2
2,2025-10-27,GJMJWJXW001,1,cluster_1,ADIDA2,6.957446808510638,0.37744474652377813,0.999999970046711,9.989296639314539,69.50000002246497,0.9893238437361562,-69.2500000299533,-0.9857651249815416,562.0,7.999999760373688,556.0000001797198,-554.0000002396264,2
2,2025-10-27,GJMUSDW001,0,low_information,ADIDA2,0.02127659574468085,0.6180343707159061,1.0037376640824323e-06,4.7174533777063713e-05,1.0037134846183768e-06,,1.0037134846183768e-06,,0.0,8.029707876947015e-06,8.029707876947015e-06,8.029707876947015e-06,2
2,2025-10-27,HLGKSLT0001,1,cluster_1,ADIDA2,0.6063829787234043,0.3809128927857246,0.8410454255047594,5.172301350992706,3.136395500070045,1.1405074545709255,3.136395500070045,1.1405074545709255,22.0,47.09116400056036,25.09116400056036,25.09116400056036,2
2,2025-10-27,HSAKSLT0001,2,cluster_2,ADIDA2,0.1702127659574468,0.13839387207510734,0.7279868599609502,0.00631936140220017,0.0010756359833532204,,0.0010756359833532204,,0.0,0.008605087866825763,0.008605087866825763,0.008605087866825763,2
2,2025-10-27,HWZDSKL0001,1,cluster_1,ADIDA2,1.297872340425532,0.22583262563936118,0.18092441512238955,1.5782987639773713,2.048430310694035,,2.048430310694035,,0.0,16.38744248555228,16.38744248555228,16.38744248555228,2
2,2025-10-27,HWZDSKL0002,1,cluster_1,ADIDA2,0.2765957446808511,0.6636216660412754,0.06939334557262829,1.6799716397452429,0.4646730067380459,3.717384053904367,0.3278973423173946,2.6231787385391567,1.0,3.6231787385391567,3.717384053904367,2.6231787385391567,2
2,2025-10-27,HZSN0001,1,cluster_1,ADIDA2,0.9007092198581562,0.535040724129841,0.999999970046711,4.440944782124085,3.999999910140134,2.666666606760089,3.999999910140134,2.666666606760089,12.0,43.99999928112107,31.99999928112107,31.99999928112107,2
2,2025-10-27,JZJ00011,1,cluster_1,ADIDA2,0.2553191489361702,0.8513782830007461,0.999999970046711,11.260416314715519,2.874999910140132,1.7692307139323888,2.874999910140132,1.7692307139323888,13.0,35.999999281121056,22.999999281121056,22.999999281121056,2
2,2025-10-27,JZJ00012,1,cluster_1,ADIDA2,1.1914893617021276,0.5249572344969841,0.6551718044361964,2.2178588920059807,2.6425552755815938,0.9191496610718587,2.148407034108792,0.7472720118639277,23.0,40.187256272870336,21.14044220465275,17.187256272870336,2
2,2025-10-27,JZJ0002,1,cluster_1,ADIDA2,1.7446808510638299,0.6221567083634745,0.5781615050195592,1.648050629079779,2.875322374139189,0.35388583066328483,-1.1262894965567565,-0.13862024573006235,65.0,55.98968402754595,23.002578993113513,-9.010315972454052,2
2,2025-10-27,JZJ0003,1,cluster_1,ADIDA2,2.8404255319148937,0.5307754278018023,0.4356156843521148,2.4966423727575076,7.091526739641006,0.32983845300655845,-6.288702319521342,-0.2924977823033182,172.0,121.69038144382927,56.73221391712805,-50.30961855617073,2
2,2025-10-27,JZJ0004,2,cluster_2,ADIDA2,0.2978723404255319,0.1952473013633463,0.3465047875399078,0.30680387151623606,0.09138838726015541,,0.09138838726015541,,0.0,0.7311070980812433,0.7311070980812433,0.7311070980812433,2
2,2025-10-27,JZJ0005,1,cluster_1,ADIDA2,0.5886524822695036,0.4248118409012268,0.999999970046711,6.83737175154817e-31,4.0248358537482144e-31,,4.0248358537482144e-31,,0.0,3.2198686829985716e-30,3.2198686829985716e-30,3.2198686829985716e-30,2
2,2025-10-27,JZJ0008,1,cluster_1,ADIDA2,1.1382978723404256,0.46012959608992354,0.5256275192447254,5.684743582062344,6.470931524262456,10.353490438819929,6.470931524262456,10.353490438819929,5.0,56.76745219409965,51.76745219409965,51.76745219409965,2
2,2025-10-27,JZJ0009,1,cluster_1,ADIDA2,2.148936170212766,0.699190204708374,0.6792334342429261,2.501237623762376,5.375,0.20772946859903382,1.9083000499696325,0.07375072656887469,207.0,222.26640039975706,43.0,15.26640039975706,2
2,2025-10-27,JZJ0013,1,cluster_1,ADIDA2,2.872340425531915,0.9849256087196874,0.7738889401195883,2.1341313410637825,6.129951724332141,0.2972097805736796,-3.634903448664282,-0.17623774296554096,165.0,135.92077241068574,49.03961379465713,-29.079227589314257,2
2,2025-10-27,JZJ0014,2,cluster_2,ADIDA2,0.2127659574468085,0.04576551507862846,0.10581743189528395,1.7091129386208184,0.3636410507703869,2.909128406163095,0.19318806769384922,1.5455045415507938,1.0,2.5455045415507938,2.909128406163095,1.5455045415507938,2
2,2025-10-27,JZJ0016,1,cluster_1,ADIDA2,1.148936170212766,0.2526281184267858,0.4402080233841211,3.416333494278605,3.9251491210860574,,3.9251491210860574,,0.0,31.40119296868846,31.40119296868846,31.40119296868846,2
2,2025-10-27,JZJ0017,2,cluster_2,ADIDA2,0.1702127659574468,0.08897012535014348,0.11383525661646969,2.168400977826338,0.36908952814065327,,0.36908952814065327,,0.0,2.952716225125226,2.952716225125226,2.952716225125226,2
2,2025-10-27,JZJ0018,2,cluster_2,ADIDA2,0.23404255319148937,0.6269364422933181,0.999999970046711,2.6704545294567685,0.6249999962558395,1.249999992511679,-1.4976642204178603e-08,-2.9953284408357206e-08,4.0,3.999999880186862,4.999999970046716,-1.1981313763342882e-07,2
2,2025-10-27,JZJ0019,1,cluster_1,ADIDA2,0.4234042553191489,0.6015453425121744,0.999999970046711,7.971105288877361,3.374999898907648,0.5999999820280263,3.3749998652101976,0.5999999760373684,45.0,71.99999892168158,26.999999191261185,26.99999892168158,2
2,2025-10-27,JZQCQ001,1,cluster_1,ADIDA2,2.8297872340425534,0.5424169310425565,0.8628665912562979,8.481826535412272e-09,2.4001764451273028e-08,,2.4001764451273028e-08,,0.0,1.9201411561018423e-07,1.9201411561018423e-07,1.9201411561018423e-07,2
2,2025-10-27,JZQCQ003,1,cluster_1,ADIDA2,3.9148936170212765,0.4474018885852617,0.5763105380071887,0.002291381934434841,0.008970516509276823,,0.008970516509276823,,0.0,0.07176413207421459,0.07176413207421459,0.07176413207421459,2
2,2025-10-27,JZQCQ004,1,cluster_1,ADIDA2,0.7021276595744681,0.6265562468512845,0.999999970046711,5.1430533244870405e-45,3.611079993788773e-45,,3.611079993788773e-45,,0.0,2.8888639950310186e-44,2.8888639950310186e-44,2.8888639950310186e-44,2
2,2025-10-27,KFZ0001,2,cluster_2,ADIDA2,0.1276595744680851,0.042682073169678675,0.09937378181844364,0.8217128850264263,0.10489951723741611,,0.10489951723741611,,0.0,0.8391961378993289,0.8391961378993289,0.8391961378993289,2
2,2025-10-27,KZCWBG001,2,cluster_2,ADIDA2,0.26595744680851063,0.6261607258008527,0.2640263589977111,2.2707744222193007,0.6039293676115162,4.831434940892129,0.5135724901486882,4.108579921189506,1.0,5.108579921189506,4.831434940892129,4.108579921189506,2
2,2025-10-27,LRKF0001,1,cluster_1,ADIDA2,0.44680851063829785,0.7869556051534478,0.8847925071427375,4.3896548389761925e-21,1.9613351408191496e-21,,1.9613351408191496e-21,,0.0,1.5690681126553197e-20,1.5690681126553197e-20,1.5690681126553197e-20,2
2,2025-10-27,LTKF0002,2,cluster_2,ADIDA2,0.0425531914893617,0.9999999638290566,0.5857864251662435,2.316240697222767e-08,9.856343392437306e-10,,9.856343392437306e-10,,0.0,7.885074713949845e-09,7.885074713949845e-09,7.885074713949845e-09,2
2,2025-10-27,LTKF0003B,0,low_information,ADIDA2,0.02127659574468085,1.0037376640824323e-06,1.0037376640824323e-06,2.3587266888531857e-05,5.018567423091884e-07,,5.018567423091884e-07,,0.0,4.014853938473507e-06,4.014853938473507e-06,4.014853938473507e-06,2
2,2025-10-27,LTKF0005A,2,cluster_2,ADIDA2,0.2553191489361702,0.14373870752295675,0.24087411412955076,1.3627638788747407,0.3479397137552529,1.3917588550210116,-0.1194137149929961,-0.4776548599719844,2.0,1.0446902800560314,2.783517710042023,-0.9553097199439688,2
2,2025-10-27,LTKF0006A,0,low_information,ADIDA2,0.02127659574468085,1.0037376640824323e-06,1.0037376640824323e-06,2.358724321310369e-05,5.018562385766742e-07,,5.018562385766742e-07,,0.0,4.014849908613394e-06,4.014849908613394e-06,4.014849908613394e-06,2
2,2025-10-27,LTKF0008,2,cluster_2,ADIDA2,0.1702127659574468,0.23102747862098838,0.49999998817145314,1.1818489736780771e-06,2.0116578275371527e-07,,2.0116578275371527e-07,,0.0,1.6093262620297221e-06,1.6093262620297221e-06,1.6093262620297221e-06,2
2,2025-10-27,LTKF0009,2,cluster_2,ADIDA2,0.2127659574468085,0.29891185056198827,0.999999970046711,1.0672391324183765e-172,2.2707215583369715e-173,,2.2707215583369715e-173,,0.0,1.8165772466695772e-172,1.8165772466695772e-172,1.8165772466695772e-172,2
2,2025-10-27,LTKF0010,0,low_information,ADIDA2,0.0425531914893617,1.0037376640824323e-06,1.0037376640824323e-06,2.3587266888531857e-05,1.0037134846183768e-06,,1.0037134846183768e-06,,0.0,8.029707876947015e-06,8.029707876947015e-06,8.029707876947015e-06,2
2,2025-10-27,LTKF0012,0,low_information,ADIDA2,0.06382978723404255,0.2679491850250672,0.019080364084654584,0.4761511168651568,0.03039262448075469,,0.03039262448075469,,0.0,0.24314099584603752,0.24314099584603752,0.24314099584603752,2
2,2025-10-27,LTKF0016,0,low_information,ADIDA2,0.0851063829787234,0.009908261214855057,1.0037376640824323e-06,4.1277758486971654e-05,3.51300072229546e-06,,3.51300072229546e-06,,0.0,2.810400577836368e-05,2.810400577836368e-05,2.810400577836368e-05,2
2,2025-10-27,LTKF0018A,0,low_information,ADIDA2,0.06382978723404255,1.0037376640824323e-06,1.0037376640824323e-06,2.3587290563983803e-05,1.5055717381266255e-06,,1.5055717381266255e-06,,0.0,1.2044573905013004e-05,1.2044573905013004e-05,1.2044573905013004e-05,2
2,2025-10-27,LTKF0019,1,cluster_1,ADIDA2,0.723404255319149,0.2681553182548429,0.412754722618531,1.5551470588235292,1.125,1.0,-0.16191482346381886,-0.14392428752339453,9.0,7.70468141228945,9.0,-1.2953185877105509,2
2,2025-10-27,LTKF0020,1,cluster_1,ADIDA2,3.3404255319148937,0.7093134096861262,0.8249522745215159,6.625197097857993,22.130977539653294,1.6702624558228902,15.257970052871059,1.151544909650646,106.0,228.06376042296847,177.04782031722635,122.06376042296847,2
2,2025-10-27,LTKF0021,1,cluster_1,ADIDA2,1.3404255319148937,0.2604896161743506,0.4607842251117409,1.576650490622578,2.113382572536647,0.7350895904475294,1.776176763382196,0.6178006133503291,23.0,37.20941410705757,16.907060580293177,14.209414107057569,2
2,2025-10-27,LTKF0022,1,cluster_1,ADIDA2,0.2765957446808511,0.4851294305593471,0.999999970046711,8.717201531458567e-38,2.411140849126838e-38,,2.411140849126838e-38,,0.0,1.9289126793014703e-37,1.9289126793014703e-37,1.9289126793014703e-37,2
2,2025-10-27,LTKF0022M,1,cluster_1,ADIDA2,0.44680851063829785,0.41140157359217827,0.8263561456534421,9.732163101282183,4.34841330057289,2.8989422003819265,3.631217734097187,2.420811822731458,12.0,41.049741872777496,34.78730640458312,29.049741872777496,2
2,2025-10-27,LTKF0023,0,low_information,ADIDA2,0.02127659574468085,1.0037376640824323e-06,1.0037376640824323e-06,2.358724321310369e-05,5.018562385766742e-07,,5.018562385766742e-07,,0.0,4.014849908613394e-06,4.014849908613394e-06,4.014849908613394e-06,2
2,2025-10-27,LTKF0024A,2,cluster_2,ADIDA2,0.20212765957446807,0.44447573565277787,0.778008567247526,0.03144033705575094,0.006354961745311359,,0.006354961745311359,,0.0,0.05083969396249087,0.05083969396249087,0.05083969396249087,2
2,2025-10-27,LTKF0031,1,cluster_1,ADIDA2,1.2872340425531914,0.5079669059734228,0.999999970046711,2.621900808994159,3.374999977535034,0.9999999933437138,3.1249999550700682,0.9259259126133536,27.0,51.999999640560546,26.999999820280273,24.999999640560546,2
2,2025-10-27,LTKF0047,1,cluster_1,ADIDA2,0.2553191489361702,0.574650176032199,0.8516517788281247,0.48970219596211245,0.1250303479052202,1.0002427832417615,-0.12495953612637307,-0.9996762890109846,1.0,0.00032371098901543704,1.0002427832417615,-0.9996762890109846,2
2,2025-10-27,LTKF0058,0,low_information,ADIDA2,0.0,0.999999970046711,0.999999970046711,,1.0,1.0,-1.0,-1.0,8.0,0.0,8.0,-8.0,2
2,2025-10-27,LTKF0101,1,cluster_1,ADIDA2,1.3191489361702127,0.42179245676822374,0.17754387505357472,5.150284467641519,6.79399227646328,2.0904591619887016,2.808656368617706,0.8642019595746788,26.0,48.46925094894165,54.35193821170624,22.46925094894165,2
2,2025-10-27,LTKF0102,2,cluster_2,ADIDA2,0.10638297872340426,0.6120649897189874,0.999999970046711,7.050000035195116,0.7500000037441613,1.000000004992215,-0.7499999850233545,-0.9999999800311393,6.0,1.1981316301868269e-07,6.0000000299532905,-5.999999880186836,2
2,2025-10-27,LTKF0103,0,low_information,ADIDA2,0.05319148936170213,0.33333332505586727,0.999999970046711,23.499999366487938,1.2499999663025498,3.3333332434734664,1.1249999550700664,2.9999998801868437,3.0,11.999999640560532,9.999999730420399,8.999999640560532,2
2,2025-10-27,LTKF0106,0,low_information,ADIDA2,0.0,0.999999970046711,0.999999970046711,,0.5,1.0,-0.5,-1.0,4.0,0.0,4.0,-4.0,2
2,2025-10-27,LTKF0111,0,low_information,ADIDA2,0.02127659574468085,1.0037376640824323e-06,1.0037376640824323e-06,35.24999410305898,0.7499998745331697,0.999999832710893,-0.7499994981326792,-0.9999993308435723,6.0,4.014938566470284e-06,5.999998996265358,-5.9999959850614335,2
2,2025-10-27,LTKF093,2,cluster_2,ADIDA2,0.2765957446808511,0.12854213458831226,0.30336976352063283,4.148062030039888,1.1473363061812458,1.0198544943833296,-0.035654775275016704,-0.031693133577792625,9.0,8.714761797799866,9.178690449449967,-0.28523820220013363,2
2,2025-10-27,LTKF098,2,cluster_2,ADIDA2,0.32978723404255317,0.9999999762934778,0.8997666657838598,23.40590130735464,7.718967452425465,6.175173961940372,7.718967452425465,6.175173961940372,10.0,71.75173961940372,61.75173961940372,61.75173961940372,2
2,2025-10-27,LYC0201,1,cluster_1,ADIDA2,0.3191489361702128,0.3503533005639758,0.8242716886148302,2.953512793896778,0.9426104661372696,,0.9426104661372696,,0.0,7.540883729098157,7.540883729098157,7.540883729098157,2
2,2025-10-27,LYC0203,2,cluster_2,ADIDA2,0.1702127659574468,0.15118299486331985,0.2813376756340915,3.46068016370599,0.5890519427584664,4.712415542067731,0.49373592367795527,3.949887389423642,1.0,4.949887389423642,4.712415542067731,3.949887389423642,2
2,2025-10-27,NNB0002,0,low_information,ADIDA2,0.06382978723404255,0.07039673162540609,0.18321106770222753,135.8453396145833,8.670979124335105,0.9909690427811548,-8.59195824867021,-0.9819380855623097,70.0,1.2643340106383234,69.36783299468084,-68.73566598936168,2
2,2025-10-27,QCCXC0004,1,cluster_1,ADIDA2,1.3191489361702127,0.39992984103304996,0.354772664564317,0.005397972611951954,0.007120729828532365,,0.007120729828532365,,0.0,0.05696583862825892,0.05696583862825892,0.05696583862825892,2
2,2025-10-27,QCCXC0005,1,cluster_1,ADIDA2,1.1914893617021276,0.46117576724116455,0.9108464050553885,0.07570859338785142,0.09020598361105701,,0.09020598361105701,,0.0,0.7216478688884561,0.7216478688884561,0.7216478688884561,2
2,2025-10-27,QCCXC0007,1,cluster_1,ADIDA2,1.8936170212765957,0.34597275000539396,0.6207131008537922,1.1918194160884,2.2568495325929274,,2.2568495325929274,,0.0,18.05479626074342,18.05479626074342,18.05479626074342,2
2,2025-10-27,QCSSXC0004,0,low_information,ADIDA2,0.06382978723404255,0.021898640369946203,0.0481571032897682,0.447862056434205,0.028586939772396062,,0.028586939772396062,,0.0,0.2286955181791685,0.2286955181791685,0.2286955181791685,2
2,2025-10-27,QCSSXC0005,1,cluster_1,ADIDA2,1.1063829787234043,0.14406222655850368,0.27749178645410616,4.435836223028363,4.907733693563295,,4.907733693563295,,0.0,39.26186954850636,39.26186954850636,39.26186954850636,2
2,2025-10-27,QCSSXC0006,1,cluster_1,ADIDA2,0.648936170212766,0.21533891554915097,0.6271890998369757,8.400098730448946,5.451127899546656,21.804511598186625,5.451127899546656,21.804511598186625,2.0,45.60902319637325,43.60902319637325,43.60902319637325,2
2,2025-10-27,QCXDS001,1,cluster_1,ADIDA2,1.3829787234042554,0.8226851492299591,0.35436146720982825,0.0092770712966694,0.012829992218798108,,0.012829992218798108,,0.0,0.10263993775038487,0.10263993775038487,0.10263993775038487,2
2,2025-10-27,QCXXC0001,2,cluster_2,ADIDA2,0.48936170212765956,0.19581537312991268,0.11407104944279499,1.2794004463755737,0.6260895801412382,,0.6260895801412382,,0.0,5.008716641129905,5.008716641129905,5.008716641129905,2
2,2025-10-27,QCXXC0002,2,cluster_2,ADIDA2,0.3191489361702128,0.18048424441309424,0.2596713806326743,0.1190053445101259,0.03798042909897635,,0.03798042909897635,,0.0,0.3038434327918108,0.3038434327918108,0.3038434327918108,2
2,2025-10-27,QFSJZ001-1,1,cluster_1,ADIDA2,0.3723404255319149,0.692052386911457,0.43794771582238606,8.580335773512216,3.1948058731162505,8.519482328310001,3.1948058731162505,8.519482328310001,3.0,28.558446984930004,25.558446984930004,25.558446984930004,2
2,2025-10-27,QFSJZ002-1,2,cluster_2,ADIDA2,0.14893617021276595,0.1964837924497571,0.9055544875625214,0.3229147326147557,0.04809368358092106,,0.04809368358092106,,0.0,0.3847494686473685,0.3847494686473685,0.3847494686473685,2
2,2025-10-27,QFSJZ003,2,cluster_2,ADIDA2,0.13829787234042554,0.11859409252645584,0.36811189590580473,2.486922957331403,0.3439361536734919,,0.3439361536734919,,0.0,2.751489229387935,2.751489229387935,2.751489229387935,2
2,2025-10-27,QFSJZ003-1,2,cluster_2,ADIDA2,0.2765957446808511,0.3093697791107071,0.46247420198055483,4.805747301645718,1.329249253646688,2.658498507293376,1.272332338195584,2.544664676391168,4.0,14.178658705564672,10.633994029173504,10.178658705564672,2
2,2025-10-27,QYGZIPJ,0,low_information,ADIDA2,0.06382978723404255,0.08974358118575979,0.312233420630471,5.336612104408635,0.34063481517501926,2.725078521400154,0.16251308690002564,1.300104695200205,1.0,2.300104695200205,2.725078521400154,1.300104695200205,2
2,2025-10-27,RLHZHMV000AMDE,1,cluster_1,ADIDA2,3.0425531914893615,0.6718546897857977,0.8268287579752743,0.7086719292719729,2.156172040125364,0.5227083733637247,-0.24968816050145737,-0.060530463151868455,33.0,31.00249471598834,17.249376321002913,-1.997505284011659,2
2,2025-10-27,SLT0001,0,low_information,ADIDA2,0.0425531914893617,1.0037376640824323e-06,1.0037376640824323e-06,2.3587385266029162e-05,1.0037185219586877e-06,,1.0037185219586877e-06,,0.0,8.029748175669502e-06,8.029748175669502e-06,8.029748175669502e-06,2
2,2025-10-27,SLT0003,2,cluster_2,ADIDA2,0.2765957446808511,0.11578263902465427,0.2654603241778291,2.7314683272453415,0.7555125160465839,0.6044100128372671,-0.23897496790683226,-0.1911799743254658,10.0,8.088200256745342,6.044100128372671,-1.911799743254658,2
2,2025-10-27,SLT0004,0,low_information,ADIDA2,0.07446808510638298,0.5649279963153425,0.14596516392551603,13.428571428571429,1.0,1.0,-0.6067684275839794,-0.6067684275839794,8.0,3.145852579328165,8.0,-4.854147420671835,2
2,2025-10-27,SPH0001,2,cluster_2,ADIDA2,0.2765957446808511,0.9354229080097287,0.7206698606260249,15.653132237623057,4.329589767853186,,4.329589767853186,,0.0,34.63671814282549,34.63671814282549,34.63671814282549,2
2,2025-10-27,SRPDZS0001,0,low_information,ADIDA2,0.0851063829787234,0.24169038845153543,0.08423756638862748,1.3654035888942433,0.11620456075695687,,0.11620456075695687,,0.0,0.929636486055655,0.929636486055655,0.929636486055655,2
2,2025-10-27,SRPDZS0002,2,cluster_2,ADIDA2,0.06382978723404255,0.9999999722117726,0.0724761162683164,2.5868590676183776,0.16511866389053473,,0.16511866389053473,,0.0,1.3209493111242778,1.3209493111242778,1.3209493111242778,2
2,2025-10-27,WSJZS0002,1,cluster_1,ADIDA2,0.40425531914893614,0.999999970046711,0.999999970046711,43.28947298030822,17.499999715443746,,17.499999715443746,,0.0,139.99999772354997,139.99999772354997,139.99999772354997,2
2,2025-10-27,WSJZS0004,1,cluster_1,ADIDA2,0.6914893617021277,0.6943357554913704,0.9269162194222418,27.529674406219385,19.036476983024045,,19.036476983024045,,0.0,152.29181586419236,152.29181586419236,152.29181586419236,2
2,2025-10-27,XHP0001,1,cluster_1,ADIDA2,1.2553191489361701,0.8647901798726765,0.1169233016992604,2.391060818007864,3.0015444311162547,2.401235544893004,2.085392574821673,1.6683140598573385,10.0,26.683140598573384,24.012355448930037,16.683140598573384,2
2,2025-10-27,XHZXCZP0001,1,cluster_1,ADIDA2,2.882978723404255,0.9230139741274515,0.999999970046711,0.34686348032310066,1.0000000336974497,0.2580645248251483,0.6250001347897989,0.16129035736510938,31.0,36.00000107831839,8.000000269579598,5.000001078318391,2
2,2025-10-27,XHZXCZP0002,2,cluster_2,ADIDA2,0.09574468085106383,0.6251949197409793,0.999999970046711,20.888888654254778,1.999999977535032,1.230769216944635,1.874999970046709,1.1538461354133593,13.0,27.999999760373672,15.999999820280255,14.999999760373672,2
2,2025-10-27,YBB0001,1,cluster_1,ADIDA2,0.20212765957446807,0.9668892744464788,0.999999970046711,4.3289474425160295,0.8750000149766443,1.400000023962631,-0.12499997004671148,-0.19999995207473836,5.0,4.000000239626308,7.000000119813154,-0.9999997603736919,2
2,2025-10-27,YDBZ001,1,cluster_1,ADIDA2,0.4787234042553192,0.999999966932122,0.5295028466847009,4.606713434643206,2.205341537861109,1.6038847548080795,1.7321220504814794,1.259725127622894,11.0,24.856976403851835,17.642732302888874,13.856976403851835,2
2,2025-10-27,YDBZ002,1,cluster_1,ADIDA2,0.8085106382978723,0.5113801709417791,0.09540813067217768,1.9271470828692607,1.5581189180645085,1.1331773949560062,0.491237836129017,0.3572638808211033,11.0,14.929902689032136,12.464951344516068,3.929902689032136,2
2,2025-10-27,YDBZLV0001AMDE,2,cluster_2,ADIDA2,0.1702127659574468,0.21756310308259466,0.52389616509654,9.194448963472795e-06,1.5650125895272842e-06,,1.5650125895272842e-06,,0.0,1.2520100716218274e-05,1.2520100716218274e-05,1.2520100716218274e-05,2
2,2025-10-27,YDBZWV0001AMDE,2,cluster_2,ADIDA2,0.19148936170212766,0.30079803678000855,0.508111405305241,0.0001326382372074519,2.539881138015036e-05,,2.539881138015036e-05,,0.0,0.00020319049104120288,0.00020319049104120288,0.00020319049104120288,2
2,2025-10-27,YJL0002,0,low_information,ADIDA2,0.0425531914893617,0.20109752085966626,0.9999999755167436,11.75,0.5,,0.5,,0.0,4.0,4.0,4.0,2
2,2025-10-27,YJLZHMV000AMDE,1,cluster_1,ADIDA2,1.053191489361702,0.24704019828430476,0.34581197588804063,0.8672216118979927,0.9133504210415029,7.306803368332023,0.9133504210415029,7.306803368332023,1.0,8.306803368332023,7.306803368332023,7.306803368332023,2
2,2025-10-27,YJX0022,0,low_information,ADIDA2,0.06382978723404255,0.1833444668607733,0.999999970046711,4.085834908272842e-90,2.6079797286847925e-91,,2.6079797286847925e-91,,0.0,2.086383782947834e-90,2.086383782947834e-90,2.086383782947834e-90,2
2,2025-10-27,YJX0023,0,low_information,ADIDA2,0.10638297872340426,0.016864916709287355,0.03535754536151093,0.9219479623165384,0.09807957045920622,,0.09807957045920622,,0.0,0.7846365636736498,0.7846365636736498,0.7846365636736498,2
2,2025-10-27,YJX0024,2,cluster_2,ADIDA2,0.14893617021276595,0.3634491557842199,0.8695935196839737,1.456822711624412e-09,2.1697359534831665e-10,,2.1697359534831665e-10,,0.0,1.7357887627865332e-09,1.7357887627865332e-09,1.7357887627865332e-09,2
2,2025-10-27,YJX0025,2,cluster_2,ADIDA2,0.14893617021276595,0.04909774889560936,0.11314629044720553,0.9816827774282103,0.14620807323398877,,0.14620807323398877,,0.0,1.1696645858719101,1.1696645858719101,1.1696645858719101,2
2,2025-10-27,YKLLW0004,0,low_information,ADIDA2,0.46808510638297873,0.00570324399697248,0.012378072016459758,0.27715428005244863,0.1297317906628483,,0.1297317906628483,,0.0,1.0378543253027863,1.0378543253027863,1.0378543253027863,2
2,2025-10-27,YKLLW0005,1,cluster_1,ADIDA2,1.0851063829787233,0.012020123007908131,0.02343108048756335,0.4964139059164609,0.5386618979093512,4.309295183274809,0.4265491972124682,3.4123935776997456,1.0,4.412393577699746,4.309295183274809,3.4123935776997456,2
2,2025-10-27,YKLLW0006,0,low_information,ADIDA2,0.2553191489361702,0.0090635414300741,0.019483610765175855,0.8339462539694917,0.21292244782199787,1.703379582575983,-0.007770069570669488,-0.06216055656535591,1.0,0.9378394434346442,1.703379582575983,-0.06216055656535591,2
2,2025-10-27,YXBLJ0001,0,low_information,ADIDA2,0.010638297872340425,0.999999970046711,0.999999970046711,105.75,1.125,1.0,-1.125,-1.0,9.0,0.0,9.0,-9.0,2
2,2025-10-27,ZBTZ0002,0,low_information,ADIDA2,0.574468085106383,0.004667646358095498,0.003192198145293405,0.2759732365166883,0.15853781672235287,1.268302533778823,-0.08028291103686284,-0.6422632882949028,1.0,0.3577367117050972,1.268302533778823,-0.6422632882949028,2
2,2025-10-27,ZBTZ0003,0,low_information,ADIDA2,0.0425531914893617,0.033159181061760176,0.03321244175936278,18.082783823270578,0.769480162692365,1.0259735502564866,-0.71103967461527,-0.9480528994870266,6.0,0.3116826030778403,6.15584130153892,-5.68831739692216,2
2,2025-10-27,ZJJSJBV001AMDE,2,cluster_2,ADIDA2,0.40425531914893614,0.2204122860921432,0.3672249967419647,0.5658441688553835,0.22874551506919755,,0.22874551506919755,,0.0,1.8299641205535804,1.8299641205535804,1.8299641205535804,2
2,2025-10-27,ZJJSJSV001AMDE,1,cluster_1,ADIDA2,0.6595744680851063,0.39455554828076955,0.999999970046711,2.8556663202745763e-136,1.8835245942236565e-136,,1.8835245942236565e-136,,0.0,1.5068196753789252e-135,1.5068196753789252e-135,1.5068196753789252e-135,2
2,2025-10-27,ZJJYZBV001AMDE,1,cluster_1,ADIDA2,0.6382978723404256,0.7709379198416596,0.6707944053767925,0.327850626339437,0.20926635723793852,,0.20926635723793852,,0.0,1.6741308579035081,1.6741308579035081,1.6741308579035081,2
2,2025-10-27,ZJJYZSJBV1AMDE,1,cluster_1,ADIDA2,0.40425531914893614,0.3498044624748055,0.999999970046711,5.193098176011518e-121,2.0993375605152946e-121,,2.0993375605152946e-121,,0.0,1.6794700484122356e-120,1.6794700484122356e-120,1.6794700484122356e-120,2
2,2025-10-27,ZJJYZSJSV1AMDE,1,cluster_1,ADIDA2,0.40425531914893614,0.9999999766847975,0.999999970046711,5.679411022777175e-218,2.2959321155907727e-218,,2.2959321155907727e-218,,0.0,1.836745692472618e-217,1.836745692472618e-217,1.836745692472618e-217,2
2,2025-10-27,ZJJYZSJSV2AMDE,2,cluster_2,ADIDA2,0.19148936170212766,0.38840678040421417,0.6240639706379791,5.420421686547011e-10,1.0379530889132575e-10,,1.0379530889132575e-10,,0.0,8.30362471130606e-10,8.30362471130606e-10,8.30362471130606e-10,2
2,2025-10-27,ZTD0001,0,low_information,ADIDA2,0.0,0.999999970046711,0.999999970046711,,1.375,1.0,-1.375,-1.0,11.0,0.0,11.0,-11.0,2
2,2025-10-27,ZTD0003,2,cluster_2,ADIDA2,0.11702127659574468,0.18688845147419209,0.532343154147912,34.602349091314025,4.0492110638771734,0.8755050948923618,-3.8572814185028985,-0.8340067931898159,37.0,6.14174865197681,32.39368851101739,-30.858251348023188,2
3,2025-12-22,BLP0001,1,cluster_1,ADIDA2,0.9607843137254902,0.3270663945848589,0.20780026946843466,4.221635710766511,4.056081369167824,0.6622173663947468,-2.8493254766712948,-0.4651959961912318,49.0,26.205396186629645,32.44865095334259,-22.794603813370358,2
3,2025-12-22,BLP0002,1,cluster_1,ADIDA2,0.49019607843137253,0.23227938827381675,0.37209474355731237,3.616834255741479,1.7729579685007248,1.575962638667311,1.7729579685007248,1.575962638667311,9.0,23.1836637480058,14.183663748005799,14.183663748005799,2
3,2025-12-22,BLP0003,2,cluster_2,ADIDA2,0.06862745098039216,0.22566240488932318,0.9999999645348395,10.928571428571427,0.75,1.0,-0.25,-0.3333333333333333,6.0,4.0,6.0,-2.0,2
3,2025-12-22,BLP0004,0,low_information,ADIDA2,0.0392156862745098,1.0037376640824323e-06,1.0037376640824323e-06,22.3125,0.875,1.0,-0.8749989962633433,-0.9999988528723923,7.0,8.029893252745072e-06,7.0,-6.999991970106747,2
3,2025-12-22,CLSSLT0003,2,cluster_2,ADIDA2,0.21568627450980393,0.7393670654737028,0.23740856106538397,3.477272727272727,0.75,1.0,-0.4278013991701582,-0.5704018655602109,6.0,2.5775888066387345,6.0,-3.4224111933612655,2
3,2025-12-22,CLSSLT0006,2,cluster_2,ADIDA2,0.35294117647058826,0.23592035629092992,0.2746396767995212,2.5471270375199517,0.898986013242336,1.4383776211877375,0.42297202648467214,0.6767552423754755,5.0,8.383776211877377,7.191888105938688,3.383776211877377,2
3,2025-12-22,CWW0002,1,cluster_1,ADIDA2,1.3411764705882352,0.8909986416527781,0.3884048801402267,8.481359649122808,11.375,0.5723270440251572,-3.160470381440227,-0.15901737768252716,159.0,133.71623694847818,91.0,-25.283763051521817,2
3,2025-12-22,DHZXCZP0001,1,cluster_1,ADIDA2,0.45098039215686275,0.5616727733521245,0.6878753412085452,2.217391304347826,1.0,1.0,-0.9336282504026276,-0.9336282504026276,8.0,0.5309739967789795,8.0,-7.469026003221021,2
3,2025-12-22,DRMJJ0021,2,cluster_2,ADIDA2,0.13725490196078433,0.695960441318373,0.578234851846267,5.464285714285713,0.7499999999999999,0.9999999999999999,-0.7488856199333617,-0.9985141599111489,6.0,0.008915040533106083,5.999999999999999,-5.991084959466893,2
3,2025-12-22,DRMJJ0022,1,cluster_1,ADIDA2,0.35294117647058826,0.6579321404579505,0.15837661887992904,5.547893175200899,1.9580799441885528,0.8244547133425485,-1.5411598883771056,-0.6489094266850971,19.0,6.670720892983154,15.664639553508422,-12.329279107016845,2
3,2025-12-22,DRMJJ0023,1,cluster_1,ADIDA2,0.8529411764705882,0.23033003894856743,0.31274966282634314,4.039845267677936,3.4457503753723575,1.450842263314677,3.4457503753723575,1.450842263314677,19.0,46.56600300297886,27.56600300297886,27.56600300297886,2
3,2025-12-22,DRMJJ0025,2,cluster_2,ADIDA2,0.19607843137254902,0.4418696914549231,0.999999970046711,4.462500019095222,0.8750000037441611,0.8750000037441611,-0.5000000149766444,-0.5000000149766444,8.0,3.999999880186844,7.000000029953289,-4.000000119813155,2
3,2025-12-22,DRMJJ0026,2,cluster_2,ADIDA2,0.19607843137254902,0.5435938123750488,0.999999970046711,5.1,1.0,1.0,-1.0,-1.0,8.0,1.9319207661492202e-29,8.0,-8.0,2
3,2025-12-22,DRMJJ0027,2,cluster_2,ADIDA2,0.0784313725490196,0.8670732470861948,0.8452942236781942,1.5983803449626366,0.12536316431079503,1.0029053144863602,-0.12451578091893997,-0.9961262473515198,1.0,0.0038737526484802698,1.0029053144863602,-0.9961262473515198,2
3,2025-12-22,ETZP0003,2,cluster_2,ADIDA2,0.19607843137254902,0.6358642209870319,0.8034055577951288,13.705739924963185,2.687399985286899,1.0237714229664376,-2.3754000588524047,-0.9049143081342494,21.0,1.996799529180764,21.49919988229519,-19.003200470819237,2
3,2025-12-22,ETZP0004,2,cluster_2,ADIDA2,0.45098039215686275,0.16139733226846836,0.3204061463438079,6.6521739130434785,3.0,1.0,-1.1720425941922556,-0.39068086473075186,24.0,14.623659246461955,24.0,-9.376340753538045,2
3,2025-12-22,FDBLHP0001,2,cluster_2,ADIDA2,0.35294117647058826,0.5590320288426374,0.8842215196674548,1.7883985953624615,0.6311995042455747,1.0099192067929195,-0.6002019830177012,-0.9603231728283219,5.0,0.19838413585839107,5.0495960339645976,-4.80161586414161,2
3,2025-12-22,FDBLP0001,1,cluster_1,ADIDA2,0.7450980392156863,0.999999970046711,0.27721879226642465,1.5992171896677843,1.1915735923014863,0.635505915894126,-0.6087056307940549,-0.32464300309016264,15.0,10.13035495364756,9.53258873841189,-4.869645046352439,2
3,2025-12-22,FRC0003,1,cluster_1,ADIDA2,0.6470588235294118,0.5366708226451059,0.4876271847238846,2.335134629596479,1.5109694662094866,1.007312977472991,-1.4780610675810262,-0.9853740450540175,12.0,0.17551145935178936,12.087755729675893,-11.82448854064821,2
3,2025-12-22,FRH0028,1,cluster_1,ADIDA2,0.6078431372549019,0.18293743467071005,0.3244973970794776,0.485972839987761,0.29539525567883507,,0.29539525567883507,,0.0,2.3631620454306805,2.3631620454306805,2.3631620454306805,2
3,2025-12-22,FRH0033,1,cluster_1,ADIDA2,3.195098039215686,0.17066320133517174,0.3148731422970678,0.7841013383110863,2.5052806485841472,2.004224518867318,1.260561297168295,1.008449037734636,10.0,20.08449037734636,20.042245188673178,10.08449037734636,2
3,2025-12-22,FRH0034,1,cluster_1,ADIDA2,1.0960784313725491,0.22903682131032635,0.4766092459529063,2.1342033968094394,2.3392543114048565,0.9357017245619426,-1.857017245619426,-0.7428068982477705,20.0,5.143862035044593,18.714034491238852,-14.856137964955408,2
3,2025-12-22,FRH0043,2,cluster_2,ADIDA2,0.1568627450980392,0.039249715444438074,0.09009867909943188,4.525594608668624,0.7098971935166469,1.135835509626635,-0.45520561296670614,-0.7283289807467298,5.0,1.358355096266351,5.679177548133175,-3.641644903733649,2
3,2025-12-22,FRH0044,2,cluster_2,ADIDA2,0.35294117647058826,0.05903175871184907,0.10973305840062839,1.6928116118365815,0.5974629218246759,1.1949258436493517,-0.11014831270129677,-0.22029662540259354,4.0,3.118813498389626,4.779703374597407,-0.8811865016103742,2
3,2025-12-22,FRH0046,1,cluster_1,ADIDA2,0.6666666666666666,0.2134623593732376,0.30806111994436874,7.359397612093483,4.906265074728989,0.7136385563242166,-4.906265074728989,-0.7136385563242166,55.0,15.749879402168087,39.25012059783191,-39.25012059783191,2
3,2025-12-22,FRH0048,1,cluster_1,ADIDA2,2.503267973856209,0.2899685926796625,0.5630950523620925,1.8296565575504562,4.580120663672057,0.4211605207974305,-3.2852413273441137,-0.30209115653738977,87.0,60.71806938124709,36.640965309376455,-26.28193061875291,2
3,2025-12-22,FRH0050,1,cluster_1,ADIDA2,1.3137254901960784,0.1680651510676269,0.45469914403078926,3.155483524951059,4.1454391406219795,11.054504374991945,4.1454391406219795,11.054504374991945,3.0,36.163513124975836,33.163513124975836,33.163513124975836,2
3,2025-12-22,FRH0051,1,cluster_1,ADIDA2,1.8725490196078431,0.348262683321345,0.337615113422675,1.2640490985556176,2.3669939002365,0.7574380480756799,1.3589878004729998,0.43487609615135997,25.0,35.871902403784,18.935951201892,10.871902403783999,2
3,2025-12-22,FRH0056,1,cluster_1,ADIDA2,3.372549019607843,0.561803308475356,0.26796231390032793,1.927325581395349,6.5,0.5777777777777777,0.07875631855680254,0.007000561649493559,90.0,90.63005054845442,52.0,0.6300505484544203,2
3,2025-12-22,FRH0056-1,0,low_information,ADIDA2,0.058823529411764705,0.24640751600200858,0.9999999768731298,21.249999606843204,1.2499999768731296,4.999999907492518,1.2499999768731296,4.999999907492518,2.0,11.999999814985037,9.999999814985037,9.999999814985037,2
3,2025-12-22,FRH0059,1,cluster_1,ADIDA2,1.3725490196078431,0.7719859915043926,0.999999970046711,1.0928571428571427,1.5,1.0,-1.4999999999999984,-0.999999999999999,12.0,1.0766393911961462e-14,12.0,-11.999999999999988,2
3,2025-12-22,FRH0064,1,cluster_1,ADIDA2,0.6568627450980392,0.16681907480241398,0.20529386926239815,2.6515471903703727,1.741702566223676,1.0718169638299544,1.1972700882982346,0.7367815927989135,13.0,22.578160706385876,13.933620529789408,9.578160706385876,2
3,2025-12-22,FRH0065,2,cluster_2,ADIDA2,0.23529411764705882,0.7832661553632873,0.852897052227261,8.380969051395974,1.9719927179755232,0.8764412079891214,-1.6939854359510467,-0.752882415978243,18.0,4.448116512391626,15.775941743804186,-13.551883487608373,2
3,2025-12-22,FRH0068,2,cluster_2,ADIDA2,0.24509803921568626,0.1579596722457436,0.2741513345915808,3.9886530571860646,0.9776110434279569,0.8689875941581839,0.2854441737118276,0.25372815441051344,9.0,11.283553389694621,7.820888347423655,2.283553389694621,2
3,2025-12-22,FRW0005,1,cluster_1,ADIDA2,1.4411764705882353,0.3184387788653362,0.3759283668315962,1.1960473429900274,1.723715288426804,0.9849801648153166,0.881620384569072,0.5037830768966126,14.0,21.052963076552576,13.789722307414433,7.052963076552576,2
3,2025-12-22,FRW0006,1,cluster_1,ADIDA2,2.735294117647059,0.3726612641643005,0.5714175188700031,2.2104871526933807,6.046332505896601,1.307315136410076,5.603443341195467,1.211555317015236,37.0,81.82754672956374,48.370660047172805,44.827546729563736,2
3,2025-12-22,FRW0008,2,cluster_2,ADIDA2,0.09803921568627451,0.07387908150051675,0.20530662877512756,2.3263009028131267,0.22806871596207123,,0.22806871596207123,,0.0,1.8245497276965699,1.8245497276965699,1.8245497276965699,2
3,2025-12-22,FRW0009,2,cluster_2,ADIDA2,0.23529411764705882,0.4231722579953138,0.5084400363782934,2.8039063461336298,0.6597426696785011,5.277941357428009,0.5879902262380015,4.703921809904012,1.0,5.703921809904012,5.277941357428009,4.703921809904012,2
3,2025-12-22,FRW0015,1,cluster_1,ADIDA2,0.9607843137254902,0.9999999776436783,0.6536943207823059,4.169205632885288e-05,4.0057073727721397e-05,,4.0057073727721397e-05,,0.0,0.00032045658982177117,0.00032045658982177117,0.00032045658982177117,2
3,2025-12-22,FRW0024,2,cluster_2,ADIDA2,0.1568627450980392,0.6972549252771302,0.999999970046711,9.562500119345138,1.500000018720806,1.0000000124805373,-1.4999999251167762,-0.9999999500778508,12.0,5.990657899718262e-07,12.000000149766448,-11.99999940093421,2
3,2025-12-22,FSTBY001,0,low_information,ADIDA2,0.0,0.999999970046711,0.999999970046711,,0.125,1.0,-0.125,-1.0,1.0,0.0,1.0,-1.0,2
3,2025-12-22,FZGLS0001,0,low_information,ADIDA2,0.0196078431372549,0.183503424556217,0.999999970046711,25.49999999999998,0.49999999999999956,,0.49999999999999956,,0.0,3.9999999999999964,3.9999999999999964,3.9999999999999964,2
3,2025-12-22,FZGLS0002,0,low_information,ADIDA2,0.0392156862745098,0.030368617386031697,0.029999769811939025,9.78516962608145,0.38373214219927254,1.0232857125313934,-0.34007143120290984,-0.9068571498744262,3.0,0.2794285503767214,3.0698571375941803,-2.7205714496232787,2
3,2025-12-22,FZLRICBHP0001,2,cluster_2,ADIDA2,0.13725490196078433,0.775593789723302,0.7826215796234129,13.660714285714285,1.875,1.0,-1.87393631414466,-0.9994327008771521,15.0,0.008509486842719741,15.0,-14.99149051315728,2
3,2025-12-22,FZLRJ0001,2,cluster_2,ADIDA2,0.4019607843137255,0.4547323047045913,0.999999970046711,3.7317073170731705,1.5,1.0,-1.5,-1.0,12.0,1.0749630907476554e-22,12.0,-12.0,2
3,2025-12-22,FZLRJ0001double,0,low_information,ADIDA2,0.0392156862745098,0.018172954674773166,0.03923107096404406,3.642546129407951,0.14284494625129218,1.1427595700103375,-0.10120673833161041,-0.8096539066528833,1.0,0.19034609334711675,1.1427595700103375,-0.8096539066528833,2
3,2025-12-22,FZLRJ0002,1,cluster_1,ADIDA2,0.49019607843137253,0.3757358163237127,0.5489925511748383,7.710601583264608,3.7797066584630428,0.9754081699259465,-3.747942211284057,-0.9672108932345954,31.0,1.0164623097275447,30.237653267704342,-29.983537690272456,2
3,2025-12-22,FZLRJ0002double,2,cluster_2,ADIDA2,0.11764705882352941,0.13827198380822914,0.05983021474334207,4.4891532458809,0.5281356759859882,1.0562713519719764,-0.3874572960560472,-0.7749145921120943,4.0,0.900341631551623,4.225085407887906,-3.0996583684483774,2
3,2025-12-22,GJMJWJX001,1,cluster_1,ADIDA2,6.477124183006535,0.2552254309945009,0.42384036130469366,4.59856833367421,29.785498161249294,9.531359411599773,29.785498161249294,9.531359411599773,25.0,263.28398528999435,238.28398528999435,238.28398528999435,2
3,2025-12-22,GJMJWJXW001,1,cluster_1,ADIDA2,9.588235294117647,0.5920371866912847,0.999999970046711,3.898006288043497,37.37500146771118,299.00001174168943,37.37500146771118,299.00001174168943,1.0,300.00001174168943,299.00001174168943,299.00001174168943,2
3,2025-12-22,HLGKSLT0001,1,cluster_1,ADIDA2,0.6470588235294118,0.4418241252864708,0.857014295496073,2.175783233576777,1.4078597393732089,1.1262877914985672,0.9604796524976118,0.7683837219980895,10.0,17.683837219980894,11.26287791498567,7.683837219980894,2
3,2025-12-22,HWZDSKL0001,1,cluster_1,ADIDA2,1.196078431372549,0.23002199400812226,0.22276077900259592,0.513423594057163,0.6140948870095478,,0.6140948870095478,,0.0,4.912759096076383,4.912759096076383,4.912759096076383,2
3,2025-12-22,HWZDSKL0002,2,cluster_2,ADIDA2,0.27450980392156865,0.6554089927070944,0.059487338844660974,1.3256552510747535,0.36390536304012844,,0.36390536304012844,,0.0,2.9112429043210275,2.9112429043210275,2.9112429043210275,2
3,2025-12-22,HZSN0001,1,cluster_1,ADIDA2,0.8725490196078431,0.5610656269156417,0.894341800376623,4.197504332916885,3.6625282904863012,0.8878856461784973,-3.508371053981735,-0.8505141949046631,33.0,4.933031568146118,29.30022632389041,-28.06696843185388,2
3,2025-12-22,JZJ00011,1,cluster_1,ADIDA2,0.303921568627451,0.8755347341737907,0.999999970046711,2.4677419519098707,0.7500000049922156,0.7500000049922156,9.984431281750972e-09,9.984431281750972e-09,8.0,8.00000007987545,6.000000039937725,7.987545025400777e-08,2
3,2025-12-22,JZJ00012,1,cluster_1,ADIDA2,1.2549019607843137,0.5064141235153343,0.575139878389501,1.5972996782729618,2.0044544982248933,1.2335104604460883,1.5476059976331906,0.952372921620425,13.0,25.380847981065525,16.035635985799146,12.380847981065525,2
3,2025-12-22,JZJ0002,1,cluster_1,ADIDA2,1.9705882352941178,0.5150407380022618,0.5661699503369042,2.473880597014925,4.874999999999999,0.4285714285714285,-4.162108557456777,-0.36589965340279357,91.0,57.70313154034578,38.99999999999999,-33.29686845965421,2
3,2025-12-22,JZJ0003,1,cluster_1,ADIDA2,3.0980392156862746,0.5487426364934148,0.46708895728272465,3.1900448585194954,9.88288407149177,0.687504978886384,9.302178761989026,0.647108087790541,115.0,189.4174300959122,79.06307257193416,74.41743009591221,2
3,2025-12-22,JZJ0009,1,cluster_1,ADIDA2,2.5686274509803924,0.6159578153084925,0.6492312503234737,2.5791984732824424,6.625,0.29608938547486036,0.5493333887831824,0.024551212906510946,179.0,183.39466711026546,53.0,4.394667110265459,2
3,2025-12-22,JZJ0013,1,cluster_1,ADIDA2,3.2254901960784315,0.8331397951472153,0.772787093629379,3.2413939575654824,10.455084431755331,0.5651396990138017,4.320337727021329,0.23353176902817993,148.0,182.56270181617063,83.64067545404265,34.56270181617063,2
3,2025-12-22,JZJ0014,2,cluster_2,ADIDA2,0.21568627450980393,0.03759757291671966,0.08547685099212311,1.726669898644219,0.3724189977467924,1.4896759909871695,-0.005162004506415227,-0.020648018025660908,2.0,1.9587039639486783,2.979351981974339,-0.041296036051321816,2
3,2025-12-22,JZJ0016,1,cluster_1,ADIDA2,1.0588235294117647,0.32613364094381647,0.4800191103982487,1.5838302113694687,1.676996694391202,0.9582838253664011,-1.457986777564808,-0.8331353014656047,14.0,2.336105779481535,13.415973555129616,-11.663894220518465,2
3,2025-12-22,JZJ0017,2,cluster_2,ADIDA2,0.1568627450980392,0.09647122799987204,0.07874833705412683,1.3891427187159795,0.21790474019074188,,0.21790474019074188,,0.0,1.743237921525935,1.743237921525935,1.743237921525935,2
3,2025-12-22,JZJ0018,2,cluster_2,ADIDA2,0.27450980392156865,0.602760456084551,0.999999970046711,2.276785714285714,0.625,1.0,-0.624999985023355,-0.9999999760373679,5.0,1.198131594298844e-07,5.0,-4.99999988018684,2
3,2025-12-22,JZJ0019,1,cluster_1,ADIDA2,0.596078431372549,0.40631061822165176,0.8650123648029115,9.033871705880141,5.384896075661889,43.07916860529511,5.384896075661889,43.07916860529511,1.0,44.07916860529511,43.07916860529511,43.07916860529511,2
3,2025-12-22,KZCWBG001,2,cluster_2,ADIDA2,0.27450980392156865,0.5758145514238867,0.32236074375269197,1.1439133066949174,0.314015417524095,2.51212334019276,0.12702055669879336,1.016164453590347,1.0,2.016164453590347,2.51212334019276,1.016164453590347,2
3,2025-12-22,LTKF0019,1,cluster_1,ADIDA2,0.7549019607843137,0.24324241569064886,0.3710553349065322,0.9935064935064936,0.75,1.0,-0.265006187883581,-0.35334158384477465,6.0,3.8799504969313516,6.0,-2.120049503068648,2
3,2025-12-22,LTKF0020,1,cluster_1,ADIDA2,4.196078431372549,0.5194059471454946,0.28190225233910426,5.302570093457944,22.25,0.8165137614678899,-9.85344158956616,-0.3615941867730701,218.0,139.17246728347072,178.0,-78.82753271652928,2
3,2025-12-22,LTKF0021,1,cluster_1,ADIDA2,1.3267973856209148,0.26001872741664245,0.46574514592797184,2.5723956810554007,3.4130478644068383,1.4370727850134055,1.2010957288136765,0.5057245173952323,19.0,28.608765830509412,27.304382915254706,9.608765830509412,2
3,2025-12-22,LTKF0022M,1,cluster_1,ADIDA2,0.5588235294117647,0.47794631073922395,0.999999970046711,7.605263157894736,4.25,1.0,-4.249999999999998,-0.9999999999999996,34.0,1.076639498692449e-14,34.0,-33.999999999999986,2
3,2025-12-22,LTKF0031,1,cluster_1,ADIDA2,1.303921568627451,0.5139797588909485,0.999999970046711,1.1503759455925484,1.5000000074883229,0.7500000037441614,0.5000000149766457,0.25000000748832285,16.0,20.000000119813166,12.000000059906583,4.000000119813166,2
3,2025-12-22,LTKF0047,1,cluster_1,ADIDA2,0.2549019607843137,0.5622285813709926,0.8369438553463642,0.04364849766551899,0.01112608764023033,,0.01112608764023033,,0.0,0.08900870112184264,0.08900870112184264,0.08900870112184264,2
3,2025-12-22,LTKF0058,2,cluster_2,ADIDA2,0.058823529411764705,0.999999970046711,0.999999970046711,33.99999974539703,1.9999999850233545,,1.9999999850233545,,0.0,15.999999880186836,15.999999880186836,15.999999880186836,2
3,2025-12-22,LTKF0101,1,cluster_1,ADIDA2,1.4509803921568627,0.7700611913957642,0.11808043567009184,5.168918918918919,7.5,1.0,-4.131611656521795,-0.550881554202906,60.0,26.947106747825636,60.0,-33.05289325217436,2
3,2025-12-22,LTKF0102,2,cluster_2,ADIDA2,0.11764705882352941,0.6898472507435259,0.999999970046711,9.562499872698522,1.1249999850233556,0.9999999866874272,0.8749999400934221,0.7777777245274863,9.0,15.999999520747377,8.999999880186845,6.999999520747377,2
3,2025-12-22,LTKF0106,0,low_information,ADIDA2,0.0784313725490196,0.06855163193396656,0.183503424556217,3.71875002854483,0.2916666689054769,2.333333351243815,0.09722222520730255,0.7777778016584204,1.0,1.7777778016584205,2.333333351243815,0.7777778016584204,2
3,2025-12-22,LTKF0111,2,cluster_2,ADIDA2,0.10784313725490197,0.20895754166365152,0.6509203347223983,9.167768519643822,0.9886809187851181,2.636482450093648,0.44324122504682406,1.1819766001248642,3.0,6.5459298003745925,7.909447350280945,3.5459298003745925,2
3,2025-12-22,LTKF093,2,cluster_2,ADIDA2,0.39215686274509803,0.10847826284595838,0.24371047167037713,1.540870170550351,0.6042628119805298,1.2085256239610596,0.6042628119805298,1.2085256239610596,4.0,8.834102495844238,4.834102495844238,4.834102495844238,2
3,2025-12-22,LTKF098,1,cluster_1,ADIDA2,0.4411764705882353,0.999999968142308,0.9019359661586893,9.066666666666666,4.0,1.0,-3.85229616862763,-0.9630740421569075,32.0,1.1816306509789636,32.0,-30.81836934902104,2
3,2025-12-22,LYC0201,2,cluster_2,ADIDA2,0.29411764705882354,0.40942052270566565,0.9612922609126923,4.555284323040041e-06,1.3397895067764828e-06,,1.3397895067764828e-06,,0.0,1.0718316054211863e-05,1.0718316054211863e-05,1.0718316054211863e-05,2
3,2025-12-22,LYC0203,2,cluster_2,ADIDA2,0.17647058823529413,0.17935537306486166,0.298191527140021,2.0529640345722022,0.36228777080685926,1.449151083227437,-0.025424458386281476,-0.1016978335451259,2.0,1.7966043329097483,2.898302166454874,-0.2033956670902518,2
3,2025-12-22,NNB0002,1,cluster_1,ADIDA2,0.30392156862745096,0.9279125723785547,0.999999970046711,39.483870598156976,11.999999887675159,3.692307657746203,11.749999850233547,3.6153845693026296,26.0,119.99999880186837,95.99999910140127,93.99999880186837,2
3,2025-12-22,QCCXC0004,1,cluster_1,ADIDA2,1.2156862745098038,0.39992981262028243,0.35477589792246345,0.001015103745091021,0.001234047690110653,,0.001234047690110653,,0.0,0.009872381520885223,0.009872381520885223,0.009872381520885223,2
3,2025-12-22,QFSJZ002-1,2,cluster_2,ADIDA2,0.13725490196078433,0.28308637761713074,0.9146445894375874,1.675242655053264e-05,2.2993526637985978e-06,,2.2993526637985978e-06,,0.0,1.8394821310388782e-05,1.8394821310388782e-05,1.8394821310388782e-05,2
3,2025-12-22,QFSJZ003,2,cluster_2,ADIDA2,0.13725490196078433,0.1159697713542986,0.41905678729752616,1.3481509598322396,0.18504032782011134,1.4803226225608908,-0.04494622957318488,-0.35956983658547903,1.0,0.6404301634145209,1.4803226225608908,-0.35956983658547903,2
3,2025-12-22,QFSJZ003-1,2,cluster_2,ADIDA2,0.3431372549019608,0.20910182235119293,0.3619133522577954,6.312261224965585,2.165971988958779,0.7876261778031924,-1.9712959852783722,-0.71683490373759,22.0,6.229632117773022,17.327775911670233,-15.770367882226978,2
3,2025-12-22,RLHZHMV000AMDE,1,cluster_1,ADIDA2,3.1372549019607843,0.6471995329128205,0.8289546286931285,0.732907068391793,2.2993162929938604,0.5748290732484651,-0.8027348280245583,-0.20068370700613958,32.0,25.578121375803534,18.394530343950883,-6.4218786241964665,2
3,2025-12-22,SLT0003,2,cluster_2,ADIDA2,0.37254901960784315,0.11757922195565836,0.28701912685426745,3.232829091808233,1.2043873087128711,1.0705664966336632,0.03377461742574228,0.03002188215621536,9.0,9.270196939405938,9.63509846970297,0.27019693940593825,2
3,2025-12-22,SLT0004,2,cluster_2,ADIDA2,0.11764705882352941,0.999999970046711,0.25084876295841746,5.636739547860788,0.6631458291600927,2.6525833166403707,0.5762916583201855,2.305166633280742,2.0,6.610333266561484,5.3051666332807415,4.610333266561484,2
3,2025-12-22,XHP0001,1,cluster_1,ADIDA2,1.2647058823529411,0.8211580667215788,0.0985153347667284,5.930232558139535,7.5,0.9375,-5.578320259894433,-0.6972900324868041,64.0,19.37343792084454,60.0,-44.62656207915546,2
3,2025-12-22,XHZXCZP0001,1,cluster_1,ADIDA2,2.735294117647059,0.9215087681134547,0.999999970046711,0.6854838873937388,1.8750000449299327,1.6666667066043845,1.8750000449299327,1.6666667066043845,9.0,24.00000035943946,15.000000359439461,15.000000359439461,2
3,2025-12-22,XHZXCZP0002,2,cluster_2,ADIDA2,0.19607843137254902,0.5746576598246279,0.999999970046711,2.550000305523545,0.5000000599065775,,0.5000000599065775,,0.0,4.00000047925262,4.00000047925262,4.00000047925262,2
3,2025-12-22,YDBZ001,1,cluster_1,ADIDA2,0.5392156862745098,0.999999979985785,0.6674325866255733,4.802880014188005,2.589788242944512,0.7968579209060037,-2.589788242944512,-0.7968579209060037,26.0,5.281694056443904,20.718305943556096,-20.718305943556096,2
3,2025-12-22,YDBZ002,1,cluster_1,ADIDA2,0.8921568627450981,0.4332235264545484,0.08592831790833964,2.9087508921411778,2.5950620704396785,0.7414463058399081,-1.8802482817587145,-0.5372137947882042,28.0,12.95801374593028,20.760496563517428,-15.041986254069716,2
3,2025-12-22,YJLZHMV000AMDE,1,cluster_1,ADIDA2,1.0,0.2579265667442969,0.3680161533449666,0.5367598321444547,0.5367598321444547,1.4313595523852125,-0.051480335711090675,-0.13728089522957512,3.0,2.5881573143112746,4.294078657155637,-0.4118426856887254,2
3,2025-12-22,YXBLJ0001,2,cluster_2,ADIDA2,0.08823529411764706,0.3117663887626209,0.4555706445074508,6.958004888514981,0.6139416078101454,0.6139416078101454,-0.22788321562029085,-0.22788321562029085,8.0,6.176934275037673,4.911532862481163,-1.8230657249623268,2
3,2025-12-22,ZBTZ0002,0,low_information,ADIDA2,0.5490196078431373,0.0046797549422626416,0.0046823797001400436,0.11963610933625686,0.06568256983167044,,0.06568256983167044,,0.0,0.5254605586533635,0.5254605586533635,0.5254605586533635,2
3,2025-12-22,ZBTZ0003,2,cluster_2,ADIDA2,0.08823529411764706,0.999999970046711,0.047769670986486094,3.2045454045252733,0.28275400628164177,1.131016025126567,-0.18449198743671646,-0.7379679497468659,2.0,0.5240641005062685,2.262032050253134,-1.4759358994937317,2
3,2025-12-22,ZTD0001,0,low_information,ADIDA2,0.049019607843137254,0.9999999677010302,0.999999970046711,45.89999908342936,2.2499999550700664,1.7999999640560531,1.749999910140133,1.3999999281121063,10.0,23.999999281121063,17.99999964056053,13.999999281121063,2
3,2025-12-22,ZTD0003,1,cluster_1,ADIDA2,0.3333333333333333,0.999999970046711,0.6245019294403067,17.342777470601767,5.780925823533922,,5.780925823533922,,0.0,46.247406588271375,46.247406588271375,46.247406588271375,2
4,2026-02-16,BLP0001,1,cluster_1,ADIDA2,1.1181818181818182,0.1953601564269945,0.23345851342532575,3.7595673944379038,4.203879904689656,1.0848722334682983,2.2827598093793124,0.5890993056462742,31.0,49.2620784750345,33.63103923751725,18.2620784750345,2
4,2026-02-16,BLP0002,1,cluster_1,ADIDA2,0.5181818181818182,0.27315415621178846,0.41909241361494187,1.9968341979094106,1.034723175280331,1.6555570804485296,0.9212975670404413,1.4740761072647062,5.0,12.37038053632353,8.277785402242648,7.37038053632353,2
4,2026-02-16,BLP0003,2,cluster_2,ADIDA2,0.10909090909090909,0.19588499700833764,0.3067534462849129,5.089396147767567,0.5552068524837346,1.4805516066232922,0.34582740993493855,0.9222064264931694,3.0,5.766619279479508,4.441654819869877,2.7666192794795084,2
4,2026-02-16,BLP0004,2,cluster_2,ADIDA2,0.12727272727272726,0.1538307588016921,0.7235261487882008,11.111292046679894,1.4141644423047137,,1.4141644423047137,,0.0,11.31331553843771,11.31331553843771,11.31331553843771,2
4,2026-02-16,BLP0005,0,low_information,ADIDA2,0.4,0.999999970046711,0.999999970046711,2.187499943837583,0.8749999775350332,6.999999820280266,0.874999970046711,6.999999760373688,1.0,7.999999760373688,6.999999820280266,6.999999760373688,2
4,2026-02-16,BLP0007,0,low_information,ADIDA2,0.0,0.999999970046711,0.999999970046711,,0.0,,0.0,,0.0,0.0,0.0,0.0,2
4,2026-02-16,CFSNT008,0,low_information,ADIDA2,0.0,0.999999970046711,0.999999970046711,,0.0,,0.0,,0.0,0.0,0.0,0.0,2
4,2026-02-16,CLSSLT0003,2,cluster_2,ADIDA2,0.2818181818181818,0.2524353229156094,0.18703587868006896,1.7775833296421009,0.5009553019900466,4.0076424159203725,0.37627373598672886,3.010189887893831,1.0,4.010189887893831,4.0076424159203725,3.010189887893831,2
4,2026-02-16,CLSSLT0006,2,cluster_2,ADIDA2,0.38181818181818183,0.21271874014173991,0.3057203338548225,1.9542197349336567,0.7461566260655781,1.4923132521311562,-0.007686747868843907,-0.015373495737687815,4.0,3.9385060170492485,5.969253008524625,-0.06149398295075126,2
4,2026-02-16,CWW0002,1,cluster_1,ADIDA2,1.8545454545454545,0.999999970046711,0.3551203153356098,5.916247768758016,10.971950407514866,0.36421412141128184,-8.818900815029732,-0.29274359551965917,241.0,170.44879347976214,87.77560326011893,-70.55120652023786,2
4,2026-02-16,DHZXCZP0001,1,cluster_1,ADIDA2,0.4727272727272727,0.5565028586011838,0.6771364706572109,1.5048309687663615,0.7113746397804618,1.138199423648739,0.49016618637394904,0.7842658981983185,5.0,8.921329490991592,5.690997118243694,3.9213294909915923,2
4,2026-02-16,DRMJJ0021,2,cluster_2,ADIDA2,0.18181818181818182,0.7191782205678061,0.5201421482597727,3.9782203738742825,0.7233127952498696,1.1573004723997913,-0.23174881900052166,-0.37079811040083466,5.0,3.146009447995827,5.786502361998957,-1.8539905520041733,2
4,2026-02-16,DRMJJ0022,1,cluster_1,ADIDA2,0.509090909090909,0.5687067988333069,0.18579354202722523,2.4553571428571432,1.25,0.7142857142857143,-0.0292297224890139,-0.0167026985651508,14.0,13.766162220087889,10.0,-0.2338377799121112,2
4,2026-02-16,DRMJJ0023,1,cluster_1,ADIDA2,0.9090909090909091,0.3722864514950106,0.37369884429310163,1.5657668663667932,1.423424423969812,0.6698467877504998,0.6062325652930824,0.2852859130790976,17.0,21.84986052234466,11.387395391758496,4.84986052234466,2
4,2026-02-16,DRMJJ0025,2,cluster_2,ADIDA2,0.24545454545454545,0.41111630561229584,0.9055893642021021,3.7546347551738006,0.9215921671790238,1.474547467486438,-0.03181566564195232,-0.050905065027123705,5.0,4.745474674864381,7.3727373374321905,-0.25452532513561854,2
4,2026-02-16,DRMJJ0026,2,cluster_2,ADIDA2,0.3090909090909091,0.39331227651950174,0.999999970046711,0.8088236263194643,0.25000002995328896,1.0000001198131558,-0.24999994009342208,-0.9999997603736883,2.0,4.792526233643453e-07,2.0000002396263117,-1.9999995207473766,2
4,2026-02-16,DRMJJ0027,2,cluster_2,ADIDA2,0.09090909090909091,0.8164538328125219,0.6843953365342508,0.37611837325756436,0.03419257938705131,,0.03419257938705131,,0.0,0.27354063509641047,0.27354063509641047,0.27354063509641047,2
4,2026-02-16,DRMJJ0038,0,low_information,ADIDA2,0.0,0.999999970046711,0.999999970046711,,0.75,1.0,-0.75,-1.0,6.0,0.0,6.0,-6.0,2
4,2026-02-16,DRMJJ0039,0,low_information,ADIDA2,0.8,1.0037376640824323e-06,0.999999970046711,0.9375,0.75,1.0,0.24999997004671104,0.33333329339561474,6.0,7.999999760373688,6.0,1.9999997603736883,2
4,2026-02-16,ETZP0003,1,cluster_1,ADIDA2,0.3545454545454545,0.31464197288340395,0.9919341280820139,20.724408660158065,7.347744888601495,2.799140909943427,6.338659851468661,2.4147275624642517,21.0,71.70927881174929,58.78195910881196,50.709278811749286,2
4,2026-02-16,ETZP0004,1,cluster_1,ADIDA2,0.6272727272727273,0.23765277470963034,0.57952552023778,8.009038095885229,5.023851169237099,2.364165256111576,5.023851169237099,2.364165256111576,17.0,57.19080935389679,40.19080935389679,40.19080935389679,2
4,2026-02-16,FDBLHP0001,2,cluster_2,ADIDA2,0.4,0.5216823373348182,0.9180149317476763,3.825616616859836,1.5302466467439344,4.080657724650492,1.4986621956585793,3.9964325217562116,3.0,14.989297565268634,12.241973173951475,11.989297565268634,2
4,2026-02-16,FDBLP0001,1,cluster_1,ADIDA2,0.8340909090909091,0.999999970046711,0.25179717054849604,7.621181100218437,6.356757872227651,1.0378380199555348,-4.197968511089398,-0.6853826140554119,49.0,15.416251911284823,50.85406297782121,-33.58374808871518,2
4,2026-02-16,FRC0003,1,cluster_1,ADIDA2,0.7363636363636363,0.4507139710741561,0.12581692115361262,1.4689413600431156,1.0816750014862941,1.2362000016986219,-0.04829999405482305,-0.055199993205512055,7.0,6.613600047561415,8.653400011890353,-0.3863999524385844,2
4,2026-02-16,FRH0028,2,cluster_2,ADIDA2,0.5636363636363636,0.18497106427443102,0.32800639443584884,0.3019019246993756,0.17016290301237533,1.3613032240990026,-0.06478279598349956,-0.5182623678679965,1.0,0.48173763213200355,1.3613032240990026,-0.5182623678679965,2
4,2026-02-16,FRH0033,1,cluster_1,ADIDA2,3.0627272727272725,0.17448863799805747,0.32377422401366956,0.5740793041358975,1.7582483414853076,0.8791241707426538,-1.0329933659412305,-0.5164966829706152,16.0,7.736053072470154,14.065986731882461,-8.263946927529844,2
4,2026-02-16,FRH0034,1,cluster_1,ADIDA2,1.1890909090909092,0.20841838462880877,0.31711495775186144,1.5200630560563198,1.807493161201515,,1.807493161201515,,0.0,14.45994528961212,14.45994528961212,14.45994528961212,2
4,2026-02-16,FRH0043,2,cluster_2,ADIDA2,0.2,0.05309323264993292,0.07775732779729211,1.5676211649055465,0.3135242329811093,,0.3135242329811093,,0.0,2.5081938638488745,2.5081938638488745,2.5081938638488745,2
4,2026-02-16,FRH0044,2,cluster_2,ADIDA2,0.4,0.05444648217424072,0.10723157362602637,1.9156885811513573,0.766275432460543,0.8757433513834777,-0.44010172984217166,-0.5029734055339105,7.0,3.4791861612626267,6.130203459684344,-3.5208138387373733,2
4,2026-02-16,FRH0046,1,cluster_1,ADIDA2,0.8636363636363636,0.590406565894139,0.9445328451751895,5.166438360119914,4.46192403828538,0.37574097164508463,-3.9908987177138404,-0.3360756814916918,95.0,63.07281025828927,35.69539230628304,-31.927189741710723,2
4,2026-02-16,FRH0048,1,cluster_1,ADIDA2,2.6575757575757573,0.2753045766249239,0.5920462702502693,1.4540024240483949,3.8641215936074005,0.48301519920092506,3.818828791476534,0.47735359893456675,64.0,94.55063033181227,30.912972748859204,30.550630331812272,2
4,2026-02-16,FRH0050,1,cluster_1,ADIDA2,1.211688311688312,0.2596219473365201,0.6256885230770067,1.052497973225861,1.2752994922334135,2.550598984466827,0.8670659896445514,1.7341319792891028,4.0,10.936527917156411,10.202395937867308,6.936527917156411,2
4,2026-02-16,FRH0051,1,cluster_1,ADIDA2,1.9,0.33781242200312656,0.3056596372272896,0.7085325255371165,1.3462117985205213,0.43078777552656683,0.7598471940820852,0.24315110210626728,25.0,31.078777552656682,10.76969438816417,6.078777552656682,2
4,2026-02-16,FRH0056,1,cluster_1,ADIDA2,3.5090909090909093,0.6068253555165525,0.23559633462000587,1.4351769824096712,5.036166501910301,0.6395132065917842,3.947333003820601,0.5012486354057907,63.0,94.57866403056481,40.289332015282405,31.57866403056481,2
4,2026-02-16,FRH0056-1,2,cluster_2,ADIDA2,0.09090909090909091,0.14083336089378123,0.21033000819667483,7.765267966116623,0.7059334514651475,1.129493522344236,-0.3012661941394099,-0.4820259106230559,5.0,2.5898704468847207,5.64746761172118,-2.4101295531152793,2
4,2026-02-16,FRH0059,1,cluster_1,ADIDA2,1.3636363636363635,0.7813292186551452,0.999999970046711,2.108333333333331,2.874999999999997,22.999999999999975,2.874999999999997,22.999999999999975,1.0,23.999999999999975,22.999999999999975,22.999999999999975,2
4,2026-02-16,FRH0064,1,cluster_1,ADIDA2,0.7636363636363637,0.16374775090333635,0.20077499173414015,2.664234244551119,2.034506150384491,4.069012300768982,2.034506150384491,4.069012300768982,4.0,20.276049203075928,16.276049203075928,16.276049203075928,2
4,2026-02-16,FRH0065,2,cluster_2,ADIDA2,0.4090909090909091,0.4141073815872389,0.5782440143463476,6.439070200190081,2.6341650818959423,3.0104743793096485,2.6341650818959423,3.0104743793096485,7.0,28.07332065516754,21.07332065516754,21.07332065516754,2
4,2026-02-16,FRH0068,2,cluster_2,ADIDA2,0.3090909090909091,0.1333901399026961,0.2485554710141225,3.955009596555264,1.222457511662536,9.779660093300288,1.222457511662536,9.779660093300288,1.0,10.779660093300288,9.779660093300288,9.779660093300288,2
4,2026-02-16,FRW00023,0,low_information,ADIDA2,0.0,0.999999970046711,0.999999970046711,,0.0,,0.0,,0.0,0.0,0.0,0.0,2
4,2026-02-16,FRW0005,1,cluster_1,ADIDA2,1.490909090909091,0.2959649663753711,0.3449488960765679,0.6031293026401391,0.8992109602998438,0.2997369867666146,-0.5968438411993753,-0.19894794706645844,24.0,19.225249270404998,7.193687682398751,-4.774750729595002,2
4,2026-02-16,FRW0006,1,cluster_1,ADIDA2,2.7454545454545456,0.3752923257426397,0.576604525927298,0.9618531554414423,2.6407241176665055,0.6035940840380584,1.6459654902220073,0.376220683479316,35.0,48.16772392177606,21.125792941332044,13.167723921776059,2
4,2026-02-16,FRW0008,2,cluster_2,ADIDA2,0.09090909090909091,0.05009629683684228,0.11322927464764287,4.6945035605794425,0.4267730509617675,1.13806146923138,-0.271453898076465,-0.72387706153724,3.0,0.8283688153882801,3.41418440769414,-2.17163118461172,2
4,2026-02-16,FRW0009,2,cluster_2,ADIDA2,0.23636363636363636,0.43521745335634715,0.15530168465105912,4.972951531143776,1.1754249073612562,0.8548544780809135,-0.9758498147225123,-0.7097089561618272,11.0,3.193201482219902,9.40339925889005,-7.8067985177800985,2
4,2026-02-16,FRW0015,1,cluster_1,ADIDA2,0.8909090909090909,0.9999999776436783,0.6536943079305775,2.1045921600710438,1.8750002880632937,1.0000001536337566,-1.8749994238734131,-0.999999692732487,15.0,4.609012696606032e-06,15.00000230450635,-14.999995390987305,2
4,2026-02-16,FRW0024,2,cluster_2,ADIDA2,0.22727272727272727,0.9513334964058187,0.999999970046711,13.749999950577074,3.1249999887675166,0.9999999964056053,-1.1250000449299338,-0.3600000143775788,25.0,15.999999640560528,24.999999910140133,-9.00000035943947,2
4,2026-02-16,FRW0025,0,low_information,ADIDA2,0.0,0.999999970046711,0.999999970046711,,0.625,1.0,-0.625,-1.0,5.0,0.0,5.0,-5.0,2
4,2026-02-16,FSTBY001,0,low_information,ADIDA2,0.01818181818181818,1.0037376640824323e-06,1.0037376640824323e-06,2.760273035038329e-05,5.018678245524234e-07,,5.018678245524234e-07,,0.0,4.0149425964193874e-06,4.0149425964193874e-06,4.0149425964193874e-06,2
4,2026-02-16,FZGLS0001,0,low_information,ADIDA2,0.01818181818181818,0.04653741485602645,0.10557280868466212,22.384999997517326,0.40699999995486047,1.0853333332129613,-0.31100000009027906,-0.8293333335740775,3.0,0.5119999992777677,3.2559999996388838,-2.4880000007222325,2
4,2026-02-16,FZGLS0002,2,cluster_2,ADIDA2,0.05454545454545454,0.07356910643210071,0.08567429278108565,6.015692417047172,0.3281286772934821,1.3125147091739284,-0.09374264541303579,-0.37497058165214314,2.0,1.2500588366957137,2.625029418347857,-0.7499411633042863,2
4,2026-02-16,FZLRICBHP0001,2,cluster_2,ADIDA2,0.21818181818181817,0.8368728826171579,0.9999999697002899,22.916666041735144,4.999999863651304,,4.999999863651304,,0.0,39.99999890921043,39.99999890921043,39.99999890921043,2
4,2026-02-16,FZLRJ0001,2,cluster_2,ADIDA2,0.4727272727272727,0.4806694059485783,0.999999970046711,5.552884615384617,2.6250000000000004,0.8076923076923078,-1.7500000000000018,-0.538461538461539,26.0,11.999999999999988,21.000000000000004,-14.000000000000014,2
4,2026-02-16,FZLRJ0001double,0,low_information,ADIDA2,0.05454545454545454,0.023876245537300996,0.05166809583039614,0.8685019241151183,0.047372832224460995,,0.047372832224460995,,0.0,0.37898265779568796,0.37898265779568796,0.37898265779568796,2
4,2026-02-16,FZLRJ0002,1,cluster_1,ADIDA2,0.7727272727272727,0.2860501574049013,0.6241236616782176,5.043621990492275,3.897344265380394,0.4724053655006538,-3.7797923538405254,-0.45815664895036673,66.0,35.7616611692758,31.178754123043152,-30.238338830724203,2
4,2026-02-16,FZLRJ0002double,2,cluster_2,ADIDA2,0.16363636363636364,0.12771487391099412,0.07844441254753401,1.396617127464735,0.228537348130593,,0.228537348130593,,0.0,1.828298785044744,1.828298785044744,1.828298785044744,2
4,2026-02-16,FZLRJ0005,0,low_information,ADIDA2,0.4,1.0037376640824323e-06,0.999999970046711,1.2499999625583886,0.4999999850233555,,0.4999999850233555,,0.0,3.999999880186844,3.999999880186844,3.999999880186844,2
4,2026-02-16,GJMJWJX001,1,cluster_1,ADIDA2,6.196969696969696,0.2978141899186079,0.4581968696500952,0.7898362201491244,4.894591121833209,,4.894591121833209,,0.0,39.156728974665675,39.156728974665675,39.156728974665675,2
4,2026-02-16,GJMJWJXW001,1,cluster_1,ADIDA2,8.909090909090908,0.6147513432037536,0.999999970046711,1.6810518810907805e-09,1.4976644031536044e-08,,1.4976644031536044e-08,,0.0,1.1981315225228835e-07,1.1981315225228835e-07,1.1981315225228835e-07,2
4,2026-02-16,HLGKSLT0001,1,cluster_1,ADIDA2,0.696969696969697,0.42884829120085766,0.8480381599016373,2.3059876412327593,1.6072035075258628,1.1688752782006275,1.0894070150517257,0.7922960109467095,11.0,19.715256120413805,12.857628060206903,8.715256120413805,2
4,2026-02-16,HWZDSKL0001,1,cluster_1,ADIDA2,1.1090909090909091,0.2301244549734032,0.22918348613316325,0.9930827348266511,1.1014190331713767,1.1014190331713767,-0.7971619336572465,-0.7971619336572465,8.0,1.6227045307420285,8.811352265371013,-6.377295469257972,2
4,2026-02-16,HWZDSKL0002,2,cluster_2,ADIDA2,0.2545454545454545,0.6559632633304753,0.0527574640124758,1.817008553055703,0.46251126805054255,1.8500450722021702,0.033348357400723394,0.13339342960289358,2.0,2.266786859205787,3.7000901444043404,0.26678685920578715,2
4,2026-02-16,HZSN0001,1,cluster_1,ADIDA2,1.1090909090909091,0.43033418099965787,0.8566615697620115,2.2159406718061154,2.4576796541849646,1.4043883738199798,1.1653593083699287,0.6659196047828164,14.0,23.32287446695943,19.661437233479717,9.32287446695943,2
4,2026-02-16,JZJ00011,1,cluster_1,ADIDA2,0.4,0.70803422723366,0.999999970046711,4.9999999719187915,1.9999999887675168,0.7272727231881879,-1.7499999850233556,-0.6363636309175839,22.0,8.000000119813155,15.999999910140135,-13.999999880186845,2
4,2026-02-16,JZJ00012,1,cluster_1,ADIDA2,1.2818181818181817,0.5113048924162934,0.6064105994343726,0.6826241134751774,0.875,0.7777777777777778,0.3202941244558821,0.28470588840522854,9.0,11.562352995647057,7.0,2.562352995647057,2
4,2026-02-16,JZJ0002,1,cluster_1,ADIDA2,2.1636363636363636,0.5458755285500467,0.5524288099743585,2.4625221369090093,5.3280024416758565,1.1840005425946347,5.3280024416758565,1.1840005425946347,36.0,78.62401953340685,42.62401953340685,42.62401953340685,2
4,2026-02-16,JZJ0003,1,cluster_1,ADIDA2,3.309090909090909,0.5535596811106753,0.3651775942179169,1.881698163472341,6.226710286399383,0.6554431880420403,6.135613715199177,0.645854075284124,76.0,125.08490972159342,49.813682291195065,49.08490972159342,2
4,2026-02-16,JZJ0009,1,cluster_1,ADIDA2,2.8454545454545452,0.6970632949209302,0.6169478418293284,4.5795074545817105,13.030780302582503,0.6205133477420239,1.1231212103300123,0.053481962396667256,168.0,176.9849696826401,104.24624242066002,8.984969682640099,2
4,2026-02-16,JZJ0013,1,cluster_1,ADIDA2,3.727272727272727,0.8493844348346021,0.7027384723629002,1.0396341463414636,3.875,0.31958762886597936,-0.9287691533390632,-0.07659951780115985,97.0,89.5698467732875,31.0,-7.430153226712505,2
4,2026-02-16,JZJ0014,2,cluster_2,ADIDA2,0.23636363636363636,0.03664158543001802,0.08275012852733585,1.0340712420941083,0.2444168390404256,,0.2444168390404256,,0.0,1.9553347123234048,1.9553347123234048,1.9553347123234048,2
4,2026-02-16,JZJ0016,1,cluster_1,ADIDA2,1.0909090909090908,0.2674649503459552,0.44055012347966166,1.8234382084802148,1.9892053183420524,3.182728509347284,1.9892053183420524,3.182728509347284,5.0,20.91364254673642,15.913642546736419,15.913642546736419,2
4,2026-02-16,JZJ0017,2,cluster_2,ADIDA2,0.14545454545454545,0.13908988805812317,0.06996425743884045,1.6711755746378272,0.24308008358368394,1.9446406686694715,0.0324401114449119,0.2595208915592952,1.0,1.2595208915592953,1.9446406686694715,0.2595208915592952,2
4,2026-02-16,JZJ0018,2,cluster_2,ADIDA2,0.3090909090909091,0.5995798351949808,0.999999970046711,1.6176471315043026,0.5000000224649662,1.0000000449299324,-0.49999995507006745,-0.9999999101401349,4.0,3.594394603456631e-07,4.00000017971973,-3.9999996405605396,2
4,2026-02-16,JZJ0019,1,cluster_1,ADIDA2,0.6254545454545454,0.5451443303470511,0.9999999791622719,5.795784883720931,3.625,1.0,-3.625,-1.0,29.0,1.7368438302003176e-15,29.0,-29.0,2
4,2026-02-16,KFYFQ51mm,0,low_information,ADIDA2,4.0,1.0037376640824323e-06,0.999999970046711,0.7187499822152347,2.8749999288609387,0.9583333096203129,-2.4999997154437548,-0.8333332384812516,24.0,4.000002276449961,22.99999943088751,-19.999997723550038,2
4,2026-02-16,KFYFQ54mm,0,low_information,ADIDA2,0.0,0.999999970046711,0.999999970046711,,3.875,1.0,-3.875,-1.0,31.0,0.0,31.0,-31.0,2
4,2026-02-16,KFYFQ58mm,0,low_information,ADIDA2,4.2,1.0037376640824323e-06,0.999999970046711,1.0416666425970593,4.3749998989076495,0.9210526102963472,-4.249999865210199,-0.894736813728463,38.0,4.000001078318403,34.999999191261196,-33.999998921681595,2
4,2026-02-16,KZCWBG001,2,cluster_2,ADIDA2,0.2727272727272727,0.5502118673646904,0.3304309698083373,2.291666666666667,0.625,1.0,-0.4651987809124872,-0.7443180494599795,5.0,1.2784097527001022,5.0,-3.7215902472998974,2
4,2026-02-16,LTKF0019,1,cluster_1,ADIDA2,0.7818181818181819,0.22620925647473808,0.2313280115535632,0.8032634067699552,0.628005936201965,0.628005936201965,-0.25601187240393,-0.25601187240393,8.0,5.95190502076856,5.02404748961572,-2.04809497923144,2
4,2026-02-16,LTKF0020,1,cluster_1,ADIDA2,4.654545454545454,0.7993227966790908,0.2647095769102595,2.5244140625,11.75,0.4845360824742268,0.23381815380535187,0.009641985723932036,194.0,195.87054523044281,94.0,1.870545230442815,2
4,2026-02-16,LTKF0021,1,cluster_1,ADIDA2,1.470909090909091,0.2588592284130784,0.46966335941951376,0.9294649997950095,1.3671585178802959,0.45571950596009864,1.1562113571737278,0.38540378572457595,24.0,33.24969085738982,10.937268143042367,9.249690857389822,2
4,2026-02-16,LTKF0022M,1,cluster_1,ADIDA2,0.6636363636363637,0.8501177291796421,0.999999970046711,6.027397136152465,3.9999999176284544,0.9411764512066951,3.249999835256909,0.7647058435898609,34.0,59.99999868205527,31.999999341027635,25.99999868205527,2
4,2026-02-16,LTKF0031,1,cluster_1,ADIDA2,1.3,0.5166721760163436,0.999999970046711,1.346153869194836,1.750000029953287,2.3333333732710493,1.750000029953287,2.3333333732710493,6.0,20.000000239626296,14.000000239626296,14.000000239626296,2
4,2026-02-16,LTKF0047,2,cluster_2,ADIDA2,0.23636363636363636,0.5622345346593688,0.8370528707154389,1.5865550342784756,0.3750039171930942,1.0000104458482513,-0.3749921656138116,-0.9999791083034976,3.0,6.267508950714476e-05,3.000031337544754,-2.999937324910493,2
4,2026-02-16,LTKF0058,2,cluster_2,ADIDA2,0.05454545454545454,0.999999970046711,0.999999970046711,16.041666666666668,0.875,1.0,-0.875,-1.0,7.0,1.2879471549288325e-29,7.0,-7.0,2
4,2026-02-16,LTKF0101,1,cluster_1,ADIDA2,1.7454545454545454,0.7468792952982642,0.12164835051754971,2.4654656359885005,4.30335820099811,0.9836247316567108,1.338432803992439,0.3059274980554146,35.0,45.70746243193951,34.42686560798488,10.707462431939511,2
4,2026-02-16,LTKF0102,2,cluster_2,ADIDA2,0.22727272727272727,0.4239073522331627,0.9207974080328895,8.451654313693746,1.9208305258394878,,1.9208305258394878,,0.0,15.366644206715902,15.366644206715902,15.366644206715902,2
4,2026-02-16,LTKF0106,0,low_information,ADIDA2,0.09090909090909091,0.04962011425445619,0.11720895226634298,1.7936044928093113,0.1630549538917556,,0.1630549538917556,,0.0,1.3044396311340447,1.3044396311340447,1.3044396311340447,2
4,2026-02-16,LTKF0111,2,cluster_2,ADIDA2,0.13636363636363635,0.09996128503228498,0.7204593203993386,14.594597953339504,1.9901724481826595,0.9950862240913297,-1.9868965975768793,-0.9934482987884397,16.0,0.1048272193849655,15.921379585461276,-15.895172780615034,2
4,2026-02-16,LTKF093,2,cluster_2,ADIDA2,0.4,0.10833207428202313,0.2307806577112189,6.5625,2.625,1.0,-1.9007409661097296,-0.7240917966132303,21.0,5.794072271122164,21.0,-15.205927728877837,2
4,2026-02-16,LTKF098,1,cluster_1,ADIDA2,0.7068181818181818,0.9999999732617786,0.8826620216300333,14.944891209550944,10.563320832205326,84.50656665764261,10.563320832205326,84.50656665764261,1.0,85.50656665764261,84.50656665764261,84.50656665764261,2
4,2026-02-16,LTKF098B,0,low_information,ADIDA2,1.6,0.999999970046711,0.999999970046711,1.0156250280812085,1.6250000449299336,0.5200000143775787,-1.6250000449299336,-0.5200000143775787,25.0,11.999999640560532,13.000000359439468,-13.000000359439468,2
4,2026-02-16,LYC0201,2,cluster_2,ADIDA2,0.2727272727272727,0.40945451733210014,0.9612922609101755,1.375000000005514,0.3750000000015038,1.0000000000040101,-0.37499999999699235,-0.9999999999919796,3.0,2.406122749228766e-11,3.0000000000120304,-2.999999999975939,2
4,2026-02-16,LYC0203,2,cluster_2,ADIDA2,0.2,0.15218700942804214,0.26858085094367445,1.591427715718347,0.3182855431436694,2.5462843451493553,0.13271405752489251,1.0617124601991401,1.0,2.06171246019914,2.5462843451493553,1.0617124601991401,2
4,2026-02-16,NNB0002,1,cluster_1,ADIDA2,0.45454545454545453,0.999999964643822,0.999999970046711,24.2,11.0,1.0,-10.999999999999996,-0.9999999999999997,88.0,3.588798346890878e-14,88.0,-87.99999999999997,2
4,2026-02-16,NNBZL01,0,low_information,ADIDA2,0.0,0.999999970046711,0.999999970046711,,3.875,1.0,-3.875,-1.0,31.0,0.0,31.0,-31.0,2
4,2026-02-16,QCCXC0004,1,cluster_1,ADIDA2,1.1272727272727272,0.399929821888268,0.3547760352300412,0.11102939658195074,0.12516041069238082,1.0012832855390466,-0.12478611907682556,-0.9982889526146045,1.0,0.0017110473853955838,1.0012832855390466,-0.9982889526146045,2
4,2026-02-16,QFDNZGJK001,0,low_information,ADIDA2,0.4,0.999999970046711,0.999999970046711,5.625,2.25,1.0,-2.25,-1.0,18.0,0.0,18.0,-18.0,2
4,2026-02-16,QFDNZGJK002,0,low_information,ADIDA2,0.0,0.999999970046711,0.999999970046711,,3.75,1.0,-3.75,-1.0,30.0,0.0,30.0,-30.0,2
4,2026-02-16,QFSJZ002-1,2,cluster_2,ADIDA2,0.12727272727272726,0.28358973665630305,0.9146445893453631,2.946428571908045,0.37500000006102385,1.0000000001627303,-0.3749999998779523,-0.9999999996745395,3.0,9.763820805529513e-10,3.000000000488191,-2.9999999990236184,2
4,2026-02-16,QFSJZ003,2,cluster_2,ADIDA2,0.14545454545454545,0.10601930860233544,0.40414149756286627,1.4637201798764237,0.2129047534365707,,0.2129047534365707,,0.0,1.7032380274925656,1.7032380274925656,1.7032380274925656,2
4,2026-02-16,QFSJZ003-1,2,cluster_2,ADIDA2,0.5,0.27935296872734544,0.999999970046711,7.99999997004671,3.999999985023355,,3.999999985023355,,0.0,31.99999988018684,31.99999988018684,31.99999988018684,2
4,2026-02-16,QFYF001,0,low_information,ADIDA2,0.0,0.999999970046711,0.999999970046711,,0.0,,0.0,,0.0,0.0,0.0,0.0,2
4,2026-02-16,RLHZHMV000AMDE,1,cluster_1,ADIDA2,3.1636363636363636,0.6381524962414938,0.8274468187718829,3.5330590499449093,11.177314085280258,0.88533180873507,-11.177314085280258,-0.88533180873507,101.0,11.581487317757947,89.41851268224207,-89.41851268224207,2
4,2026-02-16,SKZ2FT01,0,low_information,ADIDA2,0.0,0.999999970046711,0.999999970046711,,0.0,,0.0,,0.0,0.0,0.0,0.0,2
4,2026-02-16,SKZ3FT01,0,low_information,ADIDA2,0.0,0.999999970046711,0.999999970046711,,0.0,,0.0,,0.0,0.0,0.0,0.0,2
4,2026-02-16,SLT0003,2,cluster_2,ADIDA2,0.43636363636363634,0.09632545367280679,0.2046411408363436,2.3586887178723805,1.029245985980675,8.2339678878454,1.029245985980675,8.2339678878454,1.0,9.2339678878454,8.2339678878454,8.2339678878454,2
4,2026-02-16,SLT0004,2,cluster_2,ADIDA2,0.12727272727272726,0.999999970046711,0.22097317024167196,3.8751390929309677,0.49319952091848673,,0.49319952091848673,,0.0,3.945596167347894,3.945596167347894,3.945596167347894,2
4,2026-02-16,TTNX0002,0,low_information,ADIDA2,0.0,0.999999970046711,0.999999970046711,,0.0,,0.0,,0.0,0.0,0.0,0.0,2
4,2026-02-16,XFTW0001,0,low_information,ADIDA2,0.0,0.999999970046711,0.999999970046711,,0.0,,0.0,,0.0,0.0,0.0,0.0,2
4,2026-02-16,XGX9992,0,low_information,ADIDA2,0.0,0.999999970046711,0.999999970046711,,0.0,,0.0,,0.0,0.0,0.0,0.0,2
4,2026-02-16,XGX9993,0,low_information,ADIDA2,0.0,0.999999970046711,0.999999970046711,,0.0,,0.0,,0.0,0.0,0.0,0.0,2
4,2026-02-16,XGX9994,0,low_information,ADIDA2,0.0,0.999999970046711,0.999999970046711,,0.0,,0.0,,0.0,0.0,0.0,0.0,2
4,2026-02-16,XGX9995,0,low_information,ADIDA2,0.0,0.999999970046711,0.999999970046711,,0.0,,0.0,,0.0,0.0,0.0,0.0,2
4,2026-02-16,XGX99990,0,low_information,ADIDA2,0.0,0.999999970046711,0.999999970046711,,0.0,,0.0,,0.0,0.0,0.0,0.0,2
4,2026-02-16,XGX99991,0,low_information,ADIDA2,0.0,0.999999970046711,0.999999970046711,,0.0,,0.0,,0.0,0.0,0.0,0.0,2
4,2026-02-16,XGX99992,0,low_information,ADIDA2,0.0,0.999999970046711,0.999999970046711,,0.0,,0.0,,0.0,0.0,0.0,0.0,2
4,2026-02-16,XGX99993,0,low_information,ADIDA2,0.0,0.999999970046711,0.999999970046711,,0.0,,0.0,,0.0,0.0,0.0,0.0,2
4,2026-02-16,XHP0001,1,cluster_1,ADIDA2,1.7363636363636363,0.8611177363754615,0.10943514692186737,14.071255689554249,24.432816697316923,0.939723719127574,-21.731266789267686,-0.8358179534333725,208.0,34.14986568585853,195.46253357853539,-173.85013431414148,2
4,2026-02-16,XHZXCZP0001,1,cluster_1,ADIDA2,2.6,0.9200254916366399,0.999999970046711,1.6346153802951986,4.249999988767517,0.8095238073842889,-4.249999985023356,-0.8095238066711155,42.0,8.000000119813151,33.99999991014013,-33.99999988018685,2
4,2026-02-16,XHZXCZP0002,2,cluster_2,ADIDA2,0.18181818181818182,0.5897869853636646,0.999999970046711,10.3125,1.875,1.0,-1.875,-1.0,15.0,3.219868297216024e-30,15.0,-15.0,2
4,2026-02-16,XMJ0001,0,low_information,ADIDA2,0.0,0.999999970046711,0.999999970046711,,0.0,,0.0,,0.0,0.0,0.0,0.0,2
4,2026-02-16,XMJ0004,0,low_information,ADIDA2,0.0,0.999999970046711,0.999999970046711,,0.125,1.0,-0.125,-1.0,1.0,0.0,1.0,-1.0,2
4,2026-02-16,XMSH0001,0,low_information,ADIDA2,0.4,0.999999970046711,0.999999970046711,14.0625,5.625,1.0,-5.625,-1.0,45.0,0.0,45.0,-45.0,2
4,2026-02-16,XXGP0002,0,low_information,ADIDA2,0.0,0.999999970046711,0.999999970046711,,2.0,1.0,-2.0,-1.0,16.0,0.0,16.0,-16.0,2
4,2026-02-16,XYJ0001,0,low_information,ADIDA2,0.0,0.999999970046711,0.999999970046711,,2.75,1.0,-2.75,-1.0,22.0,0.0,22.0,-22.0,2
4,2026-02-16,XYMGPD0001,0,low_information,ADIDA2,1.6,0.999999970046711,0.999999970046711,1.2499999344771802,1.9999998951634885,0.9999999475817443,1.9999998951634885,0.9999999475817443,16.0,31.99999916130791,15.999999161307908,15.999999161307908,2
4,2026-02-16,XYMGPD0002,0,low_information,ADIDA2,0.0,0.999999970046711,0.999999970046711,,1.5,1.0,-1.5,-1.0,12.0,0.0,12.0,-12.0,2
4,2026-02-16,XYMLRY00001,0,low_information,ADIDA2,0.6,0.3058542782402369,0.999999970046711,1.041666660426398,0.6249999962558388,1.2499999925116776,-1.4976644424624652e-08,-2.9953288849249304e-08,4.0,3.999999880186844,4.99999997004671,-1.1981315539699722e-07,2
4,2026-02-16,XYMZD0017,0,low_information,ADIDA2,0.0,0.999999970046711,0.999999970046711,,0.0,,0.0,,0.0,0.0,0.0,0.0,2
4,2026-02-16,XYMZG0016,0,low_information,ADIDA2,0.0,0.999999970046711,0.999999970046711,,0.0,,0.0,,0.0,0.0,0.0,0.0,2
4,2026-02-16,YDBZ001,1,cluster_1,ADIDA2,0.6,0.7610851925923875,0.6783468661694223,3.9876121434311815,2.392567286058709,9.570269144234835,2.392567286058709,9.570269144234835,2.0,21.14053828846967,19.14053828846967,19.14053828846967,2
4,2026-02-16,YDBZ002,1,cluster_1,ADIDA2,0.9636363636363636,0.518755976489853,0.10323313283005829,2.335662602194846,2.250729416660488,6.001945111094635,2.1259725555473175,5.66926014812618,3.0,20.00778044437854,18.005835333283905,17.00778044437854,2
4,2026-02-16,YEC0009,0,low_information,ADIDA2,0.6,0.3058542782402369,0.999999970046711,3.75,2.25,1.0,-1.7500000149766446,-0.7777777844340643,18.0,3.999999880186844,18.0,-14.000000119813157,2
4,2026-02-16,YJLZHMV000AMDE,1,cluster_1,ADIDA2,0.9818181818181818,0.25165180852752034,0.36591268518774533,0.6385653387262136,0.6269550598402824,0.8359400797870432,-0.25782023936112974,-0.343760319148173,6.0,3.937438085110962,5.0156404787222595,-2.062561914889038,2
4,2026-02-16,YXBLJ0001,2,cluster_2,ADIDA2,0.14545454545454545,0.21768857628212557,0.43709703883914075,7.5673966238952834,1.1007122362029502,,1.1007122362029502,,0.0,8.805697889623602,8.805697889623602,8.805697889623602,2
4,2026-02-16,ZBTZ0002,0,low_information,ADIDA2,0.509090909090909,0.0037448030266801994,0.003694769553506181,0.7874768447793307,0.4008973027967501,1.069059474124667,-0.3232053944064998,-0.8618810517506662,3.0,0.41435684474800155,3.207178422374001,-2.5856431552519985,2
4,2026-02-16,ZBTZ0003,2,cluster_2,ADIDA2,0.14545454545454545,0.05459196795145066,0.08078167783223758,2.3517212046448277,0.3420685388574295,2.736548310859436,0.1644247184765727,1.3153977478125816,1.0,2.3153977478125816,2.736548310859436,1.3153977478125816,2
4,2026-02-16,ZTD0001,2,cluster_2,ADIDA2,0.14545454545454545,0.6455771941952186,0.999999970046711,6.0156251029644325,0.8750000149766447,1.0000000171161654,-0.8749999700467105,-0.9999999657676691,7.0,2.396263152709717e-07,7.000000119813158,-6.999999760373684,2
4,2026-02-16,ZTD0003,1,cluster_1,ADIDA2,0.3090909090909091,0.999999970046711,0.999999970046711,6.0661764705882355,1.875,1.0,-1.875,-1.0,15.0,3.2198680078791207e-29,15.0,-15.0,2
4,2026-02-16,ZTD0004,0,low_information,ADIDA2,0.0,0.999999970046711,0.999999970046711,,0.0,,0.0,,0.0,0.0,0.0,0.0,2
4,2026-02-16,xgx0013,0,low_information,ADIDA2,0.0,0.999999970046711,0.999999970046711,,0.125,1.0,-0.125,-1.0,1.0,0.0,1.0,-1.0,2
4,2026-02-16,xgx0014,0,low_information,ADIDA2,2.2,0.25251833565303244,0.999999970046711,0.9659090909090908,2.125,1.3076923076923077,0.875,0.5384615384615384,13.0,20.0,17.0,7.0,2
4,2026-02-16,xgx0015,0,low_information,ADIDA2,1.4,0.6436263454367241,0.999999970046711,0.9821428491196548,1.3749999887675166,1.0999999910140132,1.2499999850233556,0.9999999880186845,10.0,19.999999880186845,10.999999910140133,9.999999880186845,2
4,2026-02-16,xgx0016,0,low_information,ADIDA2,2.8,0.474946818427414,0.999999970046711,1.1160713804322144,3.1249998652102002,1.6666665947787735,3.1249998652102002,1.6666665947787735,15.0,39.9999989216816,24.999998921681602,24.999998921681602,2
4,2026-02-16,xymzd0015,1,cluster_1,ADIDA2,3.8,0.999999970046711,0.999999970046711,1.9078947210772166,7.2499999400934225,28.99999976037369,7.2499999400934225,28.99999976037369,2.0,59.99999952074738,57.99999952074738,57.99999952074738,2
4,2026-02-16,xymzd0016,0,low_information,ADIDA2,0.0,0.999999970046711,0.999999970046711,,0.0,,0.0,,0.0,0.0,0.0,0.0,2
4,2026-02-16,zxy0002,0,low_information,ADIDA2,0.0,0.999999970046711,0.999999970046711,,0.0,,0.0,,0.0,0.0,0.0,0.0,2
5,2026-04-13,BLP0001,1,cluster_1,ADIDA2,1.2161016949152543,0.1528063716288991,0.23800927108746744,3.3748867859605056,4.104205540553666,0.4758499177453526,-4.104205540553666,-0.4758499177453526,69.0,36.16635567557067,32.83364432442933,-32.83364432442933,2
5,2026-04-13,BLP0002,1,cluster_1,ADIDA2,0.5,0.2752065834908663,0.43293242350849426,2.5,1.25,0.8333333333333334,-0.2290099274126498,-0.15267328494176655,12.0,10.167920580698802,10.0,-1.8320794193011984,2
5,2026-04-13,BLP0003,2,cluster_2,ADIDA2,0.13559322033898305,0.2183812023191063,0.3146566243189481,4.011714675895644,0.54396131198585,2.1758452479434,0.14194841598113328,0.5677936639245331,2.0,3.1355873278490662,4.3516904958868,1.1355873278490662,2
5,2026-04-13,BLP0004,2,cluster_2,ADIDA2,0.11864406779661017,0.12216382720491621,0.18415150377901623,2.3504052485481357,0.2788616396582534,,0.2788616396582534,,0.0,2.230893117266027,2.230893117266027,2.230893117266027,2
5,2026-04-13,BLP0005,0,low_information,ADIDA2,0.46153846153846156,0.39564060135040274,0.999999970046711,0.27083333333333404,0.12500000000000033,1.0000000000000027,-0.12499999999999956,-0.9999999999999964,1.0,3.588798185646422e-15,1.0000000000000027,-0.9999999999999964,2
5,2026-04-13,BLP0007,0,low_information,ADIDA2,0.0,0.999999970046711,0.999999970046711,,0.0,,0.0,,0.0,0.0,0.0,0.0,2
5,2026-04-13,CFSNT008,0,low_information,ADIDA2,0.0,0.999999970046711,0.999999970046711,,0.0,,0.0,,0.0,0.0,0.0,0.0,2
5,2026-04-13,CLSSLT0003,2,cluster_2,ADIDA2,0.2711864406779661,0.2808856039171493,0.16739081115639162,1.2266730714302536,0.3326571041166789,,0.3326571041166789,,0.0,2.6612568329334314,2.6612568329334314,2.6612568329334314,2
5,2026-04-13,CLSSLT0006,2,cluster_2,ADIDA2,0.4406779661016949,0.18643831694141913,0.26995662269964776,1.258814010238456,0.5547315977322009,2.2189263909288037,0.35946319546440175,1.437852781857607,2.0,4.875705563715214,4.4378527818576075,2.875705563715214,2
5,2026-04-13,CWW0002,1,cluster_1,ADIDA2,2.5254237288135593,0.9935624465739931,0.3547555862619334,7.04055271022758,17.780378878371344,2.370717183782846,17.780378878371344,2.370717183782846,60.0,202.24303102697075,142.24303102697075,142.24303102697075,2
5,2026-04-13,DHZXCZP0001,1,cluster_1,ADIDA2,0.4915254237288136,0.551115450598718,0.6789932049891751,0.8478350796809528,0.41673249679233276,1.666929987169331,0.08346499358466553,0.3338599743386621,2.0,2.667719948677324,3.333859974338662,0.6677199486773242,2
5,2026-04-13,DRMJJ0021,2,cluster_2,ADIDA2,0.2542372881355932,0.42782538191375574,0.44019128116152145,2.2228771253931554,0.5651382522185988,4.5211060177487905,0.46185100295813175,3.694808023665054,1.0,4.694808023665054,4.5211060177487905,3.694808023665054,2
5,2026-04-13,DRMJJ0022,1,cluster_1,ADIDA2,0.5508474576271186,0.5414603383898653,0.17406072758917973,2.1220917700218167,1.1689488563679498,1.8703181701887197,1.100265141823933,1.760424226918293,5.0,13.802121134591465,9.351590850943598,8.802121134591465,2
5,2026-04-13,DRMJJ0023,1,cluster_1,ADIDA2,0.9661016949152542,0.3245561694309708,0.39196098754929615,1.5393887848319572,1.4872061141596875,1.3219609903641667,1.3579414855462502,1.2070590982633336,9.0,19.86353188437,11.8976489132775,10.863531884370001,2
5,2026-04-13,DRMJJ0025,2,cluster_2,ADIDA2,0.2711864406779661,0.4151441143193232,0.831929006590943,0.9987640578833983,0.2708512699344809,1.0834050797379235,-0.20829746013103823,-0.8331898405241529,2.0,0.3336203189516944,2.166810159475847,-1.6663796810483058,2
5,2026-04-13,DRMJJ0026,2,cluster_2,ADIDA2,0.3135593220338983,0.3934072810338614,0.999999970046711,1.5945945945945945,0.5,1.0,-0.49999999999999956,-0.9999999999999991,4.0,3.58879797065381e-15,4.0,-3.9999999999999964,2
5,2026-04-13,DRMJJ0027,2,cluster_2,ADIDA2,0.0847457627118644,0.8164538847167246,0.6924482524903233,4.426733273289775,0.3751468875669301,1.0003917001784803,-0.37470622486613975,-0.9992165996430393,3.0,0.002350201070881815,3.001175100535441,-2.997649798929118,2
5,2026-04-13,DRMJJ0038,0,low_information,ADIDA2,0.5384615384615384,0.26012867895793934,0.28781618281233456,1.2792142877538586,0.6888076934059238,1.8368205157491302,0.2526153868118477,0.6736410314982605,3.0,5.020923094494782,5.510461547247391,2.0209230944947816,2
5,2026-04-13,DRMJJ0039,2,cluster_2,ADIDA2,0.8461538461538461,0.18942582276311193,0.357868778481306,0.8243870407558835,0.6975582652549783,5.580466122039827,0.6384110203399711,5.107288162719769,1.0,6.107288162719769,5.580466122039827,5.107288162719769,2
5,2026-04-13,ETZP0003,1,cluster_1,ADIDA2,0.6779661016949152,0.108098616006425,0.17980843159171875,4.276052348357443,2.8990185412592835,,2.8990185412592835,,0.0,23.192148330074268,23.192148330074268,23.192148330074268,2
5,2026-04-13,ETZP0004,1,cluster_1,ADIDA2,0.6610169491525424,0.45777531078068784,0.16022394625529363,3.472528307615701,2.295400067745972,,2.295400067745972,,0.0,18.363200541967775,18.363200541967775,18.363200541967775,2
5,2026-04-13,FDBLHP0001,2,cluster_2,ADIDA2,0.4067796610169492,0.5136558896289566,0.35512464610333333,0.9391018464229774,0.3820075307483298,,0.3820075307483298,,0.0,3.0560602459866386,3.0560602459866386,3.0560602459866386,2
5,2026-04-13,FDBLP0001,1,cluster_1,ADIDA2,1.0847457627118644,0.999999970046711,0.2328715459681965,10.993441792961251,11.925089402534239,1.0840990365940217,-8.649821194931521,-0.786347381357411,88.0,18.80143044054782,95.40071522027391,-69.19856955945217,2
5,2026-04-13,FRC0003,1,cluster_1,ADIDA2,0.7288135593220338,0.4980429557463636,0.6040072011528093,4.225921806968876,3.0799091135535877,0.9476643426318732,-2.9098182271071753,-0.8953286852637462,26.0,2.721454183142601,24.6392729084287,-23.278545816857402,2
5,2026-04-13,FRH0028,2,cluster_2,ADIDA2,0.5423728813559322,0.1827931416846616,0.32431123265687384,0.3173894924684218,0.17214345354219487,1.377147628337559,-0.06214206194374016,-0.4971364955499213,1.0,0.5028635044500788,1.377147628337559,-0.4971364955499213,2
5,2026-04-13,FRH0033,1,cluster_1,ADIDA2,2.965254237288135,0.17280085239963103,0.30594401072887045,0.4526895556523973,1.3423396230743543,2.6846792461487086,1.2897861640991393,2.5795723281982785,4.0,14.318289312793114,10.738716984594834,10.318289312793114,2
5,2026-04-13,FRH0034,1,cluster_1,ADIDA2,1.116949152542373,0.24715318134508418,0.36309482567584156,0.3087930514437069,0.34490613712102175,,0.34490613712102175,,0.0,2.759249096968174,2.759249096968174,2.759249096968174,2
5,2026-04-13,FRH0043,2,cluster_2,ADIDA2,0.1864406779661017,0.03290532015649695,0.051964247209679064,1.4718110959440796,0.27440545856584536,2.195243668526763,0.07420727808779384,0.5936582247023507,1.0,1.5936582247023507,2.195243668526763,0.5936582247023507,2
5,2026-04-13,FRH0044,2,cluster_2,ADIDA2,0.423728813559322,0.06315824658786393,0.10603924379177262,1.1888134500410585,0.5037345127292621,1.3432920339446988,0.13993805091704847,0.37316813577879593,3.0,4.119504407336388,4.0298761018340965,1.1195044073363878,2
5,2026-04-13,FRH0046,1,cluster_1,ADIDA2,1.11864406779661,0.5317776751135557,0.9999999691602446,4.916666639097802,5.499999969160253,1.5714285626172153,5.499999969160253,1.5714285626172153,28.0,71.99999975328203,43.999999753282026,43.999999753282026,2
5,2026-04-13,FRH0048,1,cluster_1,ADIDA2,2.6553672316384183,0.2901743546937236,0.7018262010421966,0.9170501028332368,2.435104792834019,0.37463150658984906,-1.2404191713360744,-0.19083371866708837,52.0,42.076646629311405,19.48083834267215,-9.923353370688595,2
5,2026-04-13,FRH0050,1,cluster_1,ADIDA2,1.2203389830508475,0.31120989690307505,0.7304282229021479,0.5504193500169512,0.6716981898511947,,0.6716981898511947,,0.0,5.373585518809557,5.373585518809557,5.373585518809557,2
5,2026-04-13,FRH0051,1,cluster_1,ADIDA2,1.8644067796610169,0.3341028128944242,0.2998870780408871,1.0105066635470117,1.8839954744096827,0.837331321959859,1.017990948819365,0.45244042169749554,18.0,26.14392759055492,15.071963795277462,8.14392759055492,2
5,2026-04-13,FRH0056,1,cluster_1,ADIDA2,3.6440677966101696,0.5457068839692362,0.2424579506915439,1.649659425348974,6.011470787288634,0.45369590847461394,-4.772941574577269,-0.3602220056284731,106.0,67.81646740338185,48.091766298309075,-38.18353259661815,2
5,2026-04-13,FRH0056-1,2,cluster_2,ADIDA2,0.15254237288135594,0.10571569889816858,0.19908204176623498,3.637310365673182,0.5548439540857397,2.219375816342959,0.35968790817147944,1.4387516326859178,2.0,4.8775032653718355,4.438751632685918,2.8775032653718355,2
5,2026-04-13,FRH0059,1,cluster_1,ADIDA2,1.2881355932203389,0.7817059769728365,0.999999970046711,0.4851973655144013,0.6249999962558389,1.2499999925116778,-1.4976644452380228e-08,-2.9953288904760456e-08,4.0,3.999999880186844,4.999999970046711,-1.1981315561904182e-07,2
5,2026-04-13,FRH0064,1,cluster_1,ADIDA2,0.7627118644067796,0.20104619229849266,0.23603508843096707,1.202439672101282,0.9171150041450455,1.834230008290091,0.7228200055267273,1.4456400110534546,4.0,9.782560044213819,7.336920033160364,5.7825600442138185,2
5,2026-04-13,FRH0065,2,cluster_2,ADIDA2,0.4576271186440678,0.4694014147080638,0.19098509820415802,1.7613875358151116,0.8060587028306443,0.9212099460921649,0.4871174056612886,0.5567056064700441,7.0,10.896939245290309,6.448469622645154,3.8969392452903087,2
5,2026-04-13,FRH0068,1,cluster_1,ADIDA2,0.3050847457627119,0.1783103393518493,0.29467180832378237,1.2921149599677058,0.39420456405794413,,0.39420456405794413,,0.0,3.153636512463553,3.153636512463553,3.153636512463553,2
5,2026-04-13,FRW00023,0,low_information,ADIDA2,0.0,0.999999970046711,0.999999970046711,,0.375,1.0,-0.375,-1.0,3.0,0.0,3.0,-3.0,2
5,2026-04-13,FRW0005,1,cluster_1,ADIDA2,1.4406779661016949,0.3064954402109559,0.3441792418909093,1.0411764705882354,1.5,0.6,0.08014412354442513,0.03205764941777005,20.0,20.6411529883554,12.0,0.641152988355401,2
5,2026-04-13,FRW0006,1,cluster_1,ADIDA2,2.76271186440678,0.3619319297190198,0.5836334216342306,1.265851761846583,3.49718368103378,5.5954938896540485,3.49718368103378,5.5954938896540485,5.0,32.97746944827024,27.97746944827024,27.97746944827024,2
5,2026-04-13,FRW0008,2,cluster_2,ADIDA2,0.13559322033898305,0.052237492137411926,0.12815891127042114,1.7382539563755715,0.2356954517119419,,0.2356954517119419,,0.0,1.8855636136955352,1.8855636136955352,1.8855636136955352,2
5,2026-04-13,FRW0009,2,cluster_2,ADIDA2,0.2966101694915254,0.43578179332670536,0.1399962849796502,4.033646106182008,1.196420455223477,0.870123967435256,-0.6606818208939078,-0.4804958697410239,11.0,5.714545432848737,9.571363641787816,-5.2854545671512625,2
5,2026-04-13,FRW0015,1,cluster_1,ADIDA2,0.9322033898305084,0.9999999808792218,0.6536943150696556,19.32996459322634,18.0194585191093,0.9483925536373315,-18.0194585191093,-0.9483925536373315,152.0,7.844331847125598,144.1556681528744,-144.1556681528744,2
5,2026-04-13,FRW0024,1,cluster_1,ADIDA2,0.3898305084745763,0.999999970046711,0.999999970046711,5.45108692770797,2.124999988767514,0.9999999947141243,-2.1249999850233516,-0.9999999929521655,17.0,1.198131881402701e-07,16.99999991014011,-16.999999880186813,2
5,2026-04-13,FRW0025,0,low_information,ADIDA2,0.46153846153846156,0.06612097732952169,0.1607987361145009,0.5542237529532533,0.25579557828611693,,0.25579557828611693,,0.0,2.0463646262889355,2.0463646262889355,2.0463646262889355,2
5,2026-04-13,FSTBY001,0,low_information,ADIDA2,0.01694915254237288,1.0037376640824323e-06,1.0037376640824323e-06,7.375022207562074,0.12500037639935718,1.0000030111948575,-0.12499949813419042,-0.9999959850735234,1.0,4.014926476647244e-06,1.0000030111948575,-0.9999959850735234,2
5,2026-04-13,FZGLS0001,0,low_information,ADIDA2,0.06779661016949153,0.08588094301691887,0.999999970046711,11.062499889547244,0.7499999925116776,2.9999999700467104,0.7499999850233551,2.9999999400934203,2.0,7.999999880186841,5.999999940093421,5.999999880186841,2
5,2026-04-13,FZGLS0002,2,cluster_2,ADIDA2,0.0847457627118644,0.06403292839551743,0.09795076060025716,2.369191999165612,0.2007789829801366,,0.2007789829801366,,0.0,1.6062318638410928,1.6062318638410928,1.6062318638410928,2
5,2026-04-13,FZLRICBHP0001,1,cluster_1,ADIDA2,0.23728813559322035,0.999999970046711,0.06732912016034724,2.1680812602613795,0.5144599600620222,,0.5144599600620222,,0.0,4.115679680496178,4.115679680496178,4.115679680496178,2
5,2026-04-13,FZLRJ0001,1,cluster_1,ADIDA2,0.5847457627118644,0.6109459754002666,0.999999970046711,1.4963768179972632,0.8750000037441623,1.0000000042790427,0.12500001497664948,0.1428571599733137,7.0,8.000000119813196,7.0000000299532985,1.0000001198131958,2
5,2026-04-13,FZLRJ0001double,0,low_information,ADIDA2,0.05084745762711865,0.018044650605858612,0.037842552134701044,0.6564581319927403,0.03337922705047832,,0.03337922705047832,,0.0,0.26703381640382656,0.26703381640382656,0.26703381640382656,2
5,2026-04-13,FZLRJ0002,1,cluster_1,ADIDA2,1.0593220338983051,0.30388448915470684,0.5858929487426513,5.149240893618529,5.454704336460306,1.818234778820102,5.454704336460306,1.818234778820102,24.0,67.63763469168245,43.63763469168245,43.63763469168245,2
5,2026-04-13,FZLRJ0002double,2,cluster_2,ADIDA2,0.15254237288135594,0.08378785637318853,0.059430018036231366,1.0347507078131242,0.15784332831047657,,0.15784332831047657,,0.0,1.2627466264838125,1.2627466264838125,1.2627466264838125,2
5,2026-04-13,FZLRJ0005,0,low_information,ADIDA2,0.15384615384615385,1.0037376640824323e-06,1.0037376640824323e-06,10.562501631067157,1.6250002509334087,1.0000001544205592,-1.624999498133183,-0.9999996911588819,13.0,4.014934536525226e-06,13.00000200746727,-12.999995985065464,2
5,2026-04-13,GJMJWJX001,1,cluster_1,ADIDA2,5.785310734463277,0.3005684724825396,0.4721759482772063,0.06710797460316417,0.3882404858397746,,0.3882404858397746,,0.0,3.105923886718197,3.105923886718197,3.105923886718197,2
5,2026-04-13,GJMJWJXW001,1,cluster_1,ADIDA2,8.305084745762711,0.6147516959275896,0.999999970046711,1.4516051616062167e-39,1.2055703884526205e-38,,1.2055703884526205e-38,,0.0,9.644563107620964e-38,9.644563107620964e-38,9.644563107620964e-38,2
5,2026-04-13,HLGKSLT0001,1,cluster_1,ADIDA2,0.7372881355932204,0.43377442755179213,0.9292500068988936,0.6756116633907998,0.49812046368643714,0.7969927418982994,-0.11748185474574868,-0.1879709675931979,5.0,4.0601451620340105,3.984963709491497,-0.9398548379659895,2
5,2026-04-13,HWZDSKL0001,1,cluster_1,ADIDA2,1.0847457627118644,0.23812147806843956,0.2289632263592977,3.294874506006359,3.5741011590577454,0.9223486862084505,-3.5741011590577454,-0.9223486862084505,31.0,2.4071907275380378,28.592809272461963,-28.592809272461963,2
5,2026-04-13,HWZDSKL0002,1,cluster_1,ADIDA2,0.2711864406779661,0.6166048255619792,0.05069864588545447,1.0317364238249842,0.279792928494911,,0.279792928494911,,0.0,2.238343427959288,2.238343427959288,2.238343427959288,2
5,2026-04-13,HZSN0001,1,cluster_1,ADIDA2,1.2372881355932204,0.3683344647639664,0.8020277576851015,1.3871318792648901,1.716281816717576,0.8076620313965064,1.057563633435152,0.4976770039694833,17.0,25.460509067481215,13.730254533740608,8.460509067481215,2
5,2026-04-13,JZJ00011,1,cluster_1,ADIDA2,0.5254237288135594,0.48857403534473054,0.999999970046711,4.995967656423677,2.624999955070068,6.999999880186848,2.624999955070068,6.999999880186848,3.0,23.999999640560542,20.999999640560542,20.999999640560542,2
5,2026-04-13,JZJ00012,1,cluster_1,ADIDA2,1.2881355932203389,0.48639683367549263,0.6029504528249517,1.0590806893361064,1.3642395320261709,0.5744166450636509,-1.3319581281046835,-0.5608244749914457,19.0,8.344334975162532,10.913916256209367,-10.655665024837468,2
5,2026-04-13,JZJ0002,1,cluster_1,ADIDA2,2.211864406779661,0.5319994886888935,0.6155009583939366,1.6497291910607437,3.6489772785326617,0.4947765801400219,-2.4229545570653235,-0.3285362111275015,59.0,39.61636354347741,29.191818228261294,-19.383636456522588,2
5,2026-04-13,JZJ0003,1,cluster_1,ADIDA2,3.4322033898305087,0.5127980948637576,0.40981275918958254,0.6120369962530612,2.100635453241439,0.21272257754343687,0.027541812965756307,0.002789044350962664,79.0,79.22033450372605,16.805083625931513,0.22033450372605046,2
5,2026-04-13,JZJ0009,1,cluster_1,ADIDA2,3.5,0.5217563660337463,0.5153865788007429,2.8214285714285716,9.875,0.5031847133757962,-0.3365834772477143,-0.01715075043300455,157.0,154.30733218201829,79.0,-2.6926678179817145,2
5,2026-04-13,JZJ0013,1,cluster_1,ADIDA2,3.805084745762712,0.7818632994285376,0.6819094214532688,0.758411084118807,2.8858184471978334,0.2331974502786128,0.6682737887913337,0.05400192232657242,99.0,104.34619031033067,23.086547577582667,5.34619031033067,2
5,2026-04-13,JZJ0014,1,cluster_1,ADIDA2,0.22033898305084745,0.03276323139520085,0.07497496435208069,1.5308738518364466,0.33731118769277635,1.3492447507711054,-0.07537762461444733,-0.3015104984577893,2.0,1.3969790030844211,2.698489501542211,-0.6030209969155786,2
5,2026-04-13,JZJ0016,1,cluster_1,ADIDA2,1.0593220338983051,0.3405911726279005,0.4827107149585545,2.5222543579040324,2.6718796164237633,0.8221168050534656,-2.4791728218983513,-0.7628224067379542,26.0,6.16661742481319,21.375036931390106,-19.83338257518681,2
5,2026-04-13,JZJ0017,2,cluster_2,ADIDA2,0.15254237288135594,0.11531932616250049,0.06698163162833547,1.5583590738602198,0.23771579092783016,1.9017263274226412,0.025287721237106875,0.202301769896855,1.0,1.202301769896855,1.9017263274226412,0.202301769896855,2
5,2026-04-13,JZJ0018,2,cluster_2,ADIDA2,0.3389830508474576,0.5678096882977889,0.999999970046711,0.7375000000000029,0.250000000000001,1.000000000000004,-0.24999999999999867,-0.9999999999999947,2.0,1.0766394019457731e-14,2.000000000000008,-1.9999999999999893,2
5,2026-04-13,JZJ0019,1,cluster_1,ADIDA2,0.7299435028248586,0.545651489644681,0.5900475137246566,3.078503235130521,2.247133434908832,2.247133434908832,1.4942668698176638,1.4942668698176638,8.0,19.95413495854131,17.977067479270655,11.95413495854131,2
5,2026-04-13,KFYFQ51mm,1,cluster_1,ADIDA2,2.8461538461538463,1.0037376640824323e-06,0.7687207589296519,1.4417985092649714,4.10358037252338,0.6565728596037408,-4.0547738300311735,-0.6487638128049877,50.0,17.56180935975061,32.82864298018704,-32.43819064024939,2
5,2026-04-13,KFYFQ54mm,0,low_information,ADIDA2,2.6923076923076925,0.2138575092982174,0.3685491405551229,1.8523101130805548,4.986988765986109,0.8311647943310182,-3.947955063944437,-0.6579925106574062,48.0,16.416359488444506,39.895910127888875,-31.583640511555497,2
5,2026-04-13,KFYFQ58mm,1,cluster_1,ADIDA2,3.5384615384615383,0.23755565855726923,0.1418653270832318,1.7665860584020594,6.250996822038056,0.6098533484915176,-5.751993644076112,-0.5611701116171817,82.0,35.98405084739111,50.00797457630445,-46.0159491526089,2
5,2026-04-13,KZCWBG001,2,cluster_2,ADIDA2,0.2796610169491525,0.5800521535631458,0.3471499238094968,8.6493626209482,2.4188895465363607,0.8795961987404948,-2.0877790930727214,-0.7591923974809895,22.0,5.297767255418232,19.351116372290885,-16.70223274458177,2
5,2026-04-13,LTKF0019,1,cluster_1,ADIDA2,0.7966101694915254,0.21916923706444916,0.2119740364392846,0.8394192661711309,0.6686899238990365,2.674759695596146,0.5873798477980731,2.3495193911922923,2.0,6.6990387823845845,5.349519391192292,4.6990387823845845,2
5,2026-04-13,LTKF0020,1,cluster_1,ADIDA2,5.135593220338983,0.8553746926364411,0.2556331090591363,1.748111277220475,8.977588423691591,0.4545614391742578,5.205176847383182,0.263553258095351,158.0,199.64141477906546,71.82070738953273,41.64141477906546,2
5,2026-04-13,LTKF0021,1,cluster_1,ADIDA2,1.4830508474576272,0.2507407024129605,0.46649244599994844,1.18,1.75,0.4666666666666667,-0.7325225474283261,-0.19533934598088695,30.0,24.13981962057339,14.0,-5.860180379426609,2
5,2026-04-13,LTKF0022M,1,cluster_1,ADIDA2,0.8050847457627118,0.76380304390073,0.999999970046711,1.5526315510435211,1.249999977535038,0.909090892752755,1.1249999700467175,0.8181817963976127,11.0,19.99999976037374,9.999999820280305,8.99999976037374,2
5,2026-04-13,LTKF0031,1,cluster_1,ADIDA2,1.228813559322034,0.5197064762363592,0.999999970046711,0.5086206896551724,0.625,1.0,-0.624999970046711,-0.9999999520747377,5.0,2.3962631168217285e-07,5.0,-4.999999760373688,2
5,2026-04-13,LTKF0047,1,cluster_1,ADIDA2,0.2711864406779661,0.5014857273687946,0.8014518484105181,2.8896154375740655,0.7836245254438143,2.0896654011835047,0.44224905088762867,1.1793308023670097,3.0,6.537992407101029,6.268996203550515,3.5379924071010294,2
5,2026-04-13,LTKF0058,2,cluster_2,ADIDA2,0.11864406779661017,0.5748912220914564,0.7667747914980703,10.870236616350757,1.2896890900755136,3.439170906868036,1.2896890900755136,3.439170906868036,3.0,13.317512720604109,10.317512720604109,10.317512720604109,2
5,2026-04-13,LTKF0101,1,cluster_1,ADIDA2,1.771186440677966,0.7745922964176142,0.10711972408345156,3.5428233922637182,6.275000754094212,0.5704546140085648,-6.033334338792283,-0.5484849398902075,88.0,39.73332528966173,50.2000060327537,-48.266674710338265,2
5,2026-04-13,LTKF0102,2,cluster_2,ADIDA2,0.22033898305084745,0.4879204948654504,0.8464311157037091,1.1433289127034194,0.25191992991770257,1.0076797196708103,-0.24744009344306322,-0.9897603737722529,2.0,0.020479252455493993,2.0153594393416205,-1.9795207475445058,2
5,2026-04-13,LTKF0106,0,low_information,ADIDA2,0.0847457627118644,0.03315298042897241,0.07387771929618712,2.3000447469901473,0.19491904635509721,1.5593523708407777,-0.03177460485987038,-0.25419683887896305,1.0,0.745803161121037,1.5593523708407777,-0.25419683887896305,2
5,2026-04-13,LTKF0111,2,cluster_2,ADIDA2,0.23728813559322035,0.31468110716665937,0.4303234405882197,5.190377748728205,1.231615059020252,1.6421534120270025,1.213230118040504,1.6176401573873387,6.0,15.705840944324033,9.852920472162015,9.705840944324033,2
5,2026-04-13,LTKF093,1,cluster_1,ADIDA2,0.6016949152542372,0.16100454274272347,0.999999970046711,10.802816677391597,6.499999865210198,2.599999946084079,5.499999820280264,2.1999999281121054,20.0,63.99999856224211,51.99999892168158,43.99999856224211,2
5,2026-04-13,LTKF098,1,cluster_1,ADIDA2,0.6610169491525424,0.999999970046711,0.5461102663443534,3.8490523468024067,2.5442888394117604,0.8849700310997427,-2.434051785882347,-0.8466267081329902,23.0,3.5275857129412223,20.354310715294083,-19.472414287058776,2
5,2026-04-13,LTKF098B,1,cluster_1,ADIDA2,1.4615384615384615,1.0037376640824323e-06,0.9290048841118264,1.7272120615603237,2.52438685920355,1.8359177157844,2.4908491456047335,1.811526651348897,11.0,30.926793164837868,20.1950948736284,19.926793164837868,2
5,2026-04-13,LYC0201,1,cluster_1,ADIDA2,0.2966101694915254,0.39267210452863877,0.916868303374308,14.317890126073102,4.246831817055581,0.9992545451895484,-4.243663634111161,-0.9985090903790966,34.0,0.050690927110717,33.974654536444646,-33.949309072889285,2
5,2026-04-13,LYC0203,2,cluster_2,ADIDA2,0.2033898305084746,0.14768519785534828,0.2658173158717977,4.557620321675353,0.9269736247475295,1.059398428282891,-0.6671055010098814,-0.7624062868684359,7.0,1.6631559919209478,7.415788997980236,-5.336844008079051,2
5,2026-04-13,NNB0002,1,cluster_1,ADIDA2,0.826271186440678,0.7907129419916257,0.8677244226180362,21.069742765289668,17.409321352675786,2.6783571311808902,15.379095136901046,2.366014636446315,52.0,175.03276109520837,139.2745708214063,123.03276109520837,2
5,2026-04-13,NNBZL01,0,low_information,ADIDA2,2.1538461538461537,0.4503215159662195,0.999999970046711,4.526785596077198,9.74999974539704,12.999999660529388,9.74999974539704,12.999999660529388,6.0,83.99999796317633,77.99999796317633,77.99999796317633,2
5,2026-04-13,QCCXC0004,1,cluster_1,ADIDA2,1.0677966101694916,0.39921628739664017,0.35477421514505086,0.16615915248464477,0.17742417977173933,,0.17742417977173933,,0.0,1.4193934381739146,1.4193934381739146,1.4193934381739146,2
5,2026-04-13,QFDNZGJK001,1,cluster_1,ADIDA2,1.3846153846153846,0.3382272606680408,0.5870245012083221,2.1177138867418157,2.93221922779636,,2.93221922779636,,0.0,23.45775382237088,23.45775382237088,23.45775382237088,2
5,2026-04-13,QFDNZGJK002,1,cluster_1,ADIDA2,1.6923076923076923,0.43051569174679366,0.999999970046711,1.6249999999999996,2.749999999999999,2.1999999999999993,2.7499999999999987,2.199999999999999,10.0,31.99999999999999,21.999999999999993,21.99999999999999,2
5,2026-04-13,QFSJZ002-1,2,cluster_2,ADIDA2,0.15254237288135594,0.25388826741342063,0.48853507092533494,2.457812972921782,0.37492062298806844,,0.37492062298806844,,0.0,2.9993649839045475,2.9993649839045475,2.9993649839045475,2
5,2026-04-13,QFSJZ003,2,cluster_2,ADIDA2,0.13559322033898305,0.11856742359728997,0.3747857580541591,1.0929481776713987,0.14819636307408796,1.1855709045927036,-0.09407151590121605,-0.7525721272097284,1.0,0.24742787279027165,1.1855709045927036,-0.7525721272097284,2
5,2026-04-13,QFSJZ003-1,2,cluster_2,ADIDA2,0.4745762711864407,0.4313020324657162,0.999999970046711,2.831376506805541e-23,1.3437041049246637e-23,,1.3437041049246637e-23,,0.0,1.074963283939731e-22,1.074963283939731e-22,1.074963283939731e-22,2
5,2026-04-13,QFYF001,0,low_information,ADIDA2,0.0,0.999999970046711,0.999999970046711,,0.0,,0.0,,0.0,0.0,0.0,0.0,2
5,2026-04-13,RLHZHMV000AMDE,1,cluster_1,ADIDA2,3.330508474576271,0.6309042988294287,0.8025483955512515,0.9388991328893058,3.1270115188601455,0.27490211154814465,-2.379023037720291,-0.20914488243694865,91.0,71.96781569823767,25.016092150881164,-19.032184301762328,2
5,2026-04-13,SKZ2FT01,0,low_information,ADIDA2,0.0,0.999999970046711,0.999999970046711,,0.625,1.0,-0.625,-1.0,5.0,0.0,5.0,-5.0,2
5,2026-04-13,SKZ3FT01,0,low_information,ADIDA2,0.0,0.999999970046711,0.999999970046711,,2.375,1.0,-2.375,-1.0,19.0,0.0,19.0,-19.0,2
5,2026-04-13,SLT0003,2,cluster_2,ADIDA2,0.423728813559322,0.1188640424570516,0.22036654758646465,1.1763877324779302,0.4984693781686145,,0.4984693781686145,,0.0,3.987755025348916,3.987755025348916,3.987755025348916,2
5,2026-04-13,SLT0004,2,cluster_2,ADIDA2,0.11864406779661017,0.999999970046711,0.3625234578999933,0.5977385018817792,0.07091812734190601,,0.07091812734190601,,0.0,0.5673450187352481,0.5673450187352481,0.5673450187352481,2
5,2026-04-13,TTNX0002,0,low_information,ADIDA2,0.0,0.999999970046711,0.999999970046711,,0.0,,0.0,,0.0,0.0,0.0,0.0,2
5,2026-04-13,XFTW0001,0,low_information,ADIDA2,0.0,0.999999970046711,0.999999970046711,,2.875,1.0,-2.875,-1.0,23.0,0.0,23.0,-23.0,2
5,2026-04-13,XGX9992,0,low_information,ADIDA2,0.0,0.999999970046711,0.999999970046711,,0.0,,0.0,,0.0,0.0,0.0,0.0,2
5,2026-04-13,XGX9993,0,low_information,ADIDA2,0.0,0.999999970046711,0.999999970046711,,0.0,,0.0,,0.0,0.0,0.0,0.0,2
5,2026-04-13,XGX9994,0,low_information,ADIDA2,0.0,0.999999970046711,0.999999970046711,,0.0,,0.0,,0.0,0.0,0.0,0.0,2
5,2026-04-13,XGX9995,0,low_information,ADIDA2,0.0,0.999999970046711,0.999999970046711,,0.0,,0.0,,0.0,0.0,0.0,0.0,2
5,2026-04-13,XGX99990,0,low_information,ADIDA2,0.0,0.999999970046711,0.999999970046711,,0.0,,0.0,,0.0,0.0,0.0,0.0,2
5,2026-04-13,XGX99991,0,low_information,ADIDA2,0.0,0.999999970046711,0.999999970046711,,0.0,,0.0,,0.0,0.0,0.0,0.0,2
5,2026-04-13,XGX99992,0,low_information,ADIDA2,0.0,0.999999970046711,0.999999970046711,,0.0,,0.0,,0.0,0.0,0.0,0.0,2
5,2026-04-13,XGX99993,0,low_information,ADIDA2,0.0,0.999999970046711,0.999999970046711,,0.0,,0.0,,0.0,0.0,0.0,0.0,2
5,2026-04-13,XHP0001,1,cluster_1,ADIDA2,2.593220338983051,0.999999970046711,0.27745392570999583,26.80065359477124,69.5,0.9586206896551724,-56.47462931446799,-0.7789604043374895,580.0,128.20296548425614,556.0,-451.7970345157439,2
5,2026-04-13,XHZXCZP0001,1,cluster_1,ADIDA2,2.635593220338983,0.9074447972377203,0.999999970046711,1.5176848448413829,3.9999998876751706,0.4999999859593963,-3.9999998502335607,-0.4999999812791951,64.0,32.000001198131514,31.999999101401364,-31.999998801868486,2
5,2026-04-13,XHZXCZP0002,1,cluster_1,ADIDA2,0.2932203389830508,0.4346653830461471,0.7812371055186091,24.227850342983896,7.104098490400361,0.8743505834338906,-7.104098490400361,-0.8743505834338906,65.0,8.16721207679711,56.832787923202886,-56.832787923202886,2
5,2026-04-13,XMJ0001,0,low_information,ADIDA2,0.0,0.999999970046711,0.999999970046711,,2.875,1.0,-2.875,-1.0,23.0,0.0,23.0,-23.0,2
5,2026-04-13,XMJ0004,0,low_information,ADIDA2,0.07692307692307693,0.999999970046711,0.999999970046711,47.125,3.625,1.0,-3.625,-1.0,29.0,0.0,29.0,-29.0,2
5,2026-04-13,XMSH0001,1,cluster_1,ADIDA2,3.6923076923076925,0.9282726786102081,0.07813847952186648,0.8802083333333334,3.2500000000000004,0.9285714285714287,-1.9468417834113612,-0.5562405095461032,28.0,12.425265732709112,26.000000000000004,-15.57473426729089,2
5,2026-04-13,XXGP0002,0,low_information,ADIDA2,1.1538461538461537,0.5711559765920309,0.999999970046711,4.5499999643056634,5.249999958814227,1.199999990586109,1.1249998352569106,0.25714281948729384,35.0,43.999998682055285,41.999999670513816,8.999998682055285,2
5,2026-04-13,XYJ0001,1,cluster_1,ADIDA2,1.3076923076923077,0.999999970046711,0.999999970046711,2.4852940918784205,3.24999996630255,2.1666666442016997,1.499999955070066,0.9999999700467107,12.0,23.999999640560528,25.9999997304204,11.999999640560528,2
5,2026-04-13,XYMGPD0001,1,cluster_1,ADIDA2,1.3846153846153846,0.9615807907794336,0.8857685289265462,0.7952293585103768,1.101086804091291,8.808694432730327,1.101086804091291,8.808694432730327,1.0,9.808694432730327,8.808694432730327,8.808694432730327,2
5,2026-04-13,XYMGPD0002,1,cluster_1,ADIDA2,0.9230769230769231,0.3671270364933249,0.9999999654027547,1.624999999999999,1.4999999999999991,1.4999999999999991,0.9999999999999982,0.9999999999999982,8.0,15.999999999999986,11.999999999999993,7.999999999999986,2
5,2026-04-13,XYMLRY00001,2,cluster_2,ADIDA2,0.6153846153846154,0.3638214803485552,0.999999970046711,2.031249993915738,1.2499999962558388,0.999999997004671,-1.2499999850233552,-0.9999999880186842,10.0,1.198131594298845e-07,9.99999997004671,-9.999999880186841,2
5,2026-04-13,XYMZD0017,0,low_information,ADIDA2,0.0,0.999999970046711,0.999999970046711,,0.0,,0.0,,0.0,0.0,0.0,0.0,2
5,2026-04-13,XYMZG0016,0,low_information,ADIDA2,0.0,0.999999970046711,0.999999970046711,,0.0,,0.0,,0.0,0.0,0.0,0.0,2
5,2026-04-13,YDBZ001,1,cluster_1,ADIDA2,0.5847457627118644,0.8105340730165635,0.7482512327687408,0.6774918613301837,0.39616049518459895,,0.39616049518459895,,0.0,3.1692839614767916,3.1692839614767916,3.1692839614767916,2
5,2026-04-13,YDBZ002,1,cluster_1,ADIDA2,0.940677966101695,0.6018425316744961,0.08904425614535719,2.017538161817249,1.8978536945908022,,1.8978536945908022,,0.0,15.182829556726418,15.182829556726418,15.182829556726418,2
5,2026-04-13,YEC0009,1,cluster_1,ADIDA2,0.9230769230769231,0.999999970046711,0.999999970046711,2.0312499797191266,1.8749999812791938,0.99999999001557,-1.8749999251167753,-0.9999999600622801,15.0,5.990657971494218e-07,14.99999985023355,-14.999999400934202,2
5,2026-04-13,YJLZHMV000AMDE,1,cluster_1,ADIDA2,0.9915254237288136,0.2478028982896437,0.3662504167713939,1.2378023637753446,1.2273125132348757,0.8182083421565838,-0.9546250264697513,-0.6364166843131676,12.0,4.362999788241988,9.818500105879005,-7.637000211758011,2
5,2026-04-13,YXBLJ0001,2,cluster_2,ADIDA2,0.13559322033898305,0.30763519375310416,0.5955242940673854,2.875329406077711,0.3898751737054523,1.0396671298812061,-0.34524965258909535,-0.9206657402375876,3.0,0.23800277928723715,3.1190013896436186,-2.7619972207127628,2
5,2026-04-13,ZBTZ0002,1,cluster_1,ADIDA2,0.5084745762711864,0.005434582479488731,0.007443613868681487,3.7394721381149107,1.9014265109058868,1.0140941391498062,-1.769293956376454,-0.9436234434007755,15.0,0.8456483489883685,15.211412087247094,-14.154351651011632,2
5,2026-04-13,ZBTZ0003,1,cluster_1,ADIDA2,0.15254237288135594,0.042421271523282886,0.06210344556242686,2.688052414001432,0.41004189366123545,1.6401675746449418,-0.036610808451686044,-0.14644323380674418,2.0,1.7071135323865119,3.2803351492898836,-0.29288646761348835,2
5,2026-04-13,ZTD0001,2,cluster_2,ADIDA2,0.2288135593220339,0.46456634717811,0.999999970046711,8.74074054438029,1.9999999550700664,0.8888888689200295,0.7499999101401329,0.3333332933956146,18.0,23.999999281121063,15.999999640560532,5.999999281121063,2
5,2026-04-13,ZTD0003,1,cluster_1,ADIDA2,0.3559322033898305,0.8142426146662943,0.5702142785156188,8.395933049259519,2.9883829497364385,4.781412719578301,2.9883829497364385,4.781412719578301,5.0,28.907063597891508,23.907063597891508,23.907063597891508,2
5,2026-04-13,ZTD0004,0,low_information,ADIDA2,0.0,0.999999970046711,0.999999970046711,,0.0,,0.0,,0.0,0.0,0.0,0.0,2
5,2026-04-13,xgx0013,0,low_information,ADIDA2,0.15384615384615385,1.0037376640824323e-06,0.999999970046711,5.687499926988858,0.8749999887675166,1.7499999775350332,-1.4976644424624652e-08,-2.9953288849249304e-08,4.0,3.999999880186844,6.999999910140133,-1.1981315539699722e-07,2
5,2026-04-13,xgx0014,1,cluster_1,ADIDA2,2.6153846153846154,0.15643440402507838,0.14692968465491013,0.66490942960846,1.7389938928221262,1.5457723491752233,1.0269918570961685,0.9128816507521498,9.0,17.215934856769348,13.91195114257701,8.215934856769348,2
5,2026-04-13,xgx0015,1,cluster_1,ADIDA2,1.7692307692307692,0.31882644217966116,0.9999999775659305,1.2010869549367233,2.1249999971957414,0.8499999988782966,-1.0000000112170344,-0.4000000044868138,20.0,11.999999910263723,16.99999997756593,-8.000000089736275,2
5,2026-04-13,xgx0016,1,cluster_1,ADIDA2,1.9230769230769231,0.3095755088998106,0.30456876855429244,0.9250293863357112,1.7789026660302139,1.1859351106868092,0.538536888040285,0.35902459202685666,12.0,16.30829510432228,14.23122132824171,4.30829510432228,2
5,2026-04-13,xymzd0015,1,cluster_1,ADIDA2,1.6153846153846154,0.999999970046711,0.7493869398098427,0.5504941641643536,0.8892598036501096,1.016296918457268,-0.8179607853995616,-0.9348123261709276,7.0,0.4563137168035075,7.114078429200877,-6.543686283196493,2
5,2026-04-13,xymzd0016,0,low_information,ADIDA2,0.0,0.999999970046711,0.999999970046711,,0.0,,0.0,,0.0,0.0,0.0,0.0,2
5,2026-04-13,zxy0002,0,low_information,ADIDA2,0.0,0.999999970046711,0.999999970046711,,0.125,1.0,-0.125,-1.0,1.0,0.0,1.0,-1.0,2
6,2026-06-08,BLP0001,1,cluster_1,ADIDA2,1.1468253968253967,0.1898785276443983,0.2779124595415413,4.441708218291823,5.0938637900251456,0.5992780929441348,-0.12454483989941778,-0.014652334105813857,68.0,67.00364128080466,40.750910320201164,-0.9963587191953422,2
6,2026-06-08,BLP0002,1,cluster_1,ADIDA2,0.6190476190476191,0.2631711058636247,0.46269866093693923,2.0079246744302743,1.243000988933027,0.523368837445485,-0.1389980221339462,-0.058525483003766816,19.0,17.88801582292843,9.944007911464215,-1.1119841770715695,2
6,2026-06-08,BLP0003,2,cluster_2,ADIDA2,0.15873015873015872,0.1753496661271664,0.30414205478628054,3.458930865643299,0.5490366453402061,1.0980732906804123,-0.30385341863917525,-0.6077068372783505,4.0,1.5691726508865977,4.392293162721649,-2.430827349113402,2
6,2026-06-08,BLP0004,2,cluster_2,ADIDA2,0.1111111111111111,0.18150659926596796,0.3645864629306363,0.24053587875327267,0.02672620875036363,,0.02672620875036363,,0.0,0.21380967000290904,0.21380967000290904,0.21380967000290904,2
6,2026-06-08,BLP0005,0,low_information,ADIDA2,0.3333333333333333,0.3963645912737971,0.999999970046711,1.0833240111162795e-45,3.611080037054265e-46,,3.611080037054265e-46,,0.0,2.888864029643412e-45,2.888864029643412e-45,2.888864029643412e-45,2
6,2026-06-08,BLP0007,0,low_information,ADIDA2,0.0,0.999999970046711,0.999999970046711,,0.125,1.0,-0.125,-1.0,1.0,0.0,1.0,-1.0,2
6,2026-06-08,CFSNT008,0,low_information,ADIDA2,0.0,0.999999970046711,0.999999970046711,,1.625,1.0,-1.625,-1.0,13.0,0.0,13.0,-13.0,2
6,2026-06-08,CLSSLT0003,2,cluster_2,ADIDA2,0.25396825396825395,0.2845401438737105,0.23170668954229495,4.134520373164369,1.0500369201687285,1.0500369201687285,-0.8999261596625432,-0.8999261596625432,8.0,0.8005907226996549,8.400295361349828,-7.1994092773003455,2
6,2026-06-08,CLSSLT0006,2,cluster_2,ADIDA2,0.42857142857142855,0.18817978078588493,0.2720765929049379,1.5348534906515334,0.6577943531363715,0.877059137515162,-0.38117741254548565,-0.5082365500606475,6.0,2.9505806996361152,5.262354825090972,-3.049419300363885,2
6,2026-06-08,CWW0002,1,cluster_1,ADIDA2,2.8174603174603177,0.9667837199545692,0.46747093853274213,0.7995821485432012,2.2527909740701304,0.2468812026378225,-1.3805819481402608,-0.15129665185098748,73.0,61.95534441487791,18.022327792561043,-11.044655585122086,2
6,2026-06-08,DHZXCZP0001,1,cluster_1,ADIDA2,0.46825396825396826,0.5529911858524585,0.6834921282894846,4.805084745762712,2.25,1.0,-1.9049571192863402,-0.8466476085717067,18.0,2.760343045709281,18.0,-15.239656954290721,2
6,2026-06-08,DRMJJ0021,2,cluster_2,ADIDA2,0.25396825396825395,0.4228581190275287,0.4461493139797354,1.09584854699282,0.2783107420934146,,0.2783107420934146,,0.0,2.226485936747317,2.226485936747317,2.226485936747317,2
6,2026-06-08,DRMJJ0022,2,cluster_2,ADIDA2,0.6111111111111112,0.41788539324563495,0.15362537753750813,1.3204148814111423,0.8069202053068092,0.6455361642454474,-0.13615958938638162,-0.10892767150910529,10.0,8.910723284908947,6.4553616424544735,-1.089276715091053,2
6,2026-06-08,DRMJJ0023,1,cluster_1,ADIDA2,0.9576719576719577,0.3210797778038165,0.39430992278257915,1.3052486187845305,1.25,0.8333333333333334,0.05460640348087109,0.03640426898724739,12.0,12.436851227846969,10.0,0.4368512278469687,2
6,2026-06-08,DRMJJ0025,2,cluster_2,ADIDA2,0.2777777777777778,0.4099750762856722,0.8335500122134056,2.5502515403707298,0.7084032056585361,1.4168064113170722,-0.08319358868292784,-0.16638717736585568,4.0,3.334451290536577,5.667225645268289,-0.6655487094634227,2
6,2026-06-08,DRMJJ0026,2,cluster_2,ADIDA2,0.3253968253968254,0.37999921234430556,0.999999970046711,0.38414637598275375,0.12500001123248336,1.0000000898598669,-0.12499998502335552,-0.9999998801868442,1.0,1.1981315584108653e-07,1.0000000898598669,-0.9999998801868442,2
6,2026-06-08,DRMJJ0027,2,cluster_2,ADIDA2,0.11904761904761904,0.6232895057768514,0.05857558505218824,2.152073941235649,0.25619927871852965,2.0495942297482372,0.049932371624706186,0.3994589729976495,1.0,1.3994589729976494,2.0495942297482372,0.3994589729976495,2
6,2026-06-08,DRMJJ0038,2,cluster_2,ADIDA2,0.5714285714285714,0.1387517642652794,0.19634080565138806,0.7783384972152456,0.4447648555515689,,0.4447648555515689,,0.0,3.5581188444125513,3.5581188444125513,3.5581188444125513,2
6,2026-06-08,DRMJJ0039,2,cluster_2,ADIDA2,0.5714285714285714,0.21271927873494778,0.24104523784823145,0.5301392387765618,0.30293670787232096,,0.30293670787232096,,0.0,2.4234936629785677,2.4234936629785677,2.4234936629785677,2
6,2026-06-08,ETZP0003,1,cluster_1,ADIDA2,0.6349206349206349,0.09030883646946368,0.10439051386316651,2.057569983065393,1.3063936400415193,1.161238791148017,0.23778728008303834,0.21136647118492297,9.0,10.902298240664306,10.451149120332154,1.9022982406643067,2
6,2026-06-08,ETZP0004,1,cluster_1,ADIDA2,0.6190476190476191,0.46266007997869846,0.2182680975987254,1.2115384615384615,0.75,1.0,0.11224532362853384,0.14966043150471178,6.0,6.89796258902827,6.0,0.8979625890282708,2
6,2026-06-08,FDBLHP0001,2,cluster_2,ADIDA2,0.38095238095238093,0.5137686321687192,0.5074723922734081,2.296875,0.875,1.0,-0.8601108235186588,-0.9829837983070385,7.0,0.11911341185073065,7.0,-6.88088658814927,2
6,2026-06-08,FDBLP0001,1,cluster_1,ADIDA2,1.9365079365079365,0.8112141963047129,0.07397321467219133,5.993311660196685,11.606095595936438,0.9014443181309855,-7.799382383745751,-0.6057772725239419,103.0,40.60494093003398,92.8487647674915,-62.39505906996601,2
6,2026-06-08,FRC0003,1,cluster_1,ADIDA2,0.8253968253968254,0.564591354983602,0.13882591188500637,1.060096153846154,0.875,0.6363636363636364,0.3542985427932961,0.25767166748603354,11.0,13.834388342346369,7.0,2.8343883423463687,2
6,2026-06-08,FRH0028,2,cluster_2,ADIDA2,0.5158730158730159,0.18230661629452286,0.32497056261658636,0.49723574000064386,0.25651050079398297,1.0260420031759319,-0.23697899841203407,-0.9479159936481363,2.0,0.10416801270372766,2.0520840063518637,-1.8958319872962726,2
6,2026-06-08,FRH0033,1,cluster_1,ADIDA2,2.8325396825396822,0.175200581966513,0.3113641738930266,0.9204003809235869,2.6070706027906994,0.8690235342635665,-2.2141412055813987,-0.7380470685271329,24.0,6.286870355348813,20.856564822325595,-17.71312964465119,2
6,2026-06-08,FRH0034,1,cluster_1,ADIDA2,1.046031746031746,0.2490530499779751,0.3770384643308707,0.04573476484373028,0.0478400159238385,,0.0478400159238385,,0.0,0.382720127390708,0.382720127390708,0.382720127390708,2
6,2026-06-08,FRH0043,2,cluster_2,ADIDA2,0.19047619047619047,0.030575675431304426,0.04834813969644441,0.947651614710282,0.18050506946862513,,0.18050506946862513,,0.0,1.444040555749001,1.444040555749001,1.444040555749001,2
6,2026-06-08,FRH0044,2,cluster_2,ADIDA2,0.42857142857142855,0.05520693409223538,0.10445799956683452,1.2396786892959142,0.531290866841106,,0.531290866841106,,0.0,4.250326934728848,4.250326934728848,4.250326934728848,2
6,2026-06-08,FRH0046,1,cluster_1,ADIDA2,1.2936507936507937,0.5322624980582645,0.9999999758770257,1.3527606895783013,1.7499999396925645,0.5384615199054045,-1.7499999396925645,-0.5384615199054045,26.0,12.000000482459484,13.999999517540516,-13.999999517540516,2
6,2026-06-08,FRH0048,1,cluster_1,ADIDA2,2.645502645502646,0.2892262959410181,0.5349983370726891,1.6445824708542314,4.350747277392148,1.5133034008320514,3.425996369856197,1.1916509112543294,23.0,50.407970958849575,34.80597821913718,27.407970958849575,2
6,2026-06-08,FRH0050,1,cluster_1,ADIDA2,1.1428571428571428,0.3141139541365134,0.736918312443669,0.0028066343583221963,0.003207582123796796,,0.003207582123796796,,0.0,0.025660656990374366,0.025660656990374366,0.025660656990374366,2
6,2026-06-08,FRH0051,1,cluster_1,ADIDA2,1.880952380952381,0.30729118058965743,0.305057950662328,0.8639240506329114,1.625,0.48148148148148145,-0.8868256858909976,-0.26276316618992523,27.0,19.905394512872018,13.0,-7.094605487127981,2
6,2026-06-08,FRH0056,1,cluster_1,ADIDA2,3.8015873015873014,0.4883297221452846,0.22522794856994885,0.9079175380210046,3.451527783429057,0.41212272040943965,2.7780555668581144,0.3317081273860435,67.0,89.22444453486492,27.612222267432458,22.224444534864915,2
6,2026-06-08,FRH0056-1,2,cluster_2,ADIDA2,0.16666666666666666,0.07836069220242642,0.11488552908259253,1.959508186440686,0.32658469774011434,,0.32658469774011434,,0.0,2.6126775819209147,2.6126775819209147,2.6126775819209147,2
6,2026-06-08,FRH0059,1,cluster_1,ADIDA2,1.253968253968254,0.7784336277539278,0.999999970046711,1.893987332814601,2.3749999887675157,0.999999995270533,-2.3749999850233543,-0.9999999936940439,19.0,1.1981316301868226e-07,18.999999910140126,-18.999999880186834,2
6,2026-06-08,FRH0064,1,cluster_1,ADIDA2,0.7619047619047619,0.20106497719331043,0.2534268600142853,0.9309509282749949,0.709295945352377,0.8106239375455738,-0.21218378140950844,-0.24249575018229536,7.0,5.3025297487239325,5.674367562819016,-1.6974702512760675,2
6,2026-06-08,FRH0065,2,cluster_2,ADIDA2,0.49206349206349204,0.4144670493664055,0.18646587186504912,2.154065257110517,1.0599368725464449,2.1198737450928897,0.6198737450928897,1.2397474901857795,4.0,8.958989960743118,8.479494980371559,4.958989960743118,2
6,2026-06-08,FRH0068,2,cluster_2,ADIDA2,0.2857142857142857,0.18993701112482514,0.33486207150875064,0.22175521722994446,0.06335863349426984,,0.06335863349426984,,0.0,0.5068690679541588,0.5068690679541588,0.5068690679541588,2
6,2026-06-08,FRW00023,0,low_information,ADIDA2,0.2857142857142857,1.0037376640824323e-06,0.999999970046711,2.6249998427452326,0.7499999550700664,0.999999940093422,0.7499999550700664,0.999999940093422,6.0,11.999999640560532,5.999999640560532,5.999999640560532,2
6,2026-06-08,FRW0005,1,cluster_1,ADIDA2,1.5238095238095237,0.27941606028073196,0.3391187390806423,0.9854515525925974,1.5016404610934817,0.572053508987993,-0.11843815562607363,-0.04511929738136138,21.0,20.05249475499141,12.013123688747854,-0.947505245008589,2
6,2026-06-08,FRW0006,1,cluster_1,ADIDA2,2.642857142857143,0.3708132543945113,0.5964637293992441,0.26147540086740706,0.6910421308638616,0.7897624352729846,-0.13916852345544628,-0.15904974109193862,7.0,5.88665181235643,5.528337046910893,-1.1133481876435702,2
6,2026-06-08,FRW0008,2,cluster_2,ADIDA2,0.12698412698412698,0.037188832087915756,0.08101075310115606,9.32590496125768,1.1842418998422448,0.9473935198737958,-1.1184837996844896,-0.8947870397475917,10.0,1.0521296025240845,9.473935198737959,-8.947870397475917,2
6,2026-06-08,FRW0009,2,cluster_2,ADIDA2,0.40476190476190477,0.3154693003663336,0.1751039478585355,2.0731053610946626,0.839114074728792,1.678228149457584,0.618818766305056,1.237637532610112,4.0,8.950550130440448,6.712912597830336,4.950550130440448,2
6,2026-06-08,FRW0015,1,cluster_1,ADIDA2,1.4206349206349207,0.9999999730110738,0.9908988103160131,6.435694458630934,9.142772286467755,1.40658035176427,9.023696381957008,1.3882609818395397,52.0,124.18957105565606,73.14217829174204,72.18957105565606,2
6,2026-06-08,FRW0024,1,cluster_1,ADIDA2,0.48412698412698413,0.999999970046711,0.18154370349772114,3.061099934706329,1.481961079500683,1.481961079500683,0.963922159001366,0.963922159001366,8.0,15.711377272010928,11.855688636005464,7.711377272010928,2
6,2026-06-08,FRW0025,0,low_information,ADIDA2,0.2857142857142857,0.03041084876896482,0.06612097732952169,2.371780918777275,0.6776516910792214,1.0842427057267543,-0.5196966178415572,-0.8315145885464915,5.0,0.8424270572675433,5.421213528633771,-4.1575729427324575,2
6,2026-06-08,FSTBY001,0,low_information,ADIDA2,0.031746031746031744,0.023393338928587956,0.05600600511180375,27.218054621823185,0.8640652260896249,0.9875031155309999,-0.8312609043584993,-0.9500124621239993,7.0,0.3499127651320052,6.912521808716999,-6.6500872348679945,2
6,2026-06-08,FZGLS0001,2,cluster_2,ADIDA2,0.07936507936507936,0.06986394088192635,0.13163432559951876,3.077660972780258,0.24425880736351252,,0.24425880736351252,,0.0,1.9540704589081002,1.9540704589081002,1.9540704589081002,2
6,2026-06-08,FZGLS0002,2,cluster_2,ADIDA2,0.07936507936507936,0.04998780470492389,0.07026927768130807,1.587453111698539,0.12598834219829674,,0.12598834219829674,,0.0,1.007906737586374,1.007906737586374,1.007906737586374,2
6,2026-06-08,FZLRICBHP0001,2,cluster_2,ADIDA2,0.2222222222222222,0.999999970046711,0.05216658768238814,4.794349038415339,1.0654108974256309,0.8523287179405047,-0.8808217948512618,-0.7046574358810094,10.0,2.9534256411899067,8.523287179405047,-7.046574358810094,2
6,2026-06-08,FZLRJ0001,2,cluster_2,ADIDA2,0.6031746031746031,0.6047892713412112,0.999999970046711,1.4506578947368423,0.875,0.5384615384615384,-0.12500004492993266,-0.07692310457226625,13.0,11.999999640560539,7.0,-1.0000003594394613,2
6,2026-06-08,FZLRJ0001double,0,low_information,ADIDA2,0.047619047619047616,0.015122066463886079,0.03142540785113697,5.528725902719125,0.26327266203424404,1.0530906481369762,-0.22345467593151194,-0.8938187037260478,2.0,0.21236259254790443,2.1061812962739523,-1.7876374074520955,2
6,2026-06-08,FZLRJ0002,1,cluster_1,ADIDA2,1.2063492063492063,0.32711644382327365,0.6974947571328461,7.108281260197631,8.575069456746348,0.762228396155231,-8.575069456746348,-0.762228396155231,90.0,21.399444346029206,68.60055565397079,-68.60055565397079,2
6,2026-06-08,FZLRJ0002double,2,cluster_2,ADIDA2,0.14285714285714285,0.10734102397550976,0.05446801242515406,7.875,1.125,1.0,-1.0015549156451535,-0.8902710361290254,9.0,0.9875606748387716,9.0,-8.012439325161228,2
6,2026-06-08,FZLRJ0005,0,low_information,ADIDA2,0.6190476190476191,0.999999970046711,0.09108040257371303,1.6607338069203348,1.0280733090459215,1.0280733090459215,-0.8877067638163139,-0.8877067638163139,8.0,0.8983458894694896,8.224586472367372,-7.101654110530511,2
6,2026-06-08,GJMJWJX001,1,cluster_1,ADIDA2,5.417989417989418,0.3005874329017859,0.4723720601041547,0.005540560543448555,0.03001869839413397,,0.03001869839413397,,0.0,0.24014958715307175,0.24014958715307175,0.24014958715307175,2
6,2026-06-08,GJMJWJXW001,1,cluster_1,ADIDA2,7.777777777777778,0.6147516834447563,0.999999970046711,1.2477141670991794e-69,9.704443521882506e-69,,9.704443521882506e-69,,0.0,7.763554817506005e-68,7.763554817506005e-68,7.763554817506005e-68,2
6,2026-06-08,HLGKSLT0001,1,cluster_1,ADIDA2,0.7301587301587301,0.4280312749662451,0.8695194167653092,1.6507035468746185,1.2052756056544833,0.7417080650181436,-1.0653674742059778,-0.6556107533575248,13.0,4.477060206352177,9.642204845235867,-8.522939793647822,2
6,2026-06-08,HWZDSKL0001,1,cluster_1,ADIDA2,1.2301587301587302,0.26300715976505185,0.2557134378755025,1.8124922671072181,2.2296531857271336,0.6370437673506096,-0.4186127429085338,-0.11960364083100965,28.0,24.65109805673173,17.83722548581707,-3.3489019432682703,2
6,2026-06-08,HWZDSKL0002,2,cluster_2,ADIDA2,0.25396825396825395,0.6192404087853621,0.04930487708057629,0.8969355218118095,0.22779314839665002,,0.22779314839665002,,0.0,1.8223451871732002,1.8223451871732002,1.8223451871732002,2
6,2026-06-08,HZSN0001,1,cluster_1,ADIDA2,1.246031746031746,0.3727995944464664,0.6171641343374056,2.090238016964375,2.6045029259000545,0.8013855156615552,-1.668011703600218,-0.5132343703385286,26.0,12.655906371198258,20.836023407200436,-13.344093628801744,2
6,2026-06-08,JZJ00011,2,cluster_2,ADIDA2,0.5238095238095238,0.5256833803619463,0.9738466400225467,0.5142440240030505,0.2693659173349312,1.0774636693397248,-0.2241787768867584,-0.8967151075470337,2.0,0.20656978490593292,2.1549273386794496,-1.7934302150940673,2
6,2026-06-08,JZJ00012,1,cluster_1,ADIDA2,1.2301587301587302,0.5044013351919161,0.5911268393621514,1.0024860644798126,1.2332169840823093,0.8221446560548729,0.9664339681646186,0.6442893121097457,12.0,19.73147174531695,9.865735872658474,7.731471745316949,2
6,2026-06-08,JZJ0002,1,cluster_1,ADIDA2,2.373015873015873,0.47988722223656793,0.546632484766748,3.222054143011845,7.645985625083664,0.617857424249185,-6.402980833444887,-0.517412592601607,99.0,47.7761533324409,61.167885000669315,-51.223846667559094,2
6,2026-06-08,JZJ0003,1,cluster_1,ADIDA2,3.4126984126984126,0.5001753983352918,0.41129427462758095,1.1382111203838683,3.884371283849709,0.3613368636139264,-1.2874851353988355,-0.11976605910686841,86.0,75.70011891680932,31.07497027079767,-10.299881083190684,2
6,2026-06-08,JZJ0009,1,cluster_1,ADIDA2,3.753968253968254,0.6049348832708621,0.645267365397649,1.835444728821689,6.890201243909991,0.2449849331167997,-6.478601658546655,-0.23035028119276996,225.0,173.17118673162676,55.12160995127993,-51.82881326837324,2
6,2026-06-08,JZJ0013,1,cluster_1,ADIDA2,3.8253968253968256,0.7541523934610305,0.6753138714766193,1.5831165692635638,6.0560490982939505,0.5383154754039067,3.362098196587901,0.29885317303003567,90.0,116.89678557270321,48.448392786351604,26.89678557270321,2
6,2026-06-08,JZJ0014,2,cluster_2,ADIDA2,0.23809523809523808,0.03186913669386977,0.07275819560204286,0.8371708115452067,0.19932638370123967,,0.19932638370123967,,0.0,1.5946110696099174,1.5946110696099174,1.5946110696099174,2
6,2026-06-08,JZJ0016,1,cluster_1,ADIDA2,1.2380952380952381,0.28871811869204633,0.48696868497217943,1.0858850700832237,1.344429134388753,0.48888332159591025,0.6277165375550124,0.2282605591109136,22.0,27.0217323004401,10.755433075110025,5.0217323004400996,2
6,2026-06-08,JZJ0017,2,cluster_2,ADIDA2,0.15873015873015872,0.1027389696350325,0.06442213408465695,6.6238554090945305,1.0514056204911952,0.9345827737699514,-0.9778112409823905,-0.8691655475399026,9.0,1.1775100721408758,8.411244963929562,-7.822489927859124,2
6,2026-06-08,JZJ0018,2,cluster_2,ADIDA2,0.3333333333333333,0.5678156886747917,0.999999970046711,1.125,0.375,1.0,-0.375,-1.0,3.0,8.666591656275349e-45,3.0,-3.0,2
6,2026-06-08,JZJ0019,1,cluster_1,ADIDA2,0.7550264550264549,0.5470342256467535,0.6581055931554582,5.997299774759305,4.528119988667474,0.9790529705226971,-4.528119988667474,-0.9790529705226971,37.0,0.7750400906602072,36.224959909339795,-36.224959909339795,2
6,2026-06-08,KFYFQ51mm,1,cluster_1,ADIDA2,3.738095238095238,0.03207374099143679,0.3598534455153961,0.6212845288572102,2.322420738823381,0.6881246633550758,1.8882276517645078,0.5594748597820763,27.0,42.10582121411606,18.579365910587047,15.105821214116062,2
6,2026-06-08,KFYFQ54mm,1,cluster_1,ADIDA2,2.9523809523809526,0.8051181396572302,0.41772088020721804,1.2215983855025867,3.6066238048171613,0.4729998432547097,-3.600498406422882,-0.472196512317755,61.0,32.196012748616944,28.85299043853729,-28.803987251383056,2
6,2026-06-08,KFYFQ58mm,1,cluster_1,ADIDA2,4.166666666666667,0.6559393171147917,0.3904214201151436,0.8273422702981565,3.4472594595756525,0.3322659720072918,-1.66403783830261,-0.1603891892339865,83.0,69.68769729357912,27.57807567660522,-13.31230270642088,2
6,2026-06-08,KZCWBG001,1,cluster_1,ADIDA2,0.3492063492063492,0.8452898100259122,0.5902428172807012,4.057055097959687,1.4167493992875095,0.8095710853071483,1.4167493992875095,0.8095710853071483,14.0,25.333995194300076,11.333995194300076,11.333995194300076,2
6,2026-06-08,LTKF0019,1,cluster_1,ADIDA2,0.7936507936507936,0.2201192398763228,0.22002053876521396,0.698366164702813,0.5542588608752483,2.2170354435009934,0.3585177217504968,1.4340708870019871,2.0,4.868141774003974,4.434070887001987,2.8681417740039743,2
6,2026-06-08,LTKF0020,1,cluster_1,ADIDA2,5.531746031746032,0.790975959569689,0.24903546418521935,0.7643324424484425,4.228092955448924,0.18896504828822006,-0.7873718217956949,-0.035189802091427705,179.0,172.70102542563444,33.82474364359139,-6.298974574365559,2
6,2026-06-08,LTKF0021,1,cluster_1,ADIDA2,1.5317460317460319,0.2412974733350266,0.43430610339880704,1.7572586116560467,2.6916739051556906,2.6916739051556906,2.6916739051556906,2.6916739051556906,8.0,29.533391241245525,21.533391241245525,21.533391241245525,2
6,2026-06-08,LTKF0022M,1,cluster_1,ADIDA2,0.8333333333333334,0.7488935107664305,0.999999970046711,1.9500000000000002,1.6250000000000002,0.7647058823529412,-1.1249999999999991,-0.5294117647058819,17.0,8.000000000000007,13.000000000000002,-8.999999999999993,2
6,2026-06-08,LTKF0031,1,cluster_1,ADIDA2,1.2063492063492063,0.5176729057250246,0.999999970046711,2.072368433467482,2.500000014976645,0.6666666706604386,-2.2500000299532896,-0.6000000079875439,30.0,11.999999760373687,20.00000011981316,-18.000000239626317,2
6,2026-06-08,LTKF0047,2,cluster_2,ADIDA2,0.2857142857142857,0.48400217806041534,0.7478857790898537,7.960219629430929,2.274348465551694,1.0108215402451972,-2.152606137793223,-0.9567138390192103,18.0,0.7791508976542129,18.19478772441355,-17.220849102345785,2
6,2026-06-08,LTKF0058,2,cluster_2,ADIDA2,0.14285714285714285,0.5547787000794261,0.145964270082476,3.4673823520070863,0.4953403360010123,,0.4953403360010123,,0.0,3.9627226880080983,3.9627226880080983,3.9627226880080983,2
6,2026-06-08,LTKF0101,1,cluster_1,ADIDA2,1.9444444444444444,0.7375108107960856,0.12389197729902443,0.9761226831199705,1.8980163282888316,0.26638825660194126,-0.2170653131553264,-0.030465307109519495,57.0,55.26347749475739,15.184130626310653,-1.7365225052426112,2
6,2026-06-08,LTKF0102,2,cluster_2,ADIDA2,0.2222222222222222,0.4878388992937057,0.8464511822445528,6.400848507092881e-06,1.4224107793539735e-06,,1.4224107793539735e-06,,0.0,1.1379286234831788e-05,1.1379286234831788e-05,1.1379286234831788e-05,2
6,2026-06-08,LTKF0106,0,low_information,ADIDA2,0.09523809523809523,0.03153712706711709,0.06913795522229958,2.104956418079953,0.20047203981713835,1.6037763185371068,-0.024370613577148884,-0.19496490861719107,1.0,0.8050350913828088,1.6037763185371068,-0.19496490861719107,2
6,2026-06-08,LTKF0111,2,cluster_2,ADIDA2,0.29365079365079366,0.29930596159964923,0.2576474062887479,2.6145500724329356,0.7677647038096715,0.7677647038096715,-0.07105881523868637,-0.07105881523868637,8.0,7.431529478090509,6.142117630477372,-0.568470521909491,2
6,2026-06-08,LTKF093,1,cluster_1,ADIDA2,0.7936507936507936,0.09501846777469596,0.1588359197903752,2.994433444893647,2.376534480074323,2.1124750933993983,1.2103793067657636,1.0758927171251231,9.0,18.68303445412611,19.012275840594583,9.683034454126108,2
6,2026-06-08,LTKF098,1,cluster_1,ADIDA2,0.6984126984126984,0.999999970046711,0.5993787551310445,4.124418991312113,2.880546597106872,0.8863220298790376,0.27218638842748843,0.08374965797768875,26.0,28.177491107419907,23.044372776854978,2.1774911074199075,2
6,2026-06-08,LTKF098B,1,cluster_1,ADIDA2,1.2738095238095237,0.04010067177572072,0.6497613394408992,1.6841095761984632,2.145234817300423,1.5601707762184895,1.6654696346008468,1.2112506433460704,11.0,24.323757076806775,17.161878538403386,13.323757076806775,2
6,2026-06-08,LYC0201,1,cluster_1,ADIDA2,0.4603174603174603,0.999999970046711,0.942625602116019,8.377944416556542,3.856514096510154,1.4023687623673287,2.9630281930203077,1.07746479746193,22.0,45.70422554416246,30.85211277208123,23.704225544162462,2
6,2026-06-08,LYC0203,2,cluster_2,ADIDA2,0.2222222222222222,0.3217295830847902,0.12957243465459015,2.6641333596721637,0.592029635482703,2.368118541930812,0.20603951397693737,0.8241580559077495,2.0,3.648316111815499,4.736237083861624,1.648316111815499,2
6,2026-06-08,NNB0002,1,cluster_1,ADIDA2,0.9206349206349206,0.999999970046711,0.999999970046711,1.0719987902780058e-14,9.869195212083227e-15,,9.869195212083227e-15,,0.0,7.895356169666581e-14,7.895356169666581e-14,7.895356169666581e-14,2
6,2026-06-08,NNBZL01,1,cluster_1,ADIDA2,1.6666666666666667,0.5809321819760159,0.19078070061015545,0.9587390417391174,1.597898402898529,,1.597898402898529,,0.0,12.783187223188232,12.783187223188232,12.783187223188232,2
6,2026-06-08,QCCXC0004,1,cluster_1,ADIDA2,1.0,0.39923158044678264,0.35462694937875994,0.030766381408259574,0.030766381408259574,,0.030766381408259574,,0.0,0.2461310512660766,0.2461310512660766,0.2461310512660766,2
6,2026-06-08,QFDNZGJK001,1,cluster_1,ADIDA2,0.9523809523809523,0.4482132983322602,0.5092240228301603,0.22858577913681677,0.21770074203506357,,0.21770074203506357,,0.0,1.7416059362805085,1.7416059362805085,1.7416059362805085,2
6,2026-06-08,QFDNZGJK002,1,cluster_1,ADIDA2,1.5238095238095237,0.49804168474174026,0.999999970046711,1.9656846468965498e-08,2.995328985747123e-08,,2.995328985747123e-08,,0.0,2.3962631885976985e-07,2.3962631885976985e-07,2.3962631885976985e-07,2
6,2026-06-08,QFSJZ002-1,2,cluster_2,ADIDA2,0.14285714285714285,0.26860195258609276,0.5155557886517663,0.14446074028568082,0.020637248612240117,,0.020637248612240117,,0.0,0.16509798889792093,0.16509798889792093,0.16509798889792093,2
6,2026-06-08,QFSJZ003,2,cluster_2,ADIDA2,0.14285714285714285,0.10365584666852334,0.3272860430431587,0.8258785627977234,0.1179826518282462,,0.1179826518282462,,0.0,0.9438612146259696,0.9438612146259696,0.9438612146259696,2
6,2026-06-08,QFSJZ003-1,2,cluster_2,ADIDA2,0.4444444444444444,0.43149721853710743,0.999999970046711,2.433684223073467e-53,1.0816374324770963e-53,,1.0816374324770963e-53,,0.0,8.65309945981677e-53,8.65309945981677e-53,8.65309945981677e-53,2
6,2026-06-08,QFYF001,0,low_information,ADIDA2,0.0,0.999999970046711,0.999999970046711,,0.375,1.0,-0.375,-1.0,3.0,0.0,3.0,-3.0,2
6,2026-06-08,RLHZHMV000AMDE,1,cluster_1,ADIDA2,3.2698412698412698,0.6285899171351111,0.7414862668440817,2.1658782032357973,7.0820779343900675,1.827633015326469,7.0820779343900675,1.827633015326469,31.0,87.65662347512054,56.65662347512054,56.65662347512054,2
6,2026-06-08,SKZ2FT01,0,low_information,ADIDA2,0.19047619047619047,0.6666666666666671,0.999999970046711,11.156250176911614,2.12500003369745,0.6071428667707001,-2.0000000449299336,-0.5714285842656953,28.0,11.999999640560532,17.0000002695796,-16.00000035943947,2
6,2026-06-08,SKZ3FT01,0,low_information,ADIDA2,0.7142857142857143,0.9999999663522785,0.999999970046711,7.874999853228885,5.624999895163489,1.0975609551538514,2.374999790326977,0.4634145932345321,41.0,59.99999832261582,44.99999916130791,18.999998322615816,2
6,2026-06-08,SLT0003,2,cluster_2,ADIDA2,0.3968253968253968,0.14252630305116173,0.2776929591961771,0.27366459268431653,0.10859706058901449,,0.10859706058901449,,0.0,0.8687764847121159,0.8687764847121159,0.8687764847121159,2
6,2026-06-08,SLT0004,2,cluster_2,ADIDA2,0.1111111111111111,0.999999970046711,0.36983754846107514,0.09560237016099905,0.010622485573444338,,0.010622485573444338,,0.0,0.0849798845875547,0.0849798845875547,0.0849798845875547,2
6,2026-06-08,TTNX0002,0,low_information,ADIDA2,0.0,0.999999970046711,0.999999970046711,,0.25,1.0,-0.25,-1.0,2.0,0.0,2.0,-2.0,2
6,2026-06-08,XFTW0001,1,cluster_1,ADIDA2,0.8571428571428571,0.4171592503910738,0.999999970046711,5.833333315860579,4.999999985023353,,4.999999985023353,,0.0,39.99999988018683,39.99999988018683,39.99999988018683,2
6,2026-06-08,XGX9992,0,low_information,ADIDA2,0.0,0.999999970046711,0.999999970046711,,1.25,1.0,-1.25,-1.0,10.0,0.0,10.0,-10.0,2
6,2026-06-08,XGX9993,0,low_information,ADIDA2,0.0,0.999999970046711,0.999999970046711,,1.5,1.0,-1.5,-1.0,12.0,0.0,12.0,-12.0,2
6,2026-06-08,XGX9994,0,low_information,ADIDA2,0.0,0.999999970046711,0.999999970046711,,1.875,1.0,-1.875,-1.0,15.0,0.0,15.0,-15.0,2
6,2026-06-08,XGX9995,0,low_information,ADIDA2,0.0,0.999999970046711,0.999999970046711,,2.0,1.0,-2.0,-1.0,16.0,0.0,16.0,-16.0,2
6,2026-06-08,XGX99990,0,low_information,ADIDA2,0.0,0.999999970046711,0.999999970046711,,0.5,1.0,-0.5,-1.0,4.0,0.0,4.0,-4.0,2
6,2026-06-08,XGX99991,0,low_information,ADIDA2,0.0,0.999999970046711,0.999999970046711,,0.5,1.0,-0.5,-1.0,4.0,0.0,4.0,-4.0,2
6,2026-06-08,XGX99992,0,low_information,ADIDA2,0.0,0.999999970046711,0.999999970046711,,0.75,1.0,-0.75,-1.0,6.0,0.0,6.0,-6.0,2
6,2026-06-08,XGX99993,0,low_information,ADIDA2,0.0,0.999999970046711,0.999999970046711,,1.5,1.0,-1.5,-1.0,12.0,0.0,12.0,-12.0,2
6,2026-06-08,XHP0001,1,cluster_1,ADIDA2,7.619047619047619,0.14985333335615736,0.4346429946072281,8.053516377413185,61.36012478029093,1.2210970105530534,4.190499121163731,0.08339301733659166,402.0,435.52399296930986,490.88099824232745,33.523992969309845,2
6,2026-06-08,XHZXCZP0001,1,cluster_1,ADIDA2,2.611111111111111,0.9078002601196391,0.999999970046711,3.207446762624748,8.374999880186841,0.6504854275873275,-8.374999880186841,-0.6504854275873275,103.0,36.00000095850526,66.99999904149473,-66.99999904149473,2
6,2026-06-08,XHZXCZP0002,1,cluster_1,ADIDA2,0.4666666666666666,0.6524222000264783,0.999999977149595,9.91071453054005,4.625000114252023,1.9473684691587465,4.625000114252023,1.9473684691587465,19.0,56.000000914016184,37.000000914016184,37.000000914016184,2
6,2026-06-08,XMJ0001,0,low_information,ADIDA2,1.0476190476190477,0.999999970046711,0.07195600062707665,0.6871771095433846,0.7198998290454506,,0.7198998290454506,,0.0,5.759198632363605,5.759198632363605,5.759198632363605,2
6,2026-06-08,XMJ0004,1,cluster_1,ADIDA2,1.1428571428571428,0.999999970046711,0.3280902229505728,5.093738167351082,5.821415048401237,0.7893444133425406,-4.767830096802474,-0.6464854368545727,59.0,20.85735922558022,46.571320387209894,-38.14264077441979,2
6,2026-06-08,XMSH0001,1,cluster_1,ADIDA2,3.619047619047619,0.6147700965666351,0.11445030376936752,0.815736178052112,2.9521880729505003,0.5904376145901,-2.269584097267334,-0.45391681945346674,40.0,21.84332722186133,23.617504583604003,-18.15667277813867,2
6,2026-06-08,XXGP0002,1,cluster_1,ADIDA2,1.619047619047619,0.8809772122248185,0.780537213162291,0.4262599839551991,0.6901352121179414,,0.6901352121179414,,0.0,5.521081696943531,5.521081696943531,5.521081696943531,2
6,2026-06-08,XYJ0001,1,cluster_1,ADIDA2,1.4285714285714286,0.999999970046711,0.15686177193225997,1.7493882345432763,2.4991260493475376,0.8692612345556653,-1.37150419739015,-0.47704493822266086,23.0,12.027966420878801,19.9930083947803,-10.9720335791212,2
6,2026-06-08,XYMGPD0001,1,cluster_1,ADIDA2,0.9047619047619048,0.9615902747749006,0.999999970046711,0.4144736842105263,0.375,1.0,-0.375,-1.0,3.0,6.439736208649515e-30,3.0,-3.0,2
6,2026-06-08,XYMGPD0002,1,cluster_1,ADIDA2,0.8571428571428571,0.45073825615791047,0.6853943354893471,0.4216712204231184,0.3614324746483872,,0.3614324746483872,,0.0,2.8914597971870974,2.8914597971870974,2.8914597971870974,2
6,2026-06-08,XYMLRY00001,1,cluster_1,ADIDA2,0.9523809523809523,0.16013654215419715,0.4575501864732897,0.9203467774380486,0.8765207404171891,0.8765207404171891,0.5060829616687563,0.5060829616687563,8.0,12.04866369335005,7.012165923337513,4.048663693350051,2
6,2026-06-08,XYMZD0017,0,low_information,ADIDA2,0.0,0.999999970046711,0.999999970046711,,3.0,1.0,-3.0,-1.0,24.0,0.0,24.0,-24.0,2
6,2026-06-08,XYMZG0016,0,low_information,ADIDA2,0.0,0.999999970046711,0.999999970046711,,4.625,1.0,-4.625,-1.0,37.0,0.0,37.0,-37.0,2
6,2026-06-08,YDBZ001,1,cluster_1,ADIDA2,0.5555555555555556,0.8067980801295886,0.7483133944415277,1.3533997766987913,0.7518887648326619,1.0025183531102158,-0.7424449406693524,-0.9899265875591365,6.0,0.06044047464518091,6.015110118661295,-5.939559525354819,2
6,2026-06-08,YDBZ002,1,cluster_1,ADIDA2,0.8809523809523809,0.6018454728732444,0.09046668014961078,1.4766230559292302,1.300834596890036,,1.300834596890036,,0.0,10.406676775120289,10.406676775120289,10.406676775120289,2
6,2026-06-08,YEC0009,1,cluster_1,ADIDA2,1.2380952380952381,0.999999970046711,0.22213716330845926,1.248973803856941,1.5463485190609745,,1.5463485190609745,,0.0,12.370788152487796,12.370788152487796,12.370788152487796,2
6,2026-06-08,YJLZHMV000AMDE,1,cluster_1,ADIDA2,1.0158730158730158,0.24639594636106335,0.37024950736944373,0.95310544674286,0.9682341046276672,1.9364682092553345,0.9682341046276672,1.9364682092553345,4.0,11.745872837021338,7.745872837021338,7.745872837021338,2
6,2026-06-08,YXBLJ0001,2,cluster_2,ADIDA2,0.15873015873015872,0.2964839094235491,0.586222571525128,5.135411049215978,0.8151446109866631,2.1737189626311015,0.5052892219733264,1.3474379252622037,3.0,7.042313775786611,6.521156887893305,4.042313775786611,2
6,2026-06-08,ZBTZ0002,1,cluster_1,ADIDA2,0.6666666666666666,0.01278403032901883,0.02274405939725278,0.5756862377218344,0.38379082514788954,,0.38379082514788954,,0.0,3.0703266011831163,3.0703266011831163,3.0703266011831163,2
6,2026-06-08,ZBTZ0003,2,cluster_2,ADIDA2,0.1746031746031746,0.03794267774876288,0.060038527884926814,1.2616078683453844,0.22028073891744807,,0.22028073891744807,,0.0,1.7622459113395845,1.7622459113395845,1.7622459113395845,2
6,2026-06-08,ZTD0001,2,cluster_2,ADIDA2,0.2857142857142857,0.6172616446976076,0.22215966026906964,9.05072411743163,2.5859211764090366,0.6464802941022592,-2.4478949018787155,-0.6119737254696789,32.0,12.41684078497028,20.687369411272293,-19.583159215029724,2
6,2026-06-08,ZTD0003,1,cluster_1,ADIDA2,0.3968253968253968,0.8901542550546835,0.6037567721873793,1.1888469996587863,0.47176468240428027,0.7548234918468484,0.47176468240428027,0.7548234918468484,5.0,8.774117459234242,3.774117459234242,3.774117459234242,2
6,2026-06-08,ZTD0004,0,low_information,ADIDA2,0.0,0.999999970046711,0.999999970046711,,0.625,1.0,-0.625,-1.0,5.0,0.0,5.0,-5.0,2
6,2026-06-08,xgx0013,0,low_information,ADIDA2,0.47619047619047616,0.05962358429385512,0.2139279824653523,3.445369117077264,1.6406519605129826,0.8750143789402574,-1.4063039210259651,-0.7500287578805147,15.0,3.7495686317922785,13.12521568410386,-11.250431368207721,2
6,2026-06-08,xgx0014,1,cluster_1,ADIDA2,2.0952380952380953,0.14107697336041405,0.28611084610721743,0.7831887551278173,1.640966915505903,0.6563867662023612,-1.063867662023612,-0.4255470648094448,20.0,11.489058703811105,13.127735324047224,-8.510941296188896,2
6,2026-06-08,xgx0015,1,cluster_1,ADIDA2,2.0476190476190474,0.15452720571211792,0.999999970046711,1.0988372038166938,2.2499999887675157,0.8571428528638155,-2.1249999850233543,-0.8095238038184207,21.0,4.000000119813163,17.999999910140126,-16.999999880186834,2
6,2026-06-08,xgx0016,1,cluster_1,ADIDA2,1.7619047619047619,0.21432599977852987,0.35362794420568044,1.6898504560466585,2.9773555654155412,0.793961484110811,-2.9773555654155412,-0.793961484110811,30.0,6.1811554766756664,23.81884452332433,-23.81884452332433,2
6,2026-06-08,xymzd0015,1,cluster_1,ADIDA2,1.1904761904761905,0.999999970046711,0.39183665565180487,2.7344984397462127,3.2553552854121577,0.554103027304197,-3.2553552854121577,-0.554103027304197,47.0,20.957157716702742,26.04284228329726,-26.04284228329726,2
6,2026-06-08,xymzd0016,0,low_information,ADIDA2,0.0,0.999999970046711,0.999999970046711,,1.625,1.0,-1.625,-1.0,13.0,0.0,13.0,-13.0,2
6,2026-06-08,zxy0002,0,low_information,ADIDA2,0.09523809523809523,1.0037376640824323e-06,0.999999970046711,5.25,0.5,1.0,-1.4976644480135803e-08,-2.995328896027161e-08,4.0,3.999999880186844,4.0,-1.1981315584108643e-07,2
1,2025-09-01,BLJZ0001,0,low_information,ADIDA4,0.0,0.999999970046711,0.999999970046711,,0.5,1.0,-0.5,-1.0,4.0,0.0,4.0,-4.0,4
1,2025-09-01,BLP0001,0,low_information,ADIDA4,0.4186046511627907,0.15392894057838333,0.999999970046711,14.034722088056448,5.874999943837583,0.783333325845011,-2.2464966709101475e-07,-2.9953288945468634e-08,60.0,59.999998202802665,46.999999550700664,-1.797197336728118e-06,4
1,2025-09-01,BLP0002,0,low_information,ADIDA4,0.06976744186046512,0.30482971572722395,0.999999970046711,24.187500080499465,1.6875000056162417,0.9000000029953289,-1.1250000224649668,-0.6000000119813156,15.0,5.999999820280266,13.500000044929934,-9.000000179719734,4
1,2025-09-01,BLP0003,0,low_information,ADIDA4,0.0,0.999999970046711,0.999999970046711,,0.25,1.0,-0.25,-1.0,2.0,0.0,2.0,-2.0,4
1,2025-09-01,BLP0004,0,low_information,ADIDA4,0.0,0.999999970046711,0.999999970046711,,0.0,,0.0,,0.0,0.0,0.0,0.0,4
1,2025-09-01,CBJZ0001,0,low_information,ADIDA4,0.023255813953488372,1.0037376640824323e-06,1.0037376640824323e-06,1.079007158427577e-05,2.5093189730873883e-07,,2.5093189730873883e-07,,0.0,2.0074551784699107e-06,2.0074551784699107e-06,2.0074551784699107e-06,4
1,2025-09-01,CLSSLT0003,2,cluster_2,ADIDA4,0.16279069767441862,0.8945959352431475,0.14794859004994068,3.408184112417248,0.5548206694632729,1.4795217852353943,-0.015358661073454266,-0.04095642952921138,3.0,2.8771307114123656,4.438565355706183,-0.12286928858763413,4
1,2025-09-01,CLSSLT0006,2,cluster_2,ADIDA4,0.18604651162790697,0.31766812023556834,0.999999970046711,7.726562258501606,1.4374999550700662,1.4374999550700662,1.2499999400934216,1.2499999400934216,8.0,17.999999520747373,11.49999964056053,9.999999520747373,4
1,2025-09-01,CWW0002,1,cluster_1,ADIDA4,0.5348837209302325,0.999999970046711,0.999999970046711,16.47554336276164,8.812499938221341,1.1370967662221085,0.49999975288536547,0.06451609714649877,62.0,65.99999802308292,70.49999950577073,3.9999980230829237,4
1,2025-09-01,DGNTYBV001AMDE,0,low_information,ADIDA4,0.046511627906976744,0.016381424479879763,1.0037376640824323e-06,1.079011490598947e-05,5.018658095809055e-07,,5.018658095809055e-07,,0.0,4.014926476647244e-06,4.014926476647244e-06,4.014926476647244e-06,4
1,2025-09-01,DHZXCZP0001,1,cluster_1,ADIDA4,0.36046511627906974,0.5735570421407229,0.999999970046711,10.056451509032938,3.624999962558384,1.5263157737087933,3.624999962558384,1.5263157737087933,19.0,47.99999970046707,28.99999970046707,28.99999970046707,4
1,2025-09-01,DRMJJ0020,2,cluster_2,ADIDA4,0.09302325581395349,0.2893853310418987,0.999999970046711,14.781250160998928,1.3750000149766444,0.733333341320877,-0.8750000299532888,-0.46666668264175404,15.0,7.999999760373688,11.000000119813155,-7.000000239626311,4
1,2025-09-01,DRMJJ0021,2,cluster_2,ADIDA4,0.16279069767441862,0.6827646992216674,0.999999970046711,15.357142673144073,2.49999997004671,,2.49999997004671,,0.0,19.99999976037368,19.99999976037368,19.99999976037368,4
1,2025-09-01,DRMJJ0022,1,cluster_1,ADIDA4,0.29069767441860467,0.15662440574732775,0.5107167876180868,4.608261334209412,1.3396108529678523,1.3396108529678523,-0.3207782940642954,-0.3207782940642954,8.0,5.433773647485636,10.716886823742819,-2.5662263525143634,4
1,2025-09-01,DRMJJ0023,1,cluster_1,ADIDA4,0.4069767441860465,0.3543273104633113,0.999999970046711,10.135714276514346,4.124999996255839,0.9999999990923245,-4.124999992511677,-0.999999998184649,33.0,5.990658868693783e-08,32.99999997004671,-32.99999994009342,4
1,2025-09-01,DRMJJ0024,0,low_information,ADIDA4,0.046511627906976744,0.024976184026298014,0.16836598916047082,1.2731120748661595,0.05921451511005393,,0.05921451511005393,,0.0,0.4737161208804314,0.4737161208804314,0.4737161208804314,4
1,2025-09-01,DRMJJ0025,2,cluster_2,ADIDA4,0.20930232558139536,0.4453989781644892,0.37797897816017373,4.860466258747313,1.0173068913657168,,1.0173068913657168,,0.0,8.138455130925735,8.138455130925735,8.138455130925735,4
1,2025-09-01,DRMJJ0026,0,low_information,ADIDA4,0.0,0.999999970046711,0.999999970046711,,2.25,1.0,-2.25,-1.0,18.0,0.0,18.0,-18.0,4
1,2025-09-01,DRMJJ0027,0,low_information,ADIDA4,0.0,0.999999970046711,0.999999970046711,,1.25,1.0,-1.25,-1.0,10.0,0.0,10.0,-10.0,4
1,2025-09-01,ETZP0003,0,low_information,ADIDA4,0.0,0.999999970046711,0.999999970046711,,1.25,1.0,-1.25,-1.0,10.0,0.0,10.0,-10.0,4
1,2025-09-01,ETZP0004,2,cluster_2,ADIDA4,0.2558139534883721,0.19928091158835884,0.7815009205234724,2.705613251754862,0.6921336225419414,0.3460668112709707,-0.25617816338925525,-0.12808908169462763,16.0,13.950574692885958,5.5370689803355315,-2.049425307114042,4
1,2025-09-01,FDBLHP0001,2,cluster_2,ADIDA4,0.18604651162790697,0.9467974486208701,0.999999970046711,19.820311986815916,3.6874999045238916,4.916666539365189,3.499999872698522,4.666666496931363,6.0,33.99999898158818,29.499999236191133,27.999998981588178,4
1,2025-09-01,FDBLP0001,1,cluster_1,ADIDA4,0.6976744186046512,0.999999970046711,0.6773902471533558,2.7879768464776453,1.9451001254495202,0.7409905239807696,1.8018001672660269,0.6864000637203912,21.0,35.414401338128215,15.560801003596161,14.414401338128215,4
1,2025-09-01,FRC0002,1,cluster_1,ADIDA4,0.46511627906976744,0.999999970046711,0.3758200379855415,0.04754495277634114,0.0221139315238796,,0.0221139315238796,,0.0,0.1769114521910368,0.1769114521910368,0.1769114521910368,4
1,2025-09-01,FRC0003,1,cluster_1,ADIDA4,0.6976744186046512,0.5612465588062011,0.21949557087804575,1.2046392154504075,0.8404459642677262,2.2411892380472698,0.5558919285354524,1.4823784760945398,3.0,7.4471354282836195,6.72356771414181,4.4471354282836195,4
1,2025-09-01,FRC0010,2,cluster_2,ADIDA4,0.16279069767441862,0.11423834611285523,0.15976078222318058,0.570236499626084,0.09282919761354856,,0.09282919761354856,,0.0,0.7426335809083885,0.7426335809083885,0.7426335809083885,4
1,2025-09-01,FRC0011,0,low_information,ADIDA4,0.023255813953488372,1.0037376640824323e-06,1.0037376640824323e-06,1.0790028262736007e-05,2.509308898310699e-07,,2.509308898310699e-07,,0.0,2.0074471186485592e-06,2.0074471186485592e-06,2.0074471186485592e-06,4
1,2025-09-01,FRH0001,1,cluster_1,ADIDA4,1.044186046511628,0.46190876761142746,0.946584890359376,1.1718649390958426e-07,1.2236450178000775e-07,,1.2236450178000775e-07,,0.0,9.78916014240062e-07,9.78916014240062e-07,9.78916014240062e-07,4
1,2025-09-01,FRH0002,1,cluster_1,ADIDA4,0.9767441860465116,0.2658683667371615,0.5605032616898173,0.02408924729618665,0.02352903224278696,,0.02352903224278696,,0.0,0.18823225794229567,0.18823225794229567,0.18823225794229567,4
1,2025-09-01,FRH0003,1,cluster_1,ADIDA4,1.6046511627906976,0.45385099259137185,0.9999999750493604,3.887237224897243e-09,6.237659732974645e-09,,6.237659732974645e-09,,0.0,4.990127786379716e-08,4.990127786379716e-08,4.990127786379716e-08,4
1,2025-09-01,FRH0004,1,cluster_1,ADIDA4,0.6511627906976745,0.47680741522145365,0.999999970046711,2.487749756236331e-61,1.6199300738283086e-61,,1.6199300738283086e-61,,0.0,1.295944059062647e-60,1.295944059062647e-60,1.295944059062647e-60,4
1,2025-09-01,FRH0012,0,low_information,ADIDA4,0.09302325581395349,0.005068216930937489,0.0232690793700335,0.19084923295854064,0.01775341701939913,,0.01775341701939913,,0.0,0.14202733615519303,0.14202733615519303,0.14202733615519303,4
1,2025-09-01,FRH0028,1,cluster_1,ADIDA4,0.6046511627906976,0.19690259711636848,0.8903322706452338,0.6211570067222448,0.3755833063901945,1.0015554837071854,-0.372666774439222,-0.9937780651712588,3.0,0.018665804486223347,3.004666451121556,-2.981334195513776,4
1,2025-09-01,FRH0029,1,cluster_1,ADIDA4,0.5581395348837209,0.21409321471591203,0.4913415295151723,0.5853901974100524,0.3267294125079362,1.3069176500317448,-0.09654117498412763,-0.38616469993651054,2.0,1.2276706001269788,2.6138353000634895,-0.7723293998730211,4
1,2025-09-01,FRH0031,2,cluster_2,ADIDA4,0.2558139534883721,0.038009232664359384,0.1683828942755827,0.47076444484023794,0.12042811379633994,,0.12042811379633994,,0.0,0.9634249103707195,0.9634249103707195,0.9634249103707195,4
1,2025-09-01,FRH0033,1,cluster_1,ADIDA4,3.161627906976744,0.18306956897944007,0.5288467455098994,0.9693357518760508,3.0646789643616072,0.6451955714445489,-0.491284142553571,-0.10342824053759389,38.0,34.06972685957143,24.517431714892858,-3.930273140428568,4
1,2025-09-01,FRH0034,1,cluster_1,ADIDA4,1.172093023255814,0.22772563376290927,0.5508409116521665,0.4798281177141196,0.562403189134689,0.4499225513077512,-0.33320425217958527,-0.2665634017436682,10.0,7.334365982563318,4.499225513077512,-2.665634017436682,4
1,2025-09-01,FRH0035,2,cluster_2,ADIDA4,0.3023255813953488,0.3126932202067317,0.7897681693005241,2.1862890242150033e-07,6.609711003440708e-08,,6.609711003440708e-08,,0.0,5.287768802752566e-07,5.287768802752566e-07,5.287768802752566e-07,4
1,2025-09-01,FRH0036,0,low_information,ADIDA4,0.046511627906976744,0.999999970046711,1.0037376640824323e-06,3.237011727931393e-05,1.505586850200648e-06,,1.505586850200648e-06,,0.0,1.2044694801605183e-05,1.2044694801605183e-05,1.2044694801605183e-05,4
1,2025-09-01,FRH0037,2,cluster_2,ADIDA4,0.18604651162790697,0.3132762825500681,0.7999658479526675,7.876523780042321e-07,1.4653997730311295e-07,,1.4653997730311295e-07,,0.0,1.1723198184249036e-06,1.1723198184249036e-06,1.1723198184249036e-06,4
1,2025-09-01,FRH0040,1,cluster_1,ADIDA4,0.813953488372093,0.3824010165202574,0.6284437220774669,0.0039942494840950315,0.0032511333010075837,,0.0032511333010075837,,0.0,0.02600906640806067,0.02600906640806067,0.02600906640806067,4
1,2025-09-01,FRH0042,2,cluster_2,ADIDA4,0.18604651162790697,0.5711523970024919,0.999999970046711,1.4444816207419325e-22,2.6874076664966186e-23,,2.6874076664966186e-23,,0.0,2.149926133197295e-22,2.149926133197295e-22,2.149926133197295e-22,4
1,2025-09-01,FRH0043,2,cluster_2,ADIDA4,0.12790697674418605,0.04206445723787601,0.06176381055766336,3.0505891822928333,0.39019163959559494,1.0405110389215866,-0.31423344161762023,-0.837955844313654,3.0,0.4861324670590385,3.1215331167647595,-2.513867532940962,4
1,2025-09-01,FRH0044,2,cluster_2,ADIDA4,0.36046511627906974,0.06730767598446621,0.22506479920348105,1.158909713015258,0.4177465244589883,3.3419721956719064,0.2653286992786511,2.122629594229209,1.0,3.122629594229209,3.3419721956719064,2.122629594229209,4
1,2025-09-01,FRH0045,1,cluster_1,ADIDA4,0.8372093023255814,0.999999970046711,0.07209298722536424,1.0926359381443695,0.9147649714697047,,0.9147649714697047,,0.0,7.318119771757638,7.318119771757638,7.318119771757638,4
1,2025-09-01,FRH0046,1,cluster_1,ADIDA4,0.5697674418604651,0.1265360731766308,0.29661254870669573,1.165424067630606,0.6640206896965081,0.7588807882245806,-0.031082758786032283,-0.035523152898322606,7.0,6.751337929711742,5.312165517572065,-0.24866207028825826,4
1,2025-09-01,FRH0047,2,cluster_2,ADIDA4,0.4418604651162791,0.45614257404409114,0.14860245137299602,0.8556507341348509,0.3780782313619109,,0.3780782313619109,,0.0,3.024625850895287,3.024625850895287,3.024625850895287,4
1,2025-09-01,FRH0048,1,cluster_1,ADIDA4,2.2945736434108523,0.3213631420889075,0.6921422375732604,0.939257719728518,2.1551960080592347,0.43103920161184694,1.3103920161184694,0.2620784032236939,40.0,50.483136128947756,17.241568064473878,10.483136128947756,4
1,2025-09-01,FRH0049,2,cluster_2,ADIDA4,0.18604651162790697,0.18047706566260927,0.032443039640426934,0.29759000064193475,0.05536558151477856,,0.05536558151477856,,0.0,0.44292465211822846,0.44292465211822846,0.44292465211822846,4
1,2025-09-01,FRH0050,1,cluster_1,ADIDA4,0.9767441860465116,0.07810878584802297,0.34427054899892306,1.4779670478707532,1.4435957211760844,0.8883665976468211,-0.350617115295663,-0.2157643786434849,13.0,10.195063077634696,11.548765769408675,-2.804936922365304,4
1,2025-09-01,FRH0051,1,cluster_1,ADIDA4,1.930232558139535,0.3712549958005612,0.4890266496934367,0.550926485489309,1.0634162394328524,0.2658540598582131,0.1268324788657047,0.031708119716426175,32.0,33.01465983092564,8.507329915462819,1.0146598309256376,4
1,2025-09-01,FRH0052,0,low_information,ADIDA4,0.06976744186046512,0.012916354228759317,0.05975166613714083,0.37069183607838957,0.02586222112174811,,0.02586222112174811,,0.0,0.20689776897398487,0.20689776897398487,0.20689776897398487,4
1,2025-09-01,FRH0056,1,cluster_1,ADIDA4,3.2906976744186047,0.6176014475648581,0.3907580279363958,1.011516059478994,3.3285935445645967,0.3915992405370114,2.6571870891291933,0.3126102457799051,68.0,89.25749671303355,26.628748356516773,21.257496713033547,4
1,2025-09-01,FRH0056-1,0,low_information,ADIDA4,0.0,0.999999970046711,0.999999970046711,,0.125,1.0,-0.125,-1.0,1.0,0.0,1.0,-1.0,4
1,2025-09-01,FRH0058,0,low_information,ADIDA4,0.16279069767441862,0.00914237538477502,0.0438488677439766,0.2935024523875245,0.04777946899331794,,0.04777946899331794,,0.0,0.3822357519465435,0.3822357519465435,0.3822357519465435,4
1,2025-09-01,FRH0059,1,cluster_1,ADIDA4,1.441860465116279,0.7740855101521162,0.9999999725589839,1.4737903237701246,2.125000001715063,0.8947368428273951,-1.3750000068602528,-0.5789473713095802,19.0,7.999999945117978,17.000000013720506,-11.000000054882022,4
1,2025-09-01,FRH0064,0,low_information,ADIDA4,0.2441860465116279,0.15829543780110425,0.999999970046711,9.726190169525852,2.3749999251167777,0.8260869304754009,2.1249998502335554,0.7391303826899324,23.0,39.99999880186844,18.99999940093422,16.999998801868443,4
1,2025-09-01,FRH0065,2,cluster_2,ADIDA4,0.13953488372093023,0.999999970046711,0.999999970046711,23.291665915338335,3.2499998951634885,12.999999580653954,3.2499998951634885,12.999999580653954,2.0,27.99999916130791,25.99999916130791,25.99999916130791,4
1,2025-09-01,FRH0068,0,low_information,ADIDA4,0.0,0.999999970046711,0.999999970046711,,0.375,1.0,-0.375,-1.0,3.0,0.0,3.0,-3.0,4
1,2025-09-01,FRW00011,2,cluster_2,ADIDA4,0.18604651162790697,0.05582577318583486,0.17241078490409695,1.0575671139961205,0.19675667237137123,,0.19675667237137123,,0.0,1.5740533789709699,1.5740533789709699,1.5740533789709699,4
1,2025-09-01,FRW0005,1,cluster_1,ADIDA4,1.302325581395349,0.33367913863323584,0.4857054736225976,1.6316964285714284,2.125,0.4857142857142857,-0.22579507927570486,-0.05161030383444683,35.0,33.19363936579436,17.0,-1.8063606342056389,4
1,2025-09-01,FRW0006,1,cluster_1,ADIDA4,2.755813953488372,0.3103176637139227,0.932458997688825,0.8390083874537676,2.312151021238871,0.3853585035398119,-0.2486040849554847,-0.04143401415924745,48.0,46.01116732035612,18.49720816991097,-1.9888326796438776,4
1,2025-09-01,FRW0007,0,low_information,ADIDA4,0.09302325581395349,0.10827915483595939,0.40170080557967397,0.02274021084148819,0.0021153684503709943,,0.0021153684503709943,,0.0,0.016922947602967954,0.016922947602967954,0.016922947602967954,4
1,2025-09-01,FRW0008,0,low_information,ADIDA4,0.05813953488372093,0.19122362563702702,0.999999970046711,8.599999742401716,0.4999999850233555,,0.4999999850233555,,0.0,3.999999880186844,3.999999880186844,3.999999880186844,4
1,2025-09-01,FRW0009,2,cluster_2,ADIDA4,0.11627906976744186,0.6705378029100073,0.2553557151399678,4.3470674632567,0.5054729608438023,1.3479278955834728,0.14689184337520933,0.39171158233389153,3.0,4.175134747001675,4.043783686750419,1.1751347470016746,4
1,2025-09-01,FRW0011,2,cluster_2,ADIDA4,0.11627906976744186,0.30130908893506597,0.6125740114752525,0.00028822669078958514,3.351473148716106e-05,,3.351473148716106e-05,,0.0,0.0002681178518972885,0.0002681178518972885,0.0002681178518972885,4
1,2025-09-01,FRW0013,1,cluster_1,ADIDA4,0.23255813953488372,0.6077441631802007,0.999999970046711,5.607157928247265e-91,1.303990215871457e-91,,1.303990215871457e-91,,0.0,1.0431921726971656e-90,1.0431921726971656e-90,1.0431921726971656e-90,4
1,2025-09-01,FRW0014,2,cluster_2,ADIDA4,0.09302325581395349,0.5046368422950996,0.999999970046711,2.8035782503243448e-90,2.6079797677435767e-91,,2.6079797677435767e-91,,0.0,2.0863838141948613e-90,2.0863838141948613e-90,2.0863838141948613e-90,4
1,2025-09-01,FRW0015,1,cluster_1,ADIDA4,1.1395348837209303,0.9999999776953862,0.7372533660605894,1.1406972152213013,1.2998642685079944,,1.2998642685079944,,0.0,10.398914148063955,10.398914148063955,10.398914148063955,4
1,2025-09-01,FRW0016,2,cluster_2,ADIDA4,0.32558139534883723,0.10470354623163303,0.4455676750017825,0.026852335370728713,0.008742620818376791,,0.008742620818376791,,0.0,0.06994096654701433,0.06994096654701433,0.06994096654701433,4
1,2025-09-01,FRW0017,2,cluster_2,ADIDA4,0.18604651162790697,0.8427629966898774,0.03657066257232617,0.6694900857395644,0.1245562950213143,,0.1245562950213143,,0.0,0.9964503601705144,0.9964503601705144,0.9964503601705144,4
1,2025-09-01,FRW0020,2,cluster_2,ADIDA4,0.06976744186046512,0.2581686635777136,0.49999920737414066,0.0013122797825141162,9.15544034312174e-05,,9.15544034312174e-05,,0.0,0.0007324352274497392,0.0007324352274497392,0.0007324352274497392,4
1,2025-09-01,FRW0021,0,low_information,ADIDA4,0.09302325581395349,0.023044379316723377,0.11285120953499543,0.6252932462326268,0.05816681360303505,,0.05816681360303505,,0.0,0.4653345088242804,0.4653345088242804,0.4653345088242804,4
1,2025-09-01,FRW0022,0,low_information,ADIDA4,0.09302325581395349,0.021014618302552933,0.05103361778700591,0.46812262868403776,0.043546291040375606,,0.043546291040375606,,0.0,0.34837032832300485,0.34837032832300485,0.34837032832300485,4
1,2025-09-01,FRW0023,2,cluster_2,ADIDA4,0.16279069767441862,0.06534119244656392,0.44409616450097095,2.441582809961512,0.397466969063502,3.179735752508016,0.2382892920846693,1.9063143366773545,1.0,2.9063143366773545,3.179735752508016,1.9063143366773545,4
1,2025-09-01,FRW0024,0,low_information,ADIDA4,0.0,0.999999970046711,0.999999970046711,,1.625,1.0,-1.625,-1.0,13.0,0.0,13.0,-13.0,4
1,2025-09-01,FSTBY001,0,low_information,ADIDA4,0.0,0.999999970046711,0.999999970046711,,0.0,,0.0,,0.0,0.0,0.0,0.0,4
1,2025-09-01,FZGLS0001,0,low_information,ADIDA4,0.0,0.999999970046711,0.999999970046711,,0.0,,0.0,,0.0,0.0,0.0,0.0,4
1,2025-09-01,FZGLS0002,0,low_information,ADIDA4,0.023255813953488372,0.05131670202135952,1.0037376640824323e-06,2.158033811675238e-05,5.01868328296567e-07,,5.01868328296567e-07,,0.0,4.014946626372536e-06,4.014946626372536e-06,4.014946626372536e-06,4
1,2025-09-01,FZLRICBHP0001,2,cluster_2,ADIDA4,0.11627906976744186,0.8745274989998653,0.07467937212724758,3.099696557286322,0.3604298322425956,1.4417193289703825,-0.029140335514808755,-0.11656134205923502,2.0,1.76687731588153,2.883438657940765,-0.23312268411847004,4
1,2025-09-01,FZLRJ0001,2,cluster_2,ADIDA4,0.3953488372093023,0.45066175741060066,0.99999997921487,5.691176549449463,2.2500000311776946,9.000000124710779,2.2500000311776946,9.000000124710779,2.0,20.000000249421557,18.000000249421557,18.000000249421557,4
1,2025-09-01,FZLRJ0001double,0,low_information,ADIDA4,0.046511627906976744,0.04388123447545769,0.2928932115712685,1.9003494549754762,0.08838834674304541,,0.08838834674304541,,0.0,0.7071067739443633,0.7071067739443633,0.7071067739443633,4
1,2025-09-01,FZLRJ0002,1,cluster_1,ADIDA4,0.46511627906976744,0.37477836917122676,0.7084253611609643,4.217643807768714,1.9616947943110299,2.241936907784034,1.9616947943110299,2.241936907784034,7.0,22.69355835448824,15.693558354488239,15.693558354488239,4
1,2025-09-01,FZLRJ0002double,2,cluster_2,ADIDA4,0.13953488372093023,0.09187410002901394,0.24334692108543346,1.985055700402047,0.27698451633516935,,0.27698451633516935,,0.0,2.215876130681355,2.215876130681355,2.215876130681355,4
1,2025-09-01,GJMJSLW001,1,cluster_1,ADIDA4,2.7209302325581395,0.1722808127039225,0.029578381964531966,0.39845940592313256,1.0841802440234072,,1.0841802440234072,,0.0,8.673441952187257,8.673441952187257,8.673441952187257,4
1,2025-09-01,GJMJSW001,0,low_information,ADIDA4,0.023255813953488372,1.0037376640824323e-06,1.0037376640824323e-06,1.079007158427577e-05,2.5093189730873883e-07,,2.5093189730873883e-07,,0.0,2.0074551784699107e-06,2.0074551784699107e-06,2.0074551784699107e-06,4
1,2025-09-01,GJMJWJX001,1,cluster_1,ADIDA4,5.542635658914728,0.20489446008275236,0.999999970046711,0.9923077004139322,5.5000000449299336,0.5789473731505194,-5.000000089859867,-0.5263157989326176,76.0,35.99999928112106,44.00000035943947,-40.00000071887894,4
1,2025-09-01,GJMJWJXW001,1,cluster_1,ADIDA4,7.046511627906977,0.3757313149779135,0.05961115494809652,1.3409685733403134,9.449150644700348,1.5118641031520557,-1.317799140399536,-0.21084786246392576,50.0,39.457606876803716,75.59320515760278,-10.542393123196288,4
1,2025-09-01,GJMUSDW001,0,low_information,ADIDA4,0.023255813953488372,0.6180343707159061,1.0037376640824323e-06,2.158016482937578e-05,5.018642983575762e-07,,5.018642983575762e-07,,0.0,4.01491438686061e-06,4.01491438686061e-06,4.01491438686061e-06,4
1,2025-09-01,HLGKSLT0001,2,cluster_2,ADIDA4,0.5465116279069767,0.1661527645767813,0.6206686173736756,5.94350443036679,3.248194281712083,0.6662962629152991,-3.248194281712083,-0.6662962629152991,39.0,13.014445746303341,25.985554253696662,-25.985554253696662,4
1,2025-09-01,HSAKSLT0001,2,cluster_2,ADIDA4,0.18604651162790697,0.10740099244920731,0.6642133190912928,4.536836743557207,0.8440626499641315,,0.8440626499641315,,0.0,6.752501199713052,6.752501199713052,6.752501199713052,4
1,2025-09-01,HWZDSKL0001,1,cluster_1,ADIDA4,1.4069767441860466,0.147014764356683,0.38303566789819327,3.299133052646254,4.641803481048799,,4.641803481048799,,0.0,37.134427848390395,37.134427848390395,37.134427848390395,4
1,2025-09-01,HWZDSKL0002,2,cluster_2,ADIDA4,0.2558139534883721,0.704660252278919,0.1949553805078624,2.7945942989842374,0.7148962160192236,2.8595848640768944,0.36986162135896483,1.4794464854358593,2.0,4.958892970871719,5.719169728153789,2.9588929708717187,4
1,2025-09-01,HZSN0001,1,cluster_1,ADIDA4,0.8255813953488372,0.5799169307235311,0.5866487716441166,3.7055102329710516,3.059200308615636,1.2236801234462544,2.578933744820848,1.031573497928339,20.0,40.63146995856678,24.473602468925087,20.631469958566782,4
1,2025-09-01,JZJ00011,2,cluster_2,ADIDA4,0.16279069767441862,0.999999970046711,0.999999970046711,9.982142857142856,1.625,0.6842105263157895,0.6249999625583871,0.2631578789719525,19.0,23.999999700467097,13.0,4.999999700467097,4
1,2025-09-01,JZJ00012,1,cluster_1,ADIDA4,0.9186046511627907,0.6983298411252118,0.9999999693247202,6.803797405741911,6.249999942483848,1.4285714154248796,6.1249999233117975,1.3999999824712681,35.0,83.99999938649438,49.999999539870785,48.99999938649438,4
1,2025-09-01,JZJ0002,1,cluster_1,ADIDA4,1.5813953488372092,0.9935892382472378,0.9146086159201836,1.8705545069541654,2.958086197043796,0.42258374243482805,2.4161723940875923,0.34516748486965604,56.0,75.32937915270074,23.66468957635037,19.32937915270074,4
1,2025-09-01,JZJ0003,1,cluster_1,ADIDA4,2.9302325581395348,0.4953555154574781,0.6062315969536993,2.1317399025716517,6.246493668000653,0.40627601092687177,6.246493668000653,0.40627601092687177,123.0,172.97194934400522,49.971949344005225,49.971949344005225,4
1,2025-09-01,JZJ0004,2,cluster_2,ADIDA4,0.32558139534883723,0.12954000680816158,0.31027247291647764,2.4914953374414854,0.8111845284693209,,0.8111845284693209,,0.0,6.489476227754567,6.489476227754567,6.489476227754567,4
1,2025-09-01,JZJ0005,1,cluster_1,ADIDA4,0.6434108527131783,0.35053969825704345,0.999999970046711,8.159638391278191,5.249999895163488,,5.249999895163488,,0.0,41.999999161307905,41.999999161307905,41.999999161307905,4
1,2025-09-01,JZJ0008,1,cluster_1,ADIDA4,0.9651162790697675,0.5879063331281305,0.8263137457855503,2.233013711606795,2.155117884457721,0.3831320683480393,0.25452846216911684,0.045249504385620774,45.0,47.036227697352935,17.240943075661768,2.0362276973529347,4
1,2025-09-01,JZJ0009,1,cluster_1,ADIDA4,1.6046511627906976,0.9999999744596778,0.5788328123730796,8.22272651417517,13.194607662281086,0.47548135719931844,-13.194607662281086,-0.47548135719931844,222.0,116.4431387017513,105.55686129824869,-105.55686129824869,4
1,2025-09-01,JZJ0013,1,cluster_1,ADIDA4,2.604651162790698,0.9999999798379594,0.7332947362231256,2.3849234810082085,6.21189371797487,0.32910695194568845,4.2408582906331596,0.22468123394082964,151.0,184.92686632506528,49.69514974379896,33.926866325065276,4
1,2025-09-01,JZJ0014,0,low_information,ADIDA4,0.20930232558139536,0.07475832861204303,0.999999970046711,6.569444265556745,1.3749999625583886,10.999999700467109,1.3749999625583886,10.999999700467109,1.0,11.999999700467109,10.999999700467109,10.999999700467109,4
1,2025-09-01,JZJ0016,1,cluster_1,ADIDA4,1.0,0.3026479165169341,0.578238037517978,1.944078192303549,1.944078192303549,0.5760231680899405,-0.6513127692141962,-0.19298156124865073,27.0,21.78949784628643,15.552625538428392,-5.21050215371357,4
1,2025-09-01,JZJ0017,2,cluster_2,ADIDA4,0.10465116279069768,0.6012043605885914,0.06923741382108861,5.026054300602901,0.5259824268072804,1.0519648536145607,-0.39607029277087846,-0.7921405855417569,4.0,0.8314376578329726,4.207859414458243,-3.1685623421670277,4
1,2025-09-01,JZJ0018,2,cluster_2,ADIDA4,0.09302325581395349,0.9999999752433224,0.999999970046711,17.468749879250804,1.6249999887675166,1.083333325845011,-4.492993355142971e-08,-2.995328903428648e-08,12.0,11.999999640560532,12.999999910140133,-3.594394684114377e-07,4
1,2025-09-01,JZJ0019,1,cluster_1,ADIDA4,0.3023255813953488,0.6345887055452349,0.778822972874094,9.497026624912966,2.87119409590392,0.5602329943227161,-2.11738819180784,-0.41314891547470045,41.0,24.06089446553728,22.96955276723136,-16.93910553446272,4
1,2025-09-01,JZQCQ001,1,cluster_1,ADIDA4,3.0930232558139537,0.5424169412561594,0.999999970046711,1.3778421974872764e-15,4.261697959669948e-15,,4.261697959669948e-15,,0.0,3.409358367735958e-14,3.409358367735958e-14,3.409358367735958e-14,4
1,2025-09-01,JZQCQ003,1,cluster_1,ADIDA4,4.27906976744186,0.4473888879767528,0.6039832095672645,0.4147198356256077,1.7746151105839956,,1.7746151105839956,,0.0,14.196920884671965,14.196920884671965,14.196920884671965,4
1,2025-09-01,JZQCQ004,1,cluster_1,ADIDA4,0.7674418604651163,0.6264763771406808,0.27063948986221203,2.748321140677241,2.1091766893569526,,2.1091766893569526,,0.0,16.87341351485562,16.87341351485562,16.87341351485562,4
1,2025-09-01,KFZ0001,2,cluster_2,ADIDA4,0.13953488372093023,0.05487958299071957,0.2744907010351812,0.9667491539373202,0.13489523078195165,,0.13489523078195165,,0.0,1.0791618462556132,1.0791618462556132,1.0791618462556132,4
1,2025-09-01,KZCWBG001,2,cluster_2,ADIDA4,0.20930232558139536,0.8116033269806108,0.3576705323983173,2.986111111111111,0.625,1.0,0.06845671111629814,0.10953073778607703,5.0,5.547653688930385,5.0,0.5476536889303851,4
1,2025-09-01,LRKF0001,1,cluster_1,ADIDA4,0.4883720930232558,0.7869556051534478,0.8804142792947836,7.835466377680367e-08,3.826623114681109e-08,,3.826623114681109e-08,,0.0,3.061298491744887e-07,3.061298491744887e-07,3.061298491744887e-07,4
1,2025-09-01,LTKF0002,2,cluster_2,ADIDA4,0.046511627906976744,0.9999999638290566,0.05131670202135952,1.338226891391996,0.06224311122753469,,0.06224311122753469,,0.0,0.4979448898202775,0.4979448898202775,0.4979448898202775,4
1,2025-09-01,LTKF0003B,0,low_information,ADIDA4,0.023255813953488372,1.0037376640824323e-06,1.0037376640824323e-06,1.079008241468789e-05,2.509321491787881e-07,,2.509321491787881e-07,,0.0,2.007457193430305e-06,2.007457193430305e-06,2.007457193430305e-06,4
1,2025-09-01,LTKF0005A,2,cluster_2,ADIDA4,0.27906976744186046,0.1062201184401955,0.3523026591361784,1.8346497043962118,0.5119952663431289,,0.5119952663431289,,0.0,4.095962130745031,4.095962130745031,4.095962130745031,4
1,2025-09-01,LTKF0006A,0,low_information,ADIDA4,0.023255813953488372,1.0037376640824323e-06,1.0037376640824323e-06,1.079007158427577e-05,2.5093189730873883e-07,,2.5093189730873883e-07,,0.0,2.0074551784699107e-06,2.0074551784699107e-06,2.0074551784699107e-06,4
1,2025-09-01,LTKF0008,2,cluster_2,ADIDA4,0.18604651162790697,0.2310274719334674,0.043358353058743415,0.42327786677249174,0.07874937056232405,,0.07874937056232405,,0.0,0.6299949644985924,0.6299949644985924,0.6299949644985924,4
1,2025-09-01,LTKF0009,2,cluster_2,ADIDA4,0.23255813953488372,0.2989118583128349,0.031989077041566207,0.38168329056602174,0.08876355594558645,,0.08876355594558645,,0.0,0.7101084475646916,0.7101084475646916,0.7101084475646916,4
1,2025-09-01,LTKF0010,0,low_information,ADIDA4,0.046511627906976744,1.0037376640824323e-06,1.0037376640824323e-06,1.079008241468789e-05,5.018642983575762e-07,,5.018642983575762e-07,,0.0,4.01491438686061e-06,4.01491438686061e-06,4.01491438686061e-06,4
1,2025-09-01,LTKF0012,0,low_information,ADIDA4,0.06976744186046512,0.2679492007139013,1.0037376640824323e-06,1.7983470691146484e-05,1.2546607458939406e-06,,1.2546607458939406e-06,,0.0,1.0037285967151525e-05,1.0037285967151525e-05,1.0037285967151525e-05,4
1,2025-09-01,LTKF0016,0,low_information,ADIDA4,0.09302325581395349,0.011899595135088712,1.0037376640824323e-06,1.888264422570381e-05,1.756525044251517e-06,,1.756525044251517e-06,,0.0,1.4052200354012136e-05,1.4052200354012136e-05,1.4052200354012136e-05,4
1,2025-09-01,LTKF0018A,0,low_information,ADIDA4,0.06976744186046512,1.0037376640824323e-06,1.0037376640824323e-06,1.0790082414687891e-05,7.527964475363645e-07,,7.527964475363645e-07,,0.0,6.022371580290916e-06,6.022371580290916e-06,6.022371580290916e-06,4
1,2025-09-01,LTKF0019,1,cluster_1,ADIDA4,0.686046511627907,0.28764658856118747,0.6155913370762923,1.2209444788525257,0.837624700608128,1.3401995209730049,0.22549880243251205,0.3607980838920193,5.0,6.803990419460097,6.700997604865024,1.8039904194600964,4
1,2025-09-01,LTKF0020,1,cluster_1,ADIDA4,2.872093023255814,0.6350562626080551,0.4323949316084328,3.0605823902623475,8.790277330172092,0.42619526449319234,-4.286109320688368,-0.20781136100307238,165.0,130.71112543449306,70.32221864137674,-34.288874565506944,4
1,2025-09-01,LTKF0021,1,cluster_1,ADIDA4,1.1162790697674418,0.3018212871860668,0.6420022324669662,3.0061321033212076,3.355682347893441,0.7457071884207647,1.711364695786882,0.3803032657304182,36.0,49.690917566295056,26.845458783147528,13.690917566295056,4
1,2025-09-01,LTKF0022,1,cluster_1,ADIDA4,0.3023255813953488,0.4821632931235034,0.40243815666766997,3.7989928231099137,1.1485327139634622,,1.1485327139634622,,0.0,9.188261711707698,9.188261711707698,9.188261711707698,4
1,2025-09-01,LTKF0022M,1,cluster_1,ADIDA4,0.37984496124031014,0.3094927325335728,0.7628377105000763,4.249357662492805,1.6140970966057946,0.461170599030227,-1.6140970966057946,-0.461170599030227,28.0,15.087223227153643,12.912776772846357,-12.912776772846357,4
1,2025-09-01,LTKF0023,0,low_information,ADIDA4,0.023255813953488372,1.0037376640824323e-06,1.0037376640824323e-06,1.079007158427577e-05,2.5093189730873883e-07,,2.5093189730873883e-07,,0.0,2.0074551784699107e-06,2.0074551784699107e-06,2.0074551784699107e-06,4
1,2025-09-01,LTKF0024A,2,cluster_2,ADIDA4,0.1744186046511628,0.350647933605773,0.9999999804684669,5.016666666666667,0.875,7.0,0.8749999999999999,6.999999999999999,1.0,7.999999999999999,7.0,6.999999999999999,4
1,2025-09-01,LTKF0031,1,cluster_1,ADIDA4,1.069767441860465,0.5721559337307549,0.6316437669308446,1.8062732459709965,1.9322923096433915,0.32890081866270493,1.354169238573566,0.23049689167209633,47.0,57.83335390858853,15.458338477147132,10.833353908588528,4
1,2025-09-01,LTKF0047,1,cluster_1,ADIDA4,0.27906976744186046,0.5739187139596171,0.4485022610680046,3.7336140444806247,1.041938803110872,,1.041938803110872,,0.0,8.335510424886976,8.335510424886976,8.335510424886976,4
1,2025-09-01,LTKF0058,0,low_information,ADIDA4,0.0,0.999999970046711,0.999999970046711,,0.0,,0.0,,0.0,0.0,0.0,0.0,4
1,2025-09-01,LTKF0101,1,cluster_1,ADIDA4,1.069767441860465,0.5210241432411319,0.1385043652825923,5.057826921504548,5.410698567190911,0.7729569381701301,-4.821397134381822,-0.6887710191974031,56.0,17.428822924945425,43.28558853752729,-38.57117707505458,4
1,2025-09-01,LTKF0102,0,low_information,ADIDA4,0.03488372093023256,0.9999929909839739,0.999999970046711,25.083333333333332,0.875,1.0,-0.875,-1.0,7.0,0.0,7.0,-7.0,4
1,2025-09-01,LTKF0103,0,low_information,ADIDA4,0.0,0.999999970046711,0.999999970046711,,0.5,1.0,-0.5,-1.0,4.0,0.0,4.0,-4.0,4
1,2025-09-01,LTKF0106,0,low_information,ADIDA4,0.0,0.999999970046711,0.999999970046711,,0.0,,0.0,,0.0,0.0,0.0,0.0,4
1,2025-09-01,LTKF0111,0,low_information,ADIDA4,0.0,0.999999970046711,0.999999970046711,,0.125,1.0,-0.125,-1.0,1.0,0.0,1.0,-1.0,4
1,2025-09-01,LTKF093,2,cluster_2,ADIDA4,0.18604651162790697,0.1370127729826216,0.43341207485839334,4.262323252353054,0.7929903725308008,0.7929903725308008,-0.1719614901232034,-0.1719614901232034,8.0,6.624308079014373,6.343922980246407,-1.375691920985627,4
1,2025-09-01,LTKF098,2,cluster_2,ADIDA4,0.1511627906976744,0.999999971980805,0.999999970046711,32.250000396305055,4.8750000599065775,0.7090909178045931,-4.8750000599065775,-0.7090909178045931,55.0,15.999999520747377,39.00000047925262,-39.00000047925262,4
1,2025-09-01,LYC0201,2,cluster_2,ADIDA4,0.11627906976744186,0.999999970046711,0.999999970046711,11.825000128799141,1.3750000149766444,0.733333341320877,-0.8750000299532887,-0.466666682641754,15.0,7.999999760373688,11.000000119813155,-7.00000023962631,4
1,2025-09-01,LYC0203,0,low_information,ADIDA4,0.09302325581395349,0.2460584055420249,0.999999970046711,10.078124698127011,0.9374999719187916,1.8749999438375833,0.7499999625583889,1.4999999251167777,4.0,9.99999970046711,7.499999775350333,5.999999700467111,4
1,2025-09-01,NNB0002,0,low_information,ADIDA4,0.023255813953488372,1.0037376640824323e-06,0.999999970046711,16.124999839001074,0.3749999962558389,1.4999999850233556,-7.488322212312326e-09,-2.9953288849249304e-08,2.0,1.999999940093422,2.9999999700467113,-5.990657769849861e-08,4
1,2025-09-01,QCCXC0004,1,cluster_1,ADIDA4,1.441860465116279,0.39992983113045,0.05836450872849316,0.7841399305228761,1.1306203649399609,,1.1306203649399609,,0.0,9.044962919519687,9.044962919519687,9.044962919519687,4
1,2025-09-01,QCCXC0005,1,cluster_1,ADIDA4,1.2325581395348837,0.21486568851169177,0.4019365035385119,2.8118460288882967,3.4657637100251097,4.621018280033479,3.4657637100251097,4.621018280033479,6.0,33.72610968020088,27.726109680200878,27.726109680200878,4
1,2025-09-01,QCCXC0007,1,cluster_1,ADIDA4,1.872093023255814,0.3143374324549342,0.41488902800061533,2.793382394365525,5.22947169177732,2.4609278549540328,5.22947169177732,2.4609278549540328,17.0,58.83577353421856,41.83577353421856,41.83577353421856,4
1,2025-09-01,QCSSXC0004,0,low_information,ADIDA4,0.06976744186046512,0.02423737431430792,0.21859266443655406,0.47641237339604386,0.03323807256251469,,0.03323807256251469,,0.0,0.2659045805001175,0.2659045805001175,0.2659045805001175,4
1,2025-09-01,QCSSXC0005,1,cluster_1,ADIDA4,0.6744186046511628,0.2802358322980048,0.999999970046711,6.857758620689656,4.625,0.8604651162790697,-0.8750000748832245,-0.1627907116061813,43.0,35.99999940093421,37.0,-7.000000599065796,4
1,2025-09-01,QCSSXC0006,1,cluster_1,ADIDA4,0.38372093023255816,0.3222858939708326,0.999999970046711,7.329545400879144,2.8124999794071135,0.6617647010369678,-8.237154514034728e-08,-1.938154003302289e-08,34.0,33.99999934102764,22.499999835256908,-6.589723611227782e-07,4
1,2025-09-01,QCXDS001,1,cluster_1,ADIDA4,1.5116279069767442,0.8226851647848388,0.0850031804840192,1.0209429262584304,1.5432858187627436,,1.5432858187627436,,0.0,12.346286550101949,12.346286550101949,12.346286550101949,4
1,2025-09-01,QCXXC0001,2,cluster_2,ADIDA4,0.4883720930232558,0.12412821920158078,0.20598296302979852,1.4554225426237333,0.7107877533743814,2.8431510134975255,0.6715755067487627,2.6863020269950506,2.0,7.372604053990101,5.686302026995051,5.372604053990101,4
1,2025-09-01,QCXXC0002,2,cluster_2,ADIDA4,0.3488372093023256,0.17905261172594764,0.5088751873433467,0.49021675020615185,0.17100584309516925,,0.17100584309516925,,0.0,1.368046744761354,1.368046744761354,1.368046744761354,4
1,2025-09-01,QFSJZ001-1,2,cluster_2,ADIDA4,0.2441860465116279,0.20126931506286103,0.5094536882674928,11.981639064685792,2.925749073934903,0.755032019079975,-2.925749073934903,-0.755032019079975,31.0,7.594007408520776,23.405992591479222,-23.405992591479222,4
1,2025-09-01,QFSJZ002-1,2,cluster_2,ADIDA4,0.11627906976744186,0.34211309065182727,0.3058542782402369,3.712218571916687,0.4316533223158938,1.1510755261757168,-0.14838671073642473,-0.3956978952971326,3.0,1.8129063141086021,3.4532265785271505,-1.1870936858913979,4
1,2025-09-01,QFSJZ003,0,low_information,ADIDA4,0.06976744186046512,0.1725285048918449,0.999999970046711,8.958333306500178,0.6249999981279194,1.2499999962558388,-7.488322434356931e-09,-1.4976644868713862e-08,4.0,3.9999999400934203,4.999999985023355,-5.990657947485545e-08,4
1,2025-09-01,QFSJZ003-1,2,cluster_2,ADIDA4,0.1511627906976744,0.43753164300459585,0.999999970046711,9.923076675386266,1.4999999625583889,0.9999999750389259,0.9999999251167777,0.6666666167445184,12.0,19.99999940093422,11.99999970046711,7.999999400934222,4
1,2025-09-01,QYGZIPJ,0,low_information,ADIDA4,0.023255813953488372,1.0037376640824323e-06,0.999999970046711,16.124999839001074,0.3749999962558389,1.4999999850233556,-7.488322212312326e-09,-2.9953288849249304e-08,2.0,1.999999940093422,2.9999999700467113,-5.990657769849861e-08,4
1,2025-09-01,RLHZHMV000AMDE,1,cluster_1,ADIDA4,3.058139534883721,0.6821179823041783,0.823905906290167,0.6727315297216913,2.057306887404707,0.4448231107902069,1.1042275496188285,0.23875190262028725,37.0,45.83382039695063,16.458455099237657,8.833820396950628,4
1,2025-09-01,SLT0001,0,low_information,ADIDA4,0.046511627906976744,1.0037376640824323e-06,1.0037376640824323e-06,1.0790104075544739e-05,5.018653058392902e-07,,5.018653058392902e-07,,0.0,4.014922446714321e-06,4.014922446714321e-06,4.014922446714321e-06,4
1,2025-09-01,SLT0003,2,cluster_2,ADIDA4,0.18604651162790697,0.07504304432329212,0.17423495181121526,5.388758528829262,1.0025597262938162,0.8911642011500588,-0.8801194525876324,-0.7823284023001177,9.0,1.9590443792989414,8.02047781035053,-7.040955620701059,4
1,2025-09-01,SLT0004,0,low_information,ADIDA4,0.023255813953488372,1.0037376640824323e-06,0.999999970046711,34.93749991950054,0.8124999981279195,1.083333330837226,-0.5000000074883223,-0.6666666766510964,6.0,1.999999940093422,6.499999985023356,-4.000000059906578,4
1,2025-09-01,SPH0001,0,low_information,ADIDA4,0.0,0.999999970046711,0.999999970046711,,3.75,1.0,-3.75,-1.0,30.0,0.0,30.0,-30.0,4
1,2025-09-01,SRPDZS0001,0,low_information,ADIDA4,0.09302325581395349,0.15184997382053828,0.2500000070414327,2.6875000567715506,0.25000000528107447,,0.25000000528107447,,0.0,2.0000000422485957,2.0000000422485957,2.0000000422485957,4
1,2025-09-01,SRPDZS0002,2,cluster_2,ADIDA4,0.06976744186046512,0.9999999756040939,0.11230566158029802,2.817749508737463,0.1965871750281951,,0.1965871750281951,,0.0,1.5726974002255607,1.5726974002255607,1.5726974002255607,4
1,2025-09-01,WSJZS0002,0,low_information,ADIDA4,0.0,0.999999970046711,0.999999970046711,,6.875,1.0,-6.875,-1.0,55.0,0.0,55.0,-55.0,4
1,2025-09-01,WSJZS0004,0,low_information,ADIDA4,0.0,0.999999970046711,0.999999970046711,,14.25,1.0,-14.25,-1.0,114.0,0.0,114.0,-114.0,4
1,2025-09-01,XHP0001,1,cluster_1,ADIDA4,1.2790697674418605,0.1736692534275059,0.37639044193791926,2.162518253072013,2.766011719045598,4.425618750472957,2.229682292060797,3.5674916672972747,5.0,22.837458336486375,22.128093752364784,17.837458336486375,4
1,2025-09-01,XHZXCZP0001,1,cluster_1,ADIDA4,2.755813953488372,0.9839689777543232,0.5209597984733696,5.483170626711835,15.110598122450057,2.197905181447281,15.110598122450057,2.197905181447281,55.0,175.88478497960045,120.88478497960045,120.88478497960045,4
1,2025-09-01,XHZXCZP0002,0,low_information,ADIDA4,0.0,0.999999970046711,0.999999970046711,,2.0,1.0,-2.0,-1.0,16.0,0.0,16.0,-16.0,4
1,2025-09-01,YBB0001,2,cluster_2,ADIDA4,0.09302325581395349,0.999999972516037,0.999999970046711,12.093749879250804,1.1249999887675166,0.7499999925116777,-4.492993355142971e-08,-2.995328903428648e-08,12.0,11.999999640560532,8.999999910140133,-3.594394684114377e-07,4
1,2025-09-01,YDBZ001,2,cluster_2,ADIDA4,0.29069767441860467,0.7059123055708142,0.999999970046711,9.890000051519657,2.8750000149766444,0.7419354877359082,-1.8750000599065777,-0.48387098320169747,31.0,15.999999520747377,23.000000119813155,-15.000000479252622,4
1,2025-09-01,YDBZ002,1,cluster_1,ADIDA4,0.7325581395348837,0.4533976513439054,0.08044285407975908,2.631072153853238,1.9274133220087672,0.8566281431150077,-1.6048266440175345,-0.7132562862300154,18.0,5.161386847859723,15.419306576070138,-12.838613152140276,4
1,2025-09-01,YDBZLV0001AMDE,2,cluster_2,ADIDA4,0.18604651162790697,0.2175622444227406,0.9657757550285109,2.3785975308316097e-09,4.425297731779739e-10,,4.425297731779739e-10,,0.0,3.5402381854237914e-09,3.5402381854237914e-09,3.5402381854237914e-09,4
1,2025-09-01,YDBZWV0001AMDE,2,cluster_2,ADIDA4,0.20930232558139536,0.300797922536936,0.6160334359224447,0.04879409119660119,0.01021271676207932,,0.01021271676207932,,0.0,0.08170173409663456,0.08170173409663456,0.08170173409663456,4
1,2025-09-01,YJL0002,0,low_information,ADIDA4,0.0,0.999999970046711,0.999999970046711,,0.375,1.0,-0.375,-1.0,3.0,0.0,3.0,-3.0,4
1,2025-09-01,YJLZHMV000AMDE,1,cluster_1,ADIDA4,1.0232558139534884,0.28074001969872925,0.41144073273360954,1.6345849996164539,1.672598604258697,1.4867543148966196,0.938464805678263,0.8341909383806781,9.0,16.507718445426104,13.380788834069577,7.507718445426104,4
1,2025-09-01,YJX0022,0,low_information,ADIDA4,0.06976744186046512,0.18044938425978269,0.0723280287415387,0.7827360053482765,0.05460948874522859,,0.05460948874522859,,0.0,0.43687590996182873,0.43687590996182873,0.43687590996182873,4
1,2025-09-01,YJX0023,0,low_information,ADIDA4,0.11627906976744186,0.023388672558620895,1.0037376640824323e-06,1.942224582044078e-05,2.2584006767954395e-06,,2.2584006767954395e-06,,0.0,1.8067205414363516e-05,1.8067205414363516e-05,1.8067205414363516e-05,4
1,2025-09-01,YJX0024,2,cluster_2,ADIDA4,0.16279069767441862,0.3634472146116023,0.11661957852385275,1.3004653777423567,0.2117036661441046,,0.2117036661441046,,0.0,1.6936293291528368,1.6936293291528368,1.6936293291528368,4
1,2025-09-01,YJX0025,2,cluster_2,ADIDA4,0.16279069767441862,0.061172648530974344,0.31803368645712454,1.9366360552953674,0.3152663345829668,,0.3152663345829668,,0.0,2.5221306766637346,2.5221306766637346,2.5221306766637346,4
1,2025-09-01,YKLLW0004,0,low_information,ADIDA4,0.5116279069767442,0.008522302427051398,0.014271889536922745,0.1606003999965678,0.0821676465098719,,0.0821676465098719,,0.0,0.6573411720789752,0.6573411720789752,0.6573411720789752,4
1,2025-09-01,YKLLW0005,1,cluster_1,ADIDA4,1.186046511627907,0.017850620941825282,0.029521985983064925,0.34817479810810187,0.41295150473286507,,0.41295150473286507,,0.0,3.3036120378629206,3.3036120378629206,3.3036120378629206,4
1,2025-09-01,YKLLW0006,0,low_information,ADIDA4,0.27906976744186046,0.013509682841500831,1.0037376640824323e-06,1.3487684246736111e-05,3.7640049060658912e-06,,3.7640049060658912e-06,,0.0,3.011203924852713e-05,3.011203924852713e-05,3.011203924852713e-05,4
1,2025-09-01,YXBLJ0001,0,low_information,ADIDA4,0.0,0.999999970046711,0.999999970046711,,0.125,1.0,-0.125,-1.0,1.0,0.0,1.0,-1.0,4
1,2025-09-01,ZBTZ0002,0,low_information,ADIDA4,0.627906976744186,0.0070037874472058,0.01175699781607097,0.1311809939121952,0.08236946129370397,,0.08236946129370397,,0.0,0.6589556903496318,0.6589556903496318,0.6589556903496318,4
1,2025-09-01,ZBTZ0003,0,low_information,ADIDA4,0.023255813953488372,0.03175416732603257,1.0037376640824323e-06,5.375016185221097,0.1250003764004906,1.0000030112039249,-0.12499949813267919,-0.9999959850614335,1.0,4.014938566470284e-06,1.0000030112039249,-0.9999959850614335,4
1,2025-09-01,ZJJSJBV001AMDE,2,cluster_2,ADIDA4,0.4186046511627907,0.2144329210653964,0.92598546699565,1.4268629843683605,0.597291481828616,2.389165927314464,0.44458296365723204,1.7783318546289282,2.0,5.556663709257856,4.778331854628928,3.5566637092578564,4
1,2025-09-01,ZJJSJSV001AMDE,1,cluster_1,ADIDA4,0.7209302325581395,0.3945555482789047,0.999999970046711,2.504458735376343e-46,1.805540018527131e-46,,1.805540018527131e-46,,0.0,1.4444320148217047e-45,1.4444320148217047e-45,1.4444320148217047e-45,4
1,2025-09-01,ZJJYZBV001AMDE,1,cluster_1,ADIDA4,0.5930232558139535,0.7720497903655412,0.751933453806657,2.3646107729963233,1.402269179335029,1.402269179335029,-0.19546164132994204,-0.19546164132994204,8.0,6.436306869360463,11.218153434680232,-1.5636931306395363,4
1,2025-09-01,ZJJYZSJBV1AMDE,1,cluster_1,ADIDA4,0.4418604651162791,0.3498044623727491,0.9999999799732122,1.8226838728265642e-39,8.053719438070865e-40,,8.053719438070865e-40,,0.0,6.442975550456692e-39,6.442975550456692e-39,6.442975550456692e-39,4
1,2025-09-01,ZJJYZSJSV1AMDE,1,cluster_1,ADIDA4,0.4418604651162791,0.9999999766847975,0.999999970046711,8.853404559043271e-90,3.9119694563214456e-90,,3.9119694563214456e-90,,0.0,3.1295755650571565e-89,3.1295755650571565e-89,3.1295755650571565e-89,4
1,2025-09-01,ZJJYZSJSV2AMDE,2,cluster_2,ADIDA4,0.20930232558139536,0.38840678949616636,0.999999970046711,2.3182842857492793e-68,4.852222923661282e-69,,4.852222923661282e-69,,0.0,3.881778338929026e-68,3.881778338929026e-68,3.881778338929026e-68,4
1,2025-09-01,ZTD0001,0,low_information,ADIDA4,0.0,0.999999970046711,0.999999970046711,,0.0,,0.0,,0.0,0.0,0.0,0.0,4
1,2025-09-01,ZTD0003,0,low_information,ADIDA4,0.046511627906976744,1.0037376640824323e-06,0.999999970046711,16.125,0.75,1.0,-0.75,-1.0,6.0,0.0,6.0,-6.0,4
2,2025-10-27,BLJZ0001,0,low_information,ADIDA4,0.06382978723404255,0.2653780176867606,0.999999970046711,13.708333333333334,0.875,1.0,-0.6250000074883222,-0.7142857228437968,7.0,1.999999940093422,7.0,-5.0000000599065775,4
2,2025-10-27,BLP0001,1,cluster_1,ADIDA4,0.7659574468085106,0.9901591777670378,0.24529812359573622,2.3901700502842833,1.8307685491539192,2.092306913318765,1.399358065538559,1.599266360615496,7.0,18.19486452430847,14.646148393231353,11.194864524308471,4
2,2025-10-27,BLP0002,2,cluster_2,ADIDA4,0.24468085106382978,0.3143507684008868,0.7943998861655502,11.24515980961295,2.751475272564871,0.7337267393506323,-2.2529505451297416,-0.6007868120345977,30.0,11.976395638962066,22.011802180518966,-18.023604361037933,4
2,2025-10-27,BLP0003,0,low_information,ADIDA4,0.010638297872340425,0.999999970046711,0.999999970046711,47.0,0.5,1.0,-0.5,-1.0,4.0,0.0,4.0,-4.0,4
2,2025-10-27,BLP0004,0,low_information,ADIDA4,0.0,0.999999970046711,0.999999970046711,,0.25,1.0,-0.25,-1.0,2.0,0.0,2.0,-2.0,4
2,2025-10-27,CBJZ0001,0,low_information,ADIDA4,0.02127659574468085,1.0037376640824323e-06,1.0037376640824323e-06,1.1793775497761741e-05,2.5093139356939874e-07,,2.5093139356939874e-07,,0.0,2.00745114855519e-06,2.00745114855519e-06,2.00745114855519e-06,4
2,2025-10-27,CLSSLT0003,2,cluster_2,ADIDA4,0.19148936170212766,0.8436554110456363,0.14077215670364507,2.4363704635039602,0.4665390249262903,1.2441040664701075,-0.008843900294838836,-0.023583734119570227,3.0,2.9292487976412893,3.7323121994103223,-0.07075120235871069,4
2,2025-10-27,CLSSLT0006,2,cluster_2,ADIDA4,0.2978723404255319,0.23995937255300565,0.8719738820726951,3.051549472716529,0.9089721833623703,0.9089721833623703,0.3179443667247406,0.3179443667247406,8.0,10.543554933797925,7.271777466898962,2.5435549337979246,4
2,2025-10-27,CWW0002,1,cluster_1,ADIDA4,0.9787234042553191,0.999999970046711,0.8427924101290399,10.089673913043478,9.875,0.8681318681318682,-1.0712376859936406,-0.09417474162581456,91.0,82.43009851205088,79.0,-8.569901487949124,4
2,2025-10-27,DGNTYBV001AMDE,0,low_information,ADIDA4,0.0425531914893617,0.012973642238626475,1.0037376640824323e-06,1.1793822849307238e-05,5.018648020981804e-07,,5.018648020981804e-07,,0.0,4.014918416785443e-06,4.014918416785443e-06,4.014918416785443e-06,4
2,2025-10-27,DHZXCZP0001,1,cluster_1,ADIDA4,0.44680851063829785,0.5579877152448568,0.9906171947940388,8.097934241828444,3.6182259378382406,28.945807502705925,3.6182259378382406,28.945807502705925,1.0,29.945807502705925,28.945807502705925,28.945807502705925,4
2,2025-10-27,DRMJJ0020,1,cluster_1,ADIDA4,0.2872340425531915,0.18313809261486627,0.8498491708856881,8.101231482704566,2.326949468436418,18.615595747491344,2.326949468436418,18.615595747491344,1.0,19.615595747491344,18.615595747491344,18.615595747491344,4
2,2025-10-27,DRMJJ0021,2,cluster_2,ADIDA4,0.14893617021276595,0.6959604411140496,0.16619746356829662,2.909801760188229,0.43337473024080003,,0.43337473024080003,,0.0,3.4669978419264003,3.4669978419264003,3.4669978419264003,4
2,2025-10-27,DRMJJ0022,1,cluster_1,ADIDA4,0.3191489361702128,0.7042183384583005,0.3200957569551897,4.281176274468778,1.3663328535538652,1.8217771380718204,0.4826657071077305,0.6435542761436407,6.0,9.861325656861844,10.930662828430922,3.861325656861844,4
2,2025-10-27,DRMJJ0023,1,cluster_1,ADIDA4,0.648936170212766,0.23719563210334077,0.9999999637896363,4.815573781651719,3.125000007242073,0.43103448375752734,-1.5000000144841463,-0.2068965537219512,58.0,45.99999988412683,25.000000057936585,-12.00000011587317,4
2,2025-10-27,DRMJJ0024,0,low_information,ADIDA4,0.0425531914893617,0.017338521369935682,0.09629192594000871,0.7585123330442324,0.032277120555073716,,0.032277120555073716,,0.0,0.2582169644405897,0.2582169644405897,0.2582169644405897,4
2,2025-10-27,DRMJJ0025,2,cluster_2,ADIDA4,0.19148936170212766,0.45216143796735353,0.15132739630629286,2.1783326513336494,0.4171275289787839,3.3370202318302713,0.2645033719717119,2.1160269757736954,1.0,3.1160269757736954,3.3370202318302713,2.1160269757736954,4
2,2025-10-27,DRMJJ0026,2,cluster_2,ADIDA4,0.2127659574468085,0.30953942078773544,0.999999970046711,14.099999577658625,2.999999910140133,,2.999999910140133,,0.0,23.999999281121063,23.999999281121063,23.999999281121063,4
2,2025-10-27,DRMJJ0027,2,cluster_2,ADIDA4,0.0851063829787234,0.8663580583900227,0.999999970046711,26.437499208109923,2.2499999326050997,,2.2499999326050997,,0.0,17.999999460840797,17.999999460840797,17.999999460840797,4
2,2025-10-27,ETZP0003,2,cluster_2,ADIDA4,0.07446808510638298,0.5058081634032131,0.999999970046711,23.499999899442532,1.7499999925116778,1.1666666616744519,-0.5000000299532888,-0.33333335330219255,12.0,7.999999760373688,13.999999940093423,-4.000000239626311,4
2,2025-10-27,ETZP0004,2,cluster_2,ADIDA4,0.3404255319148936,0.18535014059113533,0.800587002099379,3.3046875,1.125,0.6923076923076923,-0.03461988630552407,-0.02130454541878404,13.0,12.723040909555808,9.0,-0.27695909044419253,4
2,2025-10-27,FDBLHP0001,2,cluster_2,ADIDA4,0.2978723404255319,0.6190317412502632,0.19321957950753615,3.4689983462804217,1.033318656338849,1.6533098501421584,0.191637312677698,0.30661970028431684,5.0,6.533098501421584,8.266549250710792,1.533098501421584,4
2,2025-10-27,FDBLP0001,1,cluster_1,ADIDA4,0.776595744680851,0.999999970046711,0.6243158782152366,3.50858210902446,2.7247499357317615,7.265999828618031,2.7247499357317615,7.265999828618031,3.0,24.797999485854092,21.797999485854092,21.797999485854092,4
2,2025-10-27,FRC0002,1,cluster_1,ADIDA4,0.425531914893617,0.999999970046711,0.37602594034344955,0.020167635950152724,0.00858197274474584,,0.00858197274474584,,0.0,0.06865578195796672,0.06865578195796672,0.06865578195796672,4
2,2025-10-27,FRC0003,1,cluster_1,ADIDA4,0.7021276595744681,0.5365834008514987,0.21935099278027062,1.2861682077172796,0.9030542735036219,,0.9030542735036219,,0.0,7.224434188028975,7.224434188028975,7.224434188028975,4
2,2025-10-27,FRC0010,2,cluster_2,ADIDA4,0.14893617021276595,0.11471862539608381,0.20013372953500674,0.329714097973493,0.04910635501732874,,0.04910635501732874,,0.0,0.3928508401386299,0.3928508401386299,0.3928508401386299,4
2,2025-10-27,FRC0011,0,low_information,ADIDA4,0.02127659574468085,1.0037376640824323e-06,1.0037376640824323e-06,1.1793728146406359e-05,2.509303860937523e-07,,2.509303860937523e-07,,0.0,2.0074430887500185e-06,2.0074430887500185e-06,2.0074430887500185e-06,4
2,2025-10-27,FRH0001,1,cluster_1,ADIDA4,0.9553191489361703,0.4619087573563951,0.9465848897509643,3.6545613014752474e-10,3.4912723922603964e-10,,3.4912723922603964e-10,,0.0,2.793017913808317e-09,2.793017913808317e-09,2.793017913808317e-09,4
2,2025-10-27,FRH0002,1,cluster_1,ADIDA4,0.8936170212765957,0.2658684474774013,0.5606483200384175,0.005072362905009166,0.004532749830008191,,0.004532749830008191,,0.0,0.036261998640065525,0.036261998640065525,0.036261998640065525,4
2,2025-10-27,FRH0003,1,cluster_1,ADIDA4,1.4680851063829787,0.45385102025797336,0.999999974406605,0.08514492753623189,0.125,1.0,-0.125,-1.0,1.0,3.35284657639036e-23,1.0,-1.0,4
2,2025-10-27,FRH0004,1,cluster_1,ADIDA4,0.5957446808510638,0.47680740481889927,0.999999970046711,2.439636526585291e-76,1.453400483923152e-76,,1.453400483923152e-76,,0.0,1.1627203871385216e-75,1.1627203871385216e-75,1.1627203871385216e-75,4
2,2025-10-27,FRH0012,0,low_information,ADIDA4,0.0851063829787234,0.004425803175153196,0.019955033842166608,0.17863969968253457,0.015203378696385921,,0.015203378696385921,,0.0,0.12162702957108737,0.12162702957108737,0.12162702957108737,4
2,2025-10-27,FRH0028,1,cluster_1,ADIDA4,0.6170212765957447,0.19041690921200438,0.8891599907735793,0.9456030376860693,0.5834571934658725,2.33382877386349,0.19460959128783015,0.7784383651513206,2.0,3.5568767303026414,4.66765754772698,1.5568767303026412,4
2,2025-10-27,FRH0029,1,cluster_1,ADIDA4,0.5425531914893617,0.21196825364571237,0.49432035923793866,1.1519607843137256,0.625,1.0,-0.46292216910766526,-0.7406754705722645,5.0,1.2966226471386775,5.0,-3.703377352861322,4
2,2025-10-27,FRH0031,2,cluster_2,ADIDA4,0.23404255319148937,0.04552777277440434,0.21013630037408368,0.2817222650508311,0.065934998203386,,0.065934998203386,,0.0,0.527479985627088,0.527479985627088,0.527479985627088,4
2,2025-10-27,FRH0033,1,cluster_1,ADIDA4,3.1904255319148933,0.17148394453323626,0.518299134195169,0.7711206883172868,2.460203132195258,1.4058303612544332,2.170406264390516,1.240232151080295,14.0,31.363250115124128,19.681625057562066,17.363250115124128,4
2,2025-10-27,FRH0034,1,cluster_1,ADIDA4,1.1148936170212767,0.23292301443716426,0.5300854730918355,0.6557729289146605,0.7311170526623024,1.4622341053246048,0.4244682106492097,0.8489364212984194,4.0,7.395745685193678,5.848936421298419,3.3957456851936776,4
2,2025-10-27,FRH0035,2,cluster_2,ADIDA4,0.2765957446808511,0.3126932145768394,0.7897681692960876,1.0561702283568686e-08,2.9213219082211258e-09,,2.9213219082211258e-09,,0.0,2.3370575265769006e-08,2.3370575265769006e-08,2.3370575265769006e-08,4
2,2025-10-27,FRH0036,0,low_information,ADIDA4,0.0425531914893617,0.999999970046711,1.0037376640824323e-06,3.538121995268215e-05,1.5055838277737086e-06,,1.5055838277737086e-06,,0.0,1.2044670622189669e-05,1.2044670622189669e-05,1.2044670622189669e-05,4
2,2025-10-27,FRH0037,2,cluster_2,ADIDA4,0.1702127659574468,0.3132762825422928,0.799965863061024,3.444862734602279e-08,5.8635961440038785e-09,,5.8635961440038785e-09,,0.0,4.690876915203103e-08,4.690876915203103e-08,4.690876915203103e-08,4
2,2025-10-27,FRH0040,1,cluster_1,ADIDA4,0.7446808510638298,0.382401016501791,0.6284486107272526,0.000602646059121156,0.0004487789801966055,,0.0004487789801966055,,0.0,0.003590231841572844,0.003590231841572844,0.003590231841572844,4
2,2025-10-27,FRH0042,2,cluster_2,ADIDA4,0.1702127659574468,0.5711523733814131,0.999999970046711,1.416545259469565e-37,2.411140867182238e-38,,2.411140867182238e-38,,0.0,1.9289126937457903e-37,1.9289126937457903e-37,1.9289126937457903e-37,4
2,2025-10-27,FRH0043,2,cluster_2,ADIDA4,0.1595744680851064,0.13492502971283019,0.10736892692127703,0.8497092900986415,0.13559190799446408,,0.13559190799446408,,0.0,1.0847352639557126,1.0847352639557126,1.0847352639557126,4
2,2025-10-27,FRH0044,2,cluster_2,ADIDA4,0.35106382978723405,0.06534562916271984,0.21490883155324778,1.6550168347114924,0.5810165483561622,1.1620330967123245,-0.17593380657535085,-0.3518676131507017,4.0,2.592529547397193,4.648132386849298,-1.4074704526028068,4
2,2025-10-27,FRH0045,1,cluster_1,ADIDA4,0.7659574468085106,0.999999970046711,0.06386922854991661,0.9974053420970044,0.7639700492657906,,0.7639700492657906,,0.0,6.111760394126325,6.111760394126325,6.111760394126325,4
2,2025-10-27,FRH0046,1,cluster_1,ADIDA4,0.6276595744680851,0.11406343369412476,0.2881198202723597,2.3630501583581593,1.4831910568418234,0.6245014976176099,-1.4831910568418234,-0.6245014976176099,19.0,7.134471545265413,11.865528454734587,-11.865528454734587,4
2,2025-10-27,FRH0047,2,cluster_2,ADIDA4,0.40425531914893614,0.45614258423087284,0.18456752410996347,0.5713961974800573,0.23098995217278911,,0.23098995217278911,,0.0,1.847919617382313,1.847919617382313,1.847919617382313,4
2,2025-10-27,FRH0048,1,cluster_1,ADIDA4,2.354609929078014,0.314865845168706,0.6848981375034011,1.2891100585754214,3.0353513435960275,0.3916582378833584,-1.8914053743841102,-0.24405230637214326,62.0,46.86875700492712,24.28281074876822,-15.131242995072881,4
2,2025-10-27,FRH0049,2,cluster_2,ADIDA4,0.1702127659574468,0.18047711640534222,0.027967388885065038,0.27945030271765325,0.047566008973217576,,0.047566008973217576,,0.0,0.3805280717857406,0.3805280717857406,0.3805280717857406,4
2,2025-10-27,FRH0050,1,cluster_1,ADIDA4,1.0319148936170213,0.07393088327252456,0.3335872994472686,3.8295748018215487,3.9517952742201086,0.8319568998358123,-3.685727032293478,-0.7759425331144164,38.0,8.514183741652175,31.61436219376087,-29.485816258347825,4
2,2025-10-27,FRH0051,1,cluster_1,ADIDA4,1.8829787234042554,0.3627695501308424,0.48648759134882674,0.9404181154091439,1.7707873024193455,0.44269682560483636,-0.08314920967738182,-0.020787302419345455,32.0,31.334806322580945,14.166298419354764,-0.6651936774190546,4
2,2025-10-27,FRH0052,0,low_information,ADIDA4,0.06382978723404255,0.011587377624857936,0.052799791445005025,0.3421517876467811,0.021839475807241347,,0.021839475807241347,,0.0,0.17471580645793078,0.17471580645793078,0.17471580645793078,4
2,2025-10-27,FRH0056,1,cluster_1,ADIDA4,3.3297872340425534,0.6039626457448306,0.3835828390970039,0.8082114993006496,2.691172332777695,0.22426436106480793,-2.2548964437035934,-0.18790803697529945,96.0,77.96082845037125,21.52937866222156,-18.039171549628747,4
2,2025-10-27,FRH0056-1,0,low_information,ADIDA4,0.010638297872340425,0.999999970046711,0.999999970046711,47.0,0.5,1.0,-0.5,-1.0,4.0,0.0,4.0,-4.0,4
2,2025-10-27,FRH0058,0,low_information,ADIDA4,0.14893617021276595,0.00791443896350792,0.03699631437584132,0.27067738223800586,0.04031365267374555,,0.04031365267374555,,0.0,0.3225092213899644,0.3225092213899644,0.3225092213899644,4
2,2025-10-27,FRH0059,1,cluster_1,ADIDA4,1.4609929078014183,0.7608115213616929,0.9999999770092598,1.9108009656283254,2.791666659003085,7.4444444240082275,2.791666659003085,7.4444444240082275,3.0,25.33333327202468,22.33333327202468,22.33333327202468,4
2,2025-10-27,FRH0064,1,cluster_1,ADIDA4,0.425531914893617,0.1683072555366062,0.30241968310746686,5.891168462753298,2.5068801969162973,0.6469368250106574,-2.050840262555063,-0.5292491000142098,31.0,14.593277899559496,20.055041575330378,-16.406722100440504,4
2,2025-10-27,FRH0065,2,cluster_2,ADIDA4,0.1595744680851064,0.9999999694456345,0.20251745346001887,5.948166339596198,0.9491754797227976,0.8437115375313756,-0.4217019188911904,-0.3748461501255026,9.0,5.626384648870476,7.593403837782381,-3.3736153511295233,4
2,2025-10-27,FRH0068,0,low_information,ADIDA4,0.02127659574468085,0.999999970046711,0.999999970046711,94.0,2.0,1.0,-2.0,-1.0,16.0,0.0,16.0,-16.0,4
2,2025-10-27,FRW00011,2,cluster_2,ADIDA4,0.1702127659574468,0.05492482622447965,0.15762829305620943,0.9905261351403345,0.1686001932153761,,0.1686001932153761,,0.0,1.3488015457230087,1.3488015457230087,1.3488015457230087,4
2,2025-10-27,FRW0005,1,cluster_1,ADIDA4,1.372340425531915,0.33133504244158224,0.49498482085282985,1.7527807807769196,2.40541192255556,0.9163473990687847,2.40541192255556,0.9163473990687847,21.0,40.24329538044448,19.24329538044448,19.24329538044448,4
2,2025-10-27,FRW0006,1,cluster_1,ADIDA4,2.6914893617021276,0.3170837287592605,0.9979504016100622,2.48553785135601,6.689798685032665,0.6081635168211513,-6.253064913376887,-0.5684604466706261,88.0,37.9754806929849,53.51838948026132,-50.0245193070151,4
2,2025-10-27,FRW0007,0,low_information,ADIDA4,0.0851063829787234,0.1083775793075165,0.40202875642175434,0.008844926511798624,0.0007527597031317978,,0.0007527597031317978,,0.0,0.006022077625054382,0.006022077625054382,0.006022077625054382,4
2,2025-10-27,FRW0008,0,low_information,ADIDA4,0.06382978723404255,0.07748124781140273,0.20842181531195306,4.75125883284833,0.3032718403945742,1.2130873615782969,-0.14345631921085153,-0.5738252768434061,2.0,0.852349446313188,2.4261747231565938,-1.1476505536868122,4
2,2025-10-27,FRW0009,2,cluster_2,ADIDA4,0.1595744680851064,0.5660513829214565,0.14423423225387025,4.7,0.75,1.0,-0.4558012312238904,-0.6077349749651871,6.0,2.3535901502088774,6.0,-3.646409849791123,4
2,2025-10-27,FRW0011,2,cluster_2,ADIDA4,0.10638297872340426,0.3013090811238483,0.6125741355159433,4.7286743718053275e-05,5.0305046508567316e-06,,5.0305046508567316e-06,,0.0,4.024403720685385e-05,4.024403720685385e-05,4.024403720685385e-05,4
2,2025-10-27,FRW0013,1,cluster_1,ADIDA4,0.2127659574468085,0.6077441631802007,0.999999970046711,5.498715157259097e-106,1.16993939516151e-106,,1.16993939516151e-106,,0.0,9.35951516129208e-106,9.35951516129208e-106,9.35951516129208e-106,4
2,2025-10-27,FRW0014,2,cluster_2,ADIDA4,0.0851063829787234,0.5046368422950996,0.999999970046711,2.749356878635182e-105,2.3398781945831336e-106,,2.3398781945831336e-106,,0.0,1.871902555666507e-105,1.871902555666507e-105,1.871902555666507e-105,4
2,2025-10-27,FRW0015,1,cluster_1,ADIDA4,1.0425531914893618,0.9999999776437019,0.816660186857356,0.028932927515751123,0.030164115920676703,,0.030164115920676703,,0.0,0.24131292736541363,0.24131292736541363,0.24131292736541363,4
2,2025-10-27,FRW0016,2,cluster_2,ADIDA4,0.2978723404255319,0.1049381283153256,0.4459826658315519,0.008961794441957245,0.002669470684838328,,0.002669470684838328,,0.0,0.021355765478706625,0.021355765478706625,0.021355765478706625,4
2,2025-10-27,FRW0017,2,cluster_2,ADIDA4,0.1702127659574468,0.8427629966898774,0.03128082792585733,0.6259299588379391,0.10654126958943645,,0.10654126958943645,,0.0,0.8523301567154916,0.8523301567154916,0.8523301567154916,4
2,2025-10-27,FRW0020,2,cluster_2,ADIDA4,0.06382978723404255,0.2581686687190254,0.4999999429155256,0.00035858209564399243,2.288821887089313e-05,,2.288821887089313e-05,,0.0,0.00018310575096714505,0.00018310575096714505,0.00018310575096714505,4
2,2025-10-27,FRW0021,0,low_information,ADIDA4,0.0851063829787234,0.020187976135489876,0.09533613832929355,0.5209769457299195,0.04433846346637613,,0.04433846346637613,,0.0,0.354707707731009,0.354707707731009,0.354707707731009,4
2,2025-10-27,FRW0022,0,low_information,ADIDA4,0.0851063829787234,0.01894618187965337,0.04269699819877374,0.4172389297770448,0.035509696151237856,,0.035509696151237856,,0.0,0.28407756920990285,0.28407756920990285,0.28407756920990285,4
2,2025-10-27,FRW0023,2,cluster_2,ADIDA4,0.1702127659574468,0.048698331452666055,0.16461255214389295,0.8525104056099614,0.1451081541463764,,0.1451081541463764,,0.0,1.1608652331710112,1.1608652331710112,1.1608652331710112,4
2,2025-10-27,FRW0024,2,cluster_2,ADIDA4,0.09574468085106383,0.47410943771316194,0.999999970046711,18.277777836436304,1.7500000056162417,0.8750000028081208,-1.0000000224649668,-0.5000000112324834,16.0,7.999999820280264,14.000000044929934,-8.000000179719734,4
2,2025-10-27,FSTBY001,0,low_information,ADIDA4,0.0,0.999999970046711,0.999999970046711,,0.0,,0.0,,0.0,0.0,0.0,0.0,4
2,2025-10-27,FZGLS0001,0,low_information,ADIDA4,0.0,0.999999970046711,0.999999970046711,,0.25,1.0,-0.25,-1.0,2.0,0.0,2.0,-2.0,4
2,2025-10-27,FZGLS0002,0,low_information,ADIDA4,0.02127659574468085,0.02817468798688167,1.0037376640824323e-06,5.875017690823059,0.1250003764004906,1.0000030112039249,-0.12499949813267919,-0.9999959850614335,1.0,4.014938566470284e-06,1.0000030112039249,-0.9999959850614335,4
2,2025-10-27,FZLRICBHP0001,2,cluster_2,ADIDA4,0.14893617021276595,0.7693968205655414,0.061913124813313736,1.2320360272458935,0.18349472746215434,,0.18349472746215434,,0.0,1.4679578196972347,1.4679578196972347,1.4679578196972347,4
2,2025-10-27,FZLRJ0001,2,cluster_2,ADIDA4,0.40425531914893614,0.45554305832331626,0.999999970046711,0.6184210711553256,0.25000000748832313,1.0000000299532925,-0.24999998502335374,-0.999999940093415,2.0,1.1981317019627905e-07,2.000000059906585,-1.99999988018683,4
2,2025-10-27,FZLRJ0001double,0,low_information,ADIDA4,0.0425531914893617,0.025671396843561057,0.1339745963181169,0.9539811091952096,0.04059494081681743,,0.04059494081681743,,0.0,0.32475952653453943,0.32475952653453943,0.32475952653453943,4
2,2025-10-27,FZLRJ0002,1,cluster_1,ADIDA4,0.5106382978723404,0.370455379252947,0.8776516376413701,1.916592617693205,0.9786855920135514,3.9147423680542057,0.7215807893514019,2.8863231574056076,2.0,7.772646314811215,7.8294847361084114,5.772646314811215,4
2,2025-10-27,FZLRJ0002double,2,cluster_2,ADIDA4,0.1276595744680851,0.13039932896248504,0.18094508858492792,1.2969052957187497,0.16556237817686165,,0.16556237817686165,,0.0,1.3244990254148932,1.3244990254148932,1.3244990254148932,4
2,2025-10-27,GJMJSLW001,1,cluster_1,ADIDA4,2.4893617021276597,0.1722934237654881,0.02383143549016857,0.350758358918805,0.873164425393621,,0.873164425393621,,0.0,6.985315403148968,6.985315403148968,6.985315403148968,4
2,2025-10-27,GJMJSW001,0,low_information,ADIDA4,0.02127659574468085,1.0037376640824323e-06,1.0037376640824323e-06,1.1793775497761741e-05,2.5093139356939874e-07,,2.5093139356939874e-07,,0.0,2.00745114855519e-06,2.00745114855519e-06,2.00745114855519e-06,4
2,2025-10-27,GJMJWJX001,1,cluster_1,ADIDA4,5.613475177304964,0.2072714411053686,0.999999970046711,4.76531902920327,26.750000082371542,0.7588652505637317,-26.750000082371542,-0.7588652505637317,282.0,67.99999934102763,214.00000065897234,-214.00000065897234,4
2,2025-10-27,GJMJWJXW001,1,cluster_1,ADIDA4,6.957446808510638,0.37744474652377813,0.04912424195757274,9.734030662608557,67.7240005675106,0.9640427127047773,-66.1980011350212,-0.9423203008543943,562.0,32.41599091983049,541.7920045400848,-529.5840090801696,4
2,2025-10-27,GJMUSDW001,0,low_information,ADIDA4,0.02127659574468085,0.6180343707159061,1.0037376640824323e-06,2.3587574671260587e-05,5.018632908778848e-07,,5.018632908778848e-07,,0.0,4.014906327023078e-06,4.014906327023078e-06,4.014906327023078e-06,4
2,2025-10-27,HLGKSLT0001,1,cluster_1,ADIDA4,0.6063829787234043,0.3809128927857246,0.881400273992989,3.2335467034973946,1.9607676819079947,0.7130064297847253,1.8643569092106596,0.6779479669856944,22.0,36.914855273685276,15.686141455263957,14.914855273685276,4
2,2025-10-27,HSAKSLT0001,2,cluster_2,ADIDA4,0.1702127659574468,0.13839387207510734,0.21821640564353745,1.4301762844036785,0.2434342611750942,,0.2434342611750942,,0.0,1.9474740894007536,1.9474740894007536,1.9474740894007536,4
2,2025-10-27,HWZDSKL0001,1,cluster_1,ADIDA4,1.297872340425532,0.22583262563936118,0.4253344174116922,1.5614554248982722,2.026569806782864,,2.026569806782864,,0.0,16.21255845426291,16.21255845426291,16.21255845426291,4
2,2025-10-27,HWZDSKL0002,1,cluster_1,ADIDA4,0.2765957446808511,0.6636216660412754,0.14610858496472512,1.608568773530615,0.4449232777850637,3.5593862222805095,0.3015643703800849,2.412514963040679,1.0,3.412514963040679,3.5593862222805095,2.412514963040679,4
2,2025-10-27,HZSN0001,1,cluster_1,ADIDA4,0.9007092198581562,0.535040724129841,0.7224550023402434,1.4556381033232373,1.3111066604400792,0.8740711069600527,1.2481422139201057,0.8320948092800705,12.0,21.985137711360846,10.488853283520633,9.985137711360846,4
2,2025-10-27,JZJ00011,1,cluster_1,ADIDA4,0.2553191489361702,0.8513782830007461,0.38904607989951806,4.553315209827077,1.1625485642111686,0.7154145010530268,-0.4748057431553255,-0.29218814963404643,13.0,9.201554054757397,9.300388513689349,-3.798445945242604,4
2,2025-10-27,JZJ00012,1,cluster_1,ADIDA4,1.1914893617021276,0.5249572344969841,0.5407613323827516,1.789353274160332,2.131995390488906,0.7415636140830977,1.467660520651875,0.510490615878913,23.0,34.741284165215,17.055963123911248,11.741284165215,4
2,2025-10-27,JZJ0002,1,cluster_1,ADIDA4,1.7446808510638299,0.6221567083634745,0.9429643310319507,1.770324671154075,3.0886515539283863,0.3801417297142629,-1.9796062157135452,-0.2436438419339748,65.0,49.16315027429164,24.70921243142709,-15.836849725708362,4
2,2025-10-27,JZJ0003,1,cluster_1,ADIDA4,2.8404255319148937,0.5307754278018023,0.5637222400294196,1.8959571703951346,5.3853251542074565,0.25048023973057937,-3.041300616829826,-0.14145584264324773,172.0,147.6695950653614,43.08260123365965,-24.330404934638608,4
2,2025-10-27,JZJ0004,2,cluster_2,ADIDA4,0.2978723404255319,0.1952473013633463,0.27259938862173344,1.392804601508953,0.41487796640692215,,0.41487796640692215,,0.0,3.319023731255377,3.319023731255377,3.319023731255377,4
2,2025-10-27,JZJ0005,1,cluster_1,ADIDA4,0.5886524822695036,0.4248118409012268,0.35589761967621125,2.2378758114988995,1.317331151449707,,1.317331151449707,,0.0,10.538649211597656,10.538649211597656,10.538649211597656,4
2,2025-10-27,JZJ0008,1,cluster_1,ADIDA4,1.1382978723404256,0.46012959608992354,0.8104792745567521,3.981589499315335,4.532234855603626,7.251575768965802,4.532234855603626,7.251575768965802,5.0,41.25787884482901,36.25787884482901,36.25787884482901,4
2,2025-10-27,JZJ0009,1,cluster_1,ADIDA4,2.148936170212766,0.699190204708374,0.8943459562180751,2.501237623762376,5.375,0.20772946859903382,1.7174824708457237,0.06637613413896516,207.0,220.7398597667658,43.0,13.73985976676579,4
2,2025-10-27,JZJ0013,1,cluster_1,ADIDA4,2.872340425531915,0.9849256087196874,0.7306778465821895,1.9583333333333333,5.625,0.2727272727272727,0.6755836013247531,0.03275556854907894,165.0,170.40466881059803,45.0,5.404668810598025,4
2,2025-10-27,JZJ0014,2,cluster_2,ADIDA4,0.2127659574468085,0.04576551507862846,0.3502133789666708,2.2187513288958542,0.47207475082890515,3.7765980066312412,0.3377663344385402,2.7021306755083216,1.0,3.7021306755083216,3.7765980066312412,2.7021306755083216,4
2,2025-10-27,JZJ0016,1,cluster_1,ADIDA4,1.148936170212766,0.2526281184267858,0.6030179055556691,2.796067294672373,3.212502849198046,,3.212502849198046,,0.0,25.700022793584367,25.700022793584367,25.700022793584367,4
2,2025-10-27,JZJ0017,2,cluster_2,ADIDA4,0.1702127659574468,0.08897012535014348,0.14275626255503515,1.3755312202501186,0.23413297365959465,,0.23413297365959465,,0.0,1.8730637892767572,1.8730637892767572,1.8730637892767572,4
2,2025-10-27,JZJ0018,2,cluster_2,ADIDA4,0.23404255319148937,0.6269364422933181,0.49624273964385773,5.997761006739496,1.4037312994496693,2.8074625988993387,1.3716417325995591,2.7432834651991183,4.0,14.973133860796473,11.229850395597355,10.973133860796473,4
2,2025-10-27,JZJ0019,1,cluster_1,ADIDA4,0.4234042553191489,0.6015453425121744,0.9999999682735776,4.8712311712335685,2.0625000065435746,0.3666666678299688,-1.8750000087247658,-0.3333333348844028,45.0,29.999999930201874,16.500000052348597,-15.000000069798126,4
2,2025-10-27,JZQCQ001,1,cluster_1,ADIDA4,2.8297872340425534,0.5424169310425565,0.9999999791719073,3.158914352353512e-31,8.93905550772377e-31,,8.93905550772377e-31,,0.0,7.151244406179015e-30,7.151244406179015e-30,7.151244406179015e-30,4
2,2025-10-27,JZQCQ003,1,cluster_1,ADIDA4,3.9148936170212765,0.4474018885852617,0.610414139137097,0.067355300832918,0.2636888373033386,,0.2636888373033386,,0.0,2.1095106984267087,2.1095106984267087,2.1095106984267087,4
2,2025-10-27,JZQCQ004,1,cluster_1,ADIDA4,0.7021276595744681,0.6265562468512845,0.15614992779451897,1.5464911982076008,1.0858342455500176,,1.0858342455500176,,0.0,8.686673964400141,8.686673964400141,8.686673964400141,4
2,2025-10-27,KFZ0001,2,cluster_2,ADIDA4,0.1276595744680851,0.042682073169678675,0.23935954685503946,0.946897300903401,0.12088050649830649,,0.12088050649830649,,0.0,0.9670440519864519,0.9670440519864519,0.9670440519864519,4
2,2025-10-27,KZCWBG001,2,cluster_2,ADIDA4,0.26595744680851063,0.6261607258008527,0.3579449714870425,2.5192647106004427,0.6700172102660752,5.3601376821286015,0.6016896136881003,4.813516909504802,1.0,5.813516909504802,5.3601376821286015,4.813516909504802,4
2,2025-10-27,LRKF0001,1,cluster_1,ADIDA4,0.44680851063829785,0.7869556051534478,0.8804142846751296,1.224764783442576e-09,5.472353287722148e-10,,5.472353287722148e-10,,0.0,4.377882630177719e-09,4.377882630177719e-09,4.377882630177719e-09,4
2,2025-10-27,LTKF0002,2,cluster_2,ADIDA4,0.0425531914893617,0.9999999638290566,0.04257288809700312,1.2135271876715858,0.05163945479453557,,0.05163945479453557,,0.0,0.41311563835628456,0.41311563835628456,0.41311563835628456,4
2,2025-10-27,LTKF0003B,0,low_information,ADIDA4,0.02127659574468085,1.0037376640824323e-06,1.0037376640824323e-06,1.1793787335630293e-05,2.509316454389424e-07,,2.509316454389424e-07,,0.0,2.007453163511539e-06,2.007453163511539e-06,2.007453163511539e-06,4
2,2025-10-27,LTKF0005A,2,cluster_2,ADIDA4,0.2553191489361702,0.14373870752295675,0.3932208419919384,1.5372634426924123,0.3924927938789138,1.5699711755156551,-0.06000960816144832,-0.24003843264579328,2.0,1.5199231347084132,3.1399423510313103,-0.48007686529158655,4
2,2025-10-27,LTKF0006A,0,low_information,ADIDA4,0.02127659574468085,1.0037376640824323e-06,1.0037376640824323e-06,1.1793775497761741e-05,2.5093139356939874e-07,,2.5093139356939874e-07,,0.0,2.00745114855519e-06,2.00745114855519e-06,2.00745114855519e-06,4
2,2025-10-27,LTKF0008,2,cluster_2,ADIDA4,0.1702127659574468,0.23102747862098838,0.03585773715723265,0.3826270617147116,0.06512801050463177,,0.06512801050463177,,0.0,0.5210240840370541,0.5210240840370541,0.5210240840370541,4
2,2025-10-27,LTKF0009,2,cluster_2,ADIDA4,0.2127659574468085,0.29891185056198827,0.0263823557231218,0.3440719766840428,0.07320680354979635,,0.07320680354979635,,0.0,0.5856544283983708,0.5856544283983708,0.5856544283983708,4
2,2025-10-27,LTKF0010,0,low_information,ADIDA4,0.0425531914893617,1.0037376640824323e-06,1.0037376640824323e-06,1.1793787335630293e-05,5.018632908778848e-07,,5.018632908778848e-07,,0.0,4.014906327023078e-06,4.014906327023078e-06,4.014906327023078e-06,4
2,2025-10-27,LTKF0012,0,low_information,ADIDA4,0.06382978723404255,0.2679491850250672,1.0037376640824323e-06,1.965631222605049e-05,1.2546582271947121e-06,,1.2546582271947121e-06,,0.0,1.0037265817557697e-05,1.0037265817557697e-05,1.0037265817557697e-05,4
2,2025-10-27,LTKF0016,0,low_information,ADIDA4,0.0851063829787234,0.009908261214855057,1.0037376640824323e-06,2.063912783735301e-05,1.7565215180725968e-06,,1.7565215180725968e-06,,0.0,1.4052172144580775e-05,1.4052172144580775e-05,1.4052172144580775e-05,4
2,2025-10-27,LTKF0018A,0,low_information,ADIDA4,0.06382978723404255,1.0037376640824323e-06,1.0037376640824323e-06,1.1793787335630297e-05,7.527949363168273e-07,,7.527949363168273e-07,,0.0,6.022359490534619e-06,6.022359490534619e-06,6.022359490534619e-06,4
2,2025-10-27,LTKF0019,1,cluster_1,ADIDA4,0.723404255319149,0.2681553182548429,0.5522643452901251,1.5551470588235292,1.125,1.0,-0.4983858030893442,-0.44300960274608375,9.0,5.012913575285246,9.0,-3.9870864247147537,4
2,2025-10-27,LTKF0020,1,cluster_1,ADIDA4,3.3404255319148937,0.7093134096861262,0.4364842400897592,4.281136595041123,14.30081798769056,1.0793070179389102,4.817757316920748,0.36360432580533947,106.0,144.54205853536598,114.40654390152449,38.54205853536598,4
2,2025-10-27,LTKF0021,1,cluster_1,ADIDA4,1.3404255319148937,0.2604896161743506,0.6512370332116617,1.8857313379178777,2.5276824316771553,0.8791938892790105,2.3285765755695405,0.8099396784589706,23.0,41.628612604556324,20.221459453417243,18.628612604556324,4
2,2025-10-27,LTKF0022,1,cluster_1,ADIDA4,0.2765957446808511,0.4851294305593471,0.45780121989479866,1.2373974073400156,0.342258857349366,,0.342258857349366,,0.0,2.738070858794928,2.738070858794928,2.738070858794928,4
2,2025-10-27,LTKF0022M,1,cluster_1,ADIDA4,0.44680851063829785,0.41140157359217827,0.6505527844161922,5.760520835232258,2.573849734891009,1.7158998232606726,1.147699469782018,0.7651329798546787,12.0,21.181595758256144,20.590797879128072,9.181595758256144,4
2,2025-10-27,LTKF0023,0,low_information,ADIDA4,0.02127659574468085,1.0037376640824323e-06,1.0037376640824323e-06,1.1793775497761741e-05,2.5093139356939874e-07,,2.5093139356939874e-07,,0.0,2.00745114855519e-06,2.00745114855519e-06,2.00745114855519e-06,4
2,2025-10-27,LTKF0024A,2,cluster_2,ADIDA4,0.20212765957446807,0.44447573565277787,0.999999970046711,1.1114246471214579e-07,2.2464966271603936e-08,,2.2464966271603936e-08,,0.0,1.7971973017283149e-07,1.7971973017283149e-07,1.7971973017283149e-07,4
2,2025-10-27,LTKF0031,1,cluster_1,ADIDA4,1.2872340425531914,0.5079669059734228,0.5267128701203523,2.3064999846253906,2.969005299358215,0.8797052738839156,2.3130105987164304,0.6853364736937572,27.0,45.50408478973144,23.75204239486572,18.504084789731444,4
2,2025-10-27,LTKF0047,1,cluster_1,ADIDA4,0.2553191489361702,0.574650176032199,0.7540520893027497,0.6295067827123196,0.16072513601165606,1.2858010880932484,-0.07736648531779192,-0.6189318825423353,1.0,0.3810681174576646,1.2858010880932484,-0.6189318825423353,4
2,2025-10-27,LTKF0058,0,low_information,ADIDA4,0.0,0.999999970046711,0.999999970046711,,1.0,1.0,-1.0,-1.0,8.0,0.0,8.0,-8.0,4
2,2025-10-27,LTKF0101,1,cluster_1,ADIDA4,1.3191489361702127,0.42179245676822374,0.29486084951665004,4.90822877396201,6.474684765652013,1.9922106971236961,2.382913020869351,0.7332040064213388,26.0,45.06330416695481,51.7974781252161,19.063304166954808,4
2,2025-10-27,LTKF0102,2,cluster_2,ADIDA4,0.10638297872340426,0.6120649897189874,0.5714285714285715,9.4,1.0,1.3333333333333333,0.25,0.3333333333333333,6.0,8.0,8.0,2.0,4
2,2025-10-27,LTKF0103,0,low_information,ADIDA4,0.05319148936170213,0.33333332505586727,0.999999970046711,7.05,0.375,1.0,-0.375,-1.0,3.0,0.0,3.0,-3.0,4
2,2025-10-27,LTKF0106,0,low_information,ADIDA4,0.0,0.999999970046711,0.999999970046711,,0.5,1.0,-0.5,-1.0,4.0,0.0,4.0,-4.0,4
2,2025-10-27,LTKF0111,0,low_information,ADIDA4,0.02127659574468085,1.0037376640824323e-06,1.0037376640824323e-06,35.24999705152357,0.749999937266459,0.9999999163552786,-0.7499997490658359,-0.9999996654211145,6.0,2.007473313186268e-06,5.999999498131672,-5.999997992526687,4
2,2025-10-27,LTKF093,2,cluster_2,ADIDA4,0.2765957446808511,0.12854213458831226,0.44135484401674363,4.0673076923076925,1.125,1.0,-0.2361864077537144,-0.20994347355885726,9.0,7.110508737970284,9.0,-1.8894912620297153,4
2,2025-10-27,LTKF098,2,cluster_2,ADIDA4,0.32978723404255317,0.9999999762934778,0.9999999715811568,11.370967914282007,3.750000056837683,3.0000000454701463,3.750000056837683,3.0000000454701463,10.0,40.000000454701464,30.000000454701464,30.000000454701464,4
2,2025-10-27,LYC0201,1,cluster_1,ADIDA4,0.3191489361702128,0.3503533005639758,0.999999970046711,9.399999999999993,2.999999999999998,,2.999999999999998,,0.0,23.999999999999982,23.999999999999982,23.999999999999982,4
2,2025-10-27,LYC0203,2,cluster_2,ADIDA4,0.1702127659574468,0.15118299486331985,0.47321857045668003,3.5706878757156884,0.6077766596962874,4.862213277570299,0.5187022129283831,4.149617703427065,1.0,5.149617703427065,4.862213277570299,4.149617703427065,4
2,2025-10-27,NNB0002,0,low_information,ADIDA4,0.06382978723404255,0.07039673162540609,0.9999999755167436,135.125,8.625,0.9857142857142858,-8.5,-0.9714285714285714,70.0,2.0,69.0,-68.0,4
2,2025-10-27,QCCXC0004,1,cluster_1,ADIDA4,1.3191489361702127,0.39992984103304996,0.04529720829115405,0.6622564253765747,0.8736148590073963,,0.8736148590073963,,0.0,6.988918872059171,6.988918872059171,6.988918872059171,4
2,2025-10-27,QCCXC0005,1,cluster_1,ADIDA4,1.1914893617021276,0.46117576724116455,0.3466523459110521,2.62879429768159,3.1321804397908304,,3.1321804397908304,,0.0,25.057443518326643,25.057443518326643,25.057443518326643,4
2,2025-10-27,QCCXC0007,1,cluster_1,ADIDA4,1.8936170212765957,0.34597275000539396,0.35174997547075004,2.4631004281052578,4.664168895773786,,4.664168895773786,,0.0,37.31335116619029,37.31335116619029,37.31335116619029,4
2,2025-10-27,QCSSXC0004,0,low_information,ADIDA4,0.06382978723404255,0.021898640369946203,0.3086029674058352,0.165096168468143,0.010538053306477212,,0.010538053306477212,,0.0,0.0843044264518177,0.0843044264518177,0.0843044264518177,4
2,2025-10-27,QCSSXC0005,1,cluster_1,ADIDA4,1.1063829787234043,0.14406222655850368,0.9999999665287368,8.58653830271088,9.499999824275868,,9.499999824275868,,0.0,75.99999859420694,75.99999859420694,75.99999859420694,4
2,2025-10-27,QCSSXC0006,1,cluster_1,ADIDA4,0.648936170212766,0.21533891554915097,0.8131934964251215,6.468993302059067,4.1979637385702455,16.791854954280982,4.1979637385702455,16.791854954280982,2.0,35.583709908561964,33.583709908561964,33.583709908561964,4
2,2025-10-27,QCXDS001,1,cluster_1,ADIDA4,1.3829787234042554,0.8226851492299591,0.07153483513864273,0.8953538999648503,1.23825539356841,,1.23825539356841,,0.0,9.90604314854728,9.90604314854728,9.90604314854728,4
2,2025-10-27,QCXXC0001,2,cluster_2,ADIDA4,0.48936170212765956,0.19581537312991268,0.15827362274122614,1.2664025869703845,0.6197289255386988,,0.6197289255386988,,0.0,4.957831404309591,4.957831404309591,4.957831404309591,4
2,2025-10-27,QCXXC0002,2,cluster_2,ADIDA4,0.3191489361702128,0.18048424441309424,0.514570248857029,0.12591376287931708,0.040185243472122475,,0.040185243472122475,,0.0,0.3214819477769798,0.3214819477769798,0.3214819477769798,4
2,2025-10-27,QFSJZ001-1,1,cluster_1,ADIDA4,0.3723404255319149,0.692052386911457,0.8568180618677254,4.9852497494305945,1.8562100130858594,4.949893368228959,1.8562100130858594,4.949893368228959,3.0,17.849680104686875,14.849680104686875,14.849680104686875,4
2,2025-10-27,QFSJZ002-1,2,cluster_2,ADIDA4,0.14893617021276595,0.1964837924497571,0.39037839544475605,4.7749182715753795,0.7111580404473969,,0.7111580404473969,,0.0,5.6892643235791756,5.6892643235791756,5.6892643235791756,4
2,2025-10-27,QFSJZ003,2,cluster_2,ADIDA4,0.13829787234042554,0.11859409252645584,0.39326387000970703,1.9761762695207354,0.27330097344435705,,0.27330097344435705,,0.0,2.1864077875548564,2.1864077875548564,2.1864077875548564,4
2,2025-10-27,QFSJZ003-1,2,cluster_2,ADIDA4,0.2765957446808511,0.3093697791107071,0.4116770790211937,3.1328927291835638,0.8665447974337517,1.7330895948675034,0.6553930632450022,1.3107861264900045,4.0,9.243144505960018,6.932358379470013,5.243144505960018,4
2,2025-10-27,QYGZIPJ,0,low_information,ADIDA4,0.06382978723404255,0.08974358118575979,0.3058542782402369,3.289686407756838,0.20997998347384073,1.6798398677907258,-0.011693355368212366,-0.09354684294569893,1.0,0.9064531570543011,1.6798398677907258,-0.09354684294569893,4
2,2025-10-27,RLHZHMV000AMDE,1,cluster_1,ADIDA4,3.0425531914893615,0.6718546897857977,0.8366334941575542,0.6984265734265734,2.125,0.5151515151515151,0.7217039199560062,0.17495852604994092,33.0,38.77363135964805,17.0,5.77363135964805,4
2,2025-10-27,SLT0001,0,low_information,ADIDA4,0.0425531914893617,1.0037376640824323e-06,1.0037376640824323e-06,1.1793811011403041e-05,5.018642983575762e-07,,5.018642983575762e-07,,0.0,4.01491438686061e-06,4.01491438686061e-06,4.01491438686061e-06,4
2,2025-10-27,SLT0003,2,cluster_2,ADIDA4,0.2765957446808511,0.11578263902465427,0.2842606669364257,3.527296598528017,0.9756352293800898,0.7805081835040719,-0.7012704587601797,-0.5610163670081437,10.0,4.3898363299185625,7.805081835040719,-5.6101636700814375,4
2,2025-10-27,SLT0004,0,low_information,ADIDA4,0.07446808510638298,0.5649279963153425,1.0037376640824323e-06,13.428571428571429,1.0,1.0,-0.9999997490660877,-0.9999997490660877,8.0,2.0074712982096937e-06,8.0,-7.9999979925287015,4
2,2025-10-27,SPH0001,2,cluster_2,ADIDA4,0.2765957446808511,0.9354229080097287,0.999999970046711,20.788460915778742,5.749999827768589,,5.749999827768589,,0.0,45.99999862214871,45.99999862214871,45.99999862214871,4
2,2025-10-27,SRPDZS0001,0,low_information,ADIDA4,0.0851063829787234,0.24169038845153543,0.07590013735748231,0.89417655180498,0.07610013206850894,,0.07610013206850894,,0.0,0.6088010565480715,0.6088010565480715,0.6088010565480715,4
2,2025-10-27,SRPDZS0002,2,cluster_2,ADIDA4,0.06382978723404255,0.9999999722117726,0.0417148891018896,1.144224969051746,0.07303563632245187,,0.07303563632245187,,0.0,0.584285090579615,0.584285090579615,0.584285090579615,4
2,2025-10-27,WSJZS0002,1,cluster_1,ADIDA4,0.40425531914893614,0.999999970046711,0.999999970046711,9.894736545725353,3.999999880186844,,3.999999880186844,,0.0,31.999999041494753,31.999999041494753,31.999999041494753,4
2,2025-10-27,WSJZS0004,1,cluster_1,ADIDA4,0.6914893617021277,0.6943357554913704,0.999999970046711,15.546153380495408,10.749999678002144,,10.749999678002144,,0.0,85.99999742401715,85.99999742401715,85.99999742401715,4
2,2025-10-27,XHP0001,1,cluster_1,ADIDA4,1.2553191489361701,0.8647901798726765,0.231661464220327,2.7775177870893297,3.486671264644052,2.7893370117152414,2.732228352858736,2.185782682286989,10.0,31.85782682286989,27.893370117152415,21.85782682286989,4
2,2025-10-27,XHZXCZP0001,1,cluster_1,ADIDA4,2.882978723404255,0.9230139741274515,0.5246122766076706,2.770986235117004,7.988694358688383,2.061598544177647,7.988694358688383,2.061598544177647,31.0,94.90955486950706,63.90955486950706,63.90955486950706,4
2,2025-10-27,XHZXCZP0002,2,cluster_2,ADIDA4,0.09574468085106383,0.6251949197409793,0.999999970046711,13.055555438238507,1.2499999887675166,0.7692307623184718,-0.12500004492993355,-0.0769231045722668,13.0,11.999999640560532,9.999999910140133,-1.0000003594394684,4
2,2025-10-27,YBB0001,1,cluster_1,ADIDA4,0.20212765957446807,0.9668892744464788,0.427195427762939,7.959670750876637,1.6088696198580437,2.57419139177287,1.3427392397160873,2.1483827835457396,5.0,15.741913917728699,12.87095695886435,10.741913917728699,4
2,2025-10-27,YDBZ001,1,cluster_1,ADIDA4,0.4787234042553192,0.999999966932122,0.999999970046711,10.18333319255287,4.874999932605098,3.545454496440071,4.874999932605098,3.545454496440071,11.0,49.99999946084078,38.99999946084078,38.99999946084078,4
2,2025-10-27,YDBZ002,1,cluster_1,ADIDA4,0.8085106382978723,0.5113801709417791,0.16918668452246394,1.926953901260483,1.5579627286786883,1.1330638026754096,0.4909254573573767,0.3570366962599103,11.0,14.927403658859014,12.463701829429507,3.9274036588590135,4
2,2025-10-27,YDBZLV0001AMDE,2,cluster_2,ADIDA4,0.1702127659574468,0.21756310308259466,0.9657757549913081,3.0452161305119035e-12,5.183346605126644e-13,,5.183346605126644e-13,,0.0,4.146677284101315e-12,4.146677284101315e-12,4.146677284101315e-12,4
2,2025-10-27,YDBZWV0001AMDE,2,cluster_2,ADIDA4,0.19148936170212766,0.30079803678000855,0.6165281217104027,0.007794997735068703,0.0014926591407578367,,0.0014926591407578367,,0.0,0.011941273126062694,0.011941273126062694,0.011941273126062694,4
2,2025-10-27,YJL0002,0,low_information,ADIDA4,0.0425531914893617,0.20109752085966626,0.999999970046711,11.749999648048854,0.4999999850233555,,0.4999999850233555,,0.0,3.999999880186844,3.999999880186844,3.999999880186844,4
2,2025-10-27,YJLZHMV000AMDE,1,cluster_1,ADIDA4,1.053191489361702,0.24704019828430476,0.4533926629612788,1.323223902503838,1.3936081526370208,11.148865221096166,1.3936081526370208,11.148865221096166,1.0,12.148865221096166,11.148865221096166,11.148865221096166,4
2,2025-10-27,YJX0022,0,low_information,ADIDA4,0.06382978723404255,0.1833444668607733,0.04771408919575046,0.5644606402325063,0.03602940256803232,,0.03602940256803232,,0.0,0.28823522054425854,0.28823522054425854,0.28823522054425854,4
2,2025-10-27,YJX0023,0,low_information,ADIDA4,0.10638297872340426,0.016864916709287355,1.0037376640824323e-06,2.1228923745272305e-05,2.258396143114075e-06,,2.258396143114075e-06,,0.0,1.80671691449126e-05,1.80671691449126e-05,1.80671691449126e-05,4
2,2025-10-27,YJX0024,2,cluster_2,ADIDA4,0.14893617021276595,0.3634491557842199,0.07457159428703478,0.9092445555816283,0.13541940189513613,,0.13541940189513613,,0.0,1.083355215161089,1.083355215161089,1.083355215161089,4
2,2025-10-27,YJX0025,2,cluster_2,ADIDA4,0.14893617021276595,0.04909774889560936,0.20301692638930563,1.0865696659584196,0.16182952471721143,,0.16182952471721143,,0.0,1.2946361977376915,1.2946361977376915,1.2946361977376915,4
2,2025-10-27,YKLLW0004,0,low_information,ADIDA4,0.46808510638297873,0.00570324399697248,0.008537289337313401,0.10495414281921954,0.04912747110686872,,0.04912747110686872,,0.0,0.39301976885494977,0.39301976885494977,0.39301976885494977,4
2,2025-10-27,YKLLW0005,1,cluster_1,ADIDA4,1.0851063829787233,0.012020123007908131,0.01762073152511639,0.28548101710981477,0.3097772738851181,2.478218191080945,0.1213696985134908,0.9709575881079264,1.0,1.9709575881079264,2.478218191080945,0.9709575881079264,4
2,2025-10-27,YKLLW0006,0,low_information,ADIDA4,0.2553191489361702,0.0090635414300741,1.0037376640824323e-06,0.4895943900755487,0.12500282299801244,1.0000225839840995,-0.12499623600265009,-0.9999698880212007,1.0,3.0111978799381597e-05,1.0000225839840995,-0.9999698880212007,4
2,2025-10-27,YXBLJ0001,0,low_information,ADIDA4,0.010638297872340425,0.999999970046711,0.999999970046711,105.75,1.125,1.0,-1.125,-1.0,9.0,0.0,9.0,-9.0,4
2,2025-10-27,ZBTZ0002,0,low_information,ADIDA4,0.574468085106383,0.004667646358095498,0.007036852160306435,0.28193509871716055,0.1619627162843263,1.2957017302746103,-0.07571637828756494,-0.6057310263005196,1.0,0.39426897369948033,1.2957017302746103,-0.6057310263005196,4
2,2025-10-27,ZBTZ0003,0,low_information,ADIDA4,0.0425531914893617,0.033159181061760176,0.07599922713441812,18.148979090279717,0.7722969825650943,1.0297293100867924,-0.7054060348698112,-0.940541379826415,6.0,0.3567517210415094,6.178375860520754,-5.64324827895849,4
2,2025-10-27,ZJJSJBV001AMDE,2,cluster_2,ADIDA4,0.40425531914893614,0.2204122860921432,0.9217957275763194,0.7142617030040663,0.2887440927037715,,0.2887440927037715,,0.0,2.309952741630172,2.309952741630172,2.309952741630172,4
2,2025-10-27,ZJJSJSV001AMDE,1,cluster_1,ADIDA4,0.6595744680851063,0.39455554828076955,0.999999970046711,2.4560223530655218e-61,1.619929637128323e-61,,1.619929637128323e-61,,0.0,1.2959437097026583e-60,1.2959437097026583e-60,1.2959437097026583e-60,4
2,2025-10-27,ZJJYZBV001AMDE,1,cluster_1,ADIDA4,0.6382978723404256,0.7709379198416596,0.5808542502609128,2.069260039251894,1.3208042803735494,,1.3208042803735494,,0.0,10.566434242988395,10.566434242988395,10.566434242988395,4
2,2025-10-27,ZJJYZSJBV1AMDE,1,cluster_1,ADIDA4,0.40425531914893614,0.3498044624748055,0.9999999790339185,1.101298804736268e-54,4.4520589978700194e-55,,4.4520589978700194e-55,,0.0,3.5616471982960155e-54,3.5616471982960155e-54,3.5616471982960155e-54,4
2,2025-10-27,ZJJYZSJSV1AMDE,1,cluster_1,ADIDA4,0.40425531914893614,0.9999999766847975,0.999999970046711,8.682179183309643e-105,3.509817116657089e-105,,3.509817116657089e-105,,0.0,2.8078536933256715e-104,2.8078536933256715e-104,2.8078536933256715e-104,4
2,2025-10-27,ZJJYZSJSV2AMDE,2,cluster_2,ADIDA4,0.19148936170212766,0.38840678040421417,0.999999970046711,2.2734485284722295e-83,4.353412075797887e-84,,4.353412075797887e-84,,0.0,3.482729660638309e-83,3.482729660638309e-83,3.482729660638309e-83,4
2,2025-10-27,ZTD0001,0,low_information,ADIDA4,0.0,0.999999970046711,0.999999970046711,,1.375,1.0,-1.375,-1.0,11.0,0.0,11.0,-11.0,4
2,2025-10-27,ZTD0003,2,cluster_2,ADIDA4,0.11702127659574468,0.18688845147419209,0.6666666666666671,36.31818181818182,4.25,0.918918918918919,-4.125,-0.8918918918918919,37.0,4.000000000000001,34.0,-33.0,4
3,2025-12-22,BLP0001,1,cluster_1,ADIDA4,0.9607843137254902,0.3270663945848589,0.27186316122239806,4.1257422858035495,3.9639484706739982,0.6471752605182038,-2.480793882695993,-0.40502757268506007,49.0,29.153648938432056,31.711587765391986,-19.846351061567944,4
3,2025-12-22,BLP0002,1,cluster_1,ADIDA4,0.49019607843137253,0.23227938827381675,0.999999970046711,7.9049998930667575,3.8749999475817436,3.4444443978504387,3.8749999475817436,3.4444443978504387,9.0,39.99999958065395,30.99999958065395,30.99999958065395,4
3,2025-12-22,BLP0003,2,cluster_2,ADIDA4,0.06862745098039216,0.22566240488932318,0.999999970046711,10.928571428571427,0.75,1.0,-0.25000000000000044,-0.3333333333333339,6.0,3.9999999999999964,6.0,-2.0000000000000036,4
3,2025-12-22,BLP0004,0,low_information,ADIDA4,0.0392156862745098,1.0037376640824323e-06,0.999999970046711,22.3125,0.875,1.0,-0.37500001497664437,-0.4285714456875936,7.0,3.999999880186844,7.0,-3.000000119813155,4
3,2025-12-22,CLSSLT0003,2,cluster_2,ADIDA4,0.21568627450980393,0.7393670654737028,0.14049935178964199,3.477272727272727,0.75,1.0,-0.37924206736430754,-0.5056560898190767,6.0,2.96606346108554,6.0,-3.0339365389144604,4
3,2025-12-22,CLSSLT0006,2,cluster_2,ADIDA4,0.35294117647058826,0.23592035629092992,0.8145526997460822,2.3968719037077126,0.8459547895438986,1.3535276632702378,0.2588191581755943,0.4141106530809509,5.0,7.0705532654047545,6.767638316351189,2.0705532654047545,4
3,2025-12-22,CWW0002,1,cluster_1,ADIDA4,1.3411764705882352,0.8909986416527781,0.9482216340466996,8.493397156873776,11.391144422160123,0.5731393419954779,-4.93957768864049,-0.24853221074920706,159.0,119.48337849087608,91.12915537728098,-39.51662150912392,4
3,2025-12-22,DHZXCZP0001,1,cluster_1,ADIDA4,0.45098039215686275,0.5616727733521245,0.953658940994418,2.217391304347826,1.0,1.0,-0.7314964974075173,-0.7314964974075173,8.0,2.1480280207398623,8.0,-5.851971979260139,4
3,2025-12-22,DRMJJ0021,2,cluster_2,ADIDA4,0.13725490196078433,0.695960441318373,0.09322185987859738,5.464285714285714,0.7500000000000001,1.0000000000000002,-0.5067078767892367,-0.6756105023856489,6.0,1.946336985686107,6.000000000000001,-4.053663014313893,4
3,2025-12-22,DRMJJ0022,1,cluster_1,ADIDA4,0.35294117647058826,0.6579321404579505,0.26715211942393297,5.842102132266603,2.061918399623507,0.8681761682625293,-1.748836799247014,-0.7363523365250585,19.0,5.00930560602389,16.495347196988057,-13.990694393976112,4
3,2025-12-22,DRMJJ0023,1,cluster_1,ADIDA4,0.8529411764705882,0.23033003894856743,0.6952430074915171,6.1546947458390155,5.249592577333278,2.2103547694034855,5.249592577333278,2.2103547694034855,19.0,60.99674061866622,41.99674061866622,41.99674061866622,4
3,2025-12-22,DRMJJ0025,2,cluster_2,ADIDA4,0.19607843137254902,0.4418696914549231,0.09880931466158634,4.784302063775011,0.9380984438774531,0.9380984438774531,-0.7523937755098125,-0.7523937755098125,8.0,1.9808497959215003,7.504787551019625,-6.0191502040785,4
3,2025-12-22,DRMJJ0026,2,cluster_2,ADIDA4,0.19607843137254902,0.5435938123750488,0.20842180888796524,5.915059143583638,1.159815518349733,1.159815518349733,-0.3607379266010687,-0.3607379266010687,8.0,5.11409658719145,9.278524146797864,-2.8859034128085495,4
3,2025-12-22,DRMJJ0027,2,cluster_2,ADIDA4,0.0784313725490196,0.8670732470861948,0.0539204722628587,2.7540989333437125,0.21600775947793824,1.728062075823506,-0.003656320696082349,-0.029250565568658793,1.0,0.9707494344313412,1.728062075823506,-0.029250565568658793,4
3,2025-12-22,ETZP0003,2,cluster_2,ADIDA4,0.19607843137254902,0.6358642209870319,0.7329649156147946,15.604591745433314,3.059723871653591,1.1656090939632728,-0.8861045133856356,-0.33756362414690877,21.0,13.911163892914917,24.47779097322873,-7.0888361070850845,4
3,2025-12-22,ETZP0004,2,cluster_2,ADIDA4,0.45098039215686275,0.16139733226846836,0.628392223687839,6.652173913043479,3.0000000000000004,1.0000000000000002,-1.4062278363995389,-0.46874261213317964,24.0,12.750177308803691,24.000000000000004,-11.24982269119631,4
3,2025-12-22,FDBLHP0001,2,cluster_2,ADIDA4,0.35294117647058826,0.5590320288426374,0.23371424518060138,2.5575472488552364,0.9026637348900836,1.4442619758241337,0.41188497985344474,0.6590159677655116,5.0,8.295079838827558,7.2213098791206685,3.295079838827558,4
3,2025-12-22,FDBLP0001,1,cluster_1,ADIDA4,0.7450980392156863,0.999999970046711,0.7250979649220358,1.5623785879179317,1.1641252223702236,0.6208667852641193,-0.7184991105191049,-0.3831995256101893,15.0,9.25200711584716,9.31300177896179,-5.747992884152839,4
3,2025-12-22,FRC0003,1,cluster_1,ADIDA4,0.6470588235294118,0.5366708226451059,0.24638435206300793,2.7115351877237175,1.7545227685271114,1.1696818456847409,-0.9909544629457776,-0.6606363086305184,12.0,4.07236429643378,14.036182148216891,-7.927635703566221,4
3,2025-12-22,FRH0028,1,cluster_1,ADIDA4,0.6078431372549019,0.18293743467071005,0.8603887076076184,0.7709410603401778,0.4686112327557943,,0.4686112327557943,,0.0,3.7488898620463544,3.7488898620463544,3.7488898620463544,4
3,2025-12-22,FRH0033,1,cluster_1,ADIDA4,3.195098039215686,0.17066320133517174,0.4965173810341809,0.8703559017147268,2.780872434988524,2.224697947990819,1.8117448699770473,1.4493958959816378,10.0,24.49395895981638,22.24697947990819,14.493958959816378,4
3,2025-12-22,FRH0034,1,cluster_1,ADIDA4,1.0960784313725491,0.22903682131032635,0.5292197668470828,2.072583522077684,2.271714095767501,0.9086856383070003,-1.5868563830700042,-0.6347425532280017,20.0,7.305148935439966,18.173712766140007,-12.694851064560034,4
3,2025-12-22,FRH0043,2,cluster_2,ADIDA4,0.1568627450980392,0.039249715444438074,0.11635496481879433,4.499191851270293,0.7057555845129871,1.1292089352207795,-0.4634888309740258,-0.7415821295584413,5.0,1.2920893522077939,5.646044676103897,-3.7079106477922066,4
3,2025-12-22,FRH0044,2,cluster_2,ADIDA4,0.35294117647058826,0.05903175871184907,0.21116895797293622,1.7310251953766407,0.6109500689564614,1.2219001379129228,-0.056199724174154225,-0.11239944834830845,4.0,3.5504022066067664,4.887600551651691,-0.4495977933932338,4
3,2025-12-22,FRH0046,1,cluster_1,ADIDA4,0.6666666666666666,0.2134623593732376,0.27979858527769724,8.028530375831936,5.3523535838879575,0.7785241576564301,-5.3523535838879575,-0.7785241576564301,55.0,12.181171328896344,42.81882867110366,-42.81882867110366,4
3,2025-12-22,FRH0048,1,cluster_1,ADIDA4,2.503267973856209,0.2899685926796625,0.5651469648974965,1.866884332842965,4.6733117612997095,0.4297298171310078,-3.471623522599418,-0.31922974920454417,87.0,59.227011819204655,37.386494090397676,-27.772988180795345,4
3,2025-12-22,FRH0050,1,cluster_1,ADIDA4,1.3137254901960784,0.1680651510676269,0.999999970046711,4.472014862672404,5.874999917628453,15.666666447009208,5.874999917628453,15.666666447009208,3.0,49.999999341027625,46.999999341027625,46.999999341027625,4
3,2025-12-22,FRH0051,1,cluster_1,ADIDA4,1.8725490196078431,0.348262683321345,0.4860317788831561,1.1147766716378342,2.087473963557121,0.6679916683382787,0.7248958542284839,0.23196667335311486,25.0,30.799166833827872,16.699791708456967,5.799166833827871,4
3,2025-12-22,FRH0056,1,cluster_1,ADIDA4,3.372549019607843,0.561803308475356,0.3772446644182212,1.927325581395349,6.5,0.5777777777777777,-0.47333045113818173,-0.04207381787894949,90.0,86.21335639089455,52.0,-3.786643609105454,4
3,2025-12-22,FRH0056-1,0,low_information,ADIDA4,0.058823529411764705,0.24640751600200858,0.999999970046711,6.374999999999998,0.3749999999999999,1.4999999999999996,-2.220446049250313e-16,-8.881784197001252e-16,2.0,1.9999999999999982,2.999999999999999,-1.7763568394002505e-15,4
3,2025-12-22,FRH0059,1,cluster_1,ADIDA4,1.3725490196078431,0.7719859915043926,0.9999999687175165,1.0928571428571427,1.5,1.0,-0.749999945255654,-0.49999996350376935,12.0,6.000000437954767,12.0,-5.999999562045232,4
3,2025-12-22,FRH0064,1,cluster_1,ADIDA4,0.6568627450980392,0.16681907480241398,0.38550588726355894,2.5085167287918404,1.6477511845985617,1.0140007289837303,1.0720015794647488,0.6596932796706146,13.0,21.57601263571799,13.182009476788494,8.57601263571799,4
3,2025-12-22,FRH0065,2,cluster_2,ADIDA4,0.23529411764705882,0.7832661553632873,0.19201364863068765,8.166931216709767,1.9216308745199449,0.8540581664533088,-1.5932617490398895,-0.7081163329066176,18.0,5.253906007680886,15.373046996159559,-12.746093992319116,4
3,2025-12-22,FRH0068,2,cluster_2,ADIDA4,0.24509803921568626,0.1579596722457436,0.999999970046711,8.66999969447645,2.124999925116777,1.8888888223260238,2.124999925116777,1.8888888223260238,9.0,25.999999400934215,16.999999400934215,16.999999400934215,4
3,2025-12-22,FRW0005,1,cluster_1,ADIDA4,1.4411764705882353,0.3184387788653362,0.4188009969009407,1.557898149734145,2.245206156969797,1.2829749468398841,1.5769415426263964,0.9011094529293694,14.0,26.61553234101117,17.961649255758378,12.615532341011171,4
3,2025-12-22,FRW0006,1,cluster_1,ADIDA4,2.735294117647059,0.3726612641643005,0.999999970046711,3.0618279186619195,8.374999895163485,1.8108107881434563,8.374999895163485,1.8108107881434563,37.0,103.99999916130788,66.99999916130788,66.99999916130788,4
3,2025-12-22,FRW0008,2,cluster_2,ADIDA4,0.09803921568627451,0.07387908150051675,0.19341301647816384,1.1695163381834797,0.11465846452779212,,0.11465846452779212,,0.0,0.9172677162223369,0.9172677162223369,0.9172677162223369,4
3,2025-12-22,FRW0009,2,cluster_2,ADIDA4,0.23529411764705882,0.4231722579953138,0.16682882588000428,1.693640568699491,0.3985036632234097,3.1880293057872775,0.2396715509645463,1.9173724077163703,1.0,2.9173724077163703,3.1880293057872775,1.9173724077163703,4
3,2025-12-22,FRW0015,1,cluster_1,ADIDA4,0.9607843137254902,0.9999999776436783,0.8168154989400356,0.0010508299494345632,0.0010096209318096784,,0.0010096209318096784,,0.0,0.008076967454477427,0.008076967454477427,0.008076967454477427,4
3,2025-12-22,FRW0024,2,cluster_2,ADIDA4,0.1568627450980392,0.6972549252771302,0.999999970046711,18.32812495226194,2.874999992511677,1.9166666616744514,1.7499999850233539,1.166666656682236,12.0,25.99999988018683,22.999999940093417,13.99999988018683,4
3,2025-12-22,FSTBY001,0,low_information,ADIDA4,0.0,0.999999970046711,0.999999970046711,,0.125,1.0,-0.125,-1.0,1.0,0.0,1.0,-1.0,4
3,2025-12-22,FZGLS0001,0,low_information,ADIDA4,0.0196078431372549,0.183503424556217,0.999999970046711,12.749999618095567,0.24999999251167776,,0.24999999251167776,,0.0,1.999999940093422,1.999999940093422,1.999999940093422,4
3,2025-12-22,FZGLS0002,0,low_information,ADIDA4,0.0392156862745098,0.030368617386031697,0.07599922713441812,9.846786527704953,0.3861484912825472,1.0297293100867926,-0.33040603486981135,-0.8810827596528302,3.0,0.3567517210415094,3.0891879302603775,-2.643248278958491,4
3,2025-12-22,FZLRICBHP0001,2,cluster_2,ADIDA4,0.13725490196078433,0.775593789723302,0.056223158983271,13.660714285714285,1.875,1.0,-1.7090954053504224,-0.9115175495202252,15.0,1.32723675719662,15.0,-13.672763242803379,4
3,2025-12-22,FZLRJ0001,2,cluster_2,ADIDA4,0.4019607843137255,0.4547323047045913,0.999999970046711,3.7317073170731705,1.5,1.0,-1.4999999775350341,-0.9999999850233561,12.0,1.797197283784326e-07,12.0,-11.999999820280273,4
3,2025-12-22,FZLRJ0001double,0,low_information,ADIDA4,0.0392156862745098,0.018172954674773166,0.08712907254330789,3.692669464259746,0.1448105672258724,1.1584845378069792,-0.09858591036550346,-0.7886872829240277,1.0,0.2113127170759722,1.1584845378069792,-0.7886872829240277,4
3,2025-12-22,FZLRJ0002,1,cluster_1,ADIDA4,0.49019607843137253,0.3757358163237127,0.8336124143118856,7.598269166867709,3.7246417484645633,0.9611978705715002,-3.6745223312860844,-0.948263827428667,31.0,1.6038213497113236,29.797133987716506,-29.396178650288675,4
3,2025-12-22,FZLRJ0002double,2,cluster_2,ADIDA4,0.11764705882352941,0.13827198380822914,0.2185926775693207,4.461892702985648,0.5249285532924292,1.0498571065848583,-0.4002857868302834,-0.8005715736605667,4.0,0.7977137053577328,4.199428426339433,-3.202286294642267,4
3,2025-12-22,GJMJWJX001,1,cluster_1,ADIDA4,6.477124183006535,0.2552254309945009,0.999999970046711,6.272073521920261,40.62499908642469,12.999999707655899,40.62499908642469,12.999999707655899,25.0,349.9999926913975,324.9999926913975,324.9999926913975,4
3,2025-12-22,GJMJWJXW001,1,cluster_1,ADIDA4,9.588235294117647,0.5920371866912847,0.999999970046711,10.390337219474318,99.62499804554787,796.999984364383,99.62499804554787,796.999984364383,1.0,797.999984364383,796.999984364383,796.999984364383,4
3,2025-12-22,HLGKSLT0001,1,cluster_1,ADIDA4,0.6470588235294118,0.4418241252864708,0.9999999669024305,3.3806819044987746,2.1875000558521482,1.7500000446817185,2.000000074469531,1.6000000595756247,10.0,26.000000595756248,17.500000446817186,16.000000595756248,4
3,2025-12-22,HWZDSKL0001,1,cluster_1,ADIDA4,1.196078431372549,0.23002199400812226,0.5053156027894209,0.3323377376703306,0.39750199995863067,,0.39750199995863067,,0.0,3.1800159996690454,3.1800159996690454,3.1800159996690454,4
3,2025-12-22,HWZDSKL0002,2,cluster_2,ADIDA4,0.27450980392156865,0.6554089927070944,0.13356383989301499,1.3480979928319117,0.37006611567934833,,0.37006611567934833,,0.0,2.9605289254347866,2.9605289254347866,2.9605289254347866,4
3,2025-12-22,HZSN0001,1,cluster_1,ADIDA4,0.8725490196078431,0.5610656269156417,0.6753137883492588,3.1662565878118416,2.762714081522097,0.6697488682477811,-1.6758563260883879,-0.4062682002638516,33.0,19.593149391292897,22.101712652176776,-13.406850608707103,4
3,2025-12-22,JZJ00011,1,cluster_1,ADIDA4,0.303921568627451,0.8755347341737907,0.43159616345021934,4.927495663321582,1.4975722114016574,1.4975722114016574,1.3300962818688764,1.3300962818688764,8.0,18.64077025495101,11.98057769121326,10.640770254951011,4
3,2025-12-22,JZJ00012,1,cluster_1,ADIDA4,1.2549019607843137,0.5064141235153343,0.5202165585355919,2.0989490989559845,2.6339753398663333,1.6209079014562051,2.3869671198217777,1.4689028429672477,13.0,32.09573695857422,21.071802718930666,19.09573695857422,4
3,2025-12-22,JZJ0002,1,cluster_1,ADIDA4,1.9705882352941178,0.5150407380022618,0.9403280990454321,2.4738805970149254,4.875,0.42857142857142855,-2.525417935244802,-0.2220147635380046,91.0,70.79665651804159,39.0,-20.203343481958417,4
3,2025-12-22,JZJ0003,1,cluster_1,ADIDA4,3.0980392156862746,0.5487426364934148,0.5301408642064904,1.9731772511724746,6.1129805036323726,0.42525081764399114,4.27564067150983,0.29743587280068384,115.0,149.20512537207864,48.90384402905898,34.20512537207864,4
3,2025-12-22,JZJ0009,1,cluster_1,ADIDA4,2.5686274509803924,0.6159578153084925,0.9019296206686296,3.471763867573511,8.917667973571175,0.3985549932322313,5.210335947142351,0.2328641764085967,179.0,220.6826875771388,71.3413437885694,41.68268757713881,4
3,2025-12-22,JZJ0013,1,cluster_1,ADIDA4,3.2254901960784315,0.8331397951472153,0.7237657023406171,2.9148623078103926,9.401859796760972,0.5082086376627553,0.10743918704388733,0.00580752362399391,148.0,148.8595134963511,75.21487837408777,0.8595134963510986,4
3,2025-12-22,JZJ0014,2,cluster_2,ADIDA4,0.21568627450980393,0.03759757291671966,0.24829814127656682,1.6988189971991396,0.3664119405723635,1.465647762289454,-0.017176118855273065,-0.06870447542109226,2.0,1.8625910491578153,2.931295524578908,-0.13740895084218452,4
3,2025-12-22,JZJ0016,1,cluster_1,ADIDA4,1.0588235294117647,0.32613364094381647,0.6020285287854638,1.4166666666666667,1.5,0.8571428571428571,-0.7023227558269795,-0.40132728904398823,14.0,8.381417953384164,12.0,-5.618582046615836,4
3,2025-12-22,JZJ0017,2,cluster_2,ADIDA4,0.1568627450980392,0.09647122799987204,0.13828000145563824,1.4673037989151951,0.23016530179061884,,0.23016530179061884,,0.0,1.8413224143249507,1.8413224143249507,1.8413224143249507,4
3,2025-12-22,JZJ0018,2,cluster_2,ADIDA4,0.27450980392156865,0.602760456084551,0.3360690395687537,2.4536976489193716,0.6735640604876707,1.077702496780273,0.43975208065022753,0.703603329040364,5.0,8.51801664520182,5.388512483901366,3.5180166452018202,4
3,2025-12-22,JZJ0019,1,cluster_1,ADIDA4,0.596078431372549,0.40631061822165176,0.8122275442259079,9.763813486031733,5.819998626967935,46.55998901574348,5.819998626967935,46.55998901574348,1.0,47.55998901574348,46.55998901574348,46.55998901574348,4
3,2025-12-22,KZCWBG001,2,cluster_2,ADIDA4,0.27450980392156865,0.5758145514238867,0.37943130250770574,1.8015777536059199,0.4945507558918212,3.9564060471345694,0.36773434118909487,2.941874729512759,1.0,3.941874729512759,3.9564060471345694,2.941874729512759,4
3,2025-12-22,LTKF0019,1,cluster_1,ADIDA4,0.7549019607843137,0.24324241569064886,0.5212703246759635,0.9935064935064936,0.75,1.0,0.10819879622037631,0.14426506162716843,6.0,6.8655903697630105,6.0,0.8655903697630105,4
3,2025-12-22,LTKF0020,1,cluster_1,ADIDA4,4.196078431372549,0.5194059471454946,0.4061712105595576,5.384117632646345,22.59217987031996,0.8290708209291728,-14.618719481279832,-0.5364667699552232,218.0,101.05024414976135,180.73743896255968,-116.94975585023866,4
3,2025-12-22,LTKF0021,1,cluster_1,ADIDA4,1.3267973856209148,0.26001872741664245,0.6813392642534231,2.47943879416635,3.289712909906987,1.3851422778555733,0.9544258198139737,0.40186350307956786,19.0,26.63540655851179,26.317703279255895,7.635406558511789,4
3,2025-12-22,LTKF0022M,1,cluster_1,ADIDA4,0.5588235294117647,0.47794631073922395,0.3877539708356816,7.605263157894736,4.25,1.0,-1.8572305040357795,-0.43699541271430103,34.0,19.142155967713766,34.0,-14.857844032286236,4
3,2025-12-22,LTKF0031,1,cluster_1,ADIDA4,1.303921568627451,0.5139797588909485,0.5018905983431602,2.2173877409266334,2.8912997014043356,1.4456498507021678,2.8550662685391144,1.4275331342695572,16.0,38.840530148312915,23.130397611234685,22.840530148312915,4
3,2025-12-22,LTKF0047,1,cluster_1,ADIDA4,0.2549019607843137,0.5622285813709926,0.7518160090817786,0.7491016899307932,0.19094748959020216,,0.19094748959020216,,0.0,1.5275799167216173,1.5275799167216173,1.5275799167216173,4
3,2025-12-22,LTKF0058,2,cluster_2,ADIDA4,0.058823529411764705,0.999999970046711,0.999999970046711,16.99999949079409,0.999999970046711,,0.999999970046711,,0.0,7.999999760373688,7.999999760373688,7.999999760373688,4
3,2025-12-22,LTKF0101,1,cluster_1,ADIDA4,1.4509803921568627,0.7700611913957642,0.20294775706553717,5.168918918918919,7.5,1.0,-3.947903124422993,-0.526387083256399,60.0,28.416775004616056,60.0,-31.583224995383944,4
3,2025-12-22,LTKF0102,2,cluster_2,ADIDA4,0.11764705882352941,0.6898472507435259,0.14687595128040234,8.996194811988676,1.058375860233962,0.9407785424301883,-0.8585034409358477,-0.7631141697207535,9.0,2.1319724725132176,8.467006881871695,-6.868027527486782,4
3,2025-12-22,LTKF0106,0,low_information,ADIDA4,0.0784313725490196,0.06855163193396656,0.999999970046711,6.374999999999996,0.49999999999999967,3.9999999999999973,0.37499999999999956,2.9999999999999964,1.0,3.9999999999999964,3.9999999999999973,2.9999999999999964,4
3,2025-12-22,LTKF0111,2,cluster_2,ADIDA4,0.10784313725490197,0.20895754166365152,0.6395741104785295,6.154100375895814,0.663677491518176,1.7698066440484694,0.00990332202423469,0.026408858731292506,3.0,3.0792265761938773,5.309419932145408,0.07922657619387752,4
3,2025-12-22,LTKF093,2,cluster_2,ADIDA4,0.39215686274509803,0.10847826284595838,0.46019776192708367,2.216365715550491,0.869163025706075,1.73832605141215,0.869163025706075,1.73832605141215,4.0,10.9533042056486,6.9533042056486,6.9533042056486,4
3,2025-12-22,LTKF098,1,cluster_1,ADIDA4,0.4411764705882353,0.999999968142308,0.5873002415461374,9.066666666666666,4.0,1.0,-0.5036475666333189,-0.12591189165832972,32.0,27.97081946693345,32.0,-4.029180533066551,4
3,2025-12-22,LYC0201,2,cluster_2,ADIDA4,0.29411764705882354,0.40942052270566565,0.999999970046711,2.5460304005046373e-08,7.488324707366581e-09,,7.488324707366581e-09,,0.0,5.990659765893265e-08,5.990659765893265e-08,5.990659765893265e-08,4
3,2025-12-22,LYC0203,2,cluster_2,ADIDA4,0.17647058823529413,0.17935537306486166,0.35764527040833793,2.4962626729449986,0.4405169422844115,1.762067769137646,0.13103388456882298,0.5241355382752919,2.0,3.048271076550584,3.524135538275292,1.0482710765505838,4
3,2025-12-22,NNB0002,1,cluster_1,ADIDA4,0.30392156862745096,0.9279125723785547,0.3724259264913728,13.209594782161831,4.014680767127615,1.23528638988542,-1.2206384657447695,-0.37558106638300603,26.0,16.234892274041847,32.11744613702092,-9.765107725958156,4
3,2025-12-22,QCCXC0004,1,cluster_1,ADIDA4,1.2156862745098038,0.39992981262028243,0.037029452336442274,0.5857401939428095,0.7120763142049841,,0.7120763142049841,,0.0,5.696610513639873,5.696610513639873,5.696610513639873,4
3,2025-12-22,QFSJZ002-1,2,cluster_2,ADIDA4,0.13725490196078433,0.28308637761713074,0.1982792836915471,2.25721521149177,0.30981385255769395,,0.30981385255769395,,0.0,2.4785108204615516,2.4785108204615516,2.4785108204615516,4
3,2025-12-22,QFSJZ003,2,cluster_2,ADIDA4,0.13725490196078433,0.1159697713542986,0.30300560813496014,2.171656511801602,0.29807050161982773,2.384564012958622,0.10576066882643702,0.8460853506114961,1.0,1.8460853506114963,2.384564012958622,0.8460853506114961,4
3,2025-12-22,QFSJZ003-1,2,cluster_2,ADIDA4,0.3431372549019608,0.20910182235119293,0.37434400075648666,5.893153596422876,2.0221605477921636,0.7353311082880595,-1.7795473970562181,-0.6471081443840793,22.0,7.7636208235502515,16.17728438233731,-14.236379176449745,4
3,2025-12-22,RLHZHMV000AMDE,1,cluster_1,ADIDA4,3.1372549019607843,0.6471995329128205,0.8360956560955864,0.8725856540929806,2.7375236206838607,0.6843809051709652,0.47504724136772136,0.11876181034193034,32.0,35.80037793094177,21.900188965470885,3.800377930941771,4
3,2025-12-22,SLT0003,2,cluster_2,ADIDA4,0.37254901960784315,0.11757922195565836,0.5012825474548385,3.427658801091636,1.276970925896884,1.135085267463897,0.17894185179376815,0.1590594238166828,9.0,10.431534814350146,10.215767407175072,1.4315348143501452,4
3,2025-12-22,SLT0004,2,cluster_2,ADIDA4,0.11764705882352941,0.999999970046711,0.9733076697807324,12.739402902590715,1.4987532826577312,5.995013130630925,1.4987532826577312,5.995013130630925,2.0,13.99002626126185,11.99002626126185,11.99002626126185,4
3,2025-12-22,XHP0001,1,cluster_1,ADIDA4,1.2647058823529411,0.8211580667215788,0.14826149255553292,5.930232558139535,7.5,0.9375,-5.759519528463694,-0.7199399410579618,64.0,17.92384377229045,60.0,-46.07615622770955,4
3,2025-12-22,XHZXCZP0001,1,cluster_1,ADIDA4,2.735294117647059,0.9215087681134547,0.6154472530181757,1.5416904142131784,4.216976721230164,3.7484237522045905,4.216976721230164,3.7484237522045905,9.0,42.735813769841315,33.735813769841315,33.735813769841315,4
3,2025-12-22,XHZXCZP0002,2,cluster_2,ADIDA4,0.19607843137254902,0.5746576598246279,0.9999999720878513,11.47500014235195,2.2500000279121473,,2.2500000279121473,,0.0,18.000000223297178,18.000000223297178,18.000000223297178,4
3,2025-12-22,YDBZ001,1,cluster_1,ADIDA4,0.5392156862745098,0.999999979985785,0.9466737516715504,4.584616819860427,2.4720973048267005,0.7606453245620617,-2.4720973048267005,-0.7606453245620617,26.0,6.223221561386392,19.776778438613604,-19.776778438613604,4
3,2025-12-22,YDBZ002,1,cluster_1,ADIDA4,0.8921568627450981,0.4332235264545484,0.15642761882925288,2.880112736824221,2.5695123436372955,0.7341463838963701,-1.778049374549182,-0.508014107014052,28.0,13.775605003606541,20.556098749098364,-14.224394996393457,4
3,2025-12-22,YJLZHMV000AMDE,1,cluster_1,ADIDA4,1.0,0.2579265667442969,0.5203873866238199,0.6412668442474009,0.6412668442474009,1.710044917993069,0.15753368849480176,0.420089835986138,3.0,4.260269507958414,5.130134753979207,1.260269507958414,4
3,2025-12-22,YXBLJ0001,2,cluster_2,ADIDA4,0.08823529411764706,0.3117663887626209,0.999999970046711,12.041666348412965,1.062499971918791,1.062499971918791,0.7499999625583882,0.7499999625583882,8.0,13.999999700467106,8.499999775350329,5.9999997004671055,4
3,2025-12-22,ZBTZ0002,0,low_information,ADIDA4,0.5490196078431373,0.0046797549422626416,0.005021709764455798,0.0640508399499576,0.035165167031349275,,0.035165167031349275,,0.0,0.2813213362507942,0.2813213362507942,0.2813213362507942,4
3,2025-12-22,ZBTZ0003,2,cluster_2,ADIDA4,0.08823529411764706,0.999999970046711,0.0513797046270949,2.999465768528303,0.2646587442819091,1.0586349771276364,-0.22068251143618178,-0.8827300457447271,2.0,0.23453990851054593,2.117269954255273,-1.7654600914894543,4
3,2025-12-22,ZTD0001,0,low_information,ADIDA4,0.049019607843137254,0.9999999677010302,0.999999970046711,25.5,1.25,1.0,-1.25,-1.0,10.0,0.0,10.0,-10.0,4
3,2025-12-22,ZTD0003,1,cluster_1,ADIDA4,0.3333333333333333,0.999999970046711,0.999999970046711,19.499999505770734,6.499999835256911,,6.499999835256911,,0.0,51.999998682055285,51.999998682055285,51.999998682055285,4
4,2026-02-16,BLP0001,1,cluster_1,ADIDA4,1.1181818181818182,0.1953601564269945,0.2920138425717696,3.4654471544715446,3.875,1.0,0.43515759309746205,0.11229873370257085,31.0,34.481260744779696,31.0,3.4812607447796964,4
4,2026-02-16,BLP0002,1,cluster_1,ADIDA4,0.5181818181818182,0.27315415621178846,0.9697954390201778,1.2325488641044173,0.6386844113995617,1.0218950582392987,0.3932458818660822,0.6291934109857316,5.0,8.145967054928658,5.109475291196493,3.145967054928658,4
4,2026-02-16,BLP0003,2,cluster_2,ADIDA4,0.10909090909090909,0.19588499700833764,0.9999999646604224,10.312499676053871,1.1249999646604223,2.999999905761126,1.1249999646604223,2.999999905761126,3.0,11.999999717283378,8.999999717283378,8.999999717283378,4
4,2026-02-16,BLP0004,2,cluster_2,ADIDA4,0.12727272727272726,0.1538307588016921,0.38948873538511913,3.630586425015829,0.4620746359111054,,0.4620746359111054,,0.0,3.6965970872888434,3.6965970872888434,3.6965970872888434,4
4,2026-02-16,CLSSLT0003,2,cluster_2,ADIDA4,0.2818181818181818,0.2524353229156094,0.13684060240716764,1.5376060205853406,0.4333253330740505,3.466602664592404,0.28610044409873403,2.2888035527898722,1.0,3.2888035527898722,3.466602664592404,2.2888035527898722,4
4,2026-02-16,CLSSLT0006,2,cluster_2,ADIDA4,0.38181818181818183,0.21271874014173991,0.86491816860813,2.255760275486145,0.8612902870038008,1.7225805740076017,0.22258057400760176,0.4451611480152035,4.0,5.780644592060814,6.890322296030407,1.780644592060814,4
4,2026-02-16,CWW0002,1,cluster_1,ADIDA4,1.8545454545454545,0.999999970046711,0.8536194520823593,8.135729935584392,15.088080971447418,0.5008491608779226,-15.088080971447418,-0.5008491608779226,241.0,120.29535222842067,120.70464777157935,-120.70464777157935,4
4,2026-02-16,DHZXCZP0001,1,cluster_1,ADIDA4,0.4727272727272727,0.5565028586011838,0.9497603135600636,1.3221153846153846,0.625,1.0,0.32544353344356847,0.5207096535097095,5.0,7.603548267548548,5.0,2.6035482675485477,4
4,2026-02-16,DRMJJ0021,2,cluster_2,ADIDA4,0.18181818181818182,0.7191782205678061,0.13045880046989505,3.9957012283561535,0.7264911324283916,1.1623858118854264,-0.2190354702864339,-0.3504567524582942,5.0,3.247716237708529,5.811929059427133,-1.752283762291471,4
4,2026-02-16,DRMJJ0022,1,cluster_1,ADIDA4,0.509090909090909,0.5687067988333069,0.2963460676995754,2.4553571428571432,1.25,0.7142857142857143,0.08232583803471874,0.04704333601983928,14.0,14.65860670427775,10.0,0.6586067042777499,4
4,2026-02-16,DRMJJ0023,1,cluster_1,ADIDA4,0.9090909090909091,0.3722864514950106,0.5169512520231366,2.7987954101368184,2.544359463760744,1.197345630005056,2.1008126183476588,0.9886177027518395,17.0,33.80650094678127,20.354875710085953,16.80650094678127,4
4,2026-02-16,DRMJJ0025,2,cluster_2,ADIDA4,0.24545454545454545,0.41111630561229584,0.13130150795031983,3.4261141400147013,0.8409552889126994,1.3455284622603192,-0.19308942217460118,-0.3089430754793619,5.0,3.45528462260319,6.7276423113015955,-1.5447153773968094,4
4,2026-02-16,DRMJJ0026,2,cluster_2,ADIDA4,0.3090909090909091,0.39331227651950174,0.20854758134834167,2.1315184186391334,0.6588329657611867,2.6353318630447466,0.5676659315223733,2.2706637260894933,2.0,6.541327452178987,5.270663726089493,4.541327452178987,4
4,2026-02-16,DRMJJ0027,2,cluster_2,ADIDA4,0.09090909090909091,0.8164538328125219,0.05373492204045445,1.3392867949448939,0.12175334499499035,,0.12175334499499035,,0.0,0.9740267599599228,0.9740267599599228,0.9740267599599228,4
4,2026-02-16,ETZP0003,1,cluster_1,ADIDA4,0.3545454545454545,0.31464197288340395,0.853390222931824,10.148575901444776,3.598131455966784,1.3707167451302034,1.3212629119335673,0.5033382521651685,21.0,31.570103295468538,28.78505164773427,10.570103295468538,4
4,2026-02-16,ETZP0004,1,cluster_1,ADIDA4,0.6272727272727273,0.23765277470963034,0.6607173395772663,4.195152017931347,2.6315044476114817,1.238355034170109,0.9010177904459256,0.4240083719745532,17.0,24.208142323567404,21.052035580891854,7.2081423235674045,4
4,2026-02-16,FDBLHP0001,2,cluster_2,ADIDA4,0.4,0.5216823373348182,0.17241977249141516,1.7672742548818032,0.7069097019527213,1.8850925385405901,0.2888194039054426,0.7701850770811802,3.0,5.310555231243541,5.65527761562177,2.3105552312435407,4
4,2026-02-16,FDBLP0001,1,cluster_1,ADIDA4,0.8340909090909091,0.999999970046711,0.7128694147730963,7.679783008967333,6.40563719157048,1.0458183169910988,-4.002451233718083,-0.6534614259131564,49.0,16.98039013025534,51.24509753256384,-32.01960986974466,4
4,2026-02-16,FRC0003,1,cluster_1,ADIDA4,0.7363636363636363,0.4507139710741561,0.29048054903103554,1.2641868869468424,0.9309012531154021,1.0638871464176023,-0.6513949875383918,-0.7444514143295906,7.0,1.7888400996928666,7.4472100249232165,-5.211159900307134,4
4,2026-02-16,FRH0028,2,cluster_2,ADIDA4,0.5636363636363636,0.18497106427443102,0.8461849858688997,0.23643354375425618,0.13326254284330802,1.0661003427464641,-0.11398327620892267,-0.9118662096713813,1.0,0.08813379032861879,1.0661003427464641,-0.9118662096713813,4
4,2026-02-16,FRH0033,1,cluster_1,ADIDA4,3.0627272727272725,0.17448863799805747,0.5114870910573337,0.5713861680023746,1.75,0.875,-0.5309937678391987,-0.26549688391959936,16.0,11.752049857286412,14.0,-4.24795014271359,4
4,2026-02-16,FRH0034,1,cluster_1,ADIDA4,1.1890909090909092,0.20841838462880877,0.45717573160193736,2.1054927628734386,2.5036223034895073,,2.5036223034895073,,0.0,20.02897842791606,20.02897842791606,20.02897842791606,4
4,2026-02-16,FRH0043,2,cluster_2,ADIDA4,0.2,0.05309323264993292,0.09456118199082932,0.6019542670762973,0.12039085341525947,,0.12039085341525947,,0.0,0.9631268273220758,0.9631268273220758,0.9631268273220758,4
4,2026-02-16,FRH0044,2,cluster_2,ADIDA4,0.4,0.05444648217424072,0.20473194604220304,1.9237069797895623,0.7694827919158249,0.879408905046657,-0.45293116766329966,-0.5176356201866282,7.0,3.3765506586936023,6.155862335326599,-3.6234493413063973,4
4,2026-02-16,FRH0046,1,cluster_1,ADIDA4,0.8636363636363636,0.590406565894139,0.5392775360001335,9.369958733078054,8.092237087658319,0.6814515442238585,-8.092237087658319,-0.6814515442238585,95.0,30.26210329873345,64.73789670126655,-64.73789670126655,4
4,2026-02-16,FRH0048,1,cluster_1,ADIDA4,2.6575757575757573,0.2753045766249239,0.5561015165403139,0.9407069555302168,2.5,0.3125,1.807018572542308,0.2258773215677885,64.0,78.45614858033846,20.0,14.456148580338464,4
4,2026-02-16,FRH0050,1,cluster_1,ADIDA4,1.211688311688312,0.2596219473365201,0.421381055485675,1.9825977366694136,2.40229050430203,4.80458100860406,2.369720672402707,4.739441344805414,4.0,22.957765379221655,19.21832403441624,18.957765379221655,4
4,2026-02-16,FRH0051,1,cluster_1,ADIDA4,1.9,0.33781242200312656,0.4891019247137529,0.6377306797450245,1.2116882915155465,0.38774025328497486,0.2217531660621863,0.07096101313989962,25.0,26.77402532849749,9.693506332124372,1.7740253284974905,4
4,2026-02-16,FRH0056,1,cluster_1,ADIDA4,3.5090909090909093,0.6068253555165525,0.370979753045528,1.6120314408260452,5.656764874171396,0.7183193491011296,5.188529748342791,0.6588609204244814,63.0,104.50823798674233,45.254118993371165,41.50823798674233,4
4,2026-02-16,FRH0056-1,2,cluster_2,ADIDA4,0.09090909090909091,0.14083336089378123,0.773780005623702,8.333359438464853,0.7575781307695322,1.2121250092312514,-0.0946874769218711,-0.15149996307499375,5.0,4.242500184625031,6.060625046156257,-0.7574998153749688,4
4,2026-02-16,FRH0059,1,cluster_1,ADIDA4,1.3636363636363635,0.7813292186551452,0.9999999684992089,1.0083332986824638,1.3749999527488141,10.999999621990513,1.3749999527488141,10.999999621990513,1.0,11.999999621990513,10.999999621990513,10.999999621990513,4
4,2026-02-16,FRH0064,1,cluster_1,ADIDA4,0.7636363636363637,0.16374775090333635,0.3912280687762887,3.2168892189090523,2.456533585348731,4.913067170697462,2.456533585348731,4.913067170697462,4.0,23.65226868278985,19.65226868278985,19.65226868278985,4
4,2026-02-16,FRH0065,2,cluster_2,ADIDA4,0.4090909090909091,0.4141073815872389,0.24312161195896356,1.564481634909307,0.6400152142810801,0.7314459591783773,0.1550304285621602,0.1771776326424688,7.0,8.240243428497282,5.120121714248641,1.2402434284972816,4
4,2026-02-16,FRH0068,2,cluster_2,ADIDA4,0.3090909090909091,0.1333901399026961,0.40932481965835804,3.8750003005612594,1.1977273656280256,9.581818925024205,1.1977273656280256,9.581818925024205,1.0,10.581818925024205,9.581818925024205,9.581818925024205,4
4,2026-02-16,FRW0005,1,cluster_1,ADIDA4,1.490909090909091,0.2959649663753711,0.46771142352377365,0.7789299755768305,1.1613137817690928,0.3871045939230309,-1.1613137817690928,-0.3871045939230309,24.0,14.709489745847259,9.290510254152743,-9.290510254152743,4
4,2026-02-16,FRW0006,1,cluster_1,ADIDA4,2.7454545454545456,0.3752923257426397,0.9999999654031092,1.5024834389830424,4.124999987026171,0.9428571398916962,3.624999982701561,0.8285714246174997,35.0,63.99999986161249,32.99999989620937,28.999999861612487,4
4,2026-02-16,FRW0008,2,cluster_2,ADIDA4,0.09090909090909091,0.05009629683684228,0.18061455000331503,4.737273512236449,0.43066122838513177,1.1484299423603515,-0.26367754322973647,-0.7031401152792972,3.0,0.8905796541621082,3.445289827081054,-2.1094203458378917,4
4,2026-02-16,FRW0009,2,cluster_2,ADIDA4,0.23636363636363636,0.43521745335634715,0.1622077196555431,4.922066489397988,1.1633975338577063,0.8461072973510592,-0.9517950677154127,-0.6922145947021183,11.0,3.3856394582766978,9.30718027086165,-7.614360541723301,4
4,2026-02-16,FRW0015,1,cluster_1,ADIDA4,0.8909090909090909,0.9999999776436783,0.8168157945816118,2.104610850472234,1.8750169395116265,1.0000090344062007,-1.8749661209767463,-0.999981931187598,15.0,0.00027103218602874557,15.000135516093012,-14.99972896781397,4
4,2026-02-16,FRW0024,2,cluster_2,ADIDA4,0.22727272727272727,0.9513334964058187,0.9873869310821719,13.47790100158201,3.063159318541366,0.9802109819332371,-2.8776372741654637,-0.9208439277329483,25.0,1.9789018066762933,24.505274548330927,-23.02109819332371,4
4,2026-02-16,FSTBY001,0,low_information,ADIDA4,0.01818181818181818,1.0037376640824323e-06,0.999999970046711,13.749999588142277,0.24999999251167776,,0.24999999251167776,,0.0,1.999999940093422,1.999999940093422,1.999999940093422,4
4,2026-02-16,FZGLS0001,0,low_information,ADIDA4,0.01818181818181818,0.04653741485602645,0.2928932115712685,23.05567953543375,0.4191941733715227,1.1178511289907271,-0.28661165325695453,-0.7642977420185454,3.0,0.7071067739443633,3.3535533869721816,-2.2928932260556363,4
4,2026-02-16,FZGLS0002,2,cluster_2,ADIDA4,0.05454545454545454,0.07356910643210071,0.16691770982714643,6.209429933478336,0.33869617818972736,1.3547847127589094,-0.07260764362054527,-0.29043057448218107,2.0,1.419138851035638,2.709569425517819,-0.5808611489643621,4
4,2026-02-16,FZLRICBHP0001,2,cluster_2,ADIDA4,0.21818181818181817,0.8368728826171579,0.053011126435745674,0.7173789437704564,0.1565190422771905,,0.1565190422771905,,0.0,1.252152338217524,1.252152338217524,1.252152338217524,4
4,2026-02-16,FZLRJ0001,2,cluster_2,ADIDA4,0.4727272727272727,0.4806694059485783,0.999999970046711,6.081730785071453,2.875000007488323,0.8846153869194839,-2.5000000149766453,-0.7692307738389678,26.0,5.9999998801868415,23.000000059906583,-20.000000119813162,4
4,2026-02-16,FZLRJ0001double,0,low_information,ADIDA4,0.05454545454545454,0.023876245537300996,0.06458564867239705,0.35902081376981954,0.01958295347835379,,0.01958295347835379,,0.0,0.15666362782683033,0.15666362782683033,0.15666362782683033,4
4,2026-02-16,FZLRJ0002,1,cluster_1,ADIDA4,0.7727272727272727,0.2860501574049013,0.9086424190737314,6.665622728665525,5.150708472150633,0.6243282996546222,-5.150708472150633,-0.6243282996546222,66.0,24.794332222794935,41.205667777205065,-41.205667777205065,4
4,2026-02-16,FZLRJ0002double,2,cluster_2,ADIDA4,0.16363636363636364,0.12771487391099412,0.13836018311500464,0.9554116113692841,0.1563400818604283,,0.1563400818604283,,0.0,1.2507206548834264,1.2507206548834264,1.2507206548834264,4
4,2026-02-16,GJMJWJX001,1,cluster_1,ADIDA4,6.196969696969696,0.2978141899186079,0.999999970046711,0.44376539113658797,2.7500006814373403,,2.7500006814373403,,0.0,22.000005451498723,22.000005451498723,22.000005451498723,4
4,2026-02-16,GJMJWJXW001,1,cluster_1,ADIDA4,8.909090909090908,0.6147513432037536,0.09479439691110271,1.6715316972731593,14.8918278484336,,14.8918278484336,,0.0,119.1346227874688,119.1346227874688,119.1346227874688,4
4,2026-02-16,HLGKSLT0001,1,cluster_1,ADIDA4,0.696969696969697,0.42884829120085766,0.999999970046711,2.152173886183193,1.4999999812791953,1.0909090772939602,0.8749999625583906,0.636363609133375,11.0,17.999999700467125,11.999999850233563,6.999999700467125,4
4,2026-02-16,HWZDSKL0001,1,cluster_1,ADIDA4,1.1090909090909091,0.2301244549734032,0.5117518024989413,0.9424519165137233,1.045264852860675,1.045264852860675,-0.90947029427865,-0.90947029427865,8.0,0.7242376457708002,8.3621188228854,-7.2757623542292,4
4,2026-02-16,HWZDSKL0002,2,cluster_2,ADIDA4,0.2545454545454545,0.6559632633304753,0.12567763957995529,1.8882744705387122,0.480651683409854,1.922606733639416,0.057535577879805275,0.2301423115192211,2.0,2.4602846230384423,3.845213467278832,0.4602846230384422,4
4,2026-02-16,HZSN0001,1,cluster_1,ADIDA4,1.1090909090909091,0.43033418099965787,0.5134689617701305,2.514875585660625,2.789225649550875,1.5938432283147856,1.8284512991017499,1.0448293137724285,14.0,28.627610392814,22.313805196407,14.627610392813999,4
4,2026-02-16,JZJ00011,1,cluster_1,ADIDA4,0.4,0.70803422723366,0.33132961018002,3.919929401186184,1.5679717604744736,0.5701715492634449,-1.1739623472992982,-0.4268953990179266,22.0,12.608301221605615,12.543774083795789,-9.391698778394385,4
4,2026-02-16,JZJ00012,1,cluster_1,ADIDA4,1.2818181818181817,0.5113048924162934,0.6089382607884446,0.6826241134751774,0.875,0.7777777777777778,0.5515206571195743,0.4902405841062883,9.0,13.412165256956595,7.0,4.412165256956595,4
4,2026-02-16,JZJ0002,1,cluster_1,ADIDA4,2.1636363636363636,0.5458755285500467,0.9287988708455798,4.74710851982397,10.271016615619136,2.2824481368042524,10.271016615619136,2.2824481368042524,36.0,118.16813292495308,82.16813292495308,82.16813292495308,4
4,2026-02-16,JZJ0003,1,cluster_1,ADIDA4,3.309090909090909,0.5535596811106753,0.5279657996906814,2.6519630615664003,8.77558685827427,0.9237459850815021,8.77558685827427,0.9237459850815021,76.0,146.20469486619416,70.20469486619416,70.20469486619416,4
4,2026-02-16,JZJ0009,1,cluster_1,ADIDA4,2.8454545454545452,0.6970632949209302,0.9999999648808662,4.063498416440873,11.562500039509029,0.5505952399766204,-4.749999841963888,-0.22619046866494705,168.0,130.0000012642889,92.50000031607223,-37.9999987357111,4
4,2026-02-16,JZJ0013,1,cluster_1,ADIDA4,3.727272727272727,0.8493844348346021,0.7381917560796426,3.1554031692728186,11.761048176380505,0.9699833547530314,11.761048176380505,0.9699833547530314,97.0,191.08838541104404,94.08838541104404,94.08838541104404,4
4,2026-02-16,JZJ0014,2,cluster_2,ADIDA4,0.23636363636363636,0.03664158543001802,0.23210808437901087,1.2662921435403973,0.2993054157459121,,0.2993054157459121,,0.0,2.3944433259672966,2.3944433259672966,2.3944433259672966,4
4,2026-02-16,JZJ0016,1,cluster_1,ADIDA4,1.0909090909090908,0.2674649503459552,0.6187529094151173,1.5338062352289124,1.673243165704268,2.6771890651268286,1.673243165704268,2.6771890651268286,5.0,18.385945325634143,13.385945325634143,13.385945325634143,4
4,2026-02-16,JZJ0017,2,cluster_2,ADIDA4,0.14545454545454545,0.13908988805812317,0.1074611458576812,1.6951646910595974,0.24656940960866872,1.9725552768693497,0.03709254614489162,0.29674036915913293,1.0,1.2967403691591328,1.9725552768693497,0.29674036915913293,4
4,2026-02-16,JZJ0018,2,cluster_2,ADIDA4,0.3090909090909091,0.5995798351949808,0.31481202154976956,3.021583384303549,0.9339439551483697,1.8678879102967394,0.3678879102967397,0.7357758205934793,4.0,6.943103282373917,7.471551641186958,2.9431032823739174,4
4,2026-02-16,JZJ0019,1,cluster_1,ADIDA4,0.6254545454545454,0.5451443303470511,0.999999970046711,5.396075389833617,3.3749998801868433,0.9310344497067153,-3.3749998801868433,-0.9310344497067153,29.0,2.0000009585052574,26.999999041494746,-26.999999041494746,4
4,2026-02-16,KZCWBG001,2,cluster_2,ADIDA4,0.2727272727272727,0.5502118673646904,0.49383260682860886,2.291666666666667,0.625,1.0,-0.3906723785614159,-0.6250758056982655,5.0,1.8746209715086726,5.0,-3.125379028491327,4
4,2026-02-16,LTKF0019,1,cluster_1,ADIDA4,0.7818181818181819,0.22620925647473808,0.4088152824192481,0.6861352548199501,0.5364330174046883,0.5364330174046883,-0.07286603480937652,-0.07286603480937652,8.0,7.417071721524988,4.291464139237506,-0.5829282784750122,4
4,2026-02-16,LTKF0020,1,cluster_1,ADIDA4,4.654545454545454,0.7993227966790908,0.3725943891489521,3.1543603372220157,14.6821135696152,0.6054479822521732,-8.614227139230401,-0.3552258614115629,194.0,125.08618288615679,117.4569085569216,-68.91381711384321,4
4,2026-02-16,LTKF0021,1,cluster_1,ADIDA4,1.470909090909091,0.2588592284130784,0.6682446857604414,0.7680140356775551,1.1296788270238947,0.37655960900796487,0.5187153080955786,0.17290510269852621,24.0,28.14972246476463,9.037430616191157,4.149722464764629,4
4,2026-02-16,LTKF0022M,1,cluster_1,ADIDA4,0.6636363636363637,0.8501177291796421,0.4474472389923424,4.724399630098431,3.1352833908835045,0.7377137390314128,-3.0205667817670085,-0.7107215957098844,34.0,9.835465745863935,25.082267127068036,-24.16453425413607,4
4,2026-02-16,LTKF0031,1,cluster_1,ADIDA4,1.3,0.5166721760163436,0.6036833987245337,1.3479834989141768,1.75237854858843,2.33650473145124,1.75237854858843,2.33650473145124,6.0,20.01902838870744,14.01902838870744,14.01902838870744,4
4,2026-02-16,LTKF0047,2,cluster_2,ADIDA4,0.23636363636363636,0.5622345346593688,0.7475413823960553,1.6121690175838865,0.38105813142891864,1.016155017143783,-0.3628837371421628,-0.9676899657124342,3.0,0.09693010286269746,3.048465051431349,-2.9030698971373026,4
4,2026-02-16,LTKF0058,2,cluster_2,ADIDA4,0.05454545454545454,0.999999970046711,0.2928932115712685,16.041666666666668,0.875,1.0,-0.5214466130278184,-0.5959389863175067,7.0,2.828427095777453,7.0,-4.171572904222547,4
4,2026-02-16,LTKF0101,1,cluster_1,ADIDA4,1.7454545454545454,0.7468792952982642,0.26995578406867066,2.666641811103403,4.654502070289576,1.0638861874947603,2.684004140579151,0.6134866607038059,35.0,56.47203312463321,37.23601656231661,21.472033124633207,4
4,2026-02-16,LTKF0102,2,cluster_2,ADIDA4,0.22727272727272727,0.4239073522331627,0.27055696608605156,3.2602716489924184,0.7409708293164587,,0.7409708293164587,,0.0,5.92776663453167,5.92776663453167,5.92776663453167,4
4,2026-02-16,LTKF0106,0,low_information,ADIDA4,0.09090909090909091,0.04962011425445619,0.183503424556217,1.222222238640164,0.11111111260365128,,0.11111111260365128,,0.0,0.8888889008292102,0.8888889008292102,0.8888889008292102,4
4,2026-02-16,LTKF0111,2,cluster_2,ADIDA4,0.13636363636363635,0.09996128503228498,0.3379746210941685,13.14242488363569,1.792148847768503,0.8960744238842515,-1.722865130358004,-0.861432565179002,16.0,2.217078957135967,14.337190782148024,-13.782921042864032,4
4,2026-02-16,LTKF093,2,cluster_2,ADIDA4,0.4,0.10833207428202313,0.3305949343794595,6.5625,2.625,1.0,-1.7926423847903568,-0.6829113846820407,21.0,6.658860921677148,21.0,-14.341139078322854,4
4,2026-02-16,LTKF098,1,cluster_1,ADIDA4,0.7068181818181818,0.9999999732617786,0.5435829322768405,5.2587029710459054,3.7169468727165373,29.7355749817323,3.7169468727165373,29.7355749817323,1.0,30.7355749817323,29.7355749817323,29.7355749817323,4
4,2026-02-16,LYC0201,2,cluster_2,ADIDA4,0.2727272727272727,0.40945451733210014,0.999999970046711,1.375,0.375,1.0,-0.375,-1.0,3.0,5.374817063672243e-23,3.0,-3.0,4
4,2026-02-16,LYC0203,2,cluster_2,ADIDA4,0.2,0.15218700942804214,0.42120498544874124,1.3208869519853113,0.2641773903970623,2.1134191231764983,0.06056985386274973,0.48455883090199786,1.0,1.484558830901998,2.1134191231764983,0.48455883090199786,4
4,2026-02-16,NNB0002,1,cluster_1,ADIDA4,0.45454545454545453,0.999999964643822,0.33598185966905203,24.2,11.0,1.0,-5.722588191255447,-0.5202352901141315,88.0,42.21929446995642,88.0,-45.780705530043576,4
4,2026-02-16,QCCXC0004,1,cluster_1,ADIDA4,1.1272727272727272,0.399929821888268,0.03132125311842928,0.5107846271075428,0.5757935796485028,4.606348637188022,0.4760581061980037,3.8084648495840296,1.0,4.80846484958403,4.606348637188022,3.8084648495840296,4
4,2026-02-16,QFSJZ002-1,2,cluster_2,ADIDA4,0.12727272727272726,0.28358973665630305,0.15622930551417707,3.750926479561771,0.4773906428533162,1.27304171427551,-0.17021871429336746,-0.4539165714489799,3.0,1.6382502856530603,3.81912514282653,-1.3617497143469397,4
4,2026-02-16,QFSJZ003,2,cluster_2,ADIDA4,0.14545454545454545,0.10601930860233544,0.41175932961298417,0.5135348525008792,0.07469597854558242,,0.07469597854558242,,0.0,0.5975678283646594,0.5975678283646594,0.5975678283646594,4
4,2026-02-16,QFSJZ003-1,2,cluster_2,ADIDA4,0.5,0.27935296872734544,0.3301117875667803,3.22809560871893,1.614047804359465,,1.614047804359465,,0.0,12.91238243487572,12.91238243487572,12.91238243487572,4
4,2026-02-16,RLHZHMV000AMDE,1,cluster_1,ADIDA4,3.1636363636363636,0.6381524962414938,0.8361486313363721,2.7991631611963004,8.855534364511932,0.7014284645157967,-8.855534364511932,-0.7014284645157967,101.0,30.155725083904542,70.84427491609546,-70.84427491609546,4
4,2026-02-16,SLT0003,2,cluster_2,ADIDA4,0.43636363636363634,0.09632545367280679,0.3918271192237994,2.784039641193146,1.2148536616115546,9.718829292892437,1.2148536616115546,9.718829292892437,1.0,10.718829292892437,9.718829292892437,9.718829292892437,4
4,2026-02-16,SLT0004,2,cluster_2,ADIDA4,0.12727272727272726,0.999999970046711,0.23364274998436757,3.8846105090822936,0.4944049738832009,,0.4944049738832009,,0.0,3.9552397910656074,3.9552397910656074,3.9552397910656074,4
4,2026-02-16,XHP0001,1,cluster_1,ADIDA4,1.7363636363636363,0.8611177363754615,0.1836057655671307,14.037405679384864,24.374040770568264,0.9374631065603178,-21.496163082273057,-0.8267755031643483,208.0,36.03069534181556,194.9923261645461,-171.96930465818446,4
4,2026-02-16,XHZXCZP0001,1,cluster_1,ADIDA4,2.6,0.9200254916366399,0.6369972745144139,1.3457367864585514,3.498915644792234,0.6664601228175684,-3.247831289584469,-0.6186345313494227,42.0,16.017349683324248,27.991325158337872,-25.982650316675752,4
4,2026-02-16,XHZXCZP0002,2,cluster_2,ADIDA4,0.18181818181818182,0.5897869853636646,0.999999970046711,10.312499969110663,1.874999994383757,0.9999999970046703,-1.8749999925116763,-0.9999999960062274,15.0,5.990659227573574e-08,14.999999955070056,-14.99999994009341,4
4,2026-02-16,YDBZ001,1,cluster_1,ADIDA4,0.6,0.7610851925923875,0.3829357739184008,4.397904981443978,2.6387429888663867,10.554971955465547,2.6387429888663867,10.554971955465547,2.0,23.109943910931094,21.109943910931094,21.109943910931094,4
4,2026-02-16,YDBZ002,1,cluster_1,ADIDA4,0.9636363636363636,0.518755976489853,0.16170135307360534,1.8044377843586759,1.7388218649274512,4.636858306473203,1.4434291532366017,3.849144408630938,3.0,14.547433225892814,13.91057491941961,11.547433225892814,4
4,2026-02-16,YJLZHMV000AMDE,1,cluster_1,ADIDA4,0.9818181818181818,0.25165180852752034,0.5411876866339397,0.7022649467453562,0.689496493168168,0.9193286575575573,-0.5079859726726719,-0.6773146302302292,6.0,1.936112218618625,5.515971945345344,-4.063887781381375,4
4,2026-02-16,YXBLJ0001,2,cluster_2,ADIDA4,0.14545454545454545,0.21768857628212557,0.5128004831444808,6.933985718394377,1.0085797408573638,,1.0085797408573638,,0.0,8.06863792685891,8.06863792685891,8.06863792685891,4
4,2026-02-16,ZBTZ0002,0,low_information,ADIDA4,0.509090909090909,0.0037448030266801994,0.007817354055561346,0.7904218989531303,0.40239660310341174,1.0730576082757646,-0.3202067937931765,-0.8538847834484707,3.0,0.4383456496545875,3.219172824827294,-2.561654350345412,4
4,2026-02-16,ZBTZ0003,2,cluster_2,ADIDA4,0.14545454545454545,0.05459196795145066,0.14203940164048967,2.3335559176866947,0.3394263152998829,2.715410522399063,0.16090175373317717,1.2872140298654173,1.0,2.2872140298654173,2.715410522399063,1.2872140298654173,4
4,2026-02-16,ZTD0001,2,cluster_2,ADIDA4,0.14545454545454545,0.6455771941952186,0.31250000796845695,10.742187612990229,1.5625000164349423,1.785714304497077,0.37500002191325627,0.42857145361515003,7.0,10.00000017530605,12.500000131479538,3.00000017530605,4
4,2026-02-16,ZTD0003,1,cluster_1,ADIDA4,0.3090909090909091,0.999999970046711,0.2619646096313267,5.257352941176471,1.625,0.8666666666666667,-0.27696503020579233,-0.14771468277642258,15.0,12.78427975835366,13.0,-2.2157202416463386,4
5,2026-04-13,BLP0001,1,cluster_1,ADIDA4,1.2161016949152543,0.1528063716288991,0.3334645034974249,3.4081494917149096,4.144656373399064,0.48053986937960164,-4.144656373399064,-0.48053986937960164,69.0,35.84274901280749,33.15725098719251,-33.15725098719251,4
5,2026-04-13,BLP0002,1,cluster_1,ADIDA4,0.5,0.2752065834908663,0.9503988715187083,2.5,1.25,0.8333333333333334,-0.488133133110998,-0.3254220887406653,12.0,8.094934935112017,10.0,-3.905065064887984,4
5,2026-04-13,BLP0003,2,cluster_2,ADIDA4,0.13559322033898305,0.2183812023191063,0.3973447729470393,4.943977943311982,0.6703698906185738,2.681479562474295,0.31049318749143173,1.241972749965727,2.0,4.483945499931454,5.36295912494859,2.483945499931454,4
5,2026-04-13,BLP0004,2,cluster_2,ADIDA4,0.11864406779661017,0.12216382720491621,0.28388092328799935,2.8267755435358577,0.33538014923306786,,0.33538014923306786,,0.0,2.683041193864543,2.683041193864543,2.683041193864543,4
5,2026-04-13,BLP0005,0,low_information,ADIDA4,0.46153846153846156,0.39564060135040274,0.999999970046711,0.6770833698389043,0.3125000168487251,2.5000001347898007,0.12500002246496672,1.0000001797197338,1.0,2.0000001797197338,2.5000001347898007,1.0000001797197338,4
5,2026-04-13,BLP0007,0,low_information,ADIDA4,0.0,0.999999970046711,0.999999970046711,,0.0,,0.0,,0.0,0.0,0.0,0.0,4
5,2026-04-13,CFSNT008,0,low_information,ADIDA4,0.0,0.999999970046711,0.999999970046711,,0.0,,0.0,,0.0,0.0,0.0,0.0,4
5,2026-04-13,CLSSLT0003,2,cluster_2,ADIDA4,0.2711864406779661,0.2808856039171493,0.13029095285239237,1.442408959139051,0.3911617516309291,,0.3911617516309291,,0.0,3.1292940130474327,3.1292940130474327,3.1292940130474327,4
5,2026-04-13,CLSSLT0006,2,cluster_2,ADIDA4,0.4406779661016949,0.18643831694141913,0.845035481122838,1.3803060259994357,0.6082704521353446,2.4330818085413783,0.46654090427068917,1.8661636170827567,2.0,5.732327234165513,4.866163617082757,3.7323272341655134,4
5,2026-04-13,CWW0002,1,cluster_1,ADIDA4,2.5254237288135593,0.9935624465739931,0.9376932191488053,10.31311788674667,26.04499262924159,3.472665683898879,26.04499262924159,3.472665683898879,60.0,268.3599410339327,208.35994103393273,208.35994103393273,4
5,2026-04-13,DHZXCZP0001,1,cluster_1,ADIDA4,0.4915254237288136,0.551115450598718,0.9553866048195749,1.5473625305945091,0.7605680235125554,3.0422720940502215,0.7605680235125554,3.0422720940502215,2.0,8.084544188100443,6.084544188100443,6.084544188100443,4
5,2026-04-13,DRMJJ0021,2,cluster_2,ADIDA4,0.2542372881355932,0.42782538191375574,0.1386400991074396,1.7869142346393325,0.454300229145593,3.634401833164744,0.314066972194124,2.512535777552992,1.0,3.512535777552992,3.634401833164744,2.512535777552992,4
5,2026-04-13,DRMJJ0022,1,cluster_1,ADIDA4,0.5508474576271186,0.5414603383898653,0.2610935927224524,2.1846424776964453,1.203404754663296,1.9254476074612736,1.1462063395510613,1.8339301432816981,5.0,14.16965071640849,9.627238037306368,9.16965071640849,4
5,2026-04-13,DRMJJ0023,1,cluster_1,ADIDA4,0.9661016949152542,0.3245561694309708,0.6171370123714867,1.064664683714337,1.028574355452834,0.9142883159580746,0.6821487109056679,0.606354409693927,9.0,14.457189687245343,8.228594843622671,5.457189687245343,4
5,2026-04-13,DRMJJ0025,2,cluster_2,ADIDA4,0.2711864406779661,0.4151441143193232,0.17086810846999842,2.034829570515472,0.5518181886143653,2.207272754457461,0.35363637722873054,1.4145455089149221,2.0,4.829091017829844,4.414545508914922,2.8290910178298443,4
5,2026-04-13,DRMJJ0026,2,cluster_2,ADIDA4,0.3135593220338983,0.3934072810338614,0.1407432570484949,1.5945945945945945,0.5,1.0,0.011835718856265443,0.023671437712530885,4.0,4.0946857508501235,4.0,0.09468575085012354,4
5,2026-04-13,DRMJJ0027,2,cluster_2,ADIDA4,0.0847457627118644,0.8164538847167246,0.03553537784500641,4.8971724073169565,0.4150146107895726,1.1067056287721935,-0.29497077842085484,-0.7865887424556129,3.0,0.6402337726331617,3.3201168863165806,-2.3597662273668387,4
5,2026-04-13,DRMJJ0038,0,low_information,ADIDA4,0.5384615384615384,0.26012867895793934,0.999999970046711,0.6964285783820134,0.3750000037441611,1.0000000099844295,-0.3749999925116778,-0.9999999800311409,3.0,5.990657792054321e-08,3.0000000299532887,-2.9999999400934225,4
5,2026-04-13,DRMJJ0039,2,cluster_2,ADIDA4,0.8461538461538461,0.18942582276311193,0.999999970046711,0.8124999933626235,0.6874999943837583,5.4999999550700664,0.6249999925116777,4.999999940093422,1.0,5.999999940093422,5.4999999550700664,4.999999940093422,4
5,2026-04-13,ETZP0003,1,cluster_1,ADIDA4,0.6779661016949152,0.108098616006425,0.2197434114606406,2.1863702944712777,1.482284945404256,,1.482284945404256,,0.0,11.858279563234047,11.858279563234047,11.858279563234047,4
5,2026-04-13,ETZP0004,1,cluster_1,ADIDA4,0.6610169491525424,0.45777531078068784,0.3309009813293374,4.511503784990427,2.982180468044519,,2.982180468044519,,0.0,23.857443744356154,23.857443744356154,23.857443744356154,4
5,2026-04-13,FDBLHP0001,2,cluster_2,ADIDA4,0.4067796610169492,0.5136558896289566,0.17721016085242028,1.7944762451646927,0.7299564387110615,,0.7299564387110615,,0.0,5.839651509688492,5.839651509688492,5.839651509688492,4
5,2026-04-13,FDBLP0001,1,cluster_1,ADIDA4,1.0847457627118644,0.999999970046711,0.6958268642123494,10.242216851481777,11.11020133042091,1.0100183027655374,-10.559194678316361,-0.959926788937851,88.0,3.5264425734691094,88.88161064336728,-84.47355742653089,4
5,2026-04-13,FRC0003,1,cluster_1,ADIDA4,0.7288135593220338,0.4980429557463636,0.14604980981457963,3.805404387449562,2.7734303162767993,0.8533631742390152,-2.2968606325535985,-0.7067263484780303,26.0,7.625114939571214,22.187442530214394,-18.374885060428788,4
5,2026-04-13,FRH0028,2,cluster_2,ADIDA4,0.5423728813559322,0.1827931416846616,0.8300873725193642,0.2797603474625736,0.1517344257424128,1.2138754059393024,-0.08935409901011628,-0.7148327920809302,1.0,0.2851672079190697,1.2138754059393024,-0.7148327920809302,4
5,2026-04-13,FRH0033,1,cluster_1,ADIDA4,2.965254237288135,0.17280085239963103,0.4998714929998643,0.5490927496174521,1.628199602467343,3.256399204934686,1.628199602467343,3.256399204934686,4.0,17.025596819738745,13.025596819738745,13.025596819738745,4
5,2026-04-13,FRH0034,1,cluster_1,ADIDA4,1.116949152542373,0.24715318134508418,0.32875623411859733,0.8700455239118052,0.9717966106065757,,0.9717966106065757,,0.0,7.774372884852606,7.774372884852606,7.774372884852606,4
5,2026-04-13,FRH0043,2,cluster_2,ADIDA4,0.1864406779661017,0.03290532015649695,0.09875276723144857,1.516079950207936,0.2826589737675813,2.2612717901406505,0.08521196502344171,0.6816957201875337,1.0,1.6816957201875335,2.2612717901406505,0.6816957201875337,4
5,2026-04-13,FRH0044,2,cluster_2,ADIDA4,0.423728813559322,0.06315824658786393,0.20165534097160379,1.1861832317607741,0.5026200134579552,1.3403200358878804,0.1354800538318205,0.3612801435515213,3.0,4.083840430654564,4.020960107663641,1.083840430654564,4
5,2026-04-13,FRH0046,1,cluster_1,ADIDA4,1.11864406779661,0.5317776751135557,0.9999999721907953,7.821969696969693,8.749999999999995,2.4999999999999987,8.749999999999995,2.4999999999999987,28.0,97.99999999999996,69.99999999999996,69.99999999999996,4
5,2026-04-13,FRH0048,1,cluster_1,ADIDA4,2.6553672316384183,0.2901743546937236,0.5535333661577889,1.141673022032715,3.0315611319512774,0.4663940203001965,2.875414842601703,0.44237151424641585,52.0,75.00331874081363,24.25248905561022,23.003318740813626,4
5,2026-04-13,FRH0050,1,cluster_1,ADIDA4,1.2203389830508475,0.31120989690307505,0.21107436969471965,1.1965156082927924,1.4601546406284924,,1.4601546406284924,,0.0,11.68123712502794,11.68123712502794,11.68123712502794,4
5,2026-04-13,FRH0051,1,cluster_1,ADIDA4,1.8644067796610169,0.3341028128944242,0.48334811271614436,1.1604133643316559,2.163482543669189,0.9615477971863062,1.5769650873383774,0.7008733721503899,18.0,30.61572069870702,17.30786034935351,12.615720698707019,4
5,2026-04-13,FRH0056,1,cluster_1,ADIDA4,3.6440677966101696,0.5457068839692362,0.32973279228855223,1.5158980815825562,5.524035382038129,0.4169083307198588,-3.7980707640762574,-0.28664685011896285,106.0,75.61543388738994,44.19228305630503,-30.38456611261006,4
5,2026-04-13,FRH0056-1,2,cluster_2,ADIDA4,0.15254237288135594,0.10571569889816858,0.5334610255327832,2.429867718476101,0.370657787564151,1.482631150256604,-0.008684424871697946,-0.034737699486791784,2.0,1.9305246010264165,2.965262300513208,-0.06947539897358357,4
5,2026-04-13,FRH0059,1,cluster_1,ADIDA4,1.2881355932203389,0.7817059769728365,0.9999999678189041,0.3881579041053519,0.5000000120679109,1.0000000241358218,-0.4999999517283562,-0.9999999034567124,4.0,3.861731507903694e-07,4.000000096543287,-3.9999996138268497,4
5,2026-04-13,FRH0064,1,cluster_1,ADIDA4,0.7627118644067796,0.20104619229849266,0.41008399214826025,1.3365928032491954,1.0194351889188777,2.0388703778377555,0.8592469185585037,1.7184938371170073,4.0,10.87397534846803,8.155481511351022,6.873975348468029,4
5,2026-04-13,FRH0065,2,cluster_2,ADIDA4,0.4576271186440678,0.4694014147080638,0.2656974991145549,1.8807627829871627,0.8606880532314134,0.9836434894073296,0.5963761064628268,0.6815726931003735,7.0,11.771008851702614,6.885504425851307,4.771008851702614,4
5,2026-04-13,FRH0068,1,cluster_1,ADIDA4,0.3050847457627119,0.1783103393518493,0.32329826149228663,2.526255760524664,0.7707220964312536,,0.7707220964312536,,0.0,6.1657767714500284,6.1657767714500284,6.1657767714500284,4
5,2026-04-13,FRW00023,0,low_information,ADIDA4,0.0,0.999999970046711,0.999999970046711,,0.375,1.0,-0.375,-1.0,3.0,0.0,3.0,-3.0,4
5,2026-04-13,FRW0005,1,cluster_1,ADIDA4,1.4406779661016949,0.3064954402109559,0.4253381542098128,1.0411764705882354,1.5,0.6,-0.0947495637440312,-0.037899825497612484,20.0,19.24200349004775,12.0,-0.7579965099522497,4
5,2026-04-13,FRW0006,1,cluster_1,ADIDA4,2.76271186440678,0.3619319297190198,0.9999999692487707,1.040644194040768,2.875000061502461,4.600000098403937,2.875000061502461,4.600000098403937,5.0,28.000000492019687,23.000000492019687,23.000000492019687,4
5,2026-04-13,FRW0008,2,cluster_2,ADIDA4,0.13559322033898305,0.052237492137411926,0.17965189480776797,1.214037961002523,0.1646153167461048,,0.1646153167461048,,0.0,1.3169225339688384,1.3169225339688384,1.3169225339688384,4
5,2026-04-13,FRW0009,2,cluster_2,ADIDA4,0.2966101694915254,0.43578179332670536,0.16082468621929916,4.18187611300271,1.2403869826702953,0.9020996237602148,-0.8365479306811808,-0.6083984950408587,11.0,4.307616554550553,9.923095861362363,-6.692383445449447,4
5,2026-04-13,FRW0015,1,cluster_1,ADIDA4,0.9322033898305084,0.9999999808792218,0.8168157941337901,20.381816962277586,18.99999886314012,0.9999999401652695,-18.99999886314012,-0.9999999401652695,152.0,9.094879043504047e-06,151.99999090512097,-151.99999090512097,4
5,2026-04-13,FRW0024,1,cluster_1,ADIDA4,0.3898305084745763,0.999999970046711,0.3292019635810034,3.527173913043478,1.375,0.6470588235294118,0.4617059705015456,0.21727339788308028,17.0,20.693647764012365,11.0,3.693647764012365,4
5,2026-04-13,FRW0025,0,low_information,ADIDA4,0.46153846153846156,0.06612097732952169,0.999999970046711,1.0833333495580313,0.5000000074883222,,0.5000000074883222,,0.0,4.0000000599065775,4.0000000599065775,4.0000000599065775,4
5,2026-04-13,FSTBY001,0,low_information,ADIDA4,0.01694915254237288,1.0037376640824323e-06,1.0037376640824323e-06,7.375011103825618,0.1250001882004342,1.0000015056034737,-0.12499974906608771,-0.9999979925287017,1.0,2.0074712982096937e-06,1.0000015056034737,-0.9999979925287017,4
5,2026-04-13,FZGLS0001,0,low_information,ADIDA4,0.06779661016949153,0.08588094301691887,0.25192115276389543,4.491894218638451,0.30453520126362377,1.218140805054495,-0.1409295974727525,-0.56371838989101,2.0,0.8725632202179798,2.43628161010899,-1.12743677978202,4
5,2026-04-13,FZGLS0002,2,cluster_2,ADIDA4,0.0847457627118644,0.06403292839551743,0.1359013857850747,1.7378066592628212,0.14727175078498483,,0.14727175078498483,,0.0,1.1781740062798787,1.1781740062798787,1.1781740062798787,4
5,2026-04-13,FZLRICBHP0001,1,cluster_1,ADIDA4,0.23728813559322035,0.999999970046711,0.0802594909670873,1.770039832003652,0.4200094516618835,,0.4200094516618835,,0.0,3.360075613295068,3.360075613295068,3.360075613295068,4
5,2026-04-13,FZLRJ0001,1,cluster_1,ADIDA4,0.5847457627118644,0.6109459754002666,0.999999970046711,5.771739104822546,3.3749999850233534,3.8571428400266896,3.3749999850233534,3.8571428400266896,7.0,33.99999988018683,26.999999880186827,26.999999880186827,4
5,2026-04-13,FZLRJ0001double,0,low_information,ADIDA4,0.05084745762711865,0.018044650605858612,0.08451470637910354,0.7399497144092465,0.037624561749622705,,0.037624561749622705,,0.0,0.30099649399698164,0.30099649399698164,0.30099649399698164,4
5,2026-04-13,FZLRJ0002,1,cluster_1,ADIDA4,1.0593220338983051,0.30388448915470684,0.999999970046711,6.371999837413545,6.749999827768587,2.249999942589529,6.749999827768587,2.249999942589529,24.0,77.9999986221487,53.999998622148695,53.999998622148695,4
5,2026-04-13,FZLRJ0002double,2,cluster_2,ADIDA4,0.15254237288135594,0.08378785637318853,0.13324664965031593,1.1412185783872655,0.17408418992348118,,0.17408418992348118,,0.0,1.3926735193878494,1.3926735193878494,1.3926735193878494,4
5,2026-04-13,FZLRJ0005,0,low_information,ADIDA4,0.15384615384615385,1.0037376640824323e-06,0.999999970046711,10.562500024337046,1.625000003744161,1.0000000023040991,-1.6249999925116776,-0.9999999953918016,13.0,5.990657792054321e-08,13.000000029953288,-12.99999994009342,4
5,2026-04-13,GJMJWJX001,1,cluster_1,ADIDA4,5.785310734463277,0.3005684724825396,0.999999970046711,1.29436858740519e-09,7.488324483067313e-09,,7.488324483067313e-09,,0.0,5.99065958645385e-08,5.99065958645385e-08,5.99065958645385e-08,4
5,2026-04-13,GJMJWJXW001,1,cluster_1,ADIDA4,8.305084745762711,0.6147516959275896,0.0730717399479718,1.338324727110297,11.11490027600077,,11.11490027600077,,0.0,88.91920220800615,88.91920220800615,88.91920220800615,4
5,2026-04-13,HLGKSLT0001,1,cluster_1,ADIDA4,0.7372881355932204,0.43377442755179213,0.999999970046711,0.8477011900515855,0.6250000299532876,1.0000000479252602,0.6250000299532876,1.0000000479252602,5.0,10.000000239626301,5.000000239626301,5.000000239626301,4
5,2026-04-13,HWZDSKL0001,1,cluster_1,ADIDA4,1.0847457627118644,0.23812147806843956,0.5122656066912409,3.5525267932789437,3.8535883859297018,0.9944744221754069,-3.8535883859297018,-0.9944744221754069,31.0,0.1712929125623871,30.828707087437614,-30.828707087437614,4
5,2026-04-13,HWZDSKL0002,1,cluster_1,ADIDA4,0.2711864406779661,0.6166048255619792,0.14425343232599414,0.8211158944374712,0.22267549679660237,,0.22267549679660237,,0.0,1.781403974372819,1.781403974372819,1.781403974372819,4
5,2026-04-13,HZSN0001,1,cluster_1,ADIDA4,1.2372881355932204,0.3683344647639664,0.48334215825815874,1.0749545945516659,1.3300285661401967,0.6258957958306808,0.2850571322803934,0.1341445328378322,17.0,19.280457058243147,10.640228529121574,2.2804570582431474,4
5,2026-04-13,JZJ00011,1,cluster_1,ADIDA4,0.5254237288135594,0.48857403534473054,0.33626680138224724,2.7919492146197835,1.4669563670036152,3.9118836453429737,1.4669563670036152,3.9118836453429737,3.0,14.735650936028922,11.735650936028922,11.735650936028922,4
5,2026-04-13,JZJ00012,1,cluster_1,ADIDA4,1.2881355932203389,0.48639683367549263,0.6047552446088366,0.9708466029502122,1.2505820648172223,0.5265608693967252,-0.8773282592688889,-0.3694013723237427,19.0,11.981373925848889,10.004656518537779,-7.018626074151111,4
5,2026-04-13,JZJ0002,1,cluster_1,ADIDA4,2.211864406779661,0.5319994886888935,0.7641944200199807,1.638888888888889,3.625,0.4915254237288136,-2.050656519304038,-0.27805512126156445,59.0,42.594747845567696,29.0,-16.405252154432304,4
5,2026-04-13,JZJ0003,1,cluster_1,ADIDA4,3.4322033898305087,0.5127980948637576,0.566961946334852,0.7487948533564381,2.5700162339776056,0.26025480850406135,1.9050649359104224,0.1929179681934605,79.0,94.24051948728338,20.560129871820845,15.240519487283379,4
5,2026-04-13,JZJ0009,1,cluster_1,ADIDA4,3.5,0.5217563660337463,0.6910069233401368,3.2389240257660745,11.33623409018126,0.5776425014105101,6.219936360725043,0.31693943239363276,157.0,206.75949088580035,90.68987272145009,49.759490885800346,4
5,2026-04-13,JZJ0013,1,cluster_1,ADIDA4,3.805084745762712,0.7818632994285376,0.6771157044140037,0.8223573270999835,3.1291393209143443,0.25285974310418946,1.6332786418286886,0.13198211247100514,99.0,112.06622913462951,25.033114567314755,13.06622913462951,4
5,2026-04-13,JZJ0014,1,cluster_1,ADIDA4,0.22033898305084745,0.03276323139520085,0.20799689707620492,1.5520593093243278,0.3419791698511231,1.3679166794044924,-0.06604166029775382,-0.2641666411910153,2.0,1.4716667176179694,2.7358333588089847,-0.5283332823820306,4
5,2026-04-13,JZJ0016,1,cluster_1,ADIDA4,1.0593220338983051,0.3405911726279005,0.5482517358241131,2.4755121146716674,2.622364528253885,0.8068813933088878,-2.4131527043385135,-0.7425085244118503,26.0,6.69477836529189,20.97891622603108,-19.305221634708108,4
5,2026-04-13,JZJ0017,2,cluster_2,ADIDA4,0.15254237288135594,0.11531932616250049,0.10256476957059994,1.577781629341756,0.24067855362840346,1.9254284290272277,0.029238071504537964,0.23390457203630372,1.0,1.2339045720363038,1.9254284290272277,0.23390457203630372,4
5,2026-04-13,JZJ0018,2,cluster_2,ADIDA4,0.3389830508474576,0.5678096882977889,0.33375809533204603,2.2608733795536624,0.7663977557809025,3.06559102312361,0.43853034104120336,1.7541213641648135,2.0,5.508242728329627,6.13118204624722,3.508242728329627,4
5,2026-04-13,JZJ0019,1,cluster_1,ADIDA4,0.7299435028248586,0.545651489644681,0.9999999732013888,5.479876130013892,3.999999977388671,3.999999977388671,3.9999999698515616,3.9999999698515616,8.0,39.99999975881249,31.99999981910937,31.999999758812493,4
5,2026-04-13,KFYFQ51mm,1,cluster_1,ADIDA4,2.8461538461538463,1.0037376640824323e-06,0.999999970046711,1.2297297297297296,3.5,0.56,-2.500000104836511,-0.4000000167738418,50.0,29.999999161307912,28.0,-20.000000838692088,4
5,2026-04-13,KFYFQ54mm,0,low_information,ADIDA4,2.6923076923076925,0.2138575092982174,0.999999970046711,1.6714285714285713,4.5,0.75,-1.2500001422781222,-0.2083333570463537,48.0,37.99999886177502,36.0,-10.000001138224977,4
5,2026-04-13,KFYFQ58mm,1,cluster_1,ADIDA4,3.5384615384615383,0.23755565855726923,0.999999970046711,1.8369565288815248,6.500000025273088,0.6341463439290818,-6.25000003369745,-0.6097561008485317,82.0,31.9999997304204,52.0000002021847,-50.0000002695796,4
5,2026-04-13,KZCWBG001,2,cluster_2,ADIDA4,0.2796610169491525,0.5800521535631458,0.5025216482992436,9.50621599632338,2.6585180328700977,0.966733830134581,-2.5670360657401954,-0.933467660269162,22.0,1.4637114740784334,21.26814426296078,-20.536288525921563,4
5,2026-04-13,LTKF0019,1,cluster_1,ADIDA4,0.7966101694915254,0.21916923706444916,0.4083675896306051,0.8875940943886227,0.7070664819705977,2.828265927882391,0.6641329639411955,2.656531855764782,2.0,7.313063711529564,5.656531855764782,5.313063711529564,4
5,2026-04-13,LTKF0020,1,cluster_1,ADIDA4,5.135593220338983,0.8553746926364411,0.3029335100909434,1.6168689455158087,8.303581194767627,0.42043449087431023,3.4643247790705125,0.1754088495731905,158.0,185.7145982325641,66.42864955814102,27.7145982325641,4
5,2026-04-13,LTKF0021,1,cluster_1,ADIDA4,1.4830508474576272,0.2507407024129605,0.6392028466087784,1.18,1.75,0.4666666666666667,-0.08240645959321391,-0.02197505589152371,30.0,29.34074832325429,14.0,-0.6592516767457113,4
5,2026-04-13,LTKF0022M,1,cluster_1,ADIDA4,0.8050847457627118,0.76380304390073,0.30203166253003977,3.5653669174229927,2.8704225182642737,2.0875800132831084,2.8704225182642737,2.0875800132831084,11.0,33.96338014611419,22.96338014611419,22.96338014611419,4
5,2026-04-13,LTKF0031,1,cluster_1,ADIDA4,1.228813559322034,0.5197064762363592,0.6381369875793332,0.7288917892974333,0.8956721139671849,1.433075382347496,0.7358961519562466,1.1774338431299944,5.0,10.887169215649973,7.1653769117374795,5.887169215649973,4
5,2026-04-13,LTKF0047,1,cluster_1,ADIDA4,0.2711864406779661,0.5014857273687946,0.7465506859875034,1.7283705192628311,0.4687106492916152,1.2498950647776406,-0.18757870141676958,-0.5002098704447189,3.0,1.4993703886658436,3.7496851943329217,-1.5006296113341566,4
5,2026-04-13,LTKF0058,2,cluster_2,ADIDA4,0.11864406779661017,0.5748912220914564,0.240509093719334,3.9314477269825057,0.46644295065894137,1.2438478684238437,-0.009228197364234525,-0.0246085263046254,3.0,2.926174421086124,3.731543605271531,-0.0738255789138762,4
5,2026-04-13,LTKF0101,1,cluster_1,ADIDA4,1.771186440677966,0.7745922964176142,0.18816017710130586,3.84936755035033,6.817947610366263,0.6198134191242057,-6.75726348048835,-0.6142966800443954,88.0,33.9418921560932,54.5435808829301,-54.0581078439068,4
5,2026-04-13,LTKF0102,2,cluster_2,ADIDA4,0.22033898305084745,0.4879204948654504,0.23024348766207986,3.271900702081992,0.7209272733401,2.8837090933604,0.37790303112013335,1.5116121244805334,2.0,5.023224248961067,5.7674181867208,3.023224248961067,4
5,2026-04-13,LTKF0106,0,low_information,ADIDA4,0.0847457627118644,0.03315298042897241,0.1713112116921792,2.4428341280947428,0.20701984136396123,1.6561587309116899,-0.01564021151471838,-0.12512169211774704,1.0,0.8748783078822531,1.6561587309116899,-0.12512169211774704,4
5,2026-04-13,LTKF0111,2,cluster_2,ADIDA4,0.23728813559322035,0.31468110716665937,0.9999999699612776,7.3749998734082345,1.749999969961276,2.3333332932817012,1.749999969961276,2.3333332932817012,6.0,19.99999975969021,13.999999759690208,13.999999759690208,4
5,2026-04-13,LTKF093,1,cluster_1,ADIDA4,0.6016949152542372,0.16100454274272347,0.31404387191628075,3.839566777458002,2.3102478067755774,0.924099122710231,-1.7409912271023098,-0.6963964908409239,20.0,6.07207018318152,18.48198245420462,-13.927929816818478,4
5,2026-04-13,LTKF098,1,cluster_1,ADIDA4,0.6610169491525424,0.999999970046711,0.41855654417638005,2.8365384615384617,1.875,0.6521739130434783,-0.592092648533018,-0.2059452690549628,23.0,18.263258811735856,15.0,-4.736741188264144,4
5,2026-04-13,LTKF098B,1,cluster_1,ADIDA4,1.4615384615384615,1.0037376640824323e-06,0.999999970046711,1.197368423614426,1.750000003744161,1.272727275450299,1.375000007488322,1.0000000054460523,11.0,22.000000059906576,14.000000029953288,11.000000059906576,4
5,2026-04-13,LYC0201,1,cluster_1,ADIDA4,0.2966101694915254,0.39267210452863877,0.999999970046711,13.485714310960631,4.000000007488323,0.9411764723501936,-3.750000014976645,-0.882352944700387,34.0,3.999999880186844,32.00000005990658,-30.00000011981316,4
5,2026-04-13,LYC0203,2,cluster_2,ADIDA4,0.2033898305084746,0.14768519785534828,0.4296862367594257,4.450017090504459,0.9050882217975171,1.0343865391971625,-0.7546471128099311,-0.8624538432113499,7.0,0.9628230975205507,7.240705774380137,-6.037176902479449,4
5,2026-04-13,NNB0002,1,cluster_1,ADIDA4,0.826271186440678,0.7907129419916257,0.7881703473196855,17.92290973649536,14.809183892443201,2.2783359834528003,11.118367784886402,1.7105181207517541,52.0,140.94694227909122,118.47347113954561,88.94694227909122,4
5,2026-04-13,NNBZL01,0,low_information,ADIDA4,2.1538461538461537,0.4503215159662195,0.999999970046711,0.23214286061957817,0.5000000074883222,0.6666666766510962,0.24999997004671104,0.33333329339561474,6.0,7.999999760373688,4.0000000599065775,1.9999997603736883,4
5,2026-04-13,QCCXC0004,1,cluster_1,ADIDA4,1.0677966101694916,0.39921628739664017,0.027141209957508083,0.4870168280261816,0.520034918061855,,0.520034918061855,,0.0,4.16027934449484,4.16027934449484,4.16027934449484,4
5,2026-04-13,QFDNZGJK001,1,cluster_1,ADIDA4,1.3846153846153846,0.3382272606680408,0.999999970046711,1.444444411995048,1.9999999550700664,,1.9999999550700664,,0.0,15.999999640560532,15.999999640560532,15.999999640560532,4
5,2026-04-13,QFDNZGJK002,1,cluster_1,ADIDA4,1.6923076923076923,0.43051569174679366,0.999999970046711,1.2926135965393775,2.1874999326051,1.74999994608408,1.9999999101401333,1.5999999281121067,10.0,25.999999281121067,17.4999994608408,15.999999281121067,4
5,2026-04-13,QFSJZ002-1,2,cluster_2,ADIDA4,0.15254237288135594,0.25388826741342063,0.14184298922186073,1.6782668151092905,0.25600680230480705,,0.25600680230480705,,0.0,2.0480544184384564,2.0480544184384564,2.0480544184384564,4
5,2026-04-13,QFSJZ003,2,cluster_2,ADIDA4,0.13559322033898305,0.11856742359728997,0.32350765003924037,1.4908041879130847,0.2021429407339776,1.6171435258718208,-0.022142745688029868,-0.17714196550423894,1.0,0.8228580344957611,1.6171435258718208,-0.17714196550423894,4
5,2026-04-13,QFSJZ003-1,2,cluster_2,ADIDA4,0.4745762711864407,0.4313020324657162,0.2625451097271806,2.5731642624147733,1.2211627008070112,,1.2211627008070112,,0.0,9.76930160645609,9.76930160645609,9.76930160645609,4
5,2026-04-13,QFYF001,0,low_information,ADIDA4,0.0,0.999999970046711,0.999999970046711,,0.0,,0.0,,0.0,0.0,0.0,0.0,4
5,2026-04-13,RLHZHMV000AMDE,1,cluster_1,ADIDA4,3.330508474576271,0.6309042988294287,0.8753698596008188,0.7482057204365998,2.49190549264054,0.2190686147376299,2.35881098528108,0.207367998706029,91.0,109.87048788224864,19.93524394112432,18.87048788224864,4
5,2026-04-13,SKZ2FT01,0,low_information,ADIDA4,0.0,0.999999970046711,0.999999970046711,,0.625,1.0,-0.625,-1.0,5.0,0.0,5.0,-5.0,4
5,2026-04-13,SKZ3FT01,0,low_information,ADIDA4,0.0,0.999999970046711,0.999999970046711,,2.375,1.0,-2.375,-1.0,19.0,0.0,19.0,-19.0,4
5,2026-04-13,SLT0003,2,cluster_2,ADIDA4,0.423728813559322,0.1188640424570516,0.2990655350242745,1.7074350223355348,0.7234894162438706,,0.7234894162438706,,0.0,5.787915329950965,5.787915329950965,5.787915329950965,4
5,2026-04-13,SLT0004,2,cluster_2,ADIDA4,0.11864406779661017,0.999999970046711,0.17788078301712199,2.823619033423296,0.33500564803327243,,0.33500564803327243,,0.0,2.6800451842661794,2.6800451842661794,2.6800451842661794,4
5,2026-04-13,TTNX0002,0,low_information,ADIDA4,0.0,0.999999970046711,0.999999970046711,,0.0,,0.0,,0.0,0.0,0.0,0.0,4
5,2026-04-13,XFTW0001,0,low_information,ADIDA4,0.0,0.999999970046711,0.999999970046711,,2.875,1.0,-2.875,-1.0,23.0,0.0,23.0,-23.0,4
5,2026-04-13,XGX9992,0,low_information,ADIDA4,0.0,0.999999970046711,0.999999970046711,,0.0,,0.0,,0.0,0.0,0.0,0.0,4
5,2026-04-13,XGX9993,0,low_information,ADIDA4,0.0,0.999999970046711,0.999999970046711,,0.0,,0.0,,0.0,0.0,0.0,0.0,4
5,2026-04-13,XGX9994,0,low_information,ADIDA4,0.0,0.999999970046711,0.999999970046711,,0.0,,0.0,,0.0,0.0,0.0,0.0,4
5,2026-04-13,XGX9995,0,low_information,ADIDA4,0.0,0.999999970046711,0.999999970046711,,0.0,,0.0,,0.0,0.0,0.0,0.0,4
5,2026-04-13,XGX99990,0,low_information,ADIDA4,0.0,0.999999970046711,0.999999970046711,,0.0,,0.0,,0.0,0.0,0.0,0.0,4
5,2026-04-13,XGX99991,0,low_information,ADIDA4,0.0,0.999999970046711,0.999999970046711,,0.0,,0.0,,0.0,0.0,0.0,0.0,4
5,2026-04-13,XGX99992,0,low_information,ADIDA4,0.0,0.999999970046711,0.999999970046711,,0.0,,0.0,,0.0,0.0,0.0,0.0,4
5,2026-04-13,XGX99993,0,low_information,ADIDA4,0.0,0.999999970046711,0.999999970046711,,0.0,,0.0,,0.0,0.0,0.0,0.0,4
5,2026-04-13,XHP0001,1,cluster_1,ADIDA4,2.593220338983051,0.999999970046711,0.7292961852222357,26.80065359477124,69.5,0.9586206896551724,-43.366354708881744,-0.5981566166742309,580.0,233.06916232894605,556.0,-346.93083767105395,4
5,2026-04-13,XHZXCZP0001,1,cluster_1,ADIDA4,2.635593220338983,0.9074447972377203,0.6333557625662223,1.4103108755636886,3.717005782205993,0.46462572277574915,-3.6226743762746576,-0.4528342970343322,64.0,35.01860498980274,29.736046257647946,-28.98139501019726,4
5,2026-04-13,XHZXCZP0002,1,cluster_1,ADIDA4,0.2932203389830508,0.4346653830461471,0.999999966503948,23.44653178619576,6.874999998325196,0.8461538459477164,-6.874999998325196,-0.8461538459477164,65.0,10.000000013398429,54.999999986601566,-54.999999986601566,4
5,2026-04-13,XMJ0001,0,low_information,ADIDA4,0.0,0.999999970046711,0.999999970046711,,2.875,1.0,-2.875,-1.0,23.0,0.0,23.0,-23.0,4
5,2026-04-13,XMJ0004,0,low_information,ADIDA4,0.07692307692307693,0.999999970046711,0.999999970046711,47.125,3.625,1.0,-3.625,-1.0,29.0,0.0,29.0,-29.0,4
5,2026-04-13,XMSH0001,1,cluster_1,ADIDA4,3.6923076923076925,0.9282726786102081,0.999999970046711,2.132812443720578,7.874999792199057,2.249999940628302,6.999999722932076,1.999999920837736,28.0,83.9999977834566,62.99999833759246,55.99999778345661,4
5,2026-04-13,XXGP0002,0,low_information,ADIDA4,1.1538461538461537,0.5711559765920309,0.999999970046711,3.791666666666667,4.375,1.0,-4.375,-1.0,35.0,0.0,35.0,-35.0,4
5,2026-04-13,XYJ0001,1,cluster_1,ADIDA4,1.3076923076923077,0.999999970046711,0.999999970046711,1.4816176255849585,1.9374999719187918,1.2916666479458612,-0.25000003744161103,-0.1666666916277407,12.0,9.99999970046711,15.499999775350334,-2.0000002995328883,4
5,2026-04-13,XYMGPD0001,1,cluster_1,ADIDA4,1.3846153846153846,0.9615807907794336,0.999999970046711,1.8958333765991953,2.625000059906578,21.000000479252623,2.625000059906578,21.000000479252623,1.0,22.000000479252623,21.000000479252623,21.000000479252623,4
5,2026-04-13,XYMGPD0002,1,cluster_1,ADIDA4,0.9230769230769231,0.3671270364933249,0.999999970046711,1.218749983775302,1.1249999850233556,1.1249999850233556,0.24999997004671104,0.24999997004671104,8.0,9.999999760373688,8.999999880186845,1.9999997603736883,4
5,2026-04-13,XYMLRY00001,2,cluster_2,ADIDA4,0.6153846153846154,0.3638214803485552,0.999999970046711,1.7265625,1.0625,0.85,-0.5,-0.4,10.0,6.0,8.5,-4.0,4
5,2026-04-13,XYMZD0017,0,low_information,ADIDA4,0.0,0.999999970046711,0.999999970046711,,0.0,,0.0,,0.0,0.0,0.0,0.0,4
5,2026-04-13,XYMZG0016,0,low_information,ADIDA4,0.0,0.999999970046711,0.999999970046711,,0.0,,0.0,,0.0,0.0,0.0,0.0,4
5,2026-04-13,YDBZ001,1,cluster_1,ADIDA4,0.5847457627118644,0.8105340730165635,0.2596941510948066,2.9107387668089433,1.7020421602526872,,1.7020421602526872,,0.0,13.616337282021497,13.616337282021497,13.616337282021497,4
5,2026-04-13,YDBZ002,1,cluster_1,ADIDA4,0.940677966101695,0.6018425316744961,0.15523226542841437,2.1646500865270215,2.0362386407160966,,2.0362386407160966,,0.0,16.289909125728773,16.289909125728773,16.289909125728773,4
5,2026-04-13,YEC0009,1,cluster_1,ADIDA4,0.9230769230769231,0.999999970046711,0.999999970046711,2.979166626104921,2.749999962558389,1.4666666466978073,1.8749999251167777,0.9999999600622814,15.0,29.99999940093422,21.99999970046711,14.999999400934222,4
5,2026-04-13,YJLZHMV000AMDE,1,cluster_1,ADIDA4,0.9915254237288136,0.2478028982896437,0.5268351699306764,1.22615590967574,1.2157647578988269,0.8105098385992179,-0.9315295157976538,-0.6210196771984359,12.0,4.54776387361877,9.726118063190615,-7.45223612638123,4
5,2026-04-13,YXBLJ0001,2,cluster_2,ADIDA4,0.13559322033898305,0.30763519375310416,0.4189207266040985,4.377359151696144,0.5935402239587991,1.5827739305567976,0.06208044791759826,0.16554786111359535,3.0,3.496643583340786,4.748321791670393,0.49664358334078607,4
5,2026-04-13,ZBTZ0002,1,cluster_1,ADIDA4,0.5084745762711864,0.005434582479488731,0.00639224011157493,3.709518707949396,1.8861959531946082,1.0059711750371243,-1.8302161872215665,-0.9761152998515021,15.0,0.3582705022274656,15.089567625556866,-14.641729497772532,4
5,2026-04-13,ZBTZ0003,1,cluster_1,ADIDA4,0.15254237288135594,0.042421271523282886,0.10495563473682351,2.64774106692912,0.40389270512478104,1.6155708204991241,-0.044809726500291955,-0.17923890600116782,2.0,1.6415221879976645,3.2311416409982483,-0.35847781200233564,4
5,2026-04-13,ZTD0001,2,cluster_2,ADIDA4,0.2288135593220339,0.46456634717811,0.09230920201673586,9.02219141366631,2.064399730245681,0.9175109912203028,-1.8787994604913623,-0.8350219824406054,18.0,2.9696043160691024,16.51519784196545,-15.030395683930898,4
5,2026-04-13,ZTD0003,1,cluster_1,ADIDA4,0.3559322033898305,0.8142426146662943,0.6272532467465691,5.957530984286736,2.1204771300003635,3.3927634080005817,2.1204771300003635,3.3927634080005817,5.0,21.96381704000291,16.96381704000291,16.96381704000291,4
5,2026-04-13,ZTD0004,0,low_information,ADIDA4,0.0,0.999999970046711,0.999999970046711,,0.0,,0.0,,0.0,0.0,0.0,0.0,4
5,2026-04-13,xgx0013,0,low_information,ADIDA4,0.15384615384615385,1.0037376640824323e-06,0.999999970046711,3.25,0.5,1.0,-0.5,-1.0,4.0,0.0,4.0,-4.0,4
5,2026-04-13,xgx0014,1,cluster_1,ADIDA4,2.6153846153846154,0.15643440402507838,0.999999970046711,0.7647058759107815,1.999999983151275,1.7777777628011333,1.3749999775350332,1.2222222022533629,9.0,19.999999820280266,15.9999998652102,10.999999820280266,4
5,2026-04-13,xgx0015,1,cluster_1,ADIDA4,1.7692307692307692,0.31882644217966116,0.999999970046711,1.1304347868412254,2.000000007488322,0.8000000029953288,-1.499999970046711,-0.5999999880186844,20.0,8.000000239626312,16.000000059906576,-11.999999760373688,4
5,2026-04-13,xgx0016,1,cluster_1,ADIDA4,1.9230769230769231,0.3095755088998106,0.999999970046711,0.9100000146022282,1.7500000280812082,1.166666685387472,0.5000000374416111,0.3333333582944074,12.0,16.00000029953289,14.000000224649666,4.000000299532889,4
5,2026-04-13,xymzd0015,1,cluster_1,ADIDA4,1.6153846153846154,0.999999970046711,0.999999970046711,0.5803571602407481,0.9375000280812085,1.0714286035213811,-0.6249998876751665,-0.714285585914476,7.0,2.000000898598669,7.500000224649668,-4.999999101401332,4
5,2026-04-13,xymzd0016,0,low_information,ADIDA4,0.0,0.999999970046711,0.999999970046711,,0.0,,0.0,,0.0,0.0,0.0,0.0,4
5,2026-04-13,zxy0002,0,low_information,ADIDA4,0.0,0.999999970046711,0.999999970046711,,0.125,1.0,-0.125,-1.0,1.0,0.0,1.0,-1.0,4
6,2026-06-08,BLP0001,1,cluster_1,ADIDA4,1.1468253968253967,0.1898785276443983,0.4454670043847296,4.589319714602365,5.263148402857475,0.6191939297479382,0.5262968057149493,0.061917271260582274,68.0,72.2103744457196,42.1051872228598,4.210374445719594,4
6,2026-06-08,BLP0002,1,cluster_1,ADIDA4,0.6190476190476191,0.2631711058636247,0.8762277690782581,2.4585547158565713,1.521962443149306,0.6408262918523393,-1.1689248862986115,-0.4921788994941522,19.0,9.648600909611108,12.175699545194448,-9.351399090388892,4
6,2026-06-08,BLP0003,2,cluster_2,ADIDA4,0.15873015873015872,0.1753496661271664,0.39953972703260004,3.6572995656356966,0.5805237405770947,1.1610474811541893,-0.17790503769162117,-0.35581007538324233,4.0,2.5767596984670305,4.644189924616757,-1.4232403015329693,4
6,2026-06-08,BLP0004,2,cluster_2,ADIDA4,0.1111111111111111,0.18150659926596796,0.18987885629099738,1.659053870702248,0.18433931896691644,,0.18433931896691644,,0.0,1.4747145517353315,1.4747145517353315,1.4747145517353315,4
6,2026-06-08,BLP0005,0,low_information,ADIDA4,0.3333333333333333,0.3963645912737971,0.999999970046711,6.728997001198187e-16,2.2429990003993957e-16,,2.2429990003993957e-16,,0.0,1.7943992003195165e-15,1.7943992003195165e-15,1.7943992003195165e-15,4
6,2026-06-08,BLP0007,0,low_information,ADIDA4,0.0,0.999999970046711,0.999999970046711,,0.125,1.0,-0.125,-1.0,1.0,0.0,1.0,-1.0,4
6,2026-06-08,CFSNT008,0,low_information,ADIDA4,0.0,0.999999970046711,0.999999970046711,,1.625,1.0,-1.625,-1.0,13.0,0.0,13.0,-13.0,4
6,2026-06-08,CLSSLT0003,2,cluster_2,ADIDA4,0.25396825396825395,0.2845401438737105,0.11937722156670938,4.523048626460418,1.1487107622756616,1.1487107622756616,-0.7025784754486769,-0.7025784754486769,8.0,2.3793721964105843,9.189686098205293,-5.620627803589415,4
6,2026-06-08,CLSSLT0006,2,cluster_2,ADIDA4,0.42857142857142855,0.18817978078588493,0.8077413981967733,1.4764540388353558,0.6327660166437239,0.8436880221916319,-0.28106406657489535,-0.37475208876652716,6.0,3.751487467400837,5.062128133149791,-2.248512532599163,4
6,2026-06-08,CWW0002,1,cluster_1,ADIDA4,2.8174603174603177,0.9667837199545692,0.9999999721571244,1.4640843569554272,4.124999577136323,0.452054748179323,-4.1249994361817635,-0.45205473273224805,73.0,40.00000451054589,32.99999661709058,-32.99999548945411,4
6,2026-06-08,DHZXCZP0001,1,cluster_1,ADIDA4,0.46825396825396826,0.5529911858524585,0.9625549941281795,4.805084745762712,2.25,1.0,-2.2485853102373037,-0.9993712489943571,18.0,0.01131751810157057,18.0,-17.98868248189843,4
6,2026-06-08,DRMJJ0021,2,cluster_2,ADIDA4,0.25396825396825395,0.4228581190275287,0.11833688650143977,1.3629540091240573,0.3461470499362685,,0.3461470499362685,,0.0,2.769176399490148,2.769176399490148,2.769176399490148,4
6,2026-06-08,DRMJJ0022,2,cluster_2,ADIDA4,0.6111111111111112,0.41788539324563495,0.23048032057740428,1.49353262691589,0.9127143831152662,0.730171506492213,0.0754287662305324,0.060343012984425924,10.0,10.60343012984426,7.30171506492213,0.6034301298442593,4
6,2026-06-08,DRMJJ0023,1,cluster_1,ADIDA4,0.9576719576719577,0.3210797778038165,0.6038237502570268,1.3052486187845305,1.25,0.8333333333333334,0.44307750115157996,0.29538500076771995,12.0,15.54462000921264,10.0,3.5446200092126396,4
6,2026-06-08,DRMJJ0025,2,cluster_2,ADIDA4,0.2777777777777778,0.4099750762856722,0.12587001282422133,2.5257810175874593,0.7016058382187387,1.4032116764374774,-0.09678832356252262,-0.19357664712504524,4.0,3.2256934114998193,5.612846705749909,-0.774306588500181,4
6,2026-06-08,DRMJJ0026,2,cluster_2,ADIDA4,0.3253968253968254,0.37999921234430556,0.14012643173688663,1.5552864972318559,0.5060852887817944,4.048682310254355,0.38311371837572583,3.0649097470058067,1.0,4.064909747005807,4.048682310254355,3.0649097470058067,4
6,2026-06-08,DRMJJ0027,2,cluster_2,ADIDA4,0.11904761904761904,0.6232895057768514,0.051187868306278125,1.808965580663651,0.2153530453171013,1.7228243625368105,-0.004529272910531609,-0.036234183284252874,1.0,0.9637658167157472,1.7228243625368105,-0.036234183284252874,4
6,2026-06-08,DRMJJ0038,2,cluster_2,ADIDA4,0.5714285714285714,0.1387517642652794,1.0037376640824323e-06,0.4375021956748179,0.2500012546713245,,0.2500012546713245,,0.0,2.000010037370596,2.000010037370596,2.000010037370596,4
6,2026-06-08,DRMJJ0039,2,cluster_2,ADIDA4,0.5714285714285714,0.21271927873494778,1.0037376640824323e-06,0.8750004391334649,0.5000002509334085,,0.5000002509334085,,0.0,4.000002007467268,4.000002007467268,4.000002007467268,4
6,2026-06-08,ETZP0003,1,cluster_1,ADIDA4,0.6349206349206349,0.09030883646946368,0.2068134584386196,2.2454262115461305,1.4256674359023052,1.2672599430242713,0.47633487180461054,0.42340877493743156,9.0,12.810678974436884,11.405339487218441,3.8106789744368843,4
6,2026-06-08,ETZP0004,1,cluster_1,ADIDA4,0.6190476190476191,0.46266007997869846,0.2160310777559843,1.8557220400593448,1.1487803105129277,1.5317070806839037,0.7817070806839037,1.0422761075785383,6.0,12.25365664547123,9.190242484103422,6.25365664547123,4
6,2026-06-08,FDBLHP0001,2,cluster_2,ADIDA4,0.38095238095238093,0.5137686321687192,0.16478150540897746,2.296875,0.875,1.0,-0.37237897925283453,-0.4255759762889538,7.0,4.020968165977324,7.0,-2.9790318340226762,4
6,2026-06-08,FDBLP0001,1,cluster_1,ADIDA4,1.9365079365079365,0.8112141963047129,0.13920571166595908,5.9684212483906185,11.55789511593104,0.8977005915286244,-7.606580463724157,-0.5908023661144977,103.0,42.147356290206744,92.46316092744831,-60.852643709793256,4
6,2026-06-08,FRC0003,1,cluster_1,ADIDA4,0.8253968253968254,0.564591354983602,0.1558540227541892,1.060096153846154,0.875,0.6363636363636364,0.16541226849703028,0.12029983163420384,11.0,12.323298147976242,7.0,1.3232981479762422,4
6,2026-06-08,FRH0028,2,cluster_2,ADIDA4,0.5158730158730159,0.18230661629452286,0.8314036395853523,0.4855911176525197,0.25050335434455384,1.0020134173782154,-0.24899329131089232,-0.9959731652435693,2.0,0.00805366951286149,2.0040268347564307,-1.9919463304871385,4
6,2026-06-08,FRH0033,1,cluster_1,ADIDA4,2.8325396825396822,0.175200581966513,0.5057868054406511,0.9230332141471176,2.614528207373859,0.8715094024579529,-2.229056414747718,-0.743018804915906,24.0,6.167548682018256,20.91622565899087,-17.832451317981743,4
6,2026-06-08,FRH0034,1,cluster_1,ADIDA4,1.046031746031746,0.2490530499779751,0.3568564803180069,0.3716564278240364,0.38876442212069845,,0.38876442212069845,,0.0,3.1101153769655876,3.1101153769655876,3.1101153769655876,4
6,2026-06-08,FRH0043,2,cluster_2,ADIDA4,0.19047619047619047,0.030575675431304426,0.0902509716817325,0.9913004251893893,0.18881912860750272,,0.18881912860750272,,0.0,1.5105530288600217,1.5105530288600217,1.5105530288600217,4
6,2026-06-08,FRH0044,2,cluster_2,ADIDA4,0.42857142857142855,0.05520693409223538,0.2163405613857745,1.3921631619803607,0.5966413551344403,,0.5966413551344403,,0.0,4.773130841075522,4.773130841075522,4.773130841075522,4
6,2026-06-08,FRH0046,1,cluster_1,ADIDA4,1.2936507936507937,0.5322624980582645,0.999999970046711,0.7246932804763381,0.937500037441612,0.2884615499820345,0.5000001497664481,0.1538461999281379,26.0,30.000001198131585,7.500000299532896,4.000001198131585,4
6,2026-06-08,FRH0048,1,cluster_1,ADIDA4,2.645502645502646,0.2892262959410181,0.6122659247785582,1.578408709480344,4.175684416614668,1.452411970996406,3.19257922215289,1.1104623381401357,23.0,48.54063377722312,33.40547533291734,25.54063377722312,4
6,2026-06-08,FRH0050,1,cluster_1,ADIDA4,1.1428571428571428,0.3141139541365134,0.3704374010519983,0.4575015300518672,0.5228588914878483,,0.5228588914878483,,0.0,4.182871131902786,4.182871131902786,4.182871131902786,4
6,2026-06-08,FRH0051,1,cluster_1,ADIDA4,1.880952380952381,0.30729118058965743,0.48532260852748677,0.8639240506329114,1.625,0.48148148148148145,-0.5232679040026106,-0.15504234192669944,27.0,22.813856767979114,13.0,-4.186143232020885,4
6,2026-06-08,FRH0056,1,cluster_1,ADIDA4,3.8015873015873014,0.4883297221452846,0.3235083737849796,0.877782684818523,3.3369675081593053,0.3984438815712603,2.5489350163186106,0.30435044970968483,67.0,87.39148013054889,26.695740065274443,20.391480130548885,4
6,2026-06-08,FRH0056-1,2,cluster_2,ADIDA4,0.16666666666666666,0.07836069220242642,0.24773332183715127,1.9530441259930467,0.3255073543321744,,0.3255073543321744,,0.0,2.6040588346573954,2.6040588346573954,2.6040588346573954,4
6,2026-06-08,FRH0059,1,cluster_1,ADIDA4,1.253968253968254,0.7784336277539278,0.9999999674817632,1.2958860905362661,1.6250000182915083,0.6842105340174772,-1.3750000243886777,-0.5789473786899696,19.0,7.999999804890577,13.000000146332066,-11.000000195109422,4
6,2026-06-08,FRH0064,1,cluster_1,ADIDA4,0.7619047619047619,0.20106497719331043,0.45246876353621424,0.9076455899619943,0.6915394971139004,0.7903308538444576,-0.1411579884556018,-0.16132341537783063,7.0,5.870736092355186,5.532315976911203,-1.1292639076448143,4
6,2026-06-08,FRH0065,2,cluster_2,ADIDA4,0.49206349206349204,0.4144670493664055,0.22684070577216828,2.197769293646747,1.0814420333817325,2.162884066763465,0.662884066763465,1.32576813352693,4.0,9.30307253410772,8.65153626705386,5.30307253410772,4
6,2026-06-08,FRH0068,2,cluster_2,ADIDA4,0.2857142857142857,0.18993701112482514,0.49097250786409513,0.5523102812350072,0.15780293749571633,,0.15780293749571633,,0.0,1.2624234999657307,1.2624234999657307,1.2624234999657307,4
6,2026-06-08,FRW00023,0,low_information,ADIDA4,0.2857142857142857,1.0037376640824323e-06,0.999999970046711,2.625,0.75,1.0,-0.75,-1.0,6.0,0.0,6.0,-6.0,4
6,2026-06-08,FRW0005,1,cluster_1,ADIDA4,1.5238095238095237,0.27941606028073196,0.4210861741309136,1.0711344620882162,1.632204894610615,0.6217923408040438,0.40381957844245964,0.15383602988284176,21.0,24.230556627539677,13.05763915688492,3.230556627539677,4
6,2026-06-08,FRW0006,1,cluster_1,ADIDA4,2.642857142857143,0.3708132543945113,0.999999964681793,0.2601351284533121,0.6874999823408963,0.7857142655324528,-0.12499992936358506,-0.1428570621298115,7.0,6.0000005650913195,5.49999985872717,-0.9999994349086805,4
6,2026-06-08,FRW0008,2,cluster_2,ADIDA4,0.12698412698412698,0.037188832087915756,0.16061583742702848,9.279461853856109,1.1783443623944265,0.9426754899155412,-1.106688724788853,-0.8853509798310825,10.0,1.1464902016891745,9.426754899155412,-8.853509798310824,4
6,2026-06-08,FRW0009,2,cluster_2,ADIDA4,0.40476190476190477,0.3154693003663336,0.21524816852194711,1.8246553141304205,0.7385509604813607,1.4771019209627214,0.45420384192544294,0.9084076838508859,4.0,7.6336307354035435,5.908407683850886,3.6336307354035435,4
6,2026-06-08,FRW0015,1,cluster_1,ADIDA4,1.4206349206349207,0.9999999730110738,0.999999970046711,12.142457800105412,17.249999573165624,2.6538460881793267,17.249999573165624,2.6538460881793267,52.0,189.999996585325,137.999996585325,137.999996585325,4
6,2026-06-08,FRW0024,1,cluster_1,ADIDA4,0.48412698412698413,0.999999970046711,0.28950238886098273,3.2531385317001855,1.5749321462992962,1.5749321462992962,1.0999095283990616,1.0999095283990616,8.0,16.799276227192493,12.59945717039437,8.799276227192493,4
6,2026-06-08,FRW0025,0,low_information,ADIDA4,0.2857142857142857,0.03041084876896482,0.999999970046711,2.187500000000001,0.6250000000000002,1.0000000000000004,-0.6249999999999996,-0.9999999999999993,5.0,3.588798131898269e-15,5.000000000000002,-4.9999999999999964,4
6,2026-06-08,FSTBY001,0,low_information,ADIDA4,0.031746031746031744,0.023393338928587956,1.0037376640824323e-06,27.562498023899412,0.8749999372666479,0.9999999283047405,-0.8749997490665915,-0.9999997132189617,7.0,2.007467268262613e-06,6.9999994981331835,-6.999997992532732,4
6,2026-06-08,FZGLS0001,2,cluster_2,ADIDA4,0.07936507936507936,0.06986394088192635,0.999999970046711,6.299999999999997,0.4999999999999998,,0.4999999999999998,,0.0,3.9999999999999982,3.9999999999999982,3.9999999999999982,4
6,2026-06-08,FZGLS0002,2,cluster_2,ADIDA4,0.07936507936507936,0.04998780470492389,0.1262883803922793,1.7038607788332676,0.13522704593914822,,0.13522704593914822,,0.0,1.0818163675131858,1.0818163675131858,1.0818163675131858,4
6,2026-06-08,FZLRICBHP0001,2,cluster_2,ADIDA4,0.2222222222222222,0.999999970046711,0.06179973101523168,4.926394999986811,1.0947544444415134,0.8758035555532107,-0.9395088888830266,-0.7516071111064213,10.0,2.4839288889357873,8.758035555532107,-7.516071111064213,4
6,2026-06-08,FZLRJ0001,2,cluster_2,ADIDA4,0.6031746031746031,0.6047892713412112,0.999999970046711,2.0723684117414902,1.2499999943837559,0.769230765774619,-1.1249999925116745,-0.692307687699492,13.0,4.000000059906603,9.999999955070047,-8.999999940093396,4
6,2026-06-08,FZLRJ0001double,0,low_information,ADIDA4,0.047619047619047616,0.015122066463886079,0.06758755790258258,5.552596204726441,0.2644093430822115,1.057637372328846,-0.22118131383557704,-0.8847252553423082,2.0,0.23054948931538374,2.115274744657692,-1.7694505106846163,4
6,2026-06-08,FZLRJ0002,1,cluster_1,ADIDA4,1.2063492063492063,0.32711644382327365,0.7689378317440778,6.392806320191459,7.711956830707157,0.6855072738406361,-7.711956830707157,-0.6855072738406361,90.0,28.304345354342743,61.69565464565726,-61.69565464565726,4
6,2026-06-08,FZLRJ0002double,2,cluster_2,ADIDA4,0.14285714285714285,0.10734102397550976,0.11507898726380174,7.875,1.125,1.0,-0.9941537497497901,-0.8836922219998135,9.0,1.0467700020016788,9.0,-7.953229997998321,4
6,2026-06-08,FZLRJ0005,0,low_information,ADIDA4,0.6190476190476191,0.999999970046711,0.9999999755167436,1.6153846153846154,1.0,1.0,-1.0,-1.0,8.0,2.9351989206363494e-23,8.0,-8.0,4
6,2026-06-08,GJMJWJX001,1,cluster_1,ADIDA4,5.417989417989418,0.3005874329017859,0.999999970046711,1.2400395441972475e-24,6.718521128349108e-24,,6.718521128349108e-24,,0.0,5.374816902679286e-23,5.374816902679286e-23,5.374816902679286e-23,4
6,2026-06-08,GJMJWJXW001,1,cluster_1,ADIDA4,7.777777777777778,0.6147516834447563,0.06317759136043156,1.1750899365276108,9.139588395214751,,9.139588395214751,,0.0,73.11670716171801,73.11670716171801,73.11670716171801,4
6,2026-06-08,HLGKSLT0001,1,cluster_1,ADIDA4,0.7301587301587301,0.4280312749662451,0.999999970046711,1.4551630280946424,1.0624999887675166,0.6538461469338563,-0.8749999850233556,-0.5384615292451419,13.0,6.000000119813156,8.499999910140133,-6.999999880186845,4
6,2026-06-08,HWZDSKL0001,1,cluster_1,ADIDA4,1.2301587301587302,0.26300715976505185,0.553817870312183,1.6936944982437543,2.0835130732363645,0.5952894494961042,0.1659477070545412,0.04741363058701177,28.0,29.32758165643633,16.668104585890916,1.3275816564363296,4
6,2026-06-08,HWZDSKL0002,2,cluster_2,ADIDA4,0.25396825396825395,0.6192404087853621,0.12698803391415478,0.9215253378031236,0.23403818102936472,,0.23403818102936472,,0.0,1.8723054482349177,1.8723054482349177,1.8723054482349177,4
6,2026-06-08,HZSN0001,1,cluster_1,ADIDA4,1.246031746031746,0.3727995944464664,0.4591661491110301,2.006369426751592,2.5,0.7692307692307693,-0.6855528763029168,-0.21093934655474364,26.0,20.515576989576665,20.0,-5.484423010423335,4
6,2026-06-08,JZJ00011,2,cluster_2,ADIDA4,0.5238095238095238,0.5256833803619463,0.32213488858325573,2.652494329768997,1.3894017917837604,5.557607167135042,1.269202389045014,5.076809556180056,2.0,12.153619112360111,11.115214334270084,10.153619112360111,4
6,2026-06-08,JZJ00012,1,cluster_1,ADIDA4,1.2301587301587302,0.5044013351919161,0.5911657616620253,0.717438361481324,0.8825630637270256,0.5883753758180171,0.03025225490810235,0.0201681699387349,12.0,12.242018039264819,7.060504509816205,0.2420180392648188,4
6,2026-06-08,JZJ0002,1,cluster_1,ADIDA4,2.373015873015873,0.47988722223656793,0.7227712149081637,2.5988144167663645,6.167027862009071,0.49834568581891486,-3.4590557240181434,-0.2795196544661126,99.0,71.32755420785485,49.33622289607257,-27.672445792145147,4
6,2026-06-08,JZJ0003,1,cluster_1,ADIDA4,3.4126984126984126,0.5001753983352918,0.5975211826720124,1.1089551000278375,3.78452930961881,0.35204923810407535,-0.8881172384752407,-0.08261555706746425,86.0,78.89506209219807,30.27623447695048,-7.104937907801926,4
6,2026-06-08,JZJ0009,1,cluster_1,ADIDA4,3.753968253968254,0.6049348832708621,0.6460619618532321,3.3158243298780374,12.447499270097712,0.4425777518256964,-12.447499270097712,-0.4425777518256964,225.0,125.4200058392183,99.5799941607817,-99.5799941607817,4
6,2026-06-08,JZJ0013,1,cluster_1,ADIDA4,3.8253968253968256,0.7541523934610305,0.6927472012318869,1.151804246172111,4.406108306785377,0.39165407171425576,-0.6255667728584893,-0.05560593536519905,90.0,84.99546581713209,35.24886645428302,-5.004534182867914,4
6,2026-06-08,JZJ0014,2,cluster_2,ADIDA4,0.23809523809523808,0.03186913669386977,0.21454224530193752,0.6970421215652104,0.16596240989647865,,0.16596240989647865,,0.0,1.3276992791718292,1.3276992791718292,1.3276992791718292,4
6,2026-06-08,JZJ0016,1,cluster_1,ADIDA4,1.2380952380952381,0.28871811869204633,0.5110849848615179,0.9996863506666384,1.2377069103491714,0.4500752401269714,0.20082764139668585,0.07302823323515849,22.0,23.606621131173487,9.90165528279337,1.6066211311734868,4
6,2026-06-08,JZJ0017,2,cluster_2,ADIDA4,0.15873015873015872,0.1027389696350325,0.09183250709877602,6.699587175997354,1.0634265358725958,0.9452680318867519,-1.0018530717451921,-0.8905360637735041,9.0,0.9851754260384646,8.507412286980767,-8.014824573961537,4
6,2026-06-08,JZJ0018,2,cluster_2,ADIDA4,0.3333333333333333,0.5678156886747917,0.4372196520839466,1.4337146380677164,0.4779048793559054,1.2744130116157477,-0.16919024128818924,-0.4511739767685046,3.0,1.646478069694486,3.8232390348472434,-1.353521930305514,4
6,2026-06-08,JZJ0019,1,cluster_1,ADIDA4,0.7550264550264549,0.5470342256467535,0.9999999800469839,6.12561312163812,4.624999960093967,0.9999999913716685,-4.624999960093967,-0.9999999913716685,37.0,3.192482676065782e-07,36.999999680751735,-36.999999680751735,4
6,2026-06-08,KFYFQ51mm,1,cluster_1,ADIDA4,3.738095238095238,0.03207374099143679,0.999999970046711,0.9195859827538438,3.4374999831512736,1.0185185135263033,3.3749999775350314,0.999999993343713,27.0,53.99999982028025,27.49999986521019,26.99999982028025,4
6,2026-06-08,KFYFQ54mm,1,cluster_1,ADIDA4,2.9523809523809526,0.8051181396572302,0.999999970046711,0.42338707394688857,1.2499999326050997,0.16393441739083275,0.8749999101401329,0.11475408657575513,61.0,67.99999928112106,9.999999460840797,6.999999281121063,4
6,2026-06-08,KFYFQ58mm,1,cluster_1,ADIDA4,4.166666666666667,0.6559393171147917,0.999999970046711,1.2149999582151614,5.062499825896506,0.48795179044785597,4.874999767862008,0.4698794956975429,83.0,121.99999814289606,40.499998607172046,38.99999814289606,4
6,2026-06-08,KZCWBG001,1,cluster_1,ADIDA4,0.3492063492063492,0.8452898100259122,0.999999970046711,2.6846590962700496,0.9375000018720807,0.5357142867840461,-0.5000000074883229,-0.2857142899933273,14.0,9.999999940093417,7.500000014976646,-4.000000059906583,4
6,2026-06-08,LTKF0019,1,cluster_1,ADIDA4,0.7936507936507936,0.2201192398763228,0.42590441434929643,0.6872755223012735,0.5454567637311695,2.181827054924678,0.34091352746233894,1.3636541098493558,2.0,4.7273082196987115,4.363654109849356,2.7273082196987115,4
6,2026-06-08,LTKF0020,1,cluster_1,ADIDA4,5.531746031746032,0.790975959569689,0.2964492071926499,0.7533058951664422,4.167096896277859,0.1862389674314127,-0.5433875851114358,-0.024285478664198248,179.0,174.6528993191085,33.33677517022287,-4.3471006808914865,4
6,2026-06-08,LTKF0021,1,cluster_1,ADIDA4,1.5317460317460319,0.2412974733350266,0.6380648146158745,1.8170847246637414,2.783312316350017,2.783312316350017,2.783312316350017,2.783312316350017,8.0,30.266498530800135,22.266498530800135,22.266498530800135,4
6,2026-06-08,LTKF0022M,1,cluster_1,ADIDA4,0.8333333333333334,0.7488935107664305,0.22254242460338924,2.7545715373142423,2.295476281095202,1.0802241322800952,0.7159525621904045,0.33691885279548445,17.0,22.727620497523237,18.363810248761617,5.727620497523236,4
6,2026-06-08,LTKF0031,1,cluster_1,ADIDA4,1.2063492063492063,0.5176729057250246,0.6588887639522109,2.660490234257531,3.2094802825963864,0.8558614086923697,-3.2094802825963864,-0.8558614086923697,30.0,4.324157739228911,25.67584226077109,-25.67584226077109,4
6,2026-06-08,LTKF0047,2,cluster_2,ADIDA4,0.2857142857142857,0.48400217806041534,0.7480268218509583,8.131523642500825,2.32329246928595,1.0325744307937557,-1.9568301228562002,-0.8697022768249778,18.0,2.3453590171503977,18.5863397542876,-15.654640982849601,4
6,2026-06-08,LTKF0058,2,cluster_2,ADIDA4,0.14285714285714285,0.5547787000794261,0.30484964163948697,4.281838263636571,0.6116911805195101,,0.6116911805195101,,0.0,4.893529444156081,4.893529444156081,4.893529444156081,4
6,2026-06-08,LTKF0101,1,cluster_1,ADIDA4,1.9444444444444444,0.7375108107960856,0.21698442179271846,0.9507080569419886,1.848598999609422,0.2594524911732522,-0.019395998437688355,-0.002722245394763278,57.0,56.84483201249849,14.788791996875377,-0.15516798750150684,4
6,2026-06-08,LTKF0102,2,cluster_2,ADIDA4,0.2222222222222222,0.4878388992937057,0.2075406091837507,1.7338045981181172,0.3852899106929149,,0.3852899106929149,,0.0,3.0823192855433192,3.0823192855433192,3.0823192855433192,4
6,2026-06-08,LTKF0106,0,low_information,ADIDA4,0.09523809523809523,0.03153712706711709,0.16127169904880578,2.22380180010799,0.21179064762933236,1.694325181034659,-0.00927913649422351,-0.07423309195378808,1.0,0.925766908046212,1.694325181034659,-0.07423309195378808,4
6,2026-06-08,LTKF0111,2,cluster_2,ADIDA4,0.29365079365079366,0.29930596159964923,0.4289364938154619,2.927291354296086,0.8596014294361523,0.8596014294361523,0.2192028588723045,0.2192028588723045,8.0,9.753622870978436,6.876811435489218,1.753622870978436,4
6,2026-06-08,LTKF093,1,cluster_1,ADIDA4,0.7936507936507936,0.09501846777469596,0.22540152899380486,2.299821578135652,1.825255220742581,1.6224490851045164,0.2755104414851619,0.24489817020903282,9.0,11.204083531881295,14.602041765940648,2.2040835318812952,4
6,2026-06-08,LTKF098,1,cluster_1,ADIDA4,0.6984126984126984,0.999999970046711,0.45664229361562153,4.094452526741204,2.8596176377240154,0.8798823500689278,-1.688470550896062,-0.5195294002757114,26.0,12.492235592831502,22.876941101792124,-13.507764407168496,4
6,2026-06-08,LTKF098B,1,cluster_1,ADIDA4,1.2738095238095237,0.04010067177572072,0.9999999697002899,1.3492990721105669,1.7187500085217935,1.250000006197668,0.812500017043587,0.5909091033044269,11.0,17.500000136348696,13.750000068174348,6.500000136348696,4
6,2026-06-08,LYC0201,1,cluster_1,ADIDA4,0.4603174603174603,0.999999970046711,0.999999970046711,4.8879310588843605,2.2500000112324834,0.8181818222663576,-1.7500000224649666,-0.6363636445327151,22.0,7.9999998202802685,18.000000089859867,-14.000000179719732,4
6,2026-06-08,LYC0203,2,cluster_2,ADIDA4,0.2222222222222222,0.3217295830847902,0.41144812443624035,1.4770685157790504,0.3282374479509001,1.3129497918036004,-0.1456834027321332,-0.5827336109285328,2.0,0.8345327781429344,2.6258995836072008,-1.1654672218570656,4
6,2026-06-08,NNB0002,1,cluster_1,ADIDA4,0.9206349206349206,0.999999970046711,0.23335954264283673,8.56569988162232,7.885882430699914,,7.885882430699914,,0.0,63.08705944559931,63.08705944559931,63.08705944559931,4
6,2026-06-08,NNBZL01,1,cluster_1,ADIDA4,1.6666666666666667,0.5809321819760159,0.20491883456490803,0.8786705497068606,1.4644509161781012,,1.4644509161781012,,0.0,11.71560732942481,11.71560732942481,11.71560732942481,4
6,2026-06-08,QCCXC0004,1,cluster_1,ADIDA4,1.0,0.39923158044678264,0.024724881367388932,0.473041977589581,0.473041977589581,,0.473041977589581,,0.0,3.784335820716648,3.784335820716648,3.784335820716648,4
6,2026-06-08,QFDNZGJK001,1,cluster_1,ADIDA4,0.9523809523809523,0.4482132983322602,0.11047314149709611,0.811041234208401,0.77242022305562,,0.77242022305562,,0.0,6.17936178444496,6.17936178444496,6.17936178444496,4
6,2026-06-08,QFDNZGJK002,1,cluster_1,ADIDA4,1.5238095238095237,0.49804168474174026,0.5458837431772331,1.606220066314982,2.447573434384734,,2.447573434384734,,0.0,19.580587475077873,19.580587475077873,19.580587475077873,4
6,2026-06-08,QFSJZ002-1,2,cluster_2,ADIDA4,0.14285714285714285,0.26860195258609276,0.11541076204460407,1.305670437631869,0.18652434823312414,,0.18652434823312414,,0.0,1.492194785864993,1.492194785864993,1.492194785864993,4
6,2026-06-08,QFSJZ003,2,cluster_2,ADIDA4,0.14285714285714285,0.10365584666852334,0.2838429563573938,0.8968824852796926,0.12812606932567036,,0.12812606932567036,,0.0,1.0250085546053629,1.0250085546053629,1.0250085546053629,4
6,2026-06-08,QFSJZ003-1,2,cluster_2,ADIDA4,0.4444444444444444,0.43149721853710743,0.27586697039134234,1.4461182728755997,0.6427192323891554,,0.6427192323891554,,0.0,5.141753859113243,5.141753859113243,5.141753859113243,4
6,2026-06-08,QFYF001,0,low_information,ADIDA4,0.0,0.999999970046711,0.999999970046711,,0.375,1.0,-0.375,-1.0,3.0,0.0,3.0,-3.0,4
6,2026-06-08,RLHZHMV000AMDE,1,cluster_1,ADIDA4,3.2698412698412698,0.6285899171351111,0.8349216067675819,2.3692910957270046,7.747205805075602,1.999278917438865,7.747205805075602,1.999278917438865,31.0,92.97764644060481,61.977646440604815,61.977646440604815,4
6,2026-06-08,SKZ2FT01,0,low_information,ADIDA4,0.19047619047619047,0.6666666666666671,0.999999970046711,18.375,3.5,1.0,-3.5,-1.0,28.0,0.0,28.0,-28.0,4
6,2026-06-08,SKZ3FT01,0,low_information,ADIDA4,0.7142857142857143,0.9999999663522785,0.999999970046711,7.000000005241825,5.0000000037441605,0.9756097568281289,-4.875000007488321,-0.9512195136562578,41.0,1.999999940093422,40.000000029953284,-39.00000005990657,4
6,2026-06-08,SLT0003,2,cluster_2,ADIDA4,0.3968253968253968,0.14252630305116173,0.3976810770253576,0.5922575682259456,0.23502284453410538,,0.23502284453410538,,0.0,1.880182756272843,1.880182756272843,1.880182756272843,4
6,2026-06-08,SLT0004,2,cluster_2,ADIDA4,0.1111111111111111,0.999999970046711,0.1543694273011885,2.0934443413820634,0.23260492682022926,,0.23260492682022926,,0.0,1.860839414561834,1.860839414561834,1.860839414561834,4
6,2026-06-08,TTNX0002,0,low_information,ADIDA4,0.0,0.999999970046711,0.999999970046711,,0.25,1.0,-0.25,-1.0,2.0,0.0,2.0,-2.0,4
6,2026-06-08,XFTW0001,1,cluster_1,ADIDA4,0.8571428571428571,0.4171592503910738,0.999999970046711,3.499999903899864,2.999999917628455,,2.999999917628455,,0.0,23.99999934102764,23.99999934102764,23.99999934102764,4
6,2026-06-08,XGX9992,0,low_information,ADIDA4,0.0,0.999999970046711,0.999999970046711,,1.25,1.0,-1.25,-1.0,10.0,0.0,10.0,-10.0,4
6,2026-06-08,XGX9993,0,low_information,ADIDA4,0.0,0.999999970046711,0.999999970046711,,1.5,1.0,-1.5,-1.0,12.0,0.0,12.0,-12.0,4
6,2026-06-08,XGX9994,0,low_information,ADIDA4,0.0,0.999999970046711,0.999999970046711,,1.875,1.0,-1.875,-1.0,15.0,0.0,15.0,-15.0,4
6,2026-06-08,XGX9995,0,low_information,ADIDA4,0.0,0.999999970046711,0.999999970046711,,2.0,1.0,-2.0,-1.0,16.0,0.0,16.0,-16.0,4
6,2026-06-08,XGX99990,0,low_information,ADIDA4,0.0,0.999999970046711,0.999999970046711,,0.5,1.0,-0.5,-1.0,4.0,0.0,4.0,-4.0,4
6,2026-06-08,XGX99991,0,low_information,ADIDA4,0.0,0.999999970046711,0.999999970046711,,0.5,1.0,-0.5,-1.0,4.0,0.0,4.0,-4.0,4
6,2026-06-08,XGX99992,0,low_information,ADIDA4,0.0,0.999999970046711,0.999999970046711,,0.75,1.0,-0.75,-1.0,6.0,0.0,6.0,-6.0,4
6,2026-06-08,XGX99993,0,low_information,ADIDA4,0.0,0.999999970046711,0.999999970046711,,1.5,1.0,-1.5,-1.0,12.0,0.0,12.0,-12.0,4
6,2026-06-08,XHP0001,1,cluster_1,ADIDA4,7.619047619047619,0.14985333335615736,0.999999970046711,9.12187496166915,69.49999970795542,1.3830845713025954,36.74999883182171,0.7313432603347605,402.0,695.9999906545737,555.9999976636434,293.9999906545737,4
6,2026-06-08,XHZXCZP0001,1,cluster_1,ADIDA4,2.611111111111111,0.9078002601196391,0.6436055440225172,2.1555219018425036,5.628307188144315,0.43715007286557783,-4.8816143762886295,-0.3791545146631945,103.0,63.947084989690964,45.02645750515452,-39.052915010309036,4
6,2026-06-08,XHZXCZP0002,1,cluster_1,ADIDA4,0.4666666666666666,0.6524222000264783,0.999999970046711,16.874999566747068,7.874999797815297,3.3157893885538092,7.874999797815297,3.3157893885538092,19.0,81.99999838252238,62.99999838252238,62.99999838252238,4
6,2026-06-08,XMJ0001,0,low_information,ADIDA4,1.0476190476190477,0.999999970046711,0.999999970046711,5.488636199233652,5.749999827768589,,5.749999827768589,,0.0,45.99999862214871,45.99999862214871,45.99999862214871,4
6,2026-06-08,XMJ0004,1,cluster_1,ADIDA4,1.1428571428571428,0.999999970046711,0.999999970046711,4.046875,4.625,0.6271186440677966,-0.375000194696379,-0.050847484026627664,59.0,55.99999844242897,37.0,-3.000001557571032,4
6,2026-06-08,XMSH0001,1,cluster_1,ADIDA4,3.619047619047619,0.6147700965666351,1.0037376640824323e-06,1.1225311266433413,4.062493601185426,0.8124987202370851,-3.7499914682472344,-0.7499982936494469,40.0,10.000068254022123,32.499948809483406,-29.999931745977875,4
6,2026-06-08,XXGP0002,1,cluster_1,ADIDA4,1.619047619047619,0.8809772122248185,0.999999970046711,4.014705877727797,6.499999992511672,,6.499999992511672,,0.0,51.999999940093375,51.999999940093375,51.999999940093375,4
6,2026-06-08,XYJ0001,1,cluster_1,ADIDA4,1.4285714285714286,0.999999970046711,0.20454051141380908,1.774097428173774,2.534424897391106,0.8815390947447325,-1.5126995895644226,-0.5261563789789296,23.0,10.89840328348462,20.275399179128847,-12.101596716515381,4
6,2026-06-08,XYMGPD0001,1,cluster_1,ADIDA4,0.9047619047619048,0.9615902747749006,0.999999970046711,0.4144736924870941,0.37500000748832324,1.000000019968862,-0.37499998502335347,-0.9999999600622759,3.0,1.1981317199067822e-07,3.000000059906586,-2.9999998801868277,4
6,2026-06-08,XYMGPD0002,1,cluster_1,ADIDA4,0.8571428571428571,0.45073825615791047,0.999999970046711,2.041666666666666,1.7499999999999996,,1.7499999999999996,,0.0,13.999999999999996,13.999999999999996,13.999999999999996,4
6,2026-06-08,XYMLRY00001,1,cluster_1,ADIDA4,0.9523809523809523,0.16013654215419715,1.0037376640824323e-06,0.8531250658702181,0.812500062733541,0.812500062733541,-0.2500002509341641,-0.2500002509341641,8.0,5.999997992526687,6.500000501868328,-2.000002007473313,4
6,2026-06-08,XYMZD0017,0,low_information,ADIDA4,0.0,0.999999970046711,0.999999970046711,,3.0,1.0,-3.0,-1.0,24.0,0.0,24.0,-24.0,4
6,2026-06-08,XYMZG0016,0,low_information,ADIDA4,0.0,0.999999970046711,0.999999970046711,,4.625,1.0,-4.625,-1.0,37.0,0.0,37.0,-37.0,4
6,2026-06-08,YDBZ001,1,cluster_1,ADIDA4,0.5555555555555556,0.8067980801295886,0.7861463775054296,1.3965613547771383,0.7758674193206324,1.0344898924275099,-0.6465303227174702,-0.8620404302899604,6.0,0.8277574182602386,6.206939354565059,-5.172242581739762,4
6,2026-06-08,YDBZ002,1,cluster_1,ADIDA4,0.8809523809523809,0.6018454728732444,0.13692769985797817,1.6599552788112661,1.4623415551432581,,1.4623415551432581,,0.0,11.698732441146065,11.698732441146065,11.698732441146065,4
6,2026-06-08,YEC0009,1,cluster_1,ADIDA4,1.2380952380952381,0.999999970046711,0.045419582898692336,1.1407086328163762,1.412305926344085,,1.412305926344085,,0.0,11.29844741075268,11.29844741075268,11.29844741075268,4
6,2026-06-08,YJLZHMV000AMDE,1,cluster_1,ADIDA4,1.0158730158730158,0.24639594636106335,0.5391243130289105,1.0044339532775934,1.0203773493613648,2.0407546987227296,1.0203773493613648,2.0407546987227296,4.0,12.163018794890919,8.163018794890919,8.163018794890919,4
6,2026-06-08,YXBLJ0001,2,cluster_2,ADIDA4,0.15873015873015872,0.2964839094235491,0.5839773786308649,2.5277398681081613,0.4012285504933589,1.0699428013156238,-0.32254289901328215,-0.8601143973687524,3.0,0.4196568078937431,3.2098284039468714,-2.580343192106257,4
6,2026-06-08,ZBTZ0002,1,cluster_1,ADIDA4,0.6666666666666666,0.01278403032901883,0.044061552265205015,0.5764864680067755,0.38432431200451694,,0.38432431200451694,,0.0,3.0745944960361355,3.0745944960361355,3.0745944960361355,4
6,2026-06-08,ZBTZ0003,2,cluster_2,ADIDA4,0.1746031746031746,0.03794267774876288,0.10648077465959775,1.251184078481645,0.21846071211584275,,0.21846071211584275,,0.0,1.747685696926742,1.747685696926742,1.747685696926742,4
6,2026-06-08,ZTD0001,2,cluster_2,ADIDA4,0.2857142857142857,0.6172616446976076,0.16734849474373142,11.17375202898838,3.1925005797109653,0.7981251449277413,-3.1925005797109653,-0.7981251449277413,32.0,6.4599953623122754,25.540004637687723,-25.540004637687723,4
6,2026-06-08,ZTD0003,1,cluster_1,ADIDA4,0.3968253968253968,0.8901542550546835,0.573118174134425,1.7106189544615995,0.6788170454212696,1.0861072726740315,0.6788170454212696,1.0861072726740315,5.0,10.430536363370157,5.430536363370157,5.430536363370157,4
6,2026-06-08,ZTD0004,0,low_information,ADIDA4,0.0,0.999999970046711,0.999999970046711,,0.625,1.0,-0.625,-1.0,5.0,0.0,5.0,-5.0,4
6,2026-06-08,xgx0013,0,low_information,ADIDA4,0.47619047619047616,0.05962358429385512,1.0037376640824323e-06,3.9374997365191278,1.874999874532918,0.9999999330842229,-1.8749997490658359,-0.9999998661684458,15.0,2.007473313186268e-06,14.999998996263344,-14.999997992526687,4
6,2026-06-08,xgx0014,1,cluster_1,ADIDA4,2.0952380952380953,0.14107697336041405,0.6225187100102617,0.9823417628490959,2.0582398840647724,0.823295953625909,-1.9109865120863632,-0.7643946048345452,20.0,4.712107903309096,16.46591907251818,-15.287892096690905,4
6,2026-06-08,xgx0015,1,cluster_1,ADIDA4,2.0476190476190474,0.15452720571211792,0.20196418113381095,0.633518196502976,1.2972039261727604,0.49417292425628967,-0.8546052348970137,-0.32556389900838617,21.0,14.16315812082389,10.377631409382083,-6.836841879176109,4
6,2026-06-08,xgx0016,1,cluster_1,ADIDA4,1.7619047619047619,0.21432599977852987,0.9999999645794997,1.702702677573294,2.999999955724375,0.7999999881931666,-2.999999955724375,-0.7999999881931666,30.0,6.000000354205003,23.999999645795,-23.999999645795,4
6,2026-06-08,xymzd0015,1,cluster_1,ADIDA4,1.1904761904761905,0.999999970046711,0.6666666667275928,2.4150000000085297,2.8750000000101545,0.489361702129388,-2.8750000000101545,-0.489361702129388,47.0,23.999999999918764,23.000000000081236,-23.000000000081236,4
6,2026-06-08,xymzd0016,0,low_information,ADIDA4,0.0,0.999999970046711,0.999999970046711,,1.625,1.0,-1.625,-1.0,13.0,0.0,13.0,-13.0,4
6,2026-06-08,zxy0002,0,low_information,ADIDA4,0.09523809523809523,1.0037376640824323e-06,0.999999970046711,5.25,0.5,1.0,-0.5,-1.0,4.0,0.0,4.0,-4.0,4
1,2025-09-01,BLJZ0001,0,low_information,ADIDA6,0.0,0.999999970046711,0.999999970046711,,0.5,1.0,-0.5,-1.0,4.0,0.0,4.0,-4.0,6
1,2025-09-01,BLP0001,0,low_information,ADIDA6,0.4186046511627907,0.15392894057838333,0.999999970046711,13.73611111111111,5.75,0.7666666666666667,-2.5000001497664446,-0.3333333533021926,60.0,39.99999880186844,46.0,-20.000001198131557,6
1,2025-09-01,BLP0002,0,low_information,ADIDA6,0.06976744186046512,0.30482971572722395,0.999999970046711,25.08333338699964,1.750000003744161,0.9333333353302192,-1.3750000149766444,-0.733333341320877,15.0,3.9999998801868437,14.000000029953288,-11.000000119813155,6
1,2025-09-01,BLP0003,0,low_information,ADIDA6,0.0,0.999999970046711,0.999999970046711,,0.25,1.0,-0.25,-1.0,2.0,0.0,2.0,-2.0,6
1,2025-09-01,BLP0004,0,low_information,ADIDA6,0.0,0.999999970046711,0.999999970046711,,0.0,,0.0,,0.0,0.0,0.0,0.0,6
1,2025-09-01,CBJZ0001,0,low_information,ADIDA6,0.023255813953488372,1.0037376640824323e-06,1.0037376640824323e-06,7.193402717029826e-06,1.672884352797634e-07,,1.672884352797634e-07,,0.0,1.338307482238107e-06,1.338307482238107e-06,1.338307482238107e-06,6
1,2025-09-01,CLSSLT0003,2,cluster_2,ADIDA6,0.16279069767441862,0.8945959352431475,0.23930710234389704,3.4838080664917976,0.5671315457079671,1.5123507885545788,0.009263091415934177,0.024701577109157807,3.0,3.0741047313274734,4.537052365663737,0.07410473132747342,6
1,2025-09-01,CLSSLT0006,2,cluster_2,ADIDA6,0.18604651162790697,0.31766812023556834,0.999999970046711,6.270833266250447,1.1666666541861297,1.1666666541861297,0.6666666167445185,0.6666666167445185,8.0,13.333332933956148,9.333333233489038,5.333332933956148,6
1,2025-09-01,CWW0002,1,cluster_1,ADIDA6,0.5348837209302325,0.999999970046711,0.999999970046711,15.190217314304864,8.124999958814229,1.0483870914599005,-2.250000164743089,-0.29032260190233405,62.0,43.999998682055285,64.99999967051383,-18.00000131794471,6
1,2025-09-01,DGNTYBV001AMDE,0,low_information,ADIDA6,0.046511627906976744,0.016381424479879763,1.0037376640824323e-06,7.19342437794103e-06,3.3457787804376884e-07,,3.3457787804376884e-07,,0.0,2.6766230243501507e-06,2.6766230243501507e-06,2.6766230243501507e-06,6
1,2025-09-01,DHZXCZP0001,1,cluster_1,ADIDA6,0.36046511627906974,0.5735570421407229,0.999999970046711,13.293010157165257,4.791666452001429,2.0175437692637597,4.791666452001429,2.0175437692637597,19.0,57.333331616011435,38.333331616011435,38.333331616011435,6
1,2025-09-01,DRMJJ0020,2,cluster_2,ADIDA6,0.09302325581395349,0.2893853310418987,0.999999970046711,16.572916773999285,1.5416666766510962,0.8222222275472514,-1.2083333533021925,-0.6444444550945027,15.0,5.333333173582459,12.33333341320877,-9.66666682641754,6
1,2025-09-01,DRMJJ0021,2,cluster_2,ADIDA6,0.16279069767441862,0.6827646992216674,0.999999970046711,14.33333296533578,2.333333273426755,,2.333333273426755,,0.0,18.66666618741404,18.66666618741404,18.66666618741404,6
1,2025-09-01,DRMJJ0022,1,cluster_1,ADIDA6,0.29069767441860467,0.15662440574732775,0.999999970046711,4.300000051519657,1.2500000149766444,1.2500000149766444,-0.4999999700467113,-0.4999999700467113,8.0,4.000000239626309,10.000000119813155,-3.9999997603736905,6
1,2025-09-01,DRMJJ0023,1,cluster_1,ADIDA6,0.4069767441860465,0.3543273104633113,0.999999970046711,10.135714236647946,4.1249999800311405,0.9999999951590643,-4.124999960062281,-0.9999999903181287,33.0,3.195017572834257e-07,32.999999840249124,-32.99999968049825,6
1,2025-09-01,DRMJJ0024,0,low_information,ADIDA6,0.046511627906976744,0.024976184026298014,0.2928932115712685,1.2668996366503176,0.058925564495363604,,0.058925564495363604,,0.0,0.47140451596290883,0.47140451596290883,0.47140451596290883,6
1,2025-09-01,DRMJJ0025,2,cluster_2,ADIDA6,0.20930232558139536,0.4453989781644892,0.999999970046711,7.962962867556187,1.6666666466978066,,1.6666666466978066,,0.0,13.333333173582453,13.333333173582453,13.333333173582453,6
1,2025-09-01,DRMJJ0026,0,low_information,ADIDA6,0.0,0.999999970046711,0.999999970046711,,2.25,1.0,-2.25,-1.0,18.0,0.0,18.0,-18.0,6
1,2025-09-01,DRMJJ0027,0,low_information,ADIDA6,0.0,0.999999970046711,0.999999970046711,,1.25,1.0,-1.25,-1.0,10.0,0.0,10.0,-10.0,6
1,2025-09-01,ETZP0003,0,low_information,ADIDA6,0.0,0.999999970046711,0.999999970046711,,1.25,1.0,-1.25,-1.0,10.0,0.0,10.0,-10.0,6
1,2025-09-01,ETZP0004,2,cluster_2,ADIDA6,0.2558139534883721,0.19928091158835884,0.999999970046711,3.9090909090909105,1.0000000000000004,0.5000000000000002,-0.6666666666666674,-0.3333333333333337,16.0,10.66666666666666,8.000000000000004,-5.333333333333339,6
1,2025-09-01,FDBLHP0001,2,cluster_2,ADIDA6,0.18604651162790697,0.9467974486208701,0.999999970046711,14.109374657877279,2.624999936349261,3.499999915132348,2.0833332484656815,2.7777776646209085,6.0,22.66666598772545,20.99999949079409,16.66666598772545,6
1,2025-09-01,FDBLP0001,1,cluster_1,ADIDA6,0.6976744186046512,0.999999970046711,0.4740674027511608,1.812476000123373,1.264518139620958,0.4817211960460792,0.6540362792419159,0.24915667780644415,21.0,26.232290233935327,10.116145116967663,5.232290233935327,6
1,2025-09-01,FRC0002,1,cluster_1,ADIDA6,0.46511627906976744,0.999999970046711,0.31403325603950466,0.35991443745204404,0.1674020639311833,,0.1674020639311833,,0.0,1.3392165114494663,1.3392165114494663,1.3392165114494663,6
1,2025-09-01,FRC0003,1,cluster_1,ADIDA6,0.6976744186046512,0.5612465588062011,0.23751558000005168,1.1890626625451612,0.8295786017756939,2.212209604735184,0.5341572035513877,1.4244192094703674,3.0,7.273257628411102,6.636628814205551,4.273257628411102,6
1,2025-09-01,FRC0010,2,cluster_2,ADIDA6,0.16279069767441862,0.11423834611285523,0.14717829769695195,0.6182668410232283,0.10064809039913018,,0.10064809039913018,,0.0,0.8051847231930415,0.8051847231930415,0.8051847231930415,6
1,2025-09-01,FRC0011,0,low_information,ADIDA6,0.023255813953488372,1.0037376640824323e-06,1.0037376640824323e-06,7.193388276458593e-06,1.6728809945252542e-07,,1.6728809945252542e-07,,0.0,1.3383047956202033e-06,1.3383047956202033e-06,1.3383047956202033e-06,6
1,2025-09-01,FRH0001,1,cluster_1,ADIDA6,1.044186046511628,0.46190876761142746,0.759551325193846,0.01615330106748731,0.01686705157977163,,0.01686705157977163,,0.0,0.13493641263817305,0.13493641263817305,0.13493641263817305,6
1,2025-09-01,FRH0002,1,cluster_1,ADIDA6,0.9767441860465116,0.2658683667371615,0.9999999689224809,2.8650076740270627e-30,2.7983795885845726e-30,,2.7983795885845726e-30,,0.0,2.238703670867658e-29,2.238703670867658e-29,2.238703670867658e-29,6
1,2025-09-01,FRH0003,1,cluster_1,ADIDA6,1.6046511627906976,0.45385099259137185,0.999999970046711,3.1110903060679103e-09,4.9922146771787395e-09,,4.9922146771787395e-09,,0.0,3.9937717417429916e-08,3.9937717417429916e-08,3.9937717417429916e-08,6
1,2025-09-01,FRH0004,1,cluster_1,ADIDA6,0.6511627906976745,0.47680741522145365,0.999999970046711,6.171375923660786e-39,4.018570368895396e-39,,4.018570368895396e-39,,0.0,3.2148562951163166e-38,3.2148562951163166e-38,3.2148562951163166e-38,6
1,2025-09-01,FRH0012,0,low_information,ADIDA6,0.09302325581395349,0.005068216930937489,0.03486900011590151,0.19158488842820573,0.01782185008634472,,0.01782185008634472,,0.0,0.14257480069075776,0.14257480069075776,0.14257480069075776,6
1,2025-09-01,FRH0028,1,cluster_1,ADIDA6,0.6046511627906976,0.19690259711636848,0.999999970046711,0.6201923076923083,0.37500000000000033,1.0000000000000009,-0.37499999999999867,-0.9999999999999964,3.0,1.0766394306114548e-14,3.0000000000000027,-2.9999999999999893,6
1,2025-09-01,FRH0029,1,cluster_1,ADIDA6,0.5581395348837209,0.21409321471591203,0.999999970046711,0.4479166666666676,0.2500000000000005,1.000000000000002,-0.24999999999999897,-0.9999999999999959,2.0,8.373862218182373e-15,2.000000000000004,-1.9999999999999918,6
1,2025-09-01,FRH0031,2,cluster_2,ADIDA6,0.2558139534883721,0.038009232664359384,0.14534462595800451,0.5011485111005037,0.12820078190943118,,0.12820078190943118,,0.0,1.0256062552754495,1.0256062552754495,1.0256062552754495,6
1,2025-09-01,FRH0033,1,cluster_1,ADIDA6,3.161627906976744,0.18306956897944007,0.6583755320190543,0.9625576984012764,3.0432492813407794,0.6406840592296378,-0.5770028746368816,-0.12147428939723823,38.0,33.38397700290495,24.345994250726235,-4.616022997095053,6
1,2025-09-01,FRH0034,1,cluster_1,ADIDA6,1.172093023255814,0.22772563376290927,0.6938028317879519,0.5582459599303685,0.6543161948951296,0.5234529559161036,-0.45575492652683947,-0.36460394122147155,10.0,6.353960587785284,5.234529559161037,-3.6460394122147157,6
1,2025-09-01,FRH0035,2,cluster_2,ADIDA6,0.3023255813953488,0.3126932202067317,0.999999970046711,9.54059487562697e-53,2.8843658926314095e-53,,2.8843658926314095e-53,,0.0,2.3074927141051276e-52,2.3074927141051276e-52,2.3074927141051276e-52,6
1,2025-09-01,FRH0036,0,low_information,ADIDA6,0.046511627906976744,0.999999970046711,0.04472326497467364,0.6568746005264576,0.030552307001230586,,0.030552307001230586,,0.0,0.2444184560098447,0.2444184560098447,0.2444184560098447,6
1,2025-09-01,FRH0037,2,cluster_2,ADIDA6,0.18604651162790697,0.3132762825500681,0.999999970046711,6.469852508228886e-46,1.2036934899030485e-46,,1.2036934899030485e-46,,0.0,9.629547919224388e-46,9.629547919224388e-46,9.629547919224388e-46,6
1,2025-09-01,FRH0040,1,cluster_1,ADIDA6,0.813953488372093,0.3824010165202574,0.999999970046711,4.944798038379075e-31,4.0248356126341305e-31,,4.0248356126341305e-31,,0.0,3.2198684901073044e-30,3.2198684901073044e-30,3.2198684901073044e-30,6
1,2025-09-01,FRH0042,2,cluster_2,ADIDA6,0.18604651162790697,0.5711523970024919,0.16530837422357086,1.3382069705526807,0.24896873870747546,,0.24896873870747546,,0.0,1.9917499096598037,1.9917499096598037,1.9917499096598037,6
1,2025-09-01,FRH0043,2,cluster_2,ADIDA6,0.12790697674418605,0.04206445723787601,0.09155069014853046,3.0505538301894415,0.3901871178149286,1.0404989808398095,-0.3142515287402856,-0.8380040766407616,3.0,0.48598777007771526,3.1214969425194288,-2.514012229922285,6
1,2025-09-01,FRH0044,2,cluster_2,ADIDA6,0.36046511627906974,0.06730767598446621,0.5915965658929173,1.1810139298294968,0.4257143235431907,3.4057145883455258,0.275952431390921,2.207619451127368,1.0,3.207619451127368,3.4057145883455258,2.207619451127368,6
1,2025-09-01,FRH0045,1,cluster_1,ADIDA6,0.8372093023255814,0.999999970046711,0.11529160284160163,1.1070731954322766,0.9268519775712084,,0.9268519775712084,,0.0,7.414815820569667,7.414815820569667,7.414815820569667,6
1,2025-09-01,FRH0046,1,cluster_1,ADIDA6,0.5697674418604651,0.1265360731766308,0.4703048398915201,1.1400048580805788,0.649537651697074,0.742328744796656,0.026849393211704042,0.030685020813376047,7.0,7.214795145693633,5.196301213576592,0.21479514569363234,6
1,2025-09-01,FRH0047,2,cluster_2,ADIDA6,0.4418604651162791,0.45614257404409114,0.2717718949215158,0.7682983532553133,0.339480667717464,,0.339480667717464,,0.0,2.715845341739712,2.715845341739712,2.715845341739712,6
1,2025-09-01,FRH0048,1,cluster_1,ADIDA6,2.2945736434108523,0.3213631420889075,0.656025910748515,0.8888248209631925,2.0394740077915112,0.40789480155830227,1.0789480155830224,0.2157896031166045,40.0,48.63158412466418,16.31579206233209,8.63158412466418,6
1,2025-09-01,FRH0049,2,cluster_2,ADIDA6,0.18604651162790697,0.18047706566260927,0.04982545588147937,0.3045592594938229,0.056662187812804264,,0.056662187812804264,,0.0,0.4532975025024341,0.4532975025024341,0.4532975025024341,6
1,2025-09-01,FRH0050,1,cluster_1,ADIDA6,0.9767441860465116,0.07810878584802297,0.4671869408968537,1.4838210901837208,1.4493136229701458,0.8918853064431667,-0.32774550811941683,-0.20168954345810267,13.0,10.378035935044666,11.594508983761166,-2.6219640649553346,6
1,2025-09-01,FRH0051,1,cluster_1,ADIDA6,1.930232558139535,0.3712549958005612,0.4623446718417459,0.6912499572976076,1.3342731733884055,0.33356829334710136,0.6685463467768109,0.16713658669420273,32.0,37.34837077421449,10.674185387107244,5.348370774214487,6
1,2025-09-01,FRH0052,0,low_information,ADIDA6,0.06976744186046512,0.012916354228759317,0.09484940818869478,0.3850530268118502,0.026864164661291875,,0.026864164661291875,,0.0,0.214913317290335,0.214913317290335,0.214913317290335,6
1,2025-09-01,FRH0056,1,cluster_1,ADIDA6,3.2906976744186047,0.6176014475648581,0.5448183441022514,1.0278205153371192,3.38224657953959,0.3979113622987753,2.76449315907918,0.3252344893034329,68.0,90.11594527263344,27.05797263631672,22.11594527263344,6
1,2025-09-01,FRH0056-1,0,low_information,ADIDA6,0.0,0.999999970046711,0.999999970046711,,0.125,1.0,-0.125,-1.0,1.0,0.0,1.0,-1.0,6
1,2025-09-01,FRH0058,0,low_information,ADIDA6,0.16279069767441862,0.00914237538477502,1.0037376640824323e-06,7.193402717029826e-06,1.1710190469583438e-06,,1.1710190469583438e-06,,0.0,9.36815237566675e-06,9.36815237566675e-06,9.36815237566675e-06,6
1,2025-09-01,FRH0059,1,cluster_1,ADIDA6,1.441860465116279,0.7740855101521162,0.999999970046711,1.531586013715106,2.2083333221008505,0.9298245566740423,-1.7083332884034013,-0.7192982266961689,19.0,5.33333369277279,17.666666576806804,-13.66666630722721,6
1,2025-09-01,FRH0064,0,low_information,ADIDA6,0.2441860465116279,0.15829543780110425,0.999999970046711,7.678571428571429,1.875,0.6521739130434783,0.4583332334890371,0.15942025512662159,23.0,26.666665867912297,15.0,3.6666658679122968,6
1,2025-09-01,FRH0065,2,cluster_2,ADIDA6,0.13953488372093023,0.999999970046711,0.999999970046711,14.930555054670002,2.083333263442326,8.333333053769303,2.083333263442326,8.333333053769303,2.0,18.666666107538607,16.666666107538607,16.666666107538607,6
1,2025-09-01,FRH0068,0,low_information,ADIDA6,0.0,0.999999970046711,0.999999970046711,,0.375,1.0,-0.375,-1.0,3.0,0.0,3.0,-3.0,6
1,2025-09-01,FRW00011,2,cluster_2,ADIDA6,0.18604651162790697,0.05582577318583486,0.15320582670000965,0.8478436782883956,0.1577383587513294,,0.1577383587513294,,0.0,1.2619068700106353,1.2619068700106353,1.2619068700106353,6
1,2025-09-01,FRW0005,1,cluster_1,ADIDA6,1.302325581395349,0.33367913863323584,0.7499605461978615,1.6780939324147497,2.1854246561680464,0.49952563569555347,-0.6166986246721851,-0.1409596856393566,35.0,30.06641100262252,17.48339724934437,-4.9335889973774805,6
1,2025-09-01,FRW0006,1,cluster_1,ADIDA6,2.755813953488372,0.3103176637139227,0.9608400787565873,0.7880106851155017,2.1716108415392315,0.36193514025653856,1.686443366156925,0.2810738943594875,48.0,61.4915469292554,17.37288673231385,13.4915469292554,6
1,2025-09-01,FRW0007,0,low_information,ADIDA6,0.09302325581395349,0.10827915483595939,0.999999970046711,1.2939703466111116e-45,1.203693345684755e-46,,1.203693345684755e-46,,0.0,9.62954676547804e-46,9.62954676547804e-46,9.62954676547804e-46,6
1,2025-09-01,FRW0008,0,low_information,ADIDA6,0.05813953488372093,0.19122362563702702,0.999999970046711,5.733333161601144,0.3333333233489037,,0.3333333233489037,,0.0,2.6666665867912296,2.6666665867912296,2.6666665867912296,6
1,2025-09-01,FRW0009,2,cluster_2,ADIDA6,0.11627906976744186,0.6705378029100073,0.7142857142857144,5.0166666666666675,0.5833333333333334,1.5555555555555556,0.45833333333333337,1.2222222222222223,3.0,6.666666666666667,4.666666666666667,3.666666666666667,6
1,2025-09-01,FRW0011,2,cluster_2,ADIDA6,0.11627906976744186,0.30130908893506597,0.0724761162683164,0.47334016981953286,0.05503955463017824,,0.05503955463017824,,0.0,0.4403164370414259,0.4403164370414259,0.4403164370414259,6
1,2025-09-01,FRW0013,1,cluster_1,ADIDA6,0.23255813953488372,0.6077441631802007,0.03987744400918713,0.5763668236321104,0.13403879619351405,,0.13403879619351405,,0.0,1.0723103695481124,1.0723103695481124,1.0723103695481124,6
1,2025-09-01,FRW0014,2,cluster_2,ADIDA6,0.09302325581395349,0.5046368422950996,0.057190952344123844,0.6214047899580308,0.05780509674028194,,0.05780509674028194,,0.0,0.4624407739222555,0.4624407739222555,0.4624407739222555,6
1,2025-09-01,FRW0015,1,cluster_1,ADIDA6,1.1395348837209303,0.9999999776953862,0.23443035240048934,2.4390546736631,2.779387883941672,,2.779387883941672,,0.0,22.235103071533377,22.235103071533377,22.235103071533377,6
1,2025-09-01,FRW0016,2,cluster_2,ADIDA6,0.32558139534883723,0.10470354623163303,0.999999970046711,4.93709792916448e-38,1.607427232751226e-38,,1.607427232751226e-38,,0.0,1.2859417862009808e-37,1.2859417862009808e-37,1.2859417862009808e-37,6
1,2025-09-01,FRW0017,2,cluster_2,ADIDA6,0.18604651162790697,0.8427629966898774,0.05526834031183511,0.6744709487961177,0.12548296721788235,,0.12548296721788235,,0.0,1.0038637377430588,1.0038637377430588,1.0038637377430588,6
1,2025-09-01,FRW0020,2,cluster_2,ADIDA6,0.06976744186046512,0.2581686635777136,0.05229671464628875,0.39795889199662465,0.027764573860229628,,0.027764573860229628,,0.0,0.22211659088183702,0.22211659088183702,0.22211659088183702,6
1,2025-09-01,FRW0021,0,low_information,ADIDA6,0.09302325581395349,0.023044379316723377,0.17853023227513998,0.6520621424872429,0.06065694348718539,,0.06065694348718539,,0.0,0.4852555478974831,0.4852555478974831,0.4852555478974831,6
1,2025-09-01,FRW0022,0,low_information,ADIDA6,0.09302325581395349,0.021014618302552933,0.08058583009981074,0.49163960437394266,0.04573391668594815,,0.04573391668594815,,0.0,0.3658713334875852,0.3658713334875852,0.3658713334875852,6
1,2025-09-01,FRW0023,2,cluster_2,ADIDA6,0.16279069767441862,0.06534119244656392,0.999999970046711,2.303571451571274,0.37500000374416087,3.000000029953287,0.20833333832554785,1.6666667066043828,1.0,2.6666667066043828,3.000000029953287,1.6666667066043828,6
1,2025-09-01,FRW0024,0,low_information,ADIDA6,0.0,0.999999970046711,0.999999970046711,,1.625,1.0,-1.625,-1.0,13.0,0.0,13.0,-13.0,6
1,2025-09-01,FSTBY001,0,low_information,ADIDA6,0.0,0.999999970046711,0.999999970046711,,0.0,,0.0,,0.0,0.0,0.0,0.0,6
1,2025-09-01,FZGLS0001,0,low_information,ADIDA6,0.0,0.999999970046711,0.999999970046711,,0.0,,0.0,,0.0,0.0,0.0,0.0,6
1,2025-09-01,FZGLS0002,0,low_information,ADIDA6,0.023255813953488372,0.05131670202135952,1.0037376640824323e-06,1.438689207783492e-05,3.3457888553104466e-07,,3.3457888553104466e-07,,0.0,2.6766310842483573e-06,2.6766310842483573e-06,2.6766310842483573e-06,6
1,2025-09-01,FZLRICBHP0001,2,cluster_2,ADIDA6,0.11627906976744186,0.8745274989998653,0.035052720007651986,2.5017125261739954,0.29089680536906926,1.163587221476277,-0.1682063892618615,-0.672825557047446,2.0,0.6543488859051083,2.327174442952554,-1.345651114094892,6
1,2025-09-01,FZLRJ0001,2,cluster_2,ADIDA6,0.3953488372093023,0.45066175741060066,0.9002505934381002,6.997725921259674,2.7665428060794057,11.066171224317623,2.7665428060794057,11.066171224317623,2.0,24.132342448635246,22.132342448635246,22.132342448635246,6
1,2025-09-01,FZLRJ0001double,0,low_information,ADIDA6,0.046511627906976744,0.04388123447545769,1.0037376640824323e-06,7.19344603891746e-06,3.3457888553104466e-07,,3.3457888553104466e-07,,0.0,2.6766310842483573e-06,2.6766310842483573e-06,2.6766310842483573e-06,6
1,2025-09-01,FZLRJ0002,1,cluster_1,ADIDA6,0.46511627906976744,0.37477836917122676,0.999999970046711,5.643749957066951,2.6249999800311397,2.999999977178445,2.6249999800311397,2.999999977178445,7.0,27.999999840249117,20.999999840249117,20.999999840249117,6
1,2025-09-01,FZLRJ0002double,2,cluster_2,ADIDA6,0.13953488372093023,0.09187410002901394,0.2019641811419417,1.6455041834760593,0.22960523490363619,,0.22960523490363619,,0.0,1.8368418792290895,1.8368418792290895,1.8368418792290895,6
1,2025-09-01,GJMJSLW001,1,cluster_1,ADIDA6,2.7209302325581395,0.1722808127039225,0.03944485370213241,0.3676118865196012,1.000246295878915,,1.000246295878915,,0.0,8.00197036703132,8.00197036703132,8.00197036703132,6
1,2025-09-01,GJMJSW001,0,low_information,ADIDA6,0.023255813953488372,1.0037376640824323e-06,1.0037376640824323e-06,7.193409937326312e-06,1.6728860319363517e-07,,1.6728860319363517e-07,,0.0,1.3383088255490814e-06,1.3383088255490814e-06,1.3383088255490814e-06,6
1,2025-09-01,GJMJWJX001,1,cluster_1,ADIDA6,5.542635658914728,0.20489446008275236,0.16999870907852338,0.9230750754029637,5.116268828783868,0.5385546135561966,-4.232537657567736,-0.4455302797439722,76.0,42.13969873945812,40.930150630270944,-33.86030126054189,6
1,2025-09-01,GJMJWJXW001,1,cluster_1,ADIDA6,7.046511627906977,0.3757313149779135,0.04752510514280115,1.1784852232405008,8.304209828880738,1.3286735726209182,-2.844386894825681,-0.45510190317210897,50.0,27.244904841394554,66.43367863104591,-22.75509515860545,6
1,2025-09-01,GJMUSDW001,0,low_information,ADIDA6,0.023255813953488372,0.6180343707159061,1.0037376640824323e-06,1.4386819874652624e-05,3.3457720638727034e-07,,3.3457720638727034e-07,,0.0,2.6766176510981628e-06,2.6766176510981628e-06,2.6766176510981628e-06,6
1,2025-09-01,HLGKSLT0001,2,cluster_2,ADIDA6,0.5465116279069767,0.1661527645767813,0.8971091014703535,5.9585521749121515,3.2564180490798966,0.6679831895548506,-3.2564180490798966,-0.6679831895548506,39.0,12.948655607360827,26.051344392639173,-26.051344392639173,6
1,2025-09-01,HSAKSLT0001,2,cluster_2,ADIDA6,0.18604651162790697,0.10740099244920731,0.7074729918234961,4.096531827603686,0.7621454562983602,,0.7621454562983602,,0.0,6.097163650386881,6.097163650386881,6.097163650386881,6
1,2025-09-01,HWZDSKL0001,1,cluster_1,ADIDA6,1.4069767441860466,0.147014764356683,0.5015816282981032,3.4735232546706847,4.88716643971108,,4.88716643971108,,0.0,39.09733151768864,39.09733151768864,39.09733151768864,6
1,2025-09-01,HWZDSKL0002,2,cluster_2,ADIDA6,0.2558139534883721,0.704660252278919,0.09810197936184835,1.9098704678811507,0.48857151503936413,1.9542860601574565,0.06809535338581885,0.2723814135432754,2.0,2.5447628270865508,3.908572120314913,0.5447628270865508,6
1,2025-09-01,HZSN0001,1,cluster_1,ADIDA6,0.8255813953488372,0.5799169307235311,0.9999999664658586,4.239436640027717,3.5000000167670686,1.4000000067068274,3.166666689022758,1.2666666756091032,20.0,45.333333512182065,28.00000013413655,25.333333512182065,6
1,2025-09-01,JZJ00011,2,cluster_2,ADIDA6,0.16279069767441862,0.999999970046711,0.999999970046711,9.982142857142856,1.625,0.6842105263157895,0.6249999201245622,0.2631578611050788,19.0,23.999999360996497,13.0,4.999999360996497,6
1,2025-09-01,JZJ00012,1,cluster_1,ADIDA6,0.9186046511627907,0.6983298411252118,0.9999999798391417,6.939873324445647,6.37499991431635,1.4571428375580229,6.2916665524218,1.4380952119821258,35.0,85.3333324193744,50.9999993145308,50.3333324193744,6
1,2025-09-01,JZJ0002,1,cluster_1,ADIDA6,1.5813953488372092,0.9935892382472378,0.9999999636777018,2.21323529698871,3.500000004540286,0.5000000006486123,3.333333339387048,0.47619047705529255,56.0,82.66666671509638,28.000000036322287,26.666666715096383,6
1,2025-09-01,JZJ0003,1,cluster_1,ADIDA6,2.9302325581395348,0.4953555154574781,0.8309217944000159,2.339651755004599,6.855723747222779,0.4459007315266848,6.855723747222779,0.4459007315266848,123.0,177.84578997778223,54.84578997778223,54.84578997778223,6
1,2025-09-01,JZJ0004,2,cluster_2,ADIDA6,0.32558139534883723,0.12954000680816158,0.5312793212631445,2.7267243244706676,0.8877707102927755,,0.8877707102927755,,0.0,7.102165682342204,7.102165682342204,7.102165682342204,6
1,2025-09-01,JZJ0005,1,cluster_1,ADIDA6,0.6434108527131783,0.35053969825704345,0.8450994881271476,5.939592123885034,3.8215980331973474,,3.8215980331973474,,0.0,30.57278426557878,30.57278426557878,30.57278426557878,6
1,2025-09-01,JZJ0008,1,cluster_1,ADIDA6,0.9651162790697675,0.5879063331281305,0.999999965980484,2.331325295329963,2.2499999943300804,0.39999999899201427,-0.12499997732032142,-0.022222218190279364,45.0,44.00000018143743,17.999999954640643,-0.9999998185625714,6
1,2025-09-01,JZJ0009,1,cluster_1,ADIDA6,1.6046511627906976,0.9999999744596778,0.8418340813733294,8.204317092354326,13.165066962149965,0.4744168274648636,-13.165066962149965,-0.4744168274648636,222.0,116.67946430280028,105.32053569719972,-105.32053569719972,6
1,2025-09-01,JZJ0013,1,cluster_1,ADIDA6,2.604651162790698,0.9999999798379594,0.999999970046711,1.935639931743707,5.041666798960353,0.26710817477935644,1.9583335979207064,0.10375277339977253,151.0,166.66666878336565,40.333334391682826,15.666668783365651,6
1,2025-09-01,JZJ0014,0,low_information,ADIDA6,0.20930232558139536,0.07475832861204303,0.999999970046711,4.180555484000474,0.8749999850233552,6.9999998801868415,0.8749999800311402,6.999999840249122,1.0,7.999999840249122,6.9999998801868415,6.999999840249122,6
1,2025-09-01,JZJ0016,1,cluster_1,ADIDA6,1.0,0.3026479165169341,0.999999970046711,1.875,1.875,0.5555555555555556,-0.04166675652653318,-0.012345705637491312,27.0,26.666665947787735,15.0,-0.3333340522122654,6
1,2025-09-01,JZJ0017,2,cluster_2,ADIDA6,0.10465116279069768,0.6012043605885914,0.12665629692787,5.0804863649766965,0.5316788056370961,1.0633576112741923,-0.3732847774516155,-0.746569554903231,4.0,1.013721780387076,4.253430445096769,-2.986278219612924,6
1,2025-09-01,JZJ0018,2,cluster_2,ADIDA6,0.09302325581395349,0.9999999752433224,0.999999970046711,16.125,1.5,1.0,-0.500000029953289,-0.33333335330219266,12.0,7.999999760373687,12.0,-4.000000239626312,6
1,2025-09-01,JZJ0019,1,cluster_1,ADIDA6,0.3023255813953488,0.6345887055452349,0.999999970046711,8.407051356358485,2.5416666891316346,0.4959349637330019,-1.458333378263269,-0.284552854295272,41.0,29.33333297389385,20.333333513053077,-11.666667026106152,6
1,2025-09-01,JZQCQ001,1,cluster_1,ADIDA6,3.0930232558139537,0.5424169412561594,0.8608802488348563,0.20326544460290025,0.6287047472601334,,0.6287047472601334,,0.0,5.029637978081067,5.029637978081067,5.029637978081067,6
1,2025-09-01,JZQCQ003,1,cluster_1,ADIDA6,4.27906976744186,0.4473888879767528,0.9438150601436102,0.19504998912140825,0.8346325115892818,,0.8346325115892818,,0.0,6.677060092714254,6.677060092714254,6.677060092714254,6
1,2025-09-01,JZQCQ004,1,cluster_1,ADIDA6,0.7674418604651163,0.6264763771406808,0.9999999682537256,5.64646451547118,4.333333232803464,,4.333333232803464,,0.0,34.66666586242771,34.66666586242771,34.66666586242771,6
1,2025-09-01,KFZ0001,2,cluster_2,ADIDA6,0.13953488372093023,0.05487958299071957,0.42859884111610164,0.924674424826564,0.12902433834789265,,0.12902433834789265,,0.0,1.0321947067831412,1.0321947067831412,1.0321947067831412,6
1,2025-09-01,KZCWBG001,2,cluster_2,ADIDA6,0.20930232558139536,0.8116033269806108,0.6438927756053556,2.986111111111111,0.625,1.0,0.2408556718934246,0.38536907502947937,5.0,6.926845375147397,5.0,1.9268453751473968,6
1,2025-09-01,LRKF0001,1,cluster_1,ADIDA6,0.4883720930232558,0.7869556051534478,0.0634066129127683,0.8988932279088002,0.43899436711825124,,0.43899436711825124,,0.0,3.51195493694601,3.51195493694601,3.51195493694601,6
1,2025-09-01,LTKF0002,2,cluster_2,ADIDA6,0.046511627906976744,0.9999999638290566,0.04397391512262774,0.9518969553502139,0.044274276993033206,,0.044274276993033206,,0.0,0.35419421594426564,0.35419421594426564,0.35419421594426564,6
1,2025-09-01,LTKF0003B,0,low_information,ADIDA6,0.023255813953488372,1.0037376640824323e-06,1.0037376640824323e-06,7.193409937326312e-06,1.6728860319363517e-07,,1.6728860319363517e-07,,0.0,1.3383088255490814e-06,1.3383088255490814e-06,1.3383088255490814e-06,6
1,2025-09-01,LTKF0005A,2,cluster_2,ADIDA6,0.27906976744186046,0.1062201184401955,0.4378227617512835,1.9348879630565328,0.5399687338762417,,0.5399687338762417,,0.0,4.319749871009933,4.319749871009933,4.319749871009933,6
1,2025-09-01,LTKF0006A,0,low_information,ADIDA6,0.023255813953488372,1.0037376640824323e-06,1.0037376640824323e-06,7.193409937326312e-06,1.6728860319363517e-07,,1.6728860319363517e-07,,0.0,1.3383088255490814e-06,1.3383088255490814e-06,1.3383088255490814e-06,6
1,2025-09-01,LTKF0008,2,cluster_2,ADIDA6,0.18604651162790697,0.2310274719334674,0.03164961891870005,0.2556684860816255,0.04756622996867451,,0.04756622996867451,,0.0,0.3805298397493961,0.3805298397493961,0.3805298397493961,6
1,2025-09-01,LTKF0009,2,cluster_2,ADIDA6,0.23255813953488372,0.2989118583128349,0.011298812504286998,0.11337161763668592,0.02636549247364789,,0.02636549247364789,,0.0,0.2109239397891831,0.2109239397891831,0.2109239397891831,6
1,2025-09-01,LTKF0010,0,low_information,ADIDA6,0.046511627906976744,1.0037376640824323e-06,1.0037376640824323e-06,7.193409937326312e-06,3.3457720638727034e-07,,3.3457720638727034e-07,,0.0,2.6766176510981628e-06,2.6766176510981628e-06,2.6766176510981628e-06,6
1,2025-09-01,LTKF0012,0,low_information,ADIDA6,0.06976744186046512,0.2679492007139013,1.0037376640824323e-06,1.1989016562210521e-05,8.364430159681759e-07,,8.364430159681759e-07,,0.0,6.6915441277454075e-06,6.6915441277454075e-06,6.6915441277454075e-06,6
1,2025-09-01,LTKF0016,0,low_information,ADIDA6,0.09302325581395349,0.011899595135088712,1.0037376640824323e-06,1.2588467390321049e-05,1.1710202223554463e-06,,1.1710202223554463e-06,,0.0,9.36816177884357e-06,9.36816177884357e-06,9.36816177884357e-06,6
1,2025-09-01,LTKF0018A,0,low_information,ADIDA6,0.06976744186046512,1.0037376640824323e-06,1.0037376640824323e-06,7.193409937326315e-06,5.018658095809056e-07,,5.018658095809056e-07,,0.0,4.014926476647245e-06,4.014926476647245e-06,4.014926476647245e-06,6
1,2025-09-01,LTKF0019,1,cluster_1,ADIDA6,0.686046511627907,0.28764658856118747,0.17962419016810022,1.2431128065438084,0.852833204489357,1.364533127182971,0.28633281795742793,0.4581325087318847,5.0,7.2906625436594235,6.822665635914856,2.2906625436594235,6
1,2025-09-01,LTKF0020,1,cluster_1,ADIDA6,2.872093023255814,0.6350562626080551,0.5305687422214781,3.0395597051707166,8.729898222990315,0.42326779262983344,-4.044592891961255,-0.19610147354963658,165.0,132.64325686430996,69.83918578392252,-32.35674313569004,6
1,2025-09-01,LTKF0021,1,cluster_1,ADIDA6,1.1162790697674418,0.3018212871860668,0.9999999662685117,3.2100694444444433,3.583333333333332,0.7962962962962961,2.166666666666665,0.4814814814814812,36.0,53.33333333333332,28.666666666666657,17.33333333333332,6
1,2025-09-01,LTKF0022,1,cluster_1,ADIDA6,0.3023255813953488,0.4821632931235034,0.5303825736938225,3.8440459820020236,1.1621534364192163,,1.1621534364192163,,0.0,9.29722749135373,9.29722749135373,9.29722749135373,6
1,2025-09-01,LTKF0022M,1,cluster_1,ADIDA6,0.37984496124031014,0.3094927325335728,0.735124715274728,3.7169518033584654,1.4118654136787971,0.40339011819394205,-1.147461654715189,-0.32784618706148255,28.0,18.820306762278488,11.294923309430377,-9.179693237721512,6
1,2025-09-01,LTKF0023,0,low_information,ADIDA6,0.023255813953488372,1.0037376640824323e-06,1.0037376640824323e-06,7.193409937326312e-06,1.6728860319363517e-07,,1.6728860319363517e-07,,0.0,1.3383088255490814e-06,1.3383088255490814e-06,1.3383088255490814e-06,6
1,2025-09-01,LTKF0024A,2,cluster_2,ADIDA6,0.1744186046511628,0.350647933605773,0.7948832631579693,4.92600679294713,0.8591872313279878,6.873497850623902,0.853916308437317,6.831330467498536,1.0,7.831330467498536,6.873497850623902,6.831330467498536,6
1,2025-09-01,LTKF0031,1,cluster_1,ADIDA6,1.069767441860465,0.5721559337307549,0.4779534561995019,1.752717391304348,1.875,0.3191489361702128,-0.15538761066147533,-0.026448955006208568,47.0,45.7568991147082,15.0,-1.2431008852918026,6
1,2025-09-01,LTKF0047,1,cluster_1,ADIDA6,0.27906976744186046,0.5739187139596171,0.5879993149790145,4.000817394228909,1.1165071797848116,,1.1165071797848116,,0.0,8.932057438278493,8.932057438278493,8.932057438278493,6
1,2025-09-01,LTKF0058,0,low_information,ADIDA6,0.0,0.999999970046711,0.999999970046711,,0.0,,0.0,,0.0,0.0,0.0,0.0,6
1,2025-09-01,LTKF0101,1,cluster_1,ADIDA6,1.069767441860465,0.5210241432411319,0.18486633797117089,5.104670167936603,5.46080994709497,0.7801157067278528,-4.92161989418994,-0.7030885563128485,56.0,16.62704084648048,43.68647957675976,-39.37295915351952,6
1,2025-09-01,LTKF0102,0,low_information,ADIDA6,0.03488372093023256,0.9999929909839739,0.999999970046711,25.083333333333332,0.875,1.0,-0.875,-1.0,7.0,0.0,7.0,-7.0,6
1,2025-09-01,LTKF0103,0,low_information,ADIDA6,0.0,0.999999970046711,0.999999970046711,,0.5,1.0,-0.5,-1.0,4.0,0.0,4.0,-4.0,6
1,2025-09-01,LTKF0106,0,low_information,ADIDA6,0.0,0.999999970046711,0.999999970046711,,0.0,,0.0,,0.0,0.0,0.0,0.0,6
1,2025-09-01,LTKF0111,0,low_information,ADIDA6,0.0,0.999999970046711,0.999999970046711,,0.125,1.0,-0.125,-1.0,1.0,0.0,1.0,-1.0,6
1,2025-09-01,LTKF093,2,cluster_2,ADIDA6,0.18604651162790697,0.1370127729826216,0.999999970046711,4.479166599583778,0.833333320852796,0.833333320852796,0.1666666417055922,0.1666666417055922,8.0,9.333333133644738,6.666666566822368,1.3333331336447376,6
1,2025-09-01,LTKF098,2,cluster_2,ADIDA6,0.1511627906976744,0.999999971980805,0.999999970046711,36.66025667445978,5.541666706604385,0.8060606118697288,-5.541666706604385,-0.8060606118697288,55.0,10.666666347164918,44.33333365283508,-44.33333365283508,6
1,2025-09-01,LYC0201,2,cluster_2,ADIDA6,0.11627906976744186,0.999999970046711,0.999999970046711,13.258333419199428,1.5416666766510962,0.8222222275472514,-1.2083333533021925,-0.6444444550945027,15.0,5.333333173582459,12.33333341320877,-9.66666682641754,6
1,2025-09-01,LYC0203,0,low_information,ADIDA6,0.09302325581395349,0.2460584055420249,0.999999970046711,7.614583266250447,0.7083333270930648,1.4166666541861297,0.3333333083722593,0.6666666167445185,4.0,6.666666466978074,5.666666616744519,2.666666466978074,6
1,2025-09-01,NNB0002,0,low_information,ADIDA6,0.023255813953488372,1.0037376640824323e-06,0.999999970046711,14.333333226000715,0.33333333083722594,1.3333333233489038,-0.08333333832554814,-0.33333335330219255,2.0,1.3333332933956148,2.6666666466978075,-0.6666667066043851,6
1,2025-09-01,QCCXC0004,1,cluster_1,ADIDA6,1.441860465116279,0.39992983113045,0.07680501027396425,0.7165864023509964,1.0332176033898086,,1.0332176033898086,,0.0,8.265740827118469,8.265740827118469,8.265740827118469,6
1,2025-09-01,QCCXC0005,1,cluster_1,ADIDA6,1.2325581395348837,0.21486568851169177,0.5848591498515333,2.780603068985572,3.4272549454938446,4.569673260658459,3.4272549454938446,4.569673260658459,6.0,33.41803956395076,27.418039563950757,27.418039563950757,6
1,2025-09-01,QCCXC0007,1,cluster_1,ADIDA6,1.872093023255814,0.3143374324549342,0.547444185211987,2.569521053303862,4.810382436999091,2.263709382117219,4.810382436999091,2.263709382117219,17.0,55.48305949599273,38.48305949599273,38.48305949599273,6
1,2025-09-01,QCSSXC0004,0,low_information,ADIDA6,0.06976744186046512,0.02423737431430792,0.07425923123144568,0.38196460752006456,0.02664869354791148,,0.02664869354791148,,0.0,0.21318954838329185,0.21318954838329185,0.21318954838329185,6
1,2025-09-01,QCSSXC0005,1,cluster_1,ADIDA6,0.6744186046511628,0.2802358322980048,0.999999970046711,6.857758620689656,4.625,0.8604651162790697,-1.7083334082165569,-0.3178294712961036,43.0,29.333332734267547,37.0,-13.666667265732455,6
1,2025-09-01,QCSSXC0006,1,cluster_1,ADIDA6,0.38372093023255816,0.3222858939708326,0.999999970046711,7.166666666666666,2.75,0.6470588235294118,-0.7500000748832232,-0.17647060585487603,34.0,27.999999400934215,22.0,-6.000000599065785,6
1,2025-09-01,QCXDS001,1,cluster_1,ADIDA6,1.5116279069767442,0.8226851647848388,0.10657886650361464,0.9426356559488893,1.4249143636436699,,1.4249143636436699,,0.0,11.399314909149359,11.399314909149359,11.399314909149359,6
1,2025-09-01,QCXXC0001,2,cluster_2,ADIDA6,0.4883720930232558,0.12412821920158078,0.29491916000225965,1.47697366247971,0.7213127188854398,2.885250875541759,0.6926254377708796,2.7705017510835184,2.0,7.541003502167037,5.770501751083518,5.541003502167037,6
1,2025-09-01,QCXXC0002,2,cluster_2,ADIDA6,0.3488372093023256,0.17905261172594764,0.7729581633895036,0.422068862655645,0.14723332418220175,,0.14723332418220175,,0.0,1.177866593457614,1.177866593457614,1.177866593457614,6
1,2025-09-01,QFSJZ001-1,2,cluster_2,ADIDA6,0.2441860465116279,0.20126931506286103,0.999999970046711,11.26190480790446,2.7500000112324843,0.7096774222535444,-2.7083333483099787,-0.6989247350477364,31.0,9.333333213520172,22.000000089859874,-21.66666678647983,6
1,2025-09-01,QFSJZ002-1,2,cluster_2,ADIDA6,0.11627906976744186,0.34211309065182727,0.999999970046711,3.941666666666666,0.45833333333333326,1.222222222222222,-0.04166666666666696,-0.1111111111111119,3.0,2.6666666666666643,3.666666666666666,-0.3333333333333357,6
1,2025-09-01,QFSJZ003,0,low_information,ADIDA6,0.06976744186046512,0.1725285048918449,0.999999970046711,8.958333279667023,0.6249999962558388,1.2499999925116776,-1.497664456340253e-08,-2.995328912680506e-08,4.0,3.9999998801868437,4.99999997004671,-1.1981315650722024e-07,6
1,2025-09-01,QFSJZ003-1,2,cluster_2,ADIDA6,0.1511627906976744,0.43753164300459585,0.999999970046711,8.26923076923077,1.25,0.8333333333333334,0.1666666167445186,0.11111107782967906,12.0,13.333332933956148,10.0,1.3333329339561488,6
1,2025-09-01,QYGZIPJ,0,low_information,ADIDA6,0.023255813953488372,1.0037376640824323e-06,0.999999970046711,14.333333226000715,0.33333333083722594,1.3333333233489038,-0.08333333832554814,-0.33333335330219255,2.0,1.3333332933956148,2.6666666466978075,-0.6666667066043851,6
1,2025-09-01,RLHZHMV000AMDE,1,cluster_1,ADIDA6,3.058139534883721,0.6821179823041783,0.758719935362424,1.2389108224788123,3.7887621664177633,0.8191918197660029,3.7887621664177633,0.8191918197660029,37.0,67.3100973313421,30.310097331342106,30.310097331342106,6
1,2025-09-01,SLT0001,0,low_information,ADIDA6,0.046511627906976744,1.0037376640824323e-06,1.0037376640824323e-06,7.19342437794103e-06,3.3457787804376884e-07,,3.3457787804376884e-07,,0.0,2.6766230243501507e-06,2.6766230243501507e-06,2.6766230243501507e-06,6
1,2025-09-01,SLT0003,2,cluster_2,ADIDA6,0.18604651162790697,0.07504304432329212,0.7312073070405458,4.817255780818084,0.8962336336405737,0.7966521187916211,-0.6674672672811475,-0.5933042375832422,9.0,3.6602618617508202,7.16986906912459,-5.33973813824918,6
1,2025-09-01,SLT0004,0,low_information,ADIDA6,0.023255813953488372,1.0037376640824323e-06,0.999999970046711,34.04166661300036,0.791666665418613,1.055555553891484,-0.5833333383255481,-0.7777777844340642,6.0,1.3333332933956148,6.333333323348904,-4.666666706604385,6
1,2025-09-01,SPH0001,0,low_information,ADIDA6,0.0,0.999999970046711,0.999999970046711,,3.75,1.0,-3.75,-1.0,30.0,0.0,30.0,-30.0,6
1,2025-09-01,SRPDZS0001,0,low_information,ADIDA6,0.09302325581395349,0.15184997382053828,0.999999970046711,7.166666505667737,0.666666651690022,,0.666666651690022,,0.0,5.333333213520176,5.333333213520176,5.333333213520176,6
1,2025-09-01,SRPDZS0002,2,cluster_2,ADIDA6,0.06976744186046512,0.9999999756040939,0.999999970046711,11.944444301334281,0.8333333233489033,,0.8333333233489033,,0.0,6.6666665867912265,6.6666665867912265,6.6666665867912265,6
1,2025-09-01,WSJZS0002,0,low_information,ADIDA6,0.0,0.999999970046711,0.999999970046711,,6.875,1.0,-6.875,-1.0,55.0,0.0,55.0,-55.0,6
1,2025-09-01,WSJZS0004,0,low_information,ADIDA6,0.0,0.999999970046711,0.999999970046711,,14.25,1.0,-14.25,-1.0,114.0,0.0,114.0,-114.0,6
1,2025-09-01,XHP0001,1,cluster_1,ADIDA6,1.2790697674418605,0.1736692534275059,0.13999999459013127,1.1727272499935288,1.4999999709219556,2.399999953475129,0.5416666278959406,0.8666666046335049,5.0,9.333333023167524,11.999999767375645,4.3333330231675244,6
1,2025-09-01,XHZXCZP0001,1,cluster_1,ADIDA6,2.755813953488372,0.9839689777543232,0.9088793402862523,5.502048925613346,15.162623201980967,2.205472465742686,15.162623201980967,2.205472465742686,55.0,176.30098561584774,121.30098561584774,121.30098561584774,6
1,2025-09-01,XHZXCZP0002,0,low_information,ADIDA6,0.0,0.999999970046711,0.999999970046711,,2.0,1.0,-2.0,-1.0,16.0,0.0,16.0,-16.0,6
1,2025-09-01,YBB0001,2,cluster_2,ADIDA6,0.09302325581395349,0.999999972516037,0.999999970046711,10.750000160998928,1.0000000149766444,0.6666666766510962,-0.500000029953289,-0.33333335330219266,12.0,7.999999760373687,8.000000119813155,-4.000000239626312,6
1,2025-09-01,YDBZ001,2,cluster_2,ADIDA6,0.29069767441860467,0.7059123055708142,0.20956385812772932,11.983570489897325,3.4835960726445716,0.8989925348760185,-3.3531280968594284,-0.8653233798346912,31.0,4.174975225124575,27.868768581156573,-26.825024774875427,6
1,2025-09-01,YDBZ002,1,cluster_1,ADIDA6,0.7325581395348837,0.4533976513439054,0.16632553065382888,2.491307525703413,1.8250276060385469,0.8111233804615764,-1.400055212077094,-0.6222467609231529,18.0,6.799558303383248,14.600220848308375,-11.200441696616751,6
1,2025-09-01,YDBZLV0001AMDE,2,cluster_2,ADIDA6,0.18604651162790697,0.2175622444227406,0.999999970046711,2.163348796193983e-30,4.024834969663224e-31,,4.024834969663224e-31,,0.0,3.219867975730579e-30,3.219867975730579e-30,3.219867975730579e-30,6
1,2025-09-01,YDBZWV0001AMDE,2,cluster_2,ADIDA6,0.20930232558139536,0.300797922536936,0.999999970046711,1.2839836532668342e-22,2.687407646372444e-23,,2.687407646372444e-23,,0.0,2.149926117097955e-22,2.149926117097955e-22,2.149926117097955e-22,6
1,2025-09-01,YJL0002,0,low_information,ADIDA6,0.0,0.999999970046711,0.999999970046711,,0.375,1.0,-0.375,-1.0,3.0,0.0,3.0,-3.0,6
1,2025-09-01,YJLZHMV000AMDE,1,cluster_1,ADIDA6,1.0232558139534884,0.28074001969872925,0.9999999762225192,1.8323863636363635,1.875,1.6666666666666667,1.2083333333333335,1.0740740740740742,9.0,18.666666666666668,15.0,9.666666666666668,6
1,2025-09-01,YJX0022,0,low_information,ADIDA6,0.06976744186046512,0.18044938425978269,0.11808457570800072,0.8517047505795727,0.05942126166834228,,0.05942126166834228,,0.0,0.47537009334673824,0.47537009334673824,0.47537009334673824,6
1,2025-09-01,YJX0023,0,low_information,ADIDA6,0.11627906976744186,0.023388672558620895,0.18173096058490762,1.4428971769580696,0.1677787415067523,,0.1677787415067523,,0.0,1.3422299320540183,1.3422299320540183,1.3422299320540183,6
1,2025-09-01,YJX0024,2,cluster_2,ADIDA6,0.16279069767441862,0.3634472146116023,0.08739148983340303,0.8066663646409024,0.13131778029037947,,0.13131778029037947,,0.0,1.0505422423230357,1.0505422423230357,1.0505422423230357,6
1,2025-09-01,YJX0025,2,cluster_2,ADIDA6,0.16279069767441862,0.061172648530974344,0.37883745309822525,1.7984447177084282,0.2927700703246279,,0.2927700703246279,,0.0,2.342160562597023,2.342160562597023,2.342160562597023,6
1,2025-09-01,YKLLW0004,0,low_information,ADIDA6,0.5116279069767442,0.008522302427051398,0.021487547487420086,0.16114916151894304,0.08244840821899412,,0.08244840821899412,,0.0,0.6595872657519529,0.6595872657519529,0.6595872657519529,6
1,2025-09-01,YKLLW0005,1,cluster_1,ADIDA6,1.186046511627907,0.017850620941825282,0.04427833850077328,0.3482738331321072,0.4130689648776155,,0.4130689648776155,,0.0,3.304551719020924,3.304551719020924,3.304551719020924,6
1,2025-09-01,YKLLW0006,0,low_information,ADIDA6,0.27906976744186046,0.013509682841500831,1.0037376640824323e-06,8.991798523230919e-06,2.5093391227621167e-06,,2.5093391227621167e-06,,0.0,2.0074712982096934e-05,2.0074712982096934e-05,2.0074712982096934e-05,6
1,2025-09-01,YXBLJ0001,0,low_information,ADIDA6,0.0,0.999999970046711,0.999999970046711,,0.125,1.0,-0.125,-1.0,1.0,0.0,1.0,-1.0,6
1,2025-09-01,ZBTZ0002,0,low_information,ADIDA6,0.627906976744186,0.0070037874472058,0.017689211597444878,0.13155326024371544,0.08260320992047249,,0.08260320992047249,,0.0,0.6608256793637799,0.6608256793637799,0.6608256793637799,6
1,2025-09-01,ZBTZ0003,0,low_information,ADIDA6,0.023255813953488372,0.03175416732603257,1.0037376640824323e-06,5.375010790158228,0.1250002509339123,1.0000020074712983,-0.12499966542145029,-0.9999973233716023,1.0,2.676628397612925e-06,1.0000020074712983,-0.9999973233716023,6
1,2025-09-01,ZJJSJBV001AMDE,2,cluster_2,ADIDA6,0.4186046511627907,0.2144329210653964,0.999999970046711,1.1944444265556746,0.4999999925116778,1.9999999700467113,0.24999998502335563,0.9999999400934225,2.0,3.999999880186845,3.9999999400934225,1.999999880186845,6
1,2025-09-01,ZJJSJSV001AMDE,1,cluster_1,ADIDA6,0.7209302325581395,0.3945555482789047,0.803843429165486,0.0010321776586320077,0.0007441280794788892,,0.0007441280794788892,,0.0,0.005953024635831114,0.005953024635831114,0.005953024635831114,6
1,2025-09-01,ZJJYZBV001AMDE,1,cluster_1,ADIDA6,0.5930232558139535,0.7720497903655412,0.999999970046711,2.2483660004445283,1.333333325845011,1.333333325845011,-0.33333334830997774,-0.33333334830997774,8.0,5.333333213520179,10.666666606760089,-2.666666786479822,6
1,2025-09-01,ZJJYZSJBV1AMDE,1,cluster_1,ADIDA6,0.4418604651162791,0.3498044623727491,0.4922214036802485,0.10003512465580433,0.04420156670837866,,0.04420156670837866,,0.0,0.35361253366702927,0.35361253366702927,0.35361253366702927,6
1,2025-09-01,ZJJYZSJSV1AMDE,1,cluster_1,ADIDA6,0.4418604651162791,0.9999999766847975,0.03228239855529099,0.5389507829361622,0.23814104362295538,,0.23814104362295538,,0.0,1.905128348983643,1.905128348983643,1.905128348983643,6
1,2025-09-01,ZJJYZSJSV2AMDE,2,cluster_2,ADIDA6,0.20930232558139536,0.38840678949616636,0.999999970046711,3.450587539284739e-45,7.222159965944803e-46,,7.222159965944803e-46,,0.0,5.777727972755842e-45,5.777727972755842e-45,5.777727972755842e-45,6
1,2025-09-01,ZTD0001,0,low_information,ADIDA6,0.0,0.999999970046711,0.999999970046711,,0.0,,0.0,,0.0,0.0,0.0,0.0,6
1,2025-09-01,ZTD0003,0,low_information,ADIDA6,0.046511627906976744,1.0037376640824323e-06,0.999999970046711,16.125,0.75,1.0,-0.75,-1.0,6.0,0.0,6.0,-6.0,6
2,2025-10-27,BLJZ0001,0,low_information,ADIDA6,0.06382978723404255,0.2653780176867606,0.999999970046711,13.708333333333334,0.875,1.0,-0.7083333383255481,-0.8095238152291978,7.0,1.3333332933956148,7.0,-5.666666706604385,6
2,2025-10-27,BLP0001,1,cluster_1,ADIDA6,0.7659574468085106,0.9901591777670378,0.3333333333333331,1.903935185185185,1.458333333333333,1.6666666666666663,0.7916666666666661,0.9047619047619041,7.0,13.333333333333329,11.666666666666664,6.333333333333329,6
2,2025-10-27,BLP0002,2,cluster_2,ADIDA6,0.24468085106382978,0.3143507684008868,0.999999970046711,12.771739161039234,3.125000007488323,0.8333333353302195,-2.916666676651097,-0.7777777804402926,30.0,6.6666665867912265,25.000000059906583,-23.333333413208777,6
2,2025-10-27,BLP0003,0,low_information,ADIDA6,0.010638297872340425,0.999999970046711,0.999999970046711,47.0,0.5,1.0,-0.5,-1.0,4.0,0.0,4.0,-4.0,6
2,2025-10-27,BLP0004,0,low_information,ADIDA6,0.0,0.999999970046711,0.999999970046711,,0.25,1.0,-0.25,-1.0,2.0,0.0,2.0,-2.0,6
2,2025-10-27,CBJZ0001,0,low_information,ADIDA6,0.02127659574468085,1.0037376640824323e-06,1.0037376640824323e-06,7.862548566204826e-06,1.672882673660601e-07,,1.672882673660601e-07,,0.0,1.3383061389284809e-06,1.3383061389284809e-06,1.3383061389284809e-06,6
2,2025-10-27,CLSSLT0003,2,cluster_2,ADIDA6,0.19148936170212766,0.8436554110456363,0.20965090473516482,2.3816297797944683,0.4560567663436216,1.2161513769163241,-0.05077293462551369,-0.13539449233470316,3.0,2.5938165229958905,3.6484541307489726,-0.4061834770041095,6
2,2025-10-27,CLSSLT0006,2,cluster_2,ADIDA6,0.2978723404255319,0.23995937255300565,0.9,3.357142857142857,1.0,1.0,0.5,0.5,8.0,12.0,8.0,4.0,6
2,2025-10-27,CWW0002,1,cluster_1,ADIDA6,0.9787234042553191,0.999999970046711,0.8484848484848486,10.430253623188404,10.208333333333332,0.8974358974358974,-6.708333333333332,-0.5897435897435896,91.0,37.333333333333336,81.66666666666666,-53.66666666666666,6
2,2025-10-27,DGNTYBV001AMDE,0,low_information,ADIDA6,0.0425531914893617,0.012973642238626475,1.0037376640824323e-06,7.86257224206075e-06,3.345775422153511e-07,,3.345775422153511e-07,,0.0,2.6766203377228087e-06,2.6766203377228087e-06,2.6766203377228087e-06,6
2,2025-10-27,DHZXCZP0001,1,cluster_1,ADIDA6,0.44680851063829785,0.5579877152448568,0.41860465116279066,6.43452380952381,2.875,23.0,2.875,23.0,1.0,24.0,23.0,23.0,6
2,2025-10-27,DRMJJ0020,1,cluster_1,ADIDA6,0.2872340425531915,0.18313809261486627,0.999999970046711,3.0462962702258394,0.8749999925116774,6.999999940093419,0.8749999900155697,6.999999920124558,1.0,7.999999920124558,6.999999940093419,6.999999920124558,6
2,2025-10-27,DRMJJ0021,2,cluster_2,ADIDA6,0.14893617021276595,0.6959604411140496,0.11230566158029802,1.759923281204794,0.26211623337092677,,0.26211623337092677,,0.0,2.096929866967414,2.096929866967414,2.096929866967414,6
2,2025-10-27,DRMJJ0022,1,cluster_1,ADIDA6,0.3191489361702128,0.7042183384583005,0.5775130782553461,5.129705459357655,1.6371400402205283,2.1828533869607045,1.0242800804410568,1.365706773921409,6.0,14.194240643528454,13.097120321764226,8.194240643528454,6
2,2025-10-27,DRMJJ0023,1,cluster_1,ADIDA6,0.648936170212766,0.23719563210334077,0.9999999750769397,5.509016422247145,3.575000018692296,0.4931034508541098,-2.3500000249230615,-0.3241379344721464,58.0,39.19999980061551,28.600000149538367,-18.800000199384492,6
2,2025-10-27,DRMJJ0024,0,low_information,ADIDA6,0.0425531914893617,0.017338521369935682,0.183503424556217,0.8703703820619351,0.03703703753455043,,0.03703703753455043,,0.0,0.2962963002764034,0.2962963002764034,0.2962963002764034,6
2,2025-10-27,DRMJJ0025,2,cluster_2,ADIDA6,0.19148936170212766,0.45216143796735353,0.3127573705053414,2.7006821150510163,0.5171518943714712,4.13721515497177,0.39786919249529495,3.1829535399623596,1.0,4.18295353996236,4.13721515497177,3.1829535399623596,6
2,2025-10-27,DRMJJ0026,2,cluster_2,ADIDA6,0.2127659574468085,0.30953942078773544,0.999999970046711,3.1333332394796947,0.6666666466978074,,0.6666666466978074,,0.0,5.333333173582459,5.333333173582459,5.333333173582459,6
2,2025-10-27,DRMJJ0027,2,cluster_2,ADIDA6,0.0851063829787234,0.8663580583900227,0.999999970046711,5.874999824024427,0.49999998502335546,,0.49999998502335546,,0.0,3.9999998801868437,3.9999998801868437,3.9999998801868437,6
2,2025-10-27,ETZP0003,2,cluster_2,ADIDA6,0.07446808510638298,0.5058081634032131,0.999999970046711,21.261904728385606,1.583333330837226,1.055555553891484,-1.1666666766510962,-0.7777777844340642,12.0,2.6666665867912296,12.666666646697808,-9.33333341320877,6
2,2025-10-27,ETZP0004,2,cluster_2,ADIDA6,0.3404255319148936,0.18535014059113533,0.9999999810946321,3.3046875,1.125,0.6923076923076923,0.041666660364877456,0.025641021763001513,13.0,13.33333328291902,9.0,0.33333328291901965,6
2,2025-10-27,FDBLHP0001,2,cluster_2,ADIDA6,0.2978723404255319,0.6190317412502632,0.35294116790229113,3.7767856879177995,1.1249999921457274,1.7999999874331638,0.374999984291455,0.599999974866328,5.0,7.99999987433164,8.99999993716582,2.99999987433164,6
2,2025-10-27,FDBLP0001,1,cluster_1,ADIDA6,0.776595744680851,0.999999970046711,0.5161316714241095,4.512998230121437,3.50477522126452,9.346067256705387,3.50477522126452,9.346067256705387,3.0,31.03820177011616,28.03820177011616,28.03820177011616,6
2,2025-10-27,FRC0002,1,cluster_1,ADIDA6,0.425531914893617,0.999999970046711,0.3242993498966118,0.243912640483877,0.10379261297186256,,0.10379261297186256,,0.0,0.8303409037749004,0.8303409037749004,0.8303409037749004,6
2,2025-10-27,FRC0003,1,cluster_1,ADIDA6,0.7021276595744681,0.5365834008514987,0.24036044266303858,1.384306788828557,0.9719600857732421,,0.9719600857732421,,0.0,7.775680686185937,7.775680686185937,7.775680686185937,6
2,2025-10-27,FRC0010,2,cluster_2,ADIDA6,0.14893617021276595,0.11471862539608381,0.1509839662973364,0.5729233345392588,0.0853290072718045,,0.0853290072718045,,0.0,0.682632058174436,0.682632058174436,0.682632058174436,6
2,2025-10-27,FRC0011,0,low_information,ADIDA6,0.02127659574468085,1.0037376640824323e-06,1.0037376640824323e-06,7.862532782340485e-06,1.6728793153915923e-07,,1.6728793153915923e-07,,0.0,1.3383034523132739e-06,1.3383034523132739e-06,1.3383034523132739e-06,6
2,2025-10-27,FRH0001,1,cluster_1,ADIDA6,0.9553191489361703,0.4619087573563951,0.7596544975009831,0.004236410701373223,0.004047124265779952,,0.004047124265779952,,0.0,0.032376994126239615,0.032376994126239615,0.032376994126239615,6
2,2025-10-27,FRH0002,1,cluster_1,ADIDA6,0.8936170212765957,0.2658684474774013,0.99999996516271,1.722628568325721e-37,1.5393702099931974e-37,,1.5393702099931974e-37,,0.0,1.2314961679945579e-36,1.2314961679945579e-36,1.2314961679945579e-36,6
2,2025-10-27,FRH0003,1,cluster_1,ADIDA6,1.4680851063829787,0.45385102025797336,0.999999970046711,0.08514492753623196,0.1250000000000001,1.0000000000000009,-0.12499999999999986,-0.9999999999999989,1.0,1.1962659902179506e-15,1.0000000000000009,-0.9999999999999989,6
2,2025-10-27,FRH0004,1,cluster_1,ADIDA6,0.5957446808510638,0.47680740481889927,0.999999970046711,2.0204863481911876e-46,1.2036939946670905e-46,,1.2036939946670905e-46,,0.0,9.629551957336724e-46,9.629551957336724e-46,9.629551957336724e-46,6
2,2025-10-27,FRH0012,0,low_information,ADIDA6,0.0851063829787234,0.004425803175153196,0.031000742360434787,0.1858793635860469,0.01581952030519548,,0.01581952030519548,,0.0,0.12655616244156384,0.12655616244156384,0.12655616244156384,6
2,2025-10-27,FRH0028,1,cluster_1,ADIDA6,0.6170212765957447,0.19041690921200438,0.999999970046711,0.607758614621532,0.3749999962558389,1.4999999850233556,-0.08333333832554814,-0.33333335330219255,2.0,1.3333332933956148,2.9999999700467113,-0.6666667066043851,6
2,2025-10-27,FRH0029,1,cluster_1,ADIDA6,0.5425531914893617,0.21196825364571237,0.999999970046711,1.1519607843137256,0.625,1.0,-0.625,-1.0,5.0,2.508247147347176e-22,5.0,-5.0,6
2,2025-10-27,FRH0031,2,cluster_2,ADIDA6,0.23404255319148937,0.04552777277440434,0.13717136774600974,0.4672622489919272,0.10935924976406806,,0.10935924976406806,,0.0,0.8748739981125445,0.8748739981125445,0.8748739981125445,6
2,2025-10-27,FRH0033,1,cluster_1,ADIDA6,3.1904255319148933,0.17148394453323626,0.6454635667425778,0.9523032430547289,3.0382525807671614,1.7361443318669494,2.967670107689549,1.6958114901083137,14.0,37.74136086151639,24.30602064613729,23.74136086151639,6
2,2025-10-27,FRH0034,1,cluster_1,ADIDA6,1.1148936170212767,0.23292301443716426,0.6914019105397659,0.5809279910472439,0.6476729091675656,1.2953458183351312,0.09069163667026237,0.18138327334052473,4.0,4.725533093362099,5.181383273340525,0.7255330933620989,6
2,2025-10-27,FRH0035,2,cluster_2,ADIDA6,0.2765957446808511,0.3126932145768394,0.999999970046711,3.123556551776613e-60,8.639624504914036e-61,,8.639624504914036e-61,,0.0,6.911699603931228e-60,6.911699603931228e-60,6.911699603931228e-60,6
2,2025-10-27,FRH0036,0,low_information,ADIDA6,0.0425531914893617,0.999999970046711,0.04002232296863329,0.6425213211987404,0.027341332816967674,,0.027341332816967674,,0.0,0.2187306625357414,0.2187306625357414,0.2187306625357414,6
2,2025-10-27,FRH0037,2,cluster_2,ADIDA6,0.1702127659574468,0.3132762825422928,0.999999970046711,2.118206511706497e-53,3.6054578922663785e-54,,3.6054578922663785e-54,,0.0,2.884366313813103e-53,2.884366313813103e-53,2.884366313813103e-53,6
2,2025-10-27,FRH0040,1,cluster_1,ADIDA6,0.7446808510638298,0.382401016501791,0.999999970046711,1.6189091467921802e-38,1.2055706412282193e-38,,1.2055706412282193e-38,,0.0,9.644565129825754e-38,9.644565129825754e-38,9.644565129825754e-38,6
2,2025-10-27,FRH0042,2,cluster_2,ADIDA6,0.1702127659574468,0.5711523733814131,0.13575504713276476,1.1481543791912288,0.19543053262829424,,0.19543053262829424,,0.0,1.563444261026354,1.563444261026354,1.563444261026354,6
2,2025-10-27,FRH0043,2,cluster_2,ADIDA6,0.1595744680851064,0.13492502971283019,0.13426981678389668,0.6758341487568371,0.10784587480162296,,0.10784587480162296,,0.0,0.8627669984129837,0.8627669984129837,0.8627669984129837,6
2,2025-10-27,FRH0044,2,cluster_2,ADIDA6,0.35106382978723405,0.06534562916271984,0.6122021228025087,1.6794339932579394,0.589588529548,1.179177059096,-0.14164588180799997,-0.28329176361599995,4.0,2.866832945536,4.716708236384,-1.1331670544639998,6
2,2025-10-27,FRH0045,1,cluster_1,ADIDA6,0.7659574468085106,0.999999970046711,0.10558173181275343,1.0518446394081793,0.8056682344403076,,0.8056682344403076,,0.0,6.44534587552246,6.44534587552246,6.44534587552246,6
2,2025-10-27,FRH0046,1,cluster_1,ADIDA6,0.6276595744680851,0.11406343369412476,0.47082279869254856,2.3984700194693978,1.505422671794622,0.6338621775977356,-1.505422671794622,-0.6338621775977356,19.0,6.956618625643024,12.043381374356976,-12.043381374356976,6
2,2025-10-27,FRH0047,2,cluster_2,ADIDA6,0.40425531914893614,0.45614258423087284,0.35317411992359454,0.4239533247369174,0.1713853865957751,,0.1713853865957751,,0.0,1.3710830927662008,1.3710830927662008,1.3710830927662008,6
2,2025-10-27,FRH0048,1,cluster_1,ADIDA6,2.354609929078014,0.314865845168706,0.6565761426740465,1.2740963855421688,3.0,0.3870967741935484,-1.6133452634829561,-0.20817358238489755,62.0,49.09323789213635,24.0,-12.90676210786365,6
2,2025-10-27,FRH0049,2,cluster_2,ADIDA6,0.1702127659574468,0.18047711640534222,0.04436701079979069,0.2956388766748912,0.050321510923385736,,0.050321510923385736,,0.0,0.4025720873870859,0.4025720873870859,0.4025720873870859,6
2,2025-10-27,FRH0050,1,cluster_1,ADIDA6,1.0319148936170213,0.07393088327252456,0.4605918564638121,3.705167065037823,3.823417077751796,0.8049299111056413,-3.5145561036690616,-0.7399065481408551,38.0,9.88355117064751,30.58733662201437,-28.116448829352493,6
2,2025-10-27,FRH0051,1,cluster_1,ADIDA6,1.8829787234042554,0.3627695501308424,0.46366404777565773,0.8715448273963633,1.6411003664803863,0.41027509162009657,0.43559853407845495,0.10889963351961374,32.0,35.48478827262764,13.12880293184309,3.4847882726276396,6
2,2025-10-27,FRH0052,0,low_information,ADIDA6,0.06382978723404255,0.011587377624857936,0.08599294578246319,0.3677282138456364,0.02347201364972147,,0.02347201364972147,,0.0,0.18777610919777177,0.18777610919777177,0.18777610919777177,6
2,2025-10-27,FRH0056,1,cluster_1,ADIDA6,3.3297872340425534,0.6039626457448306,0.5247038768573278,0.8180036988757798,2.7237782739161607,0.22698152282634673,-2.2983710318882142,-0.19153091932401786,96.0,77.61303174489429,21.790226191329285,-18.386968255105714,6
2,2025-10-27,FRH0056-1,0,low_information,ADIDA6,0.010638297872340425,0.999999970046711,0.999999970046711,47.0,0.5,1.0,-0.5,-1.0,4.0,0.0,4.0,-4.0,6
2,2025-10-27,FRH0058,0,low_information,ADIDA6,0.14893617021276595,0.00791443896350792,1.0037376640824323e-06,7.862548566204828e-06,1.171017871562421e-06,,1.171017871562421e-06,,0.0,9.368142972499368e-06,9.368142972499368e-06,9.368142972499368e-06,6
2,2025-10-27,FRH0059,1,cluster_1,ADIDA6,1.4609929078014183,0.7608115213616929,0.999999970046711,1.682645586646944,2.4583332684345423,6.555555382492113,2.4583332684345423,6.555555382492113,3.0,22.666666147476338,19.666666147476338,19.666666147476338,6
2,2025-10-27,FRH0064,1,cluster_1,ADIDA6,0.425531914893617,0.1683072555366062,0.29999999221694756,7.343750032007804,3.125000013620342,0.8064516164181528,-2.8750000181604562,-0.7419354885575371,31.0,7.999999854716353,25.000000108962737,-23.00000014528365,6
2,2025-10-27,FRH0065,2,cluster_2,ADIDA6,0.1595744680851064,0.9999999694456345,0.3571428571428568,5.7444444444444445,0.9166666666666667,0.8148148148148149,-0.291666666666667,-0.2592592592592596,9.0,6.666666666666663,7.333333333333334,-2.333333333333336,6
2,2025-10-27,FRH0068,0,low_information,ADIDA6,0.02127659574468085,0.999999970046711,0.999999970046711,94.0,2.0,1.0,-2.0,-1.0,16.0,0.0,16.0,-16.0,6
2,2025-10-27,FRW00011,2,cluster_2,ADIDA6,0.1702127659574468,0.05492482622447965,0.15516412321351025,0.9408397792668313,0.16014294115180105,,0.16014294115180105,,0.0,1.2811435292144084,1.2811435292144084,1.2811435292144084,6
2,2025-10-27,FRW0005,1,cluster_1,ADIDA6,1.372340425531915,0.33133504244158224,0.743944645854578,1.2182934285862814,1.671913322208833,0.6369193608414602,1.437551096278444,0.5476385128679786,21.0,32.50040877022755,13.375306577670663,11.500408770227551,6
2,2025-10-27,FRW0006,1,cluster_1,ADIDA6,2.6914893617021276,0.3170837287592605,0.9855414754857659,3.008244097976814,8.096656987107808,0.7360597261007098,-8.096656987107808,-0.7360597261007098,88.0,23.226744103137534,64.77325589686247,-64.77325589686247,6
2,2025-10-27,FRW0007,0,low_information,ADIDA6,0.0851063829787234,0.1083775793075165,0.999999970046711,4.236412515835059e-53,3.605457460285156e-54,,3.605457460285156e-54,,0.0,2.884365968228125e-53,2.884365968228125e-53,2.884365968228125e-53,6
2,2025-10-27,FRW0008,0,low_information,ADIDA6,0.06382978723404255,0.07748124781140273,0.4999999999999996,5.222222222222222,0.3333333333333333,1.3333333333333333,-0.08333333333333338,-0.33333333333333354,2.0,1.3333333333333328,2.6666666666666665,-0.6666666666666671,6
2,2025-10-27,FRW0009,2,cluster_2,ADIDA6,0.1595744680851064,0.5660513829214565,0.3690936720540605,4.7,0.75,1.0,-0.3230305207438773,-0.4307073609918364,6.0,3.4157558340489813,6.0,-2.5842441659510182,6
2,2025-10-27,FRW0011,2,cluster_2,ADIDA6,0.10638297872340426,0.3013090811238483,0.06463799570067402,0.4595775513654357,0.04889122886866337,,0.04889122886866337,,0.0,0.391129830949307,0.391129830949307,0.391129830949307,6
2,2025-10-27,FRW0013,1,cluster_1,ADIDA6,0.2127659574468085,0.6077441631802007,0.03595077364313759,0.5678328560606098,0.12081550128949146,,0.12081550128949146,,0.0,0.9665240103159317,0.9665240103159317,0.9665240103159317,6
2,2025-10-27,FRW0014,2,cluster_2,ADIDA6,0.0851063829787234,0.5046368422950996,0.05131669788286406,0.6094637735079863,0.05186925731982862,,0.05186925731982862,,0.0,0.41495405855862894,0.41495405855862894,0.41495405855862894,6
2,2025-10-27,FRW0015,1,cluster_1,ADIDA6,1.0425531914893618,0.9999999776437019,0.16961388403114463,1.868133085994821,1.947628110930771,,1.947628110930771,,0.0,15.581024887446167,15.581024887446167,15.581024887446167,6
2,2025-10-27,FRW0016,2,cluster_2,ADIDA6,0.2978723404255319,0.1049381283153256,0.999999970046711,1.616388158646243e-45,4.8147732385207235e-46,,4.8147732385207235e-46,,0.0,3.851818590816579e-45,3.851818590816579e-45,3.851818590816579e-45,6
2,2025-10-27,FRW0017,2,cluster_2,ADIDA6,0.1702127659574468,0.8427629966898774,0.04900343290591265,0.6536654478150903,0.11126220388341962,,0.11126220388341962,,0.0,0.890097631067357,0.890097631067357,0.890097631067357,6
2,2025-10-27,FRW0020,2,cluster_2,ADIDA6,0.06382978723404255,0.2581686687190254,0.046856421062969195,0.3897376554690315,0.024876871625682858,,0.024876871625682858,,0.0,0.19901497300546286,0.19901497300546286,0.19901497300546286,6
2,2025-10-27,FRW0021,0,low_information,ADIDA6,0.0851063829787234,0.020187976135489876,0.15393869036970365,0.5679183417611668,0.048333475894567386,,0.048333475894567386,,0.0,0.3866678071565391,0.3866678071565391,0.3866678071565391,6
2,2025-10-27,FRW0022,0,low_information,ADIDA6,0.0851063829787234,0.01894618187965337,0.06971609227035382,0.4553661216336994,0.03875456354329356,,0.03875456354329356,,0.0,0.3100365083463485,0.3100365083463485,0.3100365083463485,6
2,2025-10-27,FRW0023,2,cluster_2,ADIDA6,0.1702127659574468,0.048698331452666055,0.25208836153256114,0.9424693996072196,0.16042032333739908,,0.16042032333739908,,0.0,1.2833625866991927,1.2833625866991927,1.2833625866991927,6
2,2025-10-27,FRW0024,2,cluster_2,ADIDA6,0.09574468085106383,0.47410943771316194,0.999999970046711,19.583333372439018,1.8750000037441612,0.9375000018720806,-1.5000000149766446,-0.7500000074883223,16.0,3.9999998801868437,15.00000002995329,-12.000000119813157,6
2,2025-10-27,FSTBY001,0,low_information,ADIDA6,0.0,0.999999970046711,0.999999970046711,,0.0,,0.0,,0.0,0.0,0.0,0.0,6
2,2025-10-27,FZGLS0001,0,low_information,ADIDA6,0.0,0.999999970046711,0.999999970046711,,0.25,1.0,-0.25,-1.0,2.0,0.0,2.0,-2.0,6
2,2025-10-27,FZGLS0002,0,low_information,ADIDA6,0.02127659574468085,0.02817468798688167,1.0037376640824323e-06,5.8750117938938775,0.1250002509339123,1.0000020074712983,-0.12499966542145029,-0.9999973233716023,1.0,2.676628397612925e-06,1.0000020074712983,-0.9999973233716023,6
2,2025-10-27,FZLRICBHP0001,2,cluster_2,ADIDA6,0.14893617021276595,0.7693968205655414,0.02323297829572194,0.36400369808110444,0.05421331673548364,,0.05421331673548364,,0.0,0.4337065338838691,0.4337065338838691,0.4337065338838691,6
2,2025-10-27,FZLRJ0001,2,cluster_2,ADIDA6,0.40425531914893614,0.45554305832331626,0.38076561456369096,2.7466739542918908,1.1103575559903387,4.441430223961355,1.1103575559903387,4.441430223961355,2.0,10.88286044792271,8.88286044792271,8.88286044792271,6
2,2025-10-27,FZLRJ0001double,0,low_information,ADIDA6,0.0425531914893617,0.025671396843561057,1.0037376640824323e-06,7.862595917987967e-06,3.345785497016156e-07,,3.345785497016156e-07,,0.0,2.676628397612925e-06,2.676628397612925e-06,2.676628397612925e-06,6
2,2025-10-27,FZLRJ0002,1,cluster_1,ADIDA6,0.5106382978723404,0.370455379252947,0.9999999677419192,1.7135417930108152,0.8750000645161609,3.5000002580646434,0.5833334193548813,2.333333677419525,2.0,6.66666735483905,7.000000516129287,4.66666735483905,6
2,2025-10-27,FZLRJ0002double,2,cluster_2,ADIDA6,0.1276595744680851,0.13039932896248504,0.1258047419461285,1.089115179779069,0.13903598039732795,,0.13903598039732795,,0.0,1.1122878431786236,1.1122878431786236,1.1122878431786236,6
2,2025-10-27,GJMJSLW001,1,cluster_1,ADIDA6,2.4893617021276597,0.1722934237654881,0.03311544121281039,0.3373215901963802,0.8397154479356699,,0.8397154479356699,,0.0,6.717723583485359,6.717723583485359,6.717723583485359,6
2,2025-10-27,GJMJSW001,0,low_information,ADIDA6,0.02127659574468085,1.0037376640824323e-06,1.0037376640824323e-06,7.862556458148879e-06,1.672884352797634e-07,,1.672884352797634e-07,,0.0,1.338307482238107e-06,1.338307482238107e-06,1.338307482238107e-06,6
2,2025-10-27,GJMJWJX001,1,cluster_1,ADIDA6,5.613475177304964,0.2072714411053686,0.17366017825453006,5.270448330267538,29.585530875225217,0.839305840431921,-29.585530875225217,-0.839305840431921,282.0,45.31575299819829,236.68424700180174,-236.68424700180174,6
2,2025-10-27,GJMJWJXW001,1,cluster_1,ADIDA6,6.957446808510638,0.37744474652377813,0.04062889620911454,9.815995916095668,68.29426945879327,0.972160419342253,-67.33853891758653,-0.9585557141293457,562.0,23.291688659307724,546.3541556703461,-538.7083113406923,6
2,2025-10-27,GJMUSDW001,0,low_information,ADIDA6,0.02127659574468085,0.6180343707159061,1.0037376640824323e-06,1.5725112916297758e-05,3.345768705595268e-07,,3.345768705595268e-07,,0.0,2.676614964476214e-06,2.676614964476214e-06,2.676614964476214e-06,6
2,2025-10-27,HLGKSLT0001,1,cluster_1,ADIDA6,0.6063829787234043,0.3809128927857246,0.9999999794149701,2.3362573269151414,1.4166666769591816,0.5151515188942478,-0.08333335391836316,-0.030303037788495694,22.0,21.333333168653095,11.333333415673453,-0.6666668313469053,6
2,2025-10-27,HSAKSLT0001,2,cluster_2,ADIDA6,0.1702127659574468,0.13839387207510734,0.22255192135203564,1.353022238682061,0.23030165764801036,,0.23030165764801036,,0.0,1.8424132611840829,1.8424132611840829,1.8424132611840829,6
2,2025-10-27,HWZDSKL0001,1,cluster_1,ADIDA6,1.297872340425532,0.22583262563936118,0.41372551411467423,2.545091339223689,3.303203653035,,3.303203653035,,0.0,26.42562922428,26.42562922428,26.42562922428,6
2,2025-10-27,HWZDSKL0002,1,cluster_1,ADIDA6,0.2765957446808511,0.6636216660412754,0.0822314984467796,1.171338933183603,0.32398736449759236,2.591898915980739,0.14031648599678986,1.122531887974319,1.0,2.122531887974319,2.591898915980739,1.122531887974319,6
2,2025-10-27,HZSN0001,1,cluster_1,ADIDA6,0.9007092198581562,0.535040724129841,0.9999999661938469,0.9020670300033008,0.8125000908540371,0.5416667272360247,0.5833334544720494,0.38888896964803293,12.0,16.666667635776395,6.500000726832297,4.666667635776395,6
2,2025-10-27,JZJ00011,1,cluster_1,ADIDA6,0.2553191489361702,0.8513782830007461,0.24825272206336257,4.93351008734543,1.2596195967690458,0.7751505210886436,-0.8942391935380916,-0.5503010421772871,13.0,5.846086451695268,10.076956774152366,-7.1539135483047325,6
2,2025-10-27,JZJ00012,1,cluster_1,ADIDA6,1.1914893617021276,0.5249572344969841,0.44730479527675177,2.120591564628136,2.5266622897696935,0.8788390573111977,1.9938830530262583,0.6935245401830464,23.0,38.95106442421007,20.21329831815755,15.951064424210067,6
2,2025-10-27,JZJ0002,1,cluster_1,ADIDA6,1.7446808510638299,0.6221567083634745,0.9999999668144066,1.5284552726647136,2.6666666459256705,0.32820512565239024,-0.29166658370268284,-0.03589742568648404,65.0,62.66666733037854,21.333333167405364,-2.3333326696214627,6
2,2025-10-27,JZJ0003,1,cluster_1,ADIDA6,2.8404255319148937,0.5307754278018023,0.769864039319308,1.7808317408181893,5.058319944664431,0.23527069510067122,-1.7332797786577245,-0.0806176641236151,172.0,158.1337617707382,40.46655955731545,-13.866238229261796,6
2,2025-10-27,JZJ0004,2,cluster_2,ADIDA6,0.2978723404255319,0.1952473013633463,0.38973393905644793,1.6623439187759879,0.4951662736779538,,0.4951662736779538,,0.0,3.9613301894236304,3.9613301894236304,3.9613301894236304,6
2,2025-10-27,JZJ0005,1,cluster_1,ADIDA6,0.5886524822695036,0.4248118409012268,0.4165371786923049,2.8186555566144924,1.6592085900638505,,1.6592085900638505,,0.0,13.273668720510804,13.273668720510804,13.273668720510804,6
2,2025-10-27,JZJ0008,1,cluster_1,ADIDA6,1.1382978723404256,0.46012959608992354,0.9999999740933159,3.8434579553048054,4.375000012953342,7.000000020725348,4.375000012953342,7.000000020725348,5.0,40.00000010362674,35.00000010362674,35.00000010362674,6
2,2025-10-27,JZJ0009,1,cluster_1,ADIDA6,2.148936170212766,0.699190204708374,0.9999999700622542,2.501237623762376,5.375,0.20772946859903382,0.2916663423410846,0.011272129172602303,207.0,209.33333073872868,43.0,2.3333307387286766,6
2,2025-10-27,JZJ0013,1,cluster_1,ADIDA6,2.872340425531915,0.9849256087196874,0.999999970046711,1.9583333333333333,5.625,0.2727272727272727,-0.6249999750389179,-0.03030302909279602,165.0,160.00000019968866,45.0,-4.999999800311343,6
2,2025-10-27,JZJ0014,2,cluster_2,ADIDA6,0.2127659574468085,0.04576551507862846,0.5303825624945161,2.226136338243933,0.4736460294136028,3.7891682353088223,0.33986137255147036,2.718890980411763,1.0,3.718890980411763,3.7891682353088223,2.718890980411763,6
2,2025-10-27,JZJ0016,1,cluster_1,ADIDA6,1.148936170212766,0.2526281184267858,0.999999970046711,2.466049395751275,2.8333333483099756,,2.8333333483099756,,0.0,22.666666786479805,22.666666786479805,22.666666786479805,6
2,2025-10-27,JZJ0017,2,cluster_2,ADIDA6,0.1702127659574468,0.08897012535014348,0.25413883636545487,1.6803912652938238,0.2860240451563955,,0.2860240451563955,,0.0,2.288192361251164,2.288192361251164,2.288192361251164,6
2,2025-10-27,JZJ0018,2,cluster_2,ADIDA6,0.23404255319148937,0.6269364422933181,0.999999970046711,13.530302689017066,3.1666665867912283,6.3333331735824565,3.1666665867912283,6.3333331735824565,4.0,29.333332694329826,25.333332694329826,25.333332694329826,6
2,2025-10-27,JZJ0019,1,cluster_1,ADIDA6,0.4234042553191489,0.6015453425121744,0.99999997804587,5.638819055292506,2.3874999829855503,0.4244444414196534,-2.3083333106474004,-0.4103703663373156,45.0,26.533333514820796,19.099999863884403,-18.466666485179204,6
2,2025-10-27,JZQCQ001,1,cluster_1,ADIDA6,2.8297872340425534,0.5424169310425565,0.8646527574195372,0.02901508668032353,0.08210652188261765,,0.08210652188261765,,0.0,0.6568521750609412,0.6568521750609412,0.6568521750609412,6
2,2025-10-27,JZQCQ003,1,cluster_1,ADIDA6,3.9148936170212765,0.4474018885852617,0.9470989395720242,0.011138229446534064,0.043604983365154636,,0.043604983365154636,,0.0,0.3488398669212371,0.3488398669212371,0.3488398669212371,6
2,2025-10-27,JZQCQ004,1,cluster_1,ADIDA6,0.7021276595744681,0.6265562468512845,0.23894819503291007,1.7464455877798315,1.2262277531220094,,1.2262277531220094,,0.0,9.809822024976075,9.809822024976075,9.809822024976075,6
2,2025-10-27,KFZ0001,2,cluster_2,ADIDA6,0.1276595744680851,0.042682073169678675,0.43857300487214806,1.1410802313008626,0.14566981676181223,,0.14566981676181223,,0.0,1.1653585340944979,1.1653585340944979,1.1653585340944979,6
2,2025-10-27,KZCWBG001,2,cluster_2,ADIDA6,0.26595744680851063,0.6261607258008527,0.6419346366395644,3.1546094353091445,0.8389918710928576,6.71193496874286,0.8269891614571434,6.615913291657147,1.0,7.615913291657147,6.71193496874286,6.615913291657147,6
2,2025-10-27,LRKF0001,1,cluster_1,ADIDA6,0.44680851063829785,0.7869556051534478,0.05501787836065131,0.8525598095556814,0.38093097873764487,,0.38093097873764487,,0.0,3.047447829901159,3.047447829901159,3.047447829901159,6
2,2025-10-27,LTKF0002,2,cluster_2,ADIDA6,0.0425531914893617,0.9999999638290566,0.0380169118958922,0.8995144016647649,0.03827720858147936,,0.03827720858147936,,0.0,0.30621766865183486,0.30621766865183486,0.30621766865183486,6
2,2025-10-27,LTKF0003B,0,low_information,ADIDA6,0.02127659574468085,1.0037376640824323e-06,1.0037376640824323e-06,7.862556458148879e-06,1.672884352797634e-07,,1.672884352797634e-07,,0.0,1.338307482238107e-06,1.338307482238107e-06,1.338307482238107e-06,6
2,2025-10-27,LTKF0005A,2,cluster_2,ADIDA6,0.2553191489361702,0.14373870752295675,0.3283140887573113,1.9494390573182803,0.4977291210174332,1.9909164840697329,0.08030549468991097,0.32122197875964387,2.0,2.642443957519288,3.9818329681394657,0.6424439575192877,6
2,2025-10-27,LTKF0006A,0,low_information,ADIDA6,0.02127659574468085,1.0037376640824323e-06,1.0037376640824323e-06,7.862556458148879e-06,1.672884352797634e-07,,1.672884352797634e-07,,0.0,1.338307482238107e-06,1.338307482238107e-06,1.338307482238107e-06,6
2,2025-10-27,LTKF0008,2,cluster_2,ADIDA6,0.1702127659574468,0.23102747862098838,0.027299899068592755,0.24104716833800788,0.04102930524902262,,0.04102930524902262,,0.0,0.32823444199218094,0.32823444199218094,0.32823444199218094,6
2,2025-10-27,LTKF0009,2,cluster_2,ADIDA6,0.2127659574468085,0.29891185056198827,0.009707508230934464,0.10646549708056424,0.022652233421396648,,0.022652233421396648,,0.0,0.18121786737117318,0.18121786737117318,0.18121786737117318,6
2,2025-10-27,LTKF0010,0,low_information,ADIDA6,0.0425531914893617,1.0037376640824323e-06,1.0037376640824323e-06,7.862556458148879e-06,3.345768705595268e-07,,3.345768705595268e-07,,0.0,2.676614964476214e-06,2.676614964476214e-06,2.676614964476214e-06,6
2,2025-10-27,LTKF0012,0,low_information,ADIDA6,0.06382978723404255,0.2679491850250672,1.0037376640824323e-06,1.3104260763581467e-05,8.364421763988169e-07,,8.364421763988169e-07,,0.0,6.6915374111905355e-06,6.6915374111905355e-06,6.6915374111905355e-06,6
2,2025-10-27,LTKF0016,0,low_information,ADIDA6,0.0851063829787234,0.009908261214855057,1.0037376640824323e-06,1.3759473801760541e-05,1.1710190469583438e-06,,1.1710190469583438e-06,,0.0,9.36815237566675e-06,9.36815237566675e-06,9.36815237566675e-06,6
2,2025-10-27,LTKF0018A,0,low_information,ADIDA6,0.06382978723404255,1.0037376640824323e-06,1.0037376640824323e-06,7.862556458148882e-06,5.018653058392903e-07,,5.018653058392903e-07,,0.0,4.014922446714322e-06,4.014922446714322e-06,4.014922446714322e-06,6
2,2025-10-27,LTKF0019,1,cluster_1,ADIDA6,0.723404255319149,0.2681553182548429,0.1760216278890092,1.5551470588235292,1.125,1.0,-0.2357833638854624,-0.20958521234263325,9.0,7.113733088916301,9.0,-1.8862669110836991,6
2,2025-10-27,LTKF0020,1,cluster_1,ADIDA6,3.3404255319148937,0.7093134096861262,0.5222198241392177,3.776270592192723,12.614350701579948,0.9520264680437697,2.478701403159897,0.18707180401206772,106.0,125.82961122527918,100.91480561263958,19.829611225279177,6
2,2025-10-27,LTKF0021,1,cluster_1,ADIDA6,1.3404255319148937,0.2604896161743506,0.9999999677722177,1.4920635311332837,2.0000000523701464,0.6956521921287466,1.6250000698268616,0.5652174155919518,23.0,36.00000055861489,16.00000041896117,13.000000558614893,6
2,2025-10-27,LTKF0022,1,cluster_1,ADIDA6,0.2765957446808511,0.4851294305593471,0.28697965404316284,2.2486233433025276,0.6219596481475077,,0.6219596481475077,,0.0,4.975677185180062,4.975677185180062,4.975677185180062,6
2,2025-10-27,LTKF0022M,1,cluster_1,ADIDA6,0.44680851063829785,0.41140157359217827,0.6831842174460799,5.033797771672203,2.2491436852152398,1.4994291234768264,0.4982873704304794,0.33219158028698625,12.0,15.986298963443835,17.993149481721918,3.986298963443835,6
2,2025-10-27,LTKF0023,0,low_information,ADIDA6,0.02127659574468085,1.0037376640824323e-06,1.0037376640824323e-06,7.862556458148879e-06,1.672884352797634e-07,,1.672884352797634e-07,,0.0,1.338307482238107e-06,1.338307482238107e-06,1.338307482238107e-06,6
2,2025-10-27,LTKF0024A,2,cluster_2,ADIDA6,0.20212765957446807,0.44447573565277787,0.30673723272714154,2.1129567936876104,0.42708701149004885,,0.42708701149004885,,0.0,3.416696091920391,3.416696091920391,3.416696091920391,6
2,2025-10-27,LTKF0031,1,cluster_1,ADIDA6,1.2872340425531914,0.5079669059734228,0.46020800867711953,2.1962076262597034,2.8270332210364266,0.837639472899682,2.0290664420728532,0.6012048717252898,27.0,43.232531536582826,22.616265768291413,16.232531536582826,6
2,2025-10-27,LTKF0047,1,cluster_1,ADIDA6,0.2553191489361702,0.574650176032199,0.999999970046711,0.4895833919918616,0.1250000149766455,1.000000119813164,-0.12499998003113934,-0.9999998402491147,1.0,1.5975088522117607e-07,1.000000119813164,-0.9999998402491147,6
2,2025-10-27,LTKF0058,0,low_information,ADIDA6,0.0,0.999999970046711,0.999999970046711,,1.0,1.0,-1.0,-1.0,8.0,0.0,8.0,-8.0,6
2,2025-10-27,LTKF0101,1,cluster_1,ADIDA6,1.3191489361702127,0.42179245676822374,0.3089515612022208,4.01088260936791,5.290951527251286,1.627985085308088,0.8046020363350472,0.2475698573338607,26.0,32.436816290680376,42.32761221801029,6.436816290680378,6
2,2025-10-27,LTKF0102,2,cluster_2,ADIDA6,0.10638297872340426,0.6120649897189874,0.999999970046711,10.966666549349618,1.1666666541861297,1.5555555389148397,0.9166666167445185,1.222222155659358,6.0,13.333332933956148,9.333333233489038,7.333332933956148,6
2,2025-10-27,LTKF0103,0,low_information,ADIDA6,0.05319148936170213,0.33333332505586727,0.999999970046711,7.05,0.375,1.0,-0.375,-1.0,3.0,0.0,3.0,-3.0,6
2,2025-10-27,LTKF0106,0,low_information,ADIDA6,0.0,0.999999970046711,0.999999970046711,,0.5,1.0,-0.5,-1.0,4.0,0.0,4.0,-4.0,6
2,2025-10-27,LTKF0111,0,low_information,ADIDA6,0.02127659574468085,1.0037376640824323e-06,0.999999970046711,33.29166672532519,0.708333334581387,0.9444444461085161,-0.5833333383255481,-0.7777777844340642,6.0,1.3333332933956148,5.666666676651096,-4.666666706604385,6
2,2025-10-27,LTKF093,2,cluster_2,ADIDA6,0.2765957446808511,0.12854213458831226,0.999999970046711,4.067307696819885,1.1250000012480534,1.0000000011093808,-0.12499999500778605,-0.1111111066735876,9.0,8.000000039937712,9.000000009984428,-0.9999999600622884,6
2,2025-10-27,LTKF098,2,cluster_2,ADIDA6,0.32978723404255317,0.9999999762934778,0.999999970046711,16.42473069838982,5.416666506915791,4.333333205532633,5.416666506915791,4.333333205532633,10.0,53.33333205532633,43.33333205532633,43.33333205532633,6
2,2025-10-27,LYC0201,1,cluster_1,ADIDA6,0.3191489361702128,0.3503533005639758,0.999999970046711,9.399999781008173,2.9999999301089915,,2.9999999301089915,,0.0,23.99999944087193,23.99999944087193,23.99999944087193,6
2,2025-10-27,LYC0203,2,cluster_2,ADIDA6,0.1702127659574468,0.15118299486331985,0.8000000000000005,3.6718750000000013,0.6250000000000002,5.000000000000002,0.5416666666666669,4.333333333333335,1.0,5.333333333333335,5.000000000000002,4.333333333333335,6
2,2025-10-27,NNB0002,0,low_information,ADIDA6,0.06382978723404255,0.07039673162540609,0.999999970046711,135.77777777777777,8.666666666666666,0.9904761904761904,-8.583333333333332,-0.9809523809523808,70.0,1.3333333333333321,69.33333333333333,-68.66666666666666,6
2,2025-10-27,QCCXC0004,1,cluster_1,ADIDA6,1.3191489361702127,0.39992984103304996,0.06304949514920437,0.6420854203200669,0.8470062991456201,,0.8470062991456201,,0.0,6.776050393164961,6.776050393164961,6.776050393164961,6
2,2025-10-27,QCCXC0005,1,cluster_1,ADIDA6,1.1914893617021276,0.46117576724116455,0.5587843617987336,3.1664641397825477,3.7728083367621843,,3.7728083367621843,,0.0,30.182466694097474,30.182466694097474,30.182466694097474,6
2,2025-10-27,QCCXC0007,1,cluster_1,ADIDA6,1.8936170212765957,0.34597275000539396,0.46227095732898904,2.49877354778708,4.731720122405322,,4.731720122405322,,0.0,37.85376097924257,37.85376097924257,37.85376097924257,6
2,2025-10-27,QCSSXC0004,0,low_information,ADIDA6,0.06382978723404255,0.021898640369946203,0.061887694873578813,0.34544211602894664,0.022049496767805103,,0.022049496767805103,,0.0,0.17639597414244082,0.17639597414244082,0.17639597414244082,6
2,2025-10-27,QCSSXC0005,1,cluster_1,ADIDA6,1.1063829787234043,0.14406222655850368,0.999999970046711,4.06730766974672,4.499999975038924,,4.499999975038924,,0.0,35.99999980031139,35.99999980031139,35.99999980031139,6
2,2025-10-27,QCSSXC0006,1,cluster_1,ADIDA6,0.648936170212766,0.21533891554915097,0.9999999658439561,4.237704944349734,2.750000017078019,11.000000068312076,2.750000017078019,11.000000068312076,2.0,24.000000136624152,22.000000136624152,22.000000136624152,6
2,2025-10-27,QCXDS001,1,cluster_1,ADIDA6,1.3829787234042554,0.8226851492299591,0.09111506325139714,0.8659214812951835,1.1975509847699348,,1.1975509847699348,,0.0,9.580407878159479,9.580407878159479,9.580407878159479,6
2,2025-10-27,QCXXC0001,2,cluster_2,ADIDA6,0.48936170212765956,0.19581537312991268,0.2113733776945581,1.2831761243629423,0.6279372523478228,,0.6279372523478228,,0.0,5.023498018782583,5.023498018782583,5.023498018782583,6
2,2025-10-27,QCXXC0002,2,cluster_2,ADIDA6,0.3191489361702128,0.18048424441309424,0.7738345927314397,0.1043294509194288,0.03329663327215813,,0.03329663327215813,,0.0,0.266373066177265,0.266373066177265,0.266373066177265,6
2,2025-10-27,QFSJZ001-1,1,cluster_1,ADIDA6,0.3723404255319149,0.692052386911457,0.999999970046711,5.707142749881555,2.124999960062281,5.666666560166083,2.124999960062281,5.666666560166083,3.0,19.99999968049825,16.99999968049825,16.99999968049825,6
2,2025-10-27,QFSJZ002-1,2,cluster_2,ADIDA6,0.14893617021276595,0.1964837924497571,0.999999970046711,8.952380751266013,1.3333333033800443,,1.3333333033800443,,0.0,10.666666427040354,10.666666427040354,10.666666427040354,6
2,2025-10-27,QFSJZ003,2,cluster_2,ADIDA6,0.13829787234042554,0.11859409252645584,0.999999970046711,3.6153846153846114,0.4999999999999995,,0.4999999999999995,,0.0,3.999999999999996,3.999999999999996,3.999999999999996,6
2,2025-10-27,QFSJZ003-1,2,cluster_2,ADIDA6,0.2765957446808511,0.3093697791107071,0.39999999999999986,2.41025641025641,0.6666666666666666,1.3333333333333333,0.16666666666666652,0.33333333333333304,4.0,5.333333333333332,5.333333333333333,1.3333333333333321,6
2,2025-10-27,QYGZIPJ,0,low_information,ADIDA6,0.06382978723404255,0.08974358118575979,1.0037376640824323e-06,1.9583352989842857,0.12500012546708206,1.0000010037366565,-0.12499983271055724,-0.999998661684458,1.0,1.3383155421241786e-06,1.0000010037366565,-0.999998661684458,6
2,2025-10-27,RLHZHMV000AMDE,1,cluster_1,ADIDA6,3.0425531914893615,0.6718546897857977,0.8034124937779321,0.7476158801284376,2.274661082092906,0.5514329895982802,1.4736443283716225,0.35724710990827213,33.0,44.78915462697298,18.197288656743247,11.78915462697298,6
2,2025-10-27,SLT0001,0,low_information,ADIDA6,0.0425531914893617,1.0037376640824323e-06,1.0037376640824323e-06,7.86257224206075e-06,3.345775422153511e-07,,3.345775422153511e-07,,0.0,2.6766203377228087e-06,2.6766203377228087e-06,2.6766203377228087e-06,6
2,2025-10-27,SLT0003,2,cluster_2,ADIDA6,0.2765957446808511,0.11578263902465427,0.8612844711159066,3.101733261519014,0.8579262212712166,0.6863409770169733,-0.4658524425424333,-0.37268195403394666,10.0,6.273180459660534,6.863409770169733,-3.7268195403394664,6
2,2025-10-27,SLT0004,0,low_information,ADIDA6,0.07446808510638298,0.5649279963153425,1.0037376640824323e-06,13.428571428571429,1.0,1.0,-0.9999998327105573,-0.9999998327105573,8.0,1.3383155421241786e-06,8.0,-7.999998661684458,6
2,2025-10-27,SPH0001,2,cluster_2,ADIDA6,0.2765957446808511,0.9354229080097287,0.999999970046711,4.217948591607281,1.166666631721163,,1.166666631721163,,0.0,9.333333053769303,9.333333053769303,9.333333053769303,6
2,2025-10-27,SRPDZS0001,0,low_information,ADIDA6,0.0851063829787234,0.24169038845153543,0.17017435731898178,1.3356695931196045,0.11367400792507272,,0.11367400792507272,,0.0,0.9093920634005818,0.9093920634005818,0.9093920634005818,6
2,2025-10-27,SRPDZS0002,2,cluster_2,ADIDA6,0.06382978723404255,0.9999999722117726,0.27488413132857403,3.734439059187868,0.23836845058645964,,0.23836845058645964,,0.0,1.9069476046916771,1.9069476046916771,1.9069476046916771,6
2,2025-10-27,WSJZS0002,1,cluster_1,ADIDA6,0.40425531914893614,0.999999970046711,0.999999970046711,0.0,0.0,,0.0,,0.0,0.0,0.0,0.0,6
2,2025-10-27,WSJZS0004,1,cluster_1,ADIDA6,0.6914893617021277,0.6943357554913704,0.999999970046711,0.24102563380613035,0.16666666167445185,,0.16666666167445185,,0.0,1.3333332933956148,1.3333332933956148,1.3333332933956148,6
2,2025-10-27,XHP0001,1,cluster_1,ADIDA6,1.2553191489361701,0.8647901798726765,0.4141344616373142,3.7081870907707994,4.654958262882492,3.723966610305994,4.28994435050999,3.431955480407992,10.0,44.31955480407992,37.23966610305994,34.31955480407992,6
2,2025-10-27,XHZXCZP0001,1,cluster_1,ADIDA6,2.882978723404255,0.9230139741274515,0.9019942887922305,2.272971326042457,6.55292797188836,1.6910781862937705,6.55292797188836,1.6910781862937705,31.0,83.42342377510688,52.42342377510688,52.42342377510688,6
2,2025-10-27,XHZXCZP0002,2,cluster_2,ADIDA6,0.09574468085106383,0.6251949197409793,0.999999970046711,16.101851877922307,1.541666669162774,0.9487179502540148,-1.4583333383255481,-0.8974359005080296,13.0,1.3333332933956148,12.333333353302192,-11.666666706604385,6
2,2025-10-27,YBB0001,1,cluster_1,ADIDA6,0.20212765957446807,0.9668892744464788,0.999999970046711,15.048245218861867,3.0416665867912283,4.866666538865966,3.0416665867912283,4.866666538865966,5.0,29.333332694329826,24.333332694329826,24.333332694329826,6
2,2025-10-27,YDBZ001,1,cluster_1,ADIDA6,0.4787234042553192,0.999999966932122,0.999999970046711,6.5277776369973175,3.124999932605099,2.272727223712799,2.958333243473465,2.15151508616252,11.0,34.66666594778772,24.99999946084079,23.66666594778772,6
2,2025-10-27,YDBZ002,1,cluster_1,ADIDA6,0.8085106382978723,0.5113801709417791,0.2846040220651922,2.1746880271489317,1.7582584049289234,1.2787333854028533,0.8026778732385647,0.5837657259916834,11.0,17.421422985908517,14.066067239431387,6.421422985908517,6
2,2025-10-27,YDBZLV0001AMDE,2,cluster_2,ADIDA6,0.1702127659574468,0.21756310308259466,0.999999970046711,7.082726385744053e-38,1.2055704486372855e-38,,1.2055704486372855e-38,,0.0,9.644563589098284e-38,9.644563589098284e-38,9.644563589098284e-38,6
2,2025-10-27,YDBZWV0001AMDE,2,cluster_2,ADIDA6,0.19148936170212766,0.30079803678000855,0.999999970046711,4.203716439927055e-30,8.049669778583722e-31,,8.049669778583722e-31,,0.0,6.439735822866978e-30,6.439735822866978e-30,6.439735822866978e-30,6
2,2025-10-27,YJL0002,0,low_information,ADIDA6,0.0425531914893617,0.20109752085966626,0.999999970046711,3.9166665493496184,0.16666666167445185,,0.16666666167445185,,0.0,1.3333332933956148,1.3333332933956148,1.3333332933956148,6
2,2025-10-27,YJLZHMV000AMDE,1,cluster_1,ADIDA6,1.053191489361702,0.24704019828430476,0.9999999715852382,0.5934343771589344,0.6250000355184522,5.000000284147617,0.5416667140246029,4.333333712196823,1.0,5.333333712196823,5.000000284147617,4.333333712196823,6
2,2025-10-27,YJX0022,0,low_information,ADIDA6,0.06382978723404255,0.1833444668607733,0.08303696199449338,0.6547895922908294,0.04179508035898911,,0.04179508035898911,,0.0,0.33436064287191286,0.33436064287191286,0.33436064287191286,6
2,2025-10-27,YJX0023,0,low_information,ADIDA6,0.10638297872340426,0.016864916709287355,0.1318499326179882,1.1451375149848528,0.12182313989200562,,0.12182313989200562,,0.0,0.974585119136045,0.974585119136045,0.974585119136045,6
2,2025-10-27,YJX0024,2,cluster_2,ADIDA6,0.14893617021276595,0.3634491557842199,0.06065563679293326,0.6120272868177682,0.09115300016434845,,0.09115300016434845,,0.0,0.7292240013147876,0.7292240013147876,0.7292240013147876,6
2,2025-10-27,YJX0025,2,cluster_2,ADIDA6,0.14893617021276595,0.04909774889560936,0.24038028846838524,1.1458519243428766,0.1706587972425561,,0.1706587972425561,,0.0,1.3652703779404487,1.3652703779404487,1.3652703779404487,6
2,2025-10-27,YKLLW0004,0,low_information,ADIDA6,0.46808510638297873,0.00570324399697248,0.014271568508790838,0.1169516034700651,0.05474330375194537,,0.05474330375194537,,0.0,0.43794643001556294,0.43794643001556294,0.43794643001556294,6
2,2025-10-27,YKLLW0005,1,cluster_1,ADIDA6,1.0851063829787233,0.012020123007908131,0.029305785196935618,0.30410933686215763,0.329990982552554,2.639927860420432,0.148321310070072,1.186570480560576,1.0,2.186570480560576,2.639927860420432,1.186570480560576,6
2,2025-10-27,YKLLW0006,0,low_information,ADIDA6,0.2553191489361702,0.0090635414300741,1.0037376640824323e-06,0.4895907045096078,0.12500188200245305,1.0000150560196244,-0.12499749066339595,-0.9999799253071676,1.0,2.007469283235142e-05,1.0000150560196244,-0.9999799253071676,6
2,2025-10-27,YXBLJ0001,0,low_information,ADIDA6,0.010638297872340425,0.999999970046711,0.999999970046711,105.75,1.125,1.0,-1.125,-1.0,9.0,0.0,9.0,-9.0,6
2,2025-10-27,ZBTZ0002,0,low_information,ADIDA6,0.574468085106383,0.004667646358095498,0.011756855338096507,0.2892536157818691,0.16616697076830778,1.3293357661464622,-0.0701107056422563,-0.5608856451380504,1.0,0.43911435486194966,1.3293357661464622,-0.5608856451380504,6
2,2025-10-27,ZBTZ0003,0,low_information,ADIDA6,0.0425531914893617,0.033159181061760176,1.0037376640824323e-06,17.625003931294014,0.7500001672891069,1.0000002230521425,-0.7499996654217861,-0.9999995538957148,6.0,2.6766257109801897e-06,6.000001338312855,-5.999997323374289,6
2,2025-10-27,ZJJSJBV001AMDE,2,cluster_2,ADIDA6,0.40425531914893614,0.2204122860921432,0.999999970046711,1.6491227946683797,0.6666666616744513,,0.6666666616744513,,0.0,5.333333293395611,5.333333293395611,5.333333293395611,6
2,2025-10-27,ZJJSJSV001AMDE,1,cluster_1,ADIDA6,0.6595744680851063,0.39455554828076955,0.8038439482781653,0.00022129940183797736,0.00014596343525483612,,0.00014596343525483612,,0.0,0.001167707482038689,0.001167707482038689,0.001167707482038689,6
2,2025-10-27,ZJJYZBV001AMDE,1,cluster_1,ADIDA6,0.6382978723404256,0.7709379198416596,0.999999970046711,4.438888787214112,2.83333326843454,,2.83333326843454,,0.0,22.66666614747632,22.66666614747632,22.66666614747632,6
2,2025-10-27,ZJJYZSJBV1AMDE,1,cluster_1,ADIDA6,0.40425531914893614,0.3498044624748055,0.4952069117819758,0.05388091518976779,0.02178164656607634,,0.02178164656607634,,0.0,0.17425317252861072,0.17425317252861072,0.17425317252861072,6
2,2025-10-27,ZJJYZSJSV1AMDE,1,cluster_1,ADIDA6,0.40425531914893614,0.9999999766847975,0.0288372252974681,0.5262221783374782,0.21272811464706562,,0.21272811464706562,,0.0,1.701824917176525,1.701824917176525,1.701824917176525,6
2,2025-10-27,ZJJYZSJSV2AMDE,2,cluster_2,ADIDA6,0.19148936170212766,0.38840678040421417,0.999999970046711,1.1297099873034169e-52,2.1632744437725004e-53,,2.1632744437725004e-53,,0.0,1.7306195550180003e-52,1.7306195550180003e-52,1.7306195550180003e-52,6
2,2025-10-27,ZTD0001,0,low_information,ADIDA6,0.0,0.999999970046711,0.999999970046711,,1.375,1.0,-1.375,-1.0,11.0,0.0,11.0,-11.0,6
2,2025-10-27,ZTD0003,2,cluster_2,ADIDA6,0.11702127659574468,0.18688845147419209,0.999999970046711,35.250000127982226,4.125000014976644,0.8918918951300852,-3.9583333533021925,-0.8558558601734471,37.0,5.333333173582459,33.00000011981315,-31.66666682641754,6
3,2025-12-22,BLP0001,1,cluster_1,ADIDA6,0.9607843137254902,0.3270663945848589,0.2958034610490711,4.390807572396011,4.218619040145187,0.6887541290032958,-3.312238080290374,-0.5407735641290407,49.0,22.50209535767701,33.7489523211615,-26.497904642322993,6
3,2025-12-22,BLP0002,1,cluster_1,ADIDA6,0.49019607843137253,0.23227938827381675,0.999999970046711,4.8449999592635224,2.3749999800311383,2.111111093361012,2.3749999800311383,2.111111093361012,9.0,27.999999840249107,18.999999840249107,18.999999840249107,6
3,2025-12-22,BLP0003,2,cluster_2,ADIDA6,0.06862745098039216,0.22566240488932318,0.999999970046711,10.928571428571427,0.75,1.0,-0.2500000049922151,-0.3333333399896201,6.0,3.999999960062279,6.0,-2.0000000399377207,6
3,2025-12-22,BLP0004,0,low_information,ADIDA6,0.0392156862745098,1.0037376640824323e-06,0.999999970046711,22.3125,0.875,1.0,-0.5416666766510962,-0.6190476304583957,7.0,2.6666665867912296,7.0,-4.33333341320877,6
3,2025-12-22,CLSSLT0003,2,cluster_2,ADIDA6,0.21568627450980393,0.7393670654737028,0.21903404197807744,3.477272727272727,0.75,1.0,-0.39177166919970147,-0.522362225599602,6.0,2.865826646402388,6.0,-3.1341733535976117,6
3,2025-12-22,CLSSLT0006,2,cluster_2,ADIDA6,0.35294117647058826,0.23592035629092992,0.8952714207430034,2.41055986125419,0.8507858333838318,1.361257333414131,0.2781433335353273,0.44502933365652364,5.0,7.225146668282618,6.806286667070655,2.225146668282618,6
3,2025-12-22,CWW0002,1,cluster_1,ADIDA6,1.3411764705882352,0.8909986416527781,0.9999999716539689,8.481359649122808,11.375,0.5723270440251572,-2.6750000444087902,-0.134591197202958,159.0,137.59999964472968,91.0,-21.400000355270322,6
3,2025-12-22,DHZXCZP0001,1,cluster_1,ADIDA6,0.45098039215686275,0.5616727733521245,0.22647115150258607,2.217391304347826,1.0,1.0,0.5166440778599248,0.5166440778599248,8.0,12.133152622879399,8.0,4.133152622879399,6
3,2025-12-22,DRMJJ0021,2,cluster_2,ADIDA6,0.13725490196078433,0.695960441318373,0.0417148891018896,5.4642857142857135,0.75,1.0,-0.6526191515700641,-0.8701588687600855,6.0,0.7790467874394866,6.0,-5.220953212560513,6
3,2025-12-22,DRMJJ0022,1,cluster_1,ADIDA6,0.35294117647058826,0.6579321404579505,0.2965848017824232,5.60901421595828,1.9796520762205696,0.8335377163033977,-1.5843041524411392,-0.6670754326067955,19.0,6.325566780470886,15.837216609764557,-12.674433219529114,6
3,2025-12-22,DRMJJ0023,1,cluster_1,ADIDA6,0.8529411764705882,0.23033003894856743,0.9999999812495003,5.42241375280065,4.624999965624084,1.9473684065785615,4.624999965624084,1.9473684065785615,19.0,55.99999972499267,36.99999972499267,36.99999972499267,6
3,2025-12-22,DRMJJ0025,2,cluster_2,ADIDA6,0.19607843137254902,0.4418696914549231,0.17683778757520496,4.735099426620076,0.9284508679647208,0.9284508679647208,-0.7138034718588832,-0.7138034718588832,8.0,2.2895722251289343,7.427606943717766,-5.710427774871065,6
3,2025-12-22,DRMJJ0026,2,cluster_2,ADIDA6,0.19607843137254902,0.5435938123750488,0.1861020058514458,5.65540505683315,1.1089029523202254,1.1089029523202254,-0.5643881907190988,-0.5643881907190988,8.0,3.4848944742472097,8.871223618561803,-4.515105525752791,6
3,2025-12-22,DRMJJ0027,2,cluster_2,ADIDA6,0.0784313725490196,0.8670732470861948,0.2367491551275564,4.269096724530448,0.3348311156494469,2.678648925195575,0.15477482086592925,1.238198566927434,1.0,2.238198566927434,2.678648925195575,1.238198566927434,6
3,2025-12-22,ETZP0003,2,cluster_2,ADIDA6,0.19607843137254902,0.6358642209870319,0.526066669590184,14.850182132841038,2.911800418204125,1.1092573021730001,-1.4777983271834998,-0.5629707913079999,21.0,9.177613382532,23.294403345633,-11.822386617467998,6
3,2025-12-22,ETZP0004,2,cluster_2,ADIDA6,0.45098039215686275,0.16139733226846836,0.999999964651473,6.6521739130434785,3.0,1.0,-1.4999999705428948,-0.4999999901809649,24.0,12.00000023565684,24.0,-11.999999764343158,6
3,2025-12-22,FDBLHP0001,2,cluster_2,ADIDA6,0.35294117647058826,0.5590320288426374,0.3339139797833609,2.4152982551577007,0.852458207702718,1.3639331323243487,0.28483283081087174,0.4557325292973948,5.0,7.278662646486974,6.819665661621744,2.278662646486974,6
3,2025-12-22,FDBLP0001,1,cluster_1,ADIDA6,0.7450980392156863,0.999999970046711,0.4524244789382692,1.7766331312547476,1.3237658625035376,0.7060084600018867,-0.07993654998584993,-0.04263282665911996,15.0,14.3605076001132,10.5901269000283,-0.6394923998867994,6
3,2025-12-22,FRC0003,1,cluster_1,ADIDA6,0.6470588235294118,0.5366708226451059,0.23433926257044513,2.75686230378331,1.7838520789186125,1.189234719279075,-0.932295842162775,-0.6215305614418499,12.0,4.541633262697801,14.2708166313489,-7.4583667373022,6
3,2025-12-22,FRH0028,1,cluster_1,ADIDA6,0.6078431372549019,0.18293743467071005,0.999999970046711,0.5483870967741934,0.3333333333333332,,0.3333333333333332,,0.0,2.6666666666666656,2.6666666666666656,2.6666666666666656,6
3,2025-12-22,FRH0033,1,cluster_1,ADIDA6,3.195098039215686,0.17066320133517174,0.6504197480761699,0.777270350180819,2.4834549718032246,1.9867639774425796,1.2169099436064488,0.973527954885159,10.0,19.73527954885159,19.867639774425797,9.73527954885159,6
3,2025-12-22,FRH0034,1,cluster_1,ADIDA6,1.0960784313725491,0.22903682131032635,0.6668584649845956,2.0967793110689983,2.2982345782109217,0.9192938312843687,-1.6929383128436877,-0.677175325137475,20.0,6.456493497250498,18.385876625687374,-13.543506502749501,6
3,2025-12-22,FRH0043,2,cluster_2,ADIDA6,0.1568627450980392,0.039249715444438074,0.1485989737509451,4.448565502528878,0.6978141964751181,1.1165027143601889,-0.47937160704976384,-0.7669945712796221,5.0,1.165027143601889,5.582513571800945,-3.8349728563981107,6
3,2025-12-22,FRH0044,2,cluster_2,ADIDA6,0.35294117647058826,0.05903175871184907,0.5938989027739201,1.7260825456253297,0.6092056043383517,1.2184112086767034,-0.06317758264659326,-0.12635516529318652,4.0,3.4945793388272537,4.8736448347068135,-0.5054206611727461,6
3,2025-12-22,FRH0046,1,cluster_1,ADIDA6,0.6666666666666666,0.2134623593732376,0.4466915398980101,7.8164102895479495,5.210940193031966,0.757954937168286,-5.210940193031966,-0.757954937168286,55.0,13.312478455744277,41.68752154425573,-41.68752154425573,6
3,2025-12-22,FRH0048,1,cluster_1,ADIDA6,2.503267973856209,0.2899685926796625,0.590334035477027,1.937080813585219,4.849032363419209,0.44588803341785826,-3.8230647268384175,-0.35154618177824526,87.0,56.41548218529266,38.79225890735367,-30.58451781470734,6
3,2025-12-22,FRH0050,1,cluster_1,ADIDA6,1.3137254901960784,0.1680651510676269,0.9080933980303753,3.557114497119501,4.673071986411894,12.461525297098383,4.673071986411894,12.461525297098383,3.0,40.38457589129515,37.38457589129515,37.38457589129515,6
3,2025-12-22,FRH0051,1,cluster_1,ADIDA6,1.8725490196078431,0.348262683321345,0.46006797969181074,1.195539572733351,2.238706454824216,0.7163860655437492,1.1024129096484323,0.35277213108749833,25.0,33.81930327718746,17.90965163859373,8.819303277187458,6
3,2025-12-22,FRH0056,1,cluster_1,ADIDA6,3.372549019607843,0.561803308475356,0.5154352851193411,1.927325581395349,6.5,0.5777777777777777,-0.13268663418497617,-0.011794367483108994,90.0,88.93850692652019,52.0,-1.0614930734798094,6
3,2025-12-22,FRH0056-1,0,low_information,ADIDA6,0.058823529411764705,0.24640751600200858,0.999999970046711,9.916666539365188,0.5833333258450111,2.3333333033800443,0.41666665169002204,1.6666666067600882,2.0,5.333333213520176,4.666666606760089,3.3333332135201763,6
3,2025-12-22,FRH0059,1,cluster_1,ADIDA6,1.3725490196078431,0.7719859915043926,0.999999970046711,1.0928571428571427,1.5,1.0,-0.9999999301089947,-0.6666666200726631,12.0,4.0000005591280425,12.0,-7.9999994408719575,6
3,2025-12-22,FRH0064,1,cluster_1,ADIDA6,0.6568627450980392,0.16681907480241398,0.5656605001899627,2.815322783223096,1.8492806517249747,1.1380188625999845,1.3407075356332996,0.8250507911589536,13.0,23.725660285066397,14.794245213799798,10.725660285066397,6
3,2025-12-22,FRH0065,2,cluster_2,ADIDA6,0.23529411764705882,0.7832661553632873,0.2913138363972919,8.187307319647076,1.926425251681665,0.8561890007474067,-1.6028505033633298,-0.7123780014948132,18.0,5.177195973093362,15.41140201345332,-12.822804026906638,6
3,2025-12-22,FRH0068,2,cluster_2,ADIDA6,0.24509803921568626,0.1579596722457436,0.999999970046711,6.119999816685871,1.4999999550700662,1.3333332933956143,1.3749999400934216,1.2222221689719304,9.0,19.999999520747373,11.99999964056053,10.999999520747373,6
3,2025-12-22,FRW0005,1,cluster_1,ADIDA6,1.4411764705882353,0.3184387788653362,0.7549166623345567,1.3543196296222766,1.9518135838673984,1.1153220479242276,1.1857514451565314,0.6775722543751608,14.0,23.48601156125225,15.614508670939188,9.486011561252251,6
3,2025-12-22,FRW0006,1,cluster_1,ADIDA6,2.735294117647059,0.3726612641643005,0.8694999575381925,2.518130247533104,6.887826853546432,1.4892598602262557,6.725435804728576,1.454148282103476,37.0,90.80348643782861,55.10261482837146,53.80348643782861,6
3,2025-12-22,FRW0008,2,cluster_2,ADIDA6,0.09803921568627451,0.07387908150051675,0.32280626374885596,1.6900499231511592,0.16569116893638816,,0.16569116893638816,,0.0,1.3255293514911053,1.3255293514911053,1.3255293514911053,6
3,2025-12-22,FRW0009,2,cluster_2,ADIDA6,0.23529411764705882,0.4231722579953138,0.38514959370762003,2.0423392032134045,0.4805504007560951,3.844403206048761,0.3490672010081269,2.792537608065015,1.0,3.792537608065015,3.844403206048761,2.792537608065015,6
3,2025-12-22,FRW0015,1,cluster_1,ADIDA6,0.9607843137254902,0.9999999776436783,0.12406904172077836,1.3429255243646692,1.2902617783111527,,1.2902617783111527,,0.0,10.322094226489222,10.322094226489222,10.322094226489222,6
3,2025-12-22,FRW0024,2,cluster_2,ADIDA6,0.1568627450980392,0.6972549252771302,0.999999970046711,14.874999999999995,2.3333333333333326,1.5555555555555551,0.6666666666666652,0.4444444444444435,12.0,17.33333333333332,18.66666666666666,5.3333333333333215,6
3,2025-12-22,FSTBY001,0,low_information,ADIDA6,0.0,0.999999970046711,0.999999970046711,,0.125,1.0,-0.125,-1.0,1.0,0.0,1.0,-1.0,6
3,2025-12-22,FZGLS0001,0,low_information,ADIDA6,0.0196078431372549,0.183503424556217,0.999999970046711,16.99999949079409,0.3333333233489037,,0.3333333233489037,,0.0,2.6666665867912296,2.6666665867912296,2.6666665867912296,6
3,2025-12-22,FZGLS0002,0,low_information,ADIDA6,0.0392156862745098,0.030368617386031697,0.09583593179473134,9.800431367118117,0.38433064184776927,1.0248817115940514,-0.337677432608923,-0.9004731536237948,3.0,0.29858053912861604,3.074645134782154,-2.701419460871384,6
3,2025-12-22,FZLRICBHP0001,2,cluster_2,ADIDA6,0.13725490196078433,0.775593789723302,0.040848987648024276,13.660714285714285,1.875,1.0,-1.778804180584124,-0.9486955629781995,15.0,0.7695665553270078,15.0,-14.230433444672991,6
3,2025-12-22,FZLRJ0001,2,cluster_2,ADIDA6,0.4019607843137255,0.4547323047045913,0.9003647827783133,3.7317073170731705,1.5,1.0,-1.4491829488561248,-0.9661219659040832,12.0,0.4065364091510005,12.0,-11.593463590848998,6
3,2025-12-22,FZLRJ0001double,0,low_information,ADIDA6,0.0392156862745098,0.018172954674773166,1.0037376640824323e-06,3.187506398801918,0.12500025093340855,1.0000020074672684,-0.12499966542212194,-0.9999973233769756,1.0,2.6766230243501507e-06,1.0000020074672684,-0.9999973233769756,6
3,2025-12-22,FZLRJ0002,1,cluster_1,ADIDA6,0.49019607843137253,0.3757358163237127,0.999999970046711,7.904999954171468,3.8749999775350332,0.9999999942025892,-3.874999970046711,-0.9999999922701189,31.0,2.396263104859074e-07,30.999999820280266,-30.999999760373687,6
3,2025-12-22,FZLRJ0002double,2,cluster_2,ADIDA6,0.11764705882352941,0.13827198380822914,0.07425923123454455,4.419885421372601,0.5199865201614824,1.0399730403229648,-0.4200539193540703,-0.8401078387081407,4.0,0.6395686451674377,4.159892161291859,-3.3604313548325626,6
3,2025-12-22,GJMJWJX001,1,cluster_1,ADIDA6,6.477124183006535,0.2552254309945009,0.999999970046711,5.796039216224231,37.54166577306021,12.013333047379268,37.54166577306021,12.013333047379268,25.0,325.3333261844817,300.3333261844817,300.3333261844817,6
3,2025-12-22,GJMJWJXW001,1,cluster_1,ADIDA6,9.588235294117647,0.5920371866912847,0.7333008182377564,6.49803450130975,62.3046837478523,498.4374699828184,62.3046837478523,498.4374699828184,1.0,499.4374699828184,498.4374699828184,498.4374699828184,6
3,2025-12-22,HLGKSLT0001,1,cluster_1,ADIDA6,0.6470588235294118,0.4418241252864708,0.6495049389819902,3.51989620738819,2.2775798988982405,1.8220639191185923,2.120106531864321,1.6960852254914567,10.0,26.960852254914567,18.220639191185924,16.960852254914567,6
3,2025-12-22,HWZDSKL0001,1,cluster_1,ADIDA6,1.196078431372549,0.23002199400812226,0.7695086837208632,0.09205470510403667,0.11010464728129876,,0.11010464728129876,,0.0,0.8808371782503901,0.8808371782503901,0.8808371782503901,6
3,2025-12-22,HWZDSKL0002,2,cluster_2,ADIDA6,0.27450980392156865,0.6554089927070944,0.08022075441292253,0.9402878434494574,0.2581182315351452,,0.2581182315351452,,0.0,2.0649458522811615,2.0649458522811615,2.0649458522811615,6
3,2025-12-22,HZSN0001,1,cluster_1,ADIDA6,0.8725490196078431,0.5610656269156417,0.8650190172622244,3.4491041148202273,3.009512413911767,0.7295787670089132,-2.394024827823534,-0.5803696552299477,33.0,13.847801377411725,24.076099311294136,-19.152198622588273,6
3,2025-12-22,JZJ00011,1,cluster_1,ADIDA6,0.303921568627451,0.8755347341737907,0.42722527102030816,3.922706157149501,1.1921950085454367,1.1921950085454367,0.8843900170908736,0.8843900170908736,8.0,15.075120136726989,9.537560068363494,7.075120136726989,6
3,2025-12-22,JZJ00012,1,cluster_1,ADIDA6,1.2549019607843137,0.5064141235153343,0.4246429670752365,2.0451571020025487,2.5664716574149633,1.5793671737938235,2.2969622098866176,1.4135152060840723,13.0,31.37569767909294,20.531773259319706,18.37569767909294,6
3,2025-12-22,JZJ0002,1,cluster_1,ADIDA6,1.9705882352941178,0.5150407380022618,0.9999999694999216,2.473880597014925,4.874999999999999,0.4285714285714285,-3.2083333943334873,-0.2820512874139329,91.0,65.3333328453321,38.99999999999999,-25.6666671546679,6
3,2025-12-22,JZJ0003,1,cluster_1,ADIDA6,3.0980392156862746,0.5487426364934148,0.6693478914495158,2.4936256658888376,7.725350102165419,0.5374156592810726,6.425466802887225,0.4469889949834592,115.0,166.4037344230978,61.80280081732335,51.4037344230978,6
3,2025-12-22,JZJ0009,1,cluster_1,ADIDA6,2.5686274509803924,0.6159578153084925,0.9999999807929019,2.9360687209840077,7.541666714684412,0.3370577302652251,2.4583334293688246,0.10986965047458434,179.0,198.6666674349506,60.3333337174753,19.666667434950597,6
3,2025-12-22,JZJ0013,1,cluster_1,ADIDA6,3.2254901960784315,0.8331397951472153,0.999999970046711,3.061550147719403,9.874999986271408,0.5337837830416977,1.9999999450856372,0.10810810513976417,148.0,163.9999995606851,78.99999989017127,15.999999560685097,6
3,2025-12-22,JZJ0014,2,cluster_2,ADIDA6,0.21568627450980393,0.03759757291671966,0.40135072911502145,1.7575813131888884,0.37908616558976027,1.516344662359041,0.0081723311795205,0.032689324718082,2.0,2.065378649436164,3.032689324718082,0.065378649436164,6
3,2025-12-22,JZJ0016,1,cluster_1,ADIDA6,1.0588235294117647,0.32613364094381647,0.999999970046711,1.6527777577395821,1.7499999787830869,0.9999999878760496,-1.7499999151323478,-0.9999999515041987,14.0,6.789412164328232e-07,13.999999830264695,-13.999999321058782,6
3,2025-12-22,JZJ0017,2,cluster_2,ADIDA6,0.1568627450980392,0.09647122799987204,0.197965285372909,1.3353136380176471,0.2094609628262976,,0.2094609628262976,,0.0,1.6756877026103807,1.6756877026103807,1.6756877026103807,6
3,2025-12-22,JZJ0018,2,cluster_2,ADIDA6,0.27450980392156865,0.602760456084551,0.21208834375319247,2.276785714285714,0.625,1.0,0.12326055599767374,0.19721688959627798,5.0,5.98608444798139,5.0,0.9860844479813899,6
3,2025-12-22,JZJ0019,1,cluster_1,ADIDA6,0.596078431372549,0.40631061822165176,0.896588216620225,9.385791762316138,5.594668030870796,44.75734424696637,5.594668030870796,44.75734424696637,1.0,45.75734424696637,44.75734424696637,44.75734424696637,6
3,2025-12-22,KZCWBG001,2,cluster_2,ADIDA6,0.27450980392156865,0.5758145514238867,0.719109839944584,1.1734816637312429,0.3221322214164196,2.577057771331357,0.1378429618885595,1.102743695108476,1.0,2.102743695108476,2.577057771331357,1.102743695108476,6
3,2025-12-22,LTKF0019,1,cluster_1,ADIDA6,0.7549019607843137,0.24324241569064886,0.16339786726305092,0.9935064935064936,0.75,1.0,0.050886329609478045,0.06784843947930407,6.0,6.407090636875824,6.0,0.40709063687582436,6
3,2025-12-22,LTKF0020,1,cluster_1,ADIDA6,4.196078431372549,0.5194059471454946,0.4949986952420923,5.302570093457944,22.25,0.8165137614678899,-10.904607638257646,-0.40016908764248244,218.0,130.76313889393882,178.0,-87.23686110606117,6
3,2025-12-22,LTKF0021,1,cluster_1,ADIDA6,1.3267973856209148,0.26001872741664245,0.999999970046711,2.418103465207586,3.2083333557983,1.3508772024413893,0.7916667115965996,0.33333335225119987,19.0,25.333333692772797,25.6666668463864,6.333333692772797,6
3,2025-12-22,LTKF0022M,1,cluster_1,ADIDA6,0.5588235294117647,0.47794631073922395,0.39867101576775776,7.605263157894736,4.25,1.0,-2.2712173408940797,-0.5344040802103717,34.0,15.83026127284736,34.0,-18.169738727152637,6
3,2025-12-22,LTKF0031,1,cluster_1,ADIDA6,1.303921568627451,0.5139797588909485,0.4399124946413637,2.0630691401137833,2.6900803493640506,1.3450401746820253,2.586773799152067,1.2933868995760336,16.0,36.69419039321654,21.520642794912405,20.694190393216537,6
3,2025-12-22,LTKF0047,1,cluster_1,ADIDA6,0.2549019607843137,0.5622285813709926,0.999999970046711,0.6538461342613111,0.16666666167445185,,0.16666666167445185,,0.0,1.3333332933956148,1.3333332933956148,1.3333332933956148,6
3,2025-12-22,LTKF0058,2,cluster_2,ADIDA6,0.058823529411764705,0.999999970046711,0.999999970046711,22.66666598772545,1.3333332933956148,,1.3333332933956148,,0.0,10.666666347164918,10.666666347164918,10.666666347164918,6
3,2025-12-22,LTKF0101,1,cluster_1,ADIDA6,1.4509803921568627,0.7700611913957642,0.2641668745334861,5.168918918918919,7.5,1.0,-4.13026479590885,-0.5507019727878467,60.0,26.957881632729197,60.0,-33.0421183672708,6
3,2025-12-22,LTKF0102,2,cluster_2,ADIDA6,0.11764705882352941,0.6898472507435259,0.2288606694730727,8.69377891298519,1.0227975191747283,0.9091533503775362,-0.7161900766989131,-0.636613401510145,9.0,3.270479386408695,8.182380153397826,-5.729520613591305,6
3,2025-12-22,LTKF0106,0,low_information,ADIDA6,0.0784313725490196,0.06855163193396656,0.999999970046711,4.781249999999997,0.3749999999999998,2.9999999999999982,0.20833333333333304,1.6666666666666643,1.0,2.6666666666666643,2.9999999999999982,1.6666666666666643,6
3,2025-12-22,LTKF0111,2,cluster_2,ADIDA6,0.10784313725490197,0.20895754166365152,0.999999970046711,8.113636259480607,0.8749999887675166,2.3333333033800443,0.29166665169002215,0.7777777378400591,3.0,5.333333213520177,6.999999910140133,2.333333213520177,6
3,2025-12-22,LTKF093,2,cluster_2,ADIDA6,0.39215686274509803,0.10847826284595838,0.8213086801975105,2.1975254464576985,0.861774684885372,1.723549369770744,0.861774684885372,1.723549369770744,4.0,10.894197479082976,6.894197479082976,6.894197479082976,6
3,2025-12-22,LTKF098,1,cluster_1,ADIDA6,0.4411764705882353,0.999999968142308,0.5199326606635526,9.066666666666666,4.0,1.0,-1.0271647351435662,-0.25679118378589155,32.0,23.782682118851472,32.0,-8.21731788114853,6
3,2025-12-22,LYC0201,2,cluster_2,ADIDA6,0.29411764705882354,0.40942052270566565,0.26818830575329733,2.48176081752093,0.7299296522120383,,0.7299296522120383,,0.0,5.8394372176963065,5.8394372176963065,5.8394372176963065,6
3,2025-12-22,LYC0203,2,cluster_2,ADIDA6,0.17647058823529413,0.17935537306486166,0.8959866897031653,1.9484790431469714,0.3438492429082891,1.3753969716331564,-0.06230151418342178,-0.24920605673368712,2.0,1.5015878865326258,2.750793943266313,-0.49841211346737424,6
3,2025-12-22,NNB0002,1,cluster_1,ADIDA6,0.30392156862745096,0.9279125723785547,0.999999805295186,23.854836040337226,7.249999188729941,2.230768981147674,5.249998377459882,1.6153841161415021,26.0,67.99998701967905,57.99999350983953,41.999987019679054,6
3,2025-12-22,QCCXC0004,1,cluster_1,ADIDA6,1.2156862745098038,0.39992981262028243,0.04644289293746235,0.512333195575751,0.6228364338371875,,0.6228364338371875,,0.0,4.9826914706975,4.9826914706975,4.9826914706975,6
3,2025-12-22,QFSJZ002-1,2,cluster_2,ADIDA6,0.13725490196078433,0.28308637761713074,0.2168861686993098,1.9493937750353896,0.26756385147544565,,0.26756385147544565,,0.0,2.140510811803565,2.140510811803565,2.140510811803565,6
3,2025-12-22,QFSJZ003,2,cluster_2,ADIDA6,0.13725490196078433,0.1159697713542986,0.999999970046711,0.9107143402720628,0.12500000748832235,1.0000000599065788,-0.12499999001557019,-0.9999999201245615,1.0,7.987543842365698e-08,1.0000000599065788,-0.9999999201245615,6
3,2025-12-22,QFSJZ003-1,2,cluster_2,ADIDA6,0.3431372549019608,0.20910182235119293,0.4058388801737949,6.085631734638672,2.088206967768172,0.7593479882793353,-1.8676092903575627,-0.6791306510391137,22.0,7.0591256771394955,16.705655742145375,-14.940874322860502,6
3,2025-12-22,RLHZHMV000AMDE,1,cluster_1,ADIDA6,3.1372549019607843,0.6471995329128205,0.8155467676245949,0.797256849439683,2.5011979590264564,0.6252994897566141,0.0023959180529127266,0.0005989795132281817,32.0,32.0191673444233,20.00958367221165,0.019167344423301813,6
3,2025-12-22,SLT0003,2,cluster_2,ADIDA6,0.37254901960784315,0.11757922195565836,0.9999999708177882,3.4671052566302945,1.2916666642348156,1.1481481459865028,0.20833332846963115,0.18518518086189437,9.0,10.66666662775705,10.333333313878525,1.6666666277570492,6
3,2025-12-22,SLT0004,2,cluster_2,ADIDA6,0.11764705882352941,0.999999970046711,0.8718783537039068,7.63148074646622,0.8978212642901435,3.591285057160574,0.8978212642901435,3.591285057160574,2.0,9.182570114321148,7.182570114321148,7.182570114321148,6
3,2025-12-22,XHP0001,1,cluster_1,ADIDA6,1.2647058823529411,0.8211580667215788,0.18241103629506328,5.930232558139535,7.5,0.9375,-5.7926541743315605,-0.7240817717914451,64.0,17.658766605347513,60.0,-46.341233394652484,6
3,2025-12-22,XHZXCZP0001,1,cluster_1,ADIDA6,2.735294117647059,0.9215087681134547,0.999999970046711,0.9901433947271794,2.708333403224344,2.40740746953275,2.708333403224344,2.40740746953275,9.0,30.66666722579475,21.66666722579475,21.66666722579475,6
3,2025-12-22,XHZXCZP0002,2,cluster_2,ADIDA6,0.19607843137254902,0.5746576598246279,0.5964804452912109,8.835219273212031,1.7323959359239278,,1.7323959359239278,,0.0,13.859167487391423,13.859167487391423,13.859167487391423,6
3,2025-12-22,YDBZ001,1,cluster_1,ADIDA6,0.5392156862745098,0.999999979985785,0.3545240135244133,3.097141584342737,1.6700273248906914,0.5138545615048281,-1.4767030998542552,-0.45437018457054007,26.0,14.186375201165959,13.360218599125531,-11.813624798834041,6
3,2025-12-22,YDBZ002,1,cluster_1,ADIDA6,0.8921568627450981,0.4332235264545484,0.22661775273591644,2.90317616165502,2.5900885363784982,0.7400252961081424,-1.8603541455139934,-0.5315297558611409,28.0,13.117166835888051,20.720708291027986,-14.882833164111947,6
3,2025-12-22,YJLZHMV000AMDE,1,cluster_1,ADIDA6,1.0,0.2579265667442969,0.8835338908060794,0.5059181671896256,0.5059181671896256,1.3491151125056682,-0.11316366562074887,-0.30176977498866364,3.0,2.094690675034009,4.0473453375170045,-0.9053093249659909,6
3,2025-12-22,YXBLJ0001,2,cluster_2,ADIDA6,0.08823529411764706,0.3117663887626209,0.999999970046711,7.0833331211642,0.6249999812791942,0.6249999812791942,0.1666666417055922,0.1666666417055922,8.0,9.333333133644738,4.999999850233554,1.3333331336447376,6
3,2025-12-22,ZBTZ0002,0,low_information,ADIDA6,0.5490196078431373,0.0046797549422626416,0.014118773746362421,0.12016663166905274,0.06597383699477406,,0.06597383699477406,,0.0,0.5277906959581925,0.5277906959581925,0.5277906959581925,6
3,2025-12-22,ZBTZ0003,2,cluster_2,ADIDA6,0.08823529411764706,0.999999970046711,0.16319594328903833,3.2429227552466076,0.2861402431099948,1.1445609724399792,-0.1777195137800104,-0.7108780551200417,2.0,0.5782438897599166,2.2891219448799585,-1.4217561102400833,6
3,2025-12-22,ZTD0001,0,low_information,ADIDA6,0.049019607843137254,0.9999999677010302,0.999999970046711,30.599999847238227,1.4999999925116778,1.1999999940093422,-0.2500000299532891,-0.2000000239626313,10.0,7.999999760373687,11.999999940093423,-2.000000239626313,6
3,2025-12-22,ZTD0003,1,cluster_1,ADIDA6,0.3333333333333333,0.999999970046711,0.999999970046711,17.999999535724022,5.99999984524134,,5.99999984524134,,0.0,47.99999876193072,47.99999876193072,47.99999876193072,6
4,2026-02-16,BLP0001,1,cluster_1,ADIDA6,1.1181818181818182,0.1953601564269945,0.3763257277206369,3.4654471544715446,3.875,1.0,0.24050746799406397,0.062066443353306834,31.0,32.92405974395251,31.0,1.9240597439525118,6
4,2026-02-16,BLP0002,1,cluster_1,ADIDA6,0.5181818181818182,0.27315415621178846,0.99999998053461,1.92982461775069,1.0000000291980848,1.6000000467169357,0.8750000389307797,1.4000000622892474,5.0,12.000000311446238,8.000000233584679,7.000000311446238,6
4,2026-02-16,BLP0003,2,cluster_2,ADIDA6,0.10909090909090909,0.19588499700833764,0.999999970046711,7.256944261396567,0.7916666466978073,2.1111110578608194,0.7916666466978073,2.1111110578608194,3.0,9.333333173582458,6.333333173582458,6.333333173582458,6
4,2026-02-16,BLP0004,2,cluster_2,ADIDA6,0.12727272727272726,0.1538307588016921,0.999999970046711,5.238095159646146,0.6666666566822367,,0.6666666566822367,,0.0,5.333333253457893,5.333333253457893,5.333333253457893,6
4,2026-02-16,CLSSLT0003,2,cluster_2,ADIDA6,0.2818181818181818,0.2524353229156094,0.23276417986881948,1.5950308785287508,0.4495087021308297,3.5960696170466377,0.30767826950777294,2.4614261560621835,1.0,3.4614261560621835,3.5960696170466377,2.4614261560621835,6
4,2026-02-16,CLSSLT0006,2,cluster_2,ADIDA6,0.38181818181818183,0.21271874014173991,0.9836985299126012,1.9716334416838743,0.7528054959156611,1.5056109918313223,0.005610991831322215,0.01122198366264443,4.0,4.0448879346505775,6.022443967325289,0.04488793465057772,6
4,2026-02-16,CWW0002,1,cluster_1,ADIDA6,1.8545454545454545,0.999999970046711,0.9999999689028534,7.616421550462042,14.124999966311423,0.4688796669314995,-14.124999966311423,-0.4688796669314995,241.0,128.0000002695086,112.99999973049138,-112.99999973049138,6
4,2026-02-16,DHZXCZP0001,1,cluster_1,ADIDA6,0.4727272727272727,0.5565028586011838,0.19938141452755379,1.7788466400107077,0.8409093207323345,1.3454549131717353,0.6628790943097793,1.0606065508956468,5.0,10.303032754478235,6.727274565858676,5.3030327544782345,6
4,2026-02-16,DRMJJ0021,2,cluster_2,ADIDA6,0.18181818181818182,0.7191782205678061,0.11260261700435785,3.844755841402939,0.6990465166187162,1.118474426589946,-0.3288139335251352,-0.5261022936402163,5.0,2.3694885317989187,5.59237213294973,-2.6305114682010817,6
4,2026-02-16,DRMJJ0022,1,cluster_1,ADIDA6,0.509090909090909,0.5687067988333069,0.31933993621721785,2.4553571428571432,1.25,0.7142857142857143,-0.14395920092887793,-0.08226240053078739,14.0,12.848326392568977,10.0,-1.1516736074310234,6
4,2026-02-16,DRMJJ0023,1,cluster_1,ADIDA6,0.9090909090909091,0.3722864514950106,0.7974884170433272,2.7210049142655763,2.473640831150524,1.1640662734825995,2.0065211082006984,0.944245227388564,17.0,33.05216886560559,19.789126649204192,16.052168865605587,6
4,2026-02-16,DRMJJ0025,2,cluster_2,ADIDA6,0.24545454545454545,0.41111630561229584,0.2168061228952139,3.469663300331931,0.8516446282632921,1.3626314052212674,-0.17171074347341575,-0.2747371895574652,5.0,3.626314052212674,6.813157026106337,-1.373685947787326,6
4,2026-02-16,DRMJJ0026,2,cluster_2,ADIDA6,0.3090909090909091,0.39331227651950174,0.2973109000941539,2.115442875750536,0.6538641615956202,2.615456646382481,0.5577283231912403,2.2309132927649613,2.0,6.461826585529923,5.230913292764962,4.461826585529923,6
4,2026-02-16,DRMJJ0027,2,cluster_2,ADIDA6,0.09090909090909091,0.8164538328125219,0.20061276821342752,2.5765948510273464,0.23423589554794058,,0.23423589554794058,,0.0,1.8738871643835247,1.8738871643835247,1.8738871643835247,6
4,2026-02-16,ETZP0003,1,cluster_1,ADIDA6,0.3545454545454545,0.31464197288340395,0.8909868908330669,9.686502658478512,3.434305488006017,1.3083068525737207,0.9936109760120339,0.3785184670522034,21.0,28.94888780809627,27.474443904048137,7.948887808096271,6
4,2026-02-16,ETZP0004,1,cluster_1,ADIDA6,0.6272727272727273,0.23765277470963034,0.7627327262203281,4.133594505260985,2.5928910987546177,1.2201840464727614,0.7465643950184693,0.351324421185162,17.0,22.972515160147754,20.74312879003694,5.972515160147754,6
4,2026-02-16,FDBLHP0001,2,cluster_2,ADIDA6,0.4,0.5216823373348182,0.2788214412311811,1.7724801278420947,0.7089920511368379,1.8906454696982344,0.292984102273676,0.7812909393964693,3.0,5.343872818189408,5.6719364090947035,2.343872818189408,6
4,2026-02-16,FDBLP0001,1,cluster_1,ADIDA6,0.8340909090909091,0.999999970046711,0.44858569500009987,7.645995653447417,6.377455465489096,1.0412172188553626,-4.115178138043615,-0.6718658184561004,49.0,16.078574895651077,51.019643723912765,-32.92142510434892,6
4,2026-02-16,FRC0003,1,cluster_1,ADIDA6,0.7363636363636363,0.4507139710741561,0.26474814879983627,1.3209154374695202,0.9726740948639194,1.1116275369873365,-0.4843036205443223,-0.553489852050654,7.0,3.1255710356454216,7.781392758911355,-3.8744289643545784,6
4,2026-02-16,FRH0028,2,cluster_2,ADIDA6,0.5636363636363636,0.18497106427443102,0.999999970046711,0.2217742068341201,0.12500000748832224,1.000000059906578,-0.12499999001557036,-0.9999999201245628,1.0,7.987543722739092e-08,1.000000059906578,-0.9999999201245628,6
4,2026-02-16,FRH0033,1,cluster_1,ADIDA6,3.0627272727272725,0.17448863799805747,0.6695237710892784,0.5713861680023746,1.75,0.875,-0.20135262557559053,-0.10067631278779526,16.0,14.389178995395275,14.0,-1.6108210046047242,6
4,2026-02-16,FRH0034,1,cluster_1,ADIDA6,1.1890909090909092,0.20841838462880877,0.6444419222764872,1.9588637310675001,2.329267054760264,,2.329267054760264,,0.0,18.634136438082113,18.634136438082113,18.634136438082113,6
4,2026-02-16,FRH0043,2,cluster_2,ADIDA6,0.2,0.05309323264993292,0.12677773807586887,0.5896727890780126,0.11793455781560251,,0.11793455781560251,,0.0,0.9434764625248201,0.9434764625248201,0.9434764625248201,6
4,2026-02-16,FRH0044,2,cluster_2,ADIDA6,0.4,0.05444648217424072,0.6109878497463883,1.8898374442494992,0.7559349776997997,0.863925688799771,-0.39873991079919846,-0.45570275519908393,7.0,3.8100807136064128,6.047479821598397,-3.1899192863935877,6
4,2026-02-16,FRH0046,1,cluster_1,ADIDA6,0.8636363636363636,0.590406565894139,0.999999970046711,8.732456198155473,7.541666716588818,0.6350877235022162,-7.541666716588818,-0.6350877235022162,95.0,34.666666267289465,60.33333373271054,-60.33333373271054,6
4,2026-02-16,FRH0048,1,cluster_1,ADIDA6,2.6575757575757573,0.2753045766249239,0.6709638113939926,0.9407069555302168,2.5,0.3125,1.2194497061485432,0.1524312132685679,64.0,73.75559764918835,20.0,9.755597649188346,6
4,2026-02-16,FRH0050,1,cluster_1,ADIDA6,1.211688311688312,0.2596219473365201,0.44417446575852976,1.969188498999498,2.386042687748743,4.772085375497486,2.3480569169983245,4.696113833996649,4.0,22.784455335986596,19.088341501989945,18.784455335986596,6
4,2026-02-16,FRH0051,1,cluster_1,ADIDA6,1.9,0.33781242200312656,0.4609625422334136,0.6488298429450906,1.232776701595672,0.39448854451061505,0.30610680638268883,0.09795417804246043,25.0,27.44885445106151,9.862213612765377,2.4488544510615107,6
4,2026-02-16,FRH0056,1,cluster_1,ADIDA6,3.5090909090909093,0.6068253555165525,0.5224974929843685,1.5622300369304782,5.4820072205014965,0.696127901016063,4.839014441002993,0.6144780242543483,63.0,101.71211552802394,43.85605776401197,38.71211552802394,6
4,2026-02-16,FRH0056-1,2,cluster_2,ADIDA6,0.09090909090909091,0.14083336089378123,0.6725445918367678,7.928303903552746,0.720754900322977,1.1532078405167632,-0.24198039870809188,-0.387168637932947,5.0,3.0641568103352648,5.766039202583816,-1.935843189664735,6
4,2026-02-16,FRH0059,1,cluster_1,ADIDA6,1.3636363636363635,0.7813292186551452,0.999999970046711,0.6416666584295133,0.8749999887675182,6.999999910140145,0.8749999850233575,6.99999988018686,1.0,7.99999988018686,6.999999910140145,6.99999988018686,6
4,2026-02-16,FRH0064,1,cluster_1,ADIDA6,0.7636363636363637,0.16374775090333635,0.583385881661395,3.5266338553573586,2.693065853181983,5.386131706363966,2.693065853181983,5.386131706363966,4.0,25.544526825455865,21.544526825455865,21.544526825455865,6
4,2026-02-16,FRH0065,2,cluster_2,ADIDA6,0.4090909090909091,0.4141073815872389,0.3421449311669772,1.6123777207889334,0.6596090675954728,0.7538389343948261,0.19421813519094555,0.22196358307536634,7.0,8.553745081527564,5.276872540763782,1.5537450815275644,6
4,2026-02-16,FRH0068,2,cluster_2,ADIDA6,0.3090909090909091,0.1333901399026961,0.602162593077704,3.9602703385239266,1.2240835591801227,9.792668473440981,1.2240835591801227,9.792668473440981,1.0,10.792668473440981,9.792668473440981,9.792668473440981,6
4,2026-02-16,FRW0005,1,cluster_1,ADIDA6,1.490909090909091,0.2959649663753711,0.8407750546437016,0.8633222823123372,1.2871350390838483,0.42904501302794945,-1.2871350390838483,-0.42904501302794945,24.0,13.702919687329212,10.297080312670786,-10.297080312670786,6
4,2026-02-16,FRW0006,1,cluster_1,ADIDA6,2.7454545454545456,0.3752923257426397,0.7047378649132026,1.5474021671328964,4.248322313401225,0.9710451002059942,3.7894297512016326,0.8661553717032303,35.0,65.31543800961306,33.9865785072098,30.31543800961306,6
4,2026-02-16,FRW0008,2,cluster_2,ADIDA6,0.09090909090909091,0.05009629683684228,0.20651702527479626,4.670088635330278,0.42455351230275257,1.132142699474007,-0.2758929753944948,-0.7357146010519862,3.0,0.7928561968440411,3.3964280984220205,-2.2071438031559585,6
4,2026-02-16,FRW0009,2,cluster_2,ADIDA6,0.23636363636363636,0.43521745335634715,0.3873282948321457,4.7927303086596735,1.1328271638650138,0.8238743009927373,-0.8906543277300277,-0.6477486019854747,11.0,3.8747653781597773,9.06261731092011,-7.125234621840222,6
4,2026-02-16,FRW0015,1,cluster_1,ADIDA6,0.8909090909090909,0.9999999776436783,0.11313664656554315,2.729487808404336,2.431725502032954,1.2969202677509089,-0.761548995934092,-0.4061594644981824,15.0,8.907608032527264,19.453804016263632,-6.092391967472736,6
4,2026-02-16,FRW0024,2,cluster_2,ADIDA6,0.22727272727272727,0.9513334964058187,0.47723098632618266,12.719573529018508,2.8908121656860244,0.9250598930195278,-2.188248662744098,-0.7002395720781114,25.0,7.494010698047215,23.126497325488195,-17.505989301952784,6
4,2026-02-16,FSTBY001,0,low_information,ADIDA6,0.01818181818181818,1.0037376640824323e-06,0.999999970046711,9.166666392094852,0.16666666167445185,,0.16666666167445185,,0.0,1.3333332933956148,1.3333332933956148,1.3333332933956148,6
4,2026-02-16,FZGLS0001,0,low_information,ADIDA6,0.01818181818181818,0.04653741485602645,1.0037376640824323e-06,20.62500920091935,0.37500016728944274,1.0000004461051806,-0.3749996654211145,-0.9999991077896387,3.0,2.6766310842483573e-06,3.000001338315542,-2.999997323368916,6
4,2026-02-16,FZGLS0002,2,cluster_2,ADIDA6,0.05454545454545454,0.07356910643210071,0.2946852594951721,6.408684124546845,0.3495645886116461,1.3982583544465843,-0.05087082277670786,-0.20348329110683144,2.0,1.593033417786337,2.7965167088931686,-0.4069665822136629,6
4,2026-02-16,FZLRICBHP0001,2,cluster_2,ADIDA6,0.21818181818181817,0.8368728826171579,0.04571052263750776,0.4953434755367938,0.10807494011711864,,0.10807494011711864,,0.0,0.8645995209369491,0.8645995209369491,0.8645995209369491,6
4,2026-02-16,FZLRJ0001,2,cluster_2,ADIDA6,0.4727272727272727,0.4806694059485783,0.2511304713995365,6.1088785191790125,2.887833481793715,0.8885641482442199,-2.52566696358743,-0.7771282964884401,26.0,5.794664291300559,23.10266785434972,-20.20533570869944,6
4,2026-02-16,FZLRJ0001double,0,low_information,ADIDA6,0.05454545454545454,0.023876245537300996,1.0037376640824323e-06,6.133921607281437e-06,3.345775422153511e-07,,3.345775422153511e-07,,0.0,2.6766203377228087e-06,2.6766203377228087e-06,2.6766203377228087e-06,6
4,2026-02-16,FZLRJ0002,1,cluster_1,ADIDA6,0.7727272727272727,0.2860501574049013,0.3953290302814079,8.291594707193292,6.4071413646493625,0.7766231957150742,-6.4071413646493625,-0.7766231957150742,66.0,14.742869082805095,51.2571309171949,-51.2571309171949,6
4,2026-02-16,FZLRJ0002double,2,cluster_2,ADIDA6,0.16363636363636364,0.12771487391099412,0.10466800450617128,0.7482135480172876,0.12243494422101069,,0.12243494422101069,,0.0,0.9794795537680855,0.9794795537680855,0.9794795537680855,6
4,2026-02-16,GJMJWJX001,1,cluster_1,ADIDA6,6.196969696969696,0.2978141899186079,0.18866345246263205,1.9374961728551623,12.006605071178202,,12.006605071178202,,0.0,96.05284056942561,96.05284056942561,96.05284056942561,6
4,2026-02-16,GJMJWJXW001,1,cluster_1,ADIDA6,8.909090909090908,0.6147513432037536,0.1017824315396062,1.4050513676590326,12.517730366416835,,12.517730366416835,,0.0,100.14184293133468,100.14184293133468,100.14184293133468,6
4,2026-02-16,HLGKSLT0001,1,cluster_1,ADIDA6,0.696969696969697,0.42884829120085766,0.7663436147318573,1.9433046602842154,1.3544244601980897,0.9850359710531561,0.5426978407923586,0.394689338758079,11.0,15.341582726338869,10.835395681584718,4.341582726338869,6
4,2026-02-16,HWZDSKL0001,1,cluster_1,ADIDA6,1.1090909090909091,0.2301244549734032,0.7712291397749419,0.9127900654471758,1.0123671634959586,1.0123671634959586,-0.9752656730080828,-0.9752656730080828,8.0,0.19787461593533717,8.098937307967669,-7.802125384064662,6
4,2026-02-16,HWZDSKL0002,2,cluster_2,ADIDA6,0.2545454545454545,0.6559632633304753,0.06677189540653183,1.6075372449450986,0.4091912987132978,1.6367651948531912,-0.037744935048936265,-0.15097974019574506,2.0,1.69804051960851,3.2735303897063823,-0.3019594803914901,6
4,2026-02-16,HZSN0001,1,cluster_1,ADIDA6,1.1090909090909091,0.43033418099965787,0.762624205171709,2.4234791511425997,2.6878586949036105,1.5359192542306346,1.625717389807221,0.9289813656041263,14.0,27.005739118457768,21.502869559228884,13.005739118457768,6
4,2026-02-16,JZJ00011,1,cluster_1,ADIDA6,0.4,0.70803422723366,0.363723810144318,4.02458555665971,1.6098342226638844,0.585394262786867,-1.229778963551846,-0.44719235038248945,22.0,12.161768291585233,12.878673781311075,-9.838231708414767,6
4,2026-02-16,JZJ00012,1,cluster_1,ADIDA6,1.2818181818181817,0.5113048924162934,0.44773019071817427,1.2101812603490694,1.5512323428110797,1.3788731936098486,1.5512323428110797,1.3788731936098486,9.0,21.409858742488638,12.409858742488638,12.409858742488638,6
4,2026-02-16,JZJ0002,1,cluster_1,ADIDA6,2.1636363636363636,0.5458755285500467,0.9999999795628426,4.236694625919551,9.166666554262301,2.0370370120582892,9.166666554262301,2.0370370120582892,36.0,109.33333243409841,73.33333243409841,73.33333243409841,6
4,2026-02-16,JZJ0003,1,cluster_1,ADIDA6,3.309090909090909,0.5535596811106753,0.6244120702788558,2.2914757423215475,7.582701547318575,0.7981791102440605,7.582701547318575,0.7981791102440605,76.0,136.6616123785486,60.6616123785486,60.6616123785486,6
4,2026-02-16,JZJ0009,1,cluster_1,ADIDA6,2.8454545454545452,0.6970632949209302,0.9999999676857538,4.217252415566727,12.000000055203504,0.5714285740573097,-2.9999997791859805,-0.14285713234218955,168.0,144.00000176651216,96.00000044162803,-23.999998233487844,6
4,2026-02-16,JZJ0013,1,cluster_1,ADIDA6,3.727272727272727,0.8493844348346021,0.999999975299768,3.00711380236202,11.208333263349346,0.924398619657678,11.208333263349346,0.924398619657678,97.0,186.66666610679476,89.66666610679476,89.66666610679476,6
4,2026-02-16,JZJ0014,2,cluster_2,ADIDA6,0.23636363636363636,0.03664158543001802,0.3832896127858059,1.2195807422879261,0.28826453908623706,,0.28826453908623706,,0.0,2.3061163126898965,2.3061163126898965,2.3061163126898965,6
4,2026-02-16,JZJ0016,1,cluster_1,ADIDA6,1.0909090909090908,0.2674649503459552,0.999999970046711,1.3750000188768134,1.5000000205928874,2.4000000329486197,1.5000000205928874,2.4000000329486197,5.0,17.0000001647431,12.0000001647431,12.0000001647431,6
4,2026-02-16,JZJ0017,2,cluster_2,ADIDA6,0.14545454545454545,0.13908988805812317,0.16587042387020956,1.6992874968545861,0.24716909045157615,1.9773527236126092,0.037892120602101544,0.30313696481681235,1.0,1.3031369648168123,1.9773527236126092,0.30313696481681235,6
4,2026-02-16,JZJ0018,2,cluster_2,ADIDA6,0.3090909090909091,0.5995798351949808,0.21809009458667494,2.87172284342785,0.8876234243322445,1.775246848664489,0.2752468486644891,0.5504936973289782,4.0,6.201974789315913,7.100987394657956,2.201974789315913,6
4,2026-02-16,JZJ0019,1,cluster_1,ADIDA6,0.6254545454545454,0.5451443303470511,0.9999999781893276,4.06371116184872,2.5416666175926537,0.7011494117496976,-2.4583332351853073,-0.6781608924649124,29.0,9.333334118517543,20.33333294074123,-19.66666588148246,6
4,2026-02-16,KZCWBG001,2,cluster_2,ADIDA6,0.2727272727272727,0.5502118673646904,0.7389716963716484,2.291666666666667,0.625,1.0,-0.435827499911732,-0.6973239998587711,5.0,1.5133800007061442,5.0,-3.486619999293856,6
4,2026-02-16,LTKF0019,1,cluster_1,ADIDA6,0.7818181818181819,0.22620925647473808,0.17596609962382248,0.6793391055514874,0.5311196643402538,0.5311196643402538,-0.06223932868050763,-0.06223932868050763,8.0,7.502085370555939,4.2489573147220305,-0.49791462944406106,6
4,2026-02-16,LTKF0020,1,cluster_1,ADIDA6,4.654545454545454,0.7993227966790908,0.49872899156966627,3.25770852852371,15.163152423673996,0.6252846360277936,-9.576304847347991,-0.39489916896280375,194.0,117.38956122121608,121.30521938939197,-76.61043877878393,6
4,2026-02-16,LTKF0021,1,cluster_1,ADIDA6,1.470909090909091,0.2588592284130784,0.999999970046711,0.7931602776358195,1.1666666629225055,0.3888888876408352,0.6666666516900217,0.22222221723000724,24.0,29.333333213520174,9.333333303380044,5.333333213520174,6
4,2026-02-16,LTKF0022M,1,cluster_1,ADIDA6,0.6636363636363637,0.8501177291796421,0.4042529855020019,4.509184867625923,2.9924590485153857,0.7041080114153848,-2.7349180970307714,-0.6435101404778285,34.0,12.12065522375383,23.939672388123086,-21.87934477624617,6
4,2026-02-16,LTKF0031,1,cluster_1,ADIDA6,1.3,0.5166721760163436,0.4573790627723586,1.97453853216273,2.566900091811549,3.422533455748732,2.566900091811549,3.422533455748732,6.0,26.535200734492392,20.535200734492392,20.535200734492392,6
4,2026-02-16,LTKF0047,2,cluster_2,ADIDA6,0.23636363636363636,0.5622345346593688,0.999999970046711,1.5865384720989155,0.3750000024961073,1.0000000066562862,-0.37499999500778536,-0.9999999866874276,3.0,3.993771741742945e-08,3.0000000199688586,-2.999999960062283,6
4,2026-02-16,LTKF0058,2,cluster_2,ADIDA6,0.05454545454545454,0.999999970046711,1.0037376640824323e-06,16.041666666666668,0.875,1.0,-0.8749986616844578,-0.9999984704965232,7.0,1.0706524336993429e-05,7.0,-6.999989293475663,6
4,2026-02-16,LTKF0101,1,cluster_1,ADIDA6,1.7454545454545454,0.7468792952982642,0.30532672465174643,2.588515595578749,4.518136312282907,1.0327168713789503,2.197545249131628,0.5022960569443722,35.0,52.580361993053025,36.14509049826326,17.580361993053025,6
4,2026-02-16,LTKF0102,2,cluster_2,ADIDA6,0.22727272727272727,0.4239073522331627,0.31556036798442155,2.8723941920036835,0.652816861819019,,0.652816861819019,,0.0,5.222534894552152,5.222534894552152,5.222534894552152,6
4,2026-02-16,LTKF0106,0,low_information,ADIDA6,0.09090909090909091,0.04962011425445619,0.2928932115712685,1.2963624188979992,0.11785112899072721,,0.11785112899072721,,0.0,0.9428090319258177,0.9428090319258177,0.9428090319258177,6
4,2026-02-16,LTKF0111,2,cluster_2,ADIDA6,0.13636363636363635,0.09996128503228498,0.428528978370722,13.174313394009644,1.796497281001315,0.8982486405006574,-1.7286630413350865,-0.8643315206675433,16.0,2.1706956693193056,14.37197824801052,-13.829304330680692,6
4,2026-02-16,LTKF093,2,cluster_2,ADIDA6,0.4,0.10833207428202313,0.5641458578348816,6.562499999999998,2.6249999999999996,0.9999999999999998,-1.829231810862803,-0.6968502136620202,21.0,6.366145513097574,20.999999999999996,-14.633854486902424,6
4,2026-02-16,LTKF098,1,cluster_1,ADIDA6,0.7068181818181818,0.9999999732617786,0.4842311348356404,4.964013650825035,3.508655103196786,28.069240825574287,3.508655103196786,28.069240825574287,1.0,29.069240825574287,28.069240825574287,28.069240825574287,6
4,2026-02-16,LYC0201,2,cluster_2,ADIDA6,0.2727272727272727,0.40945451733210014,0.18551785090112363,2.2893217999838265,0.6243604909046799,1.6649613090791464,0.12372098180935982,0.3299226181582929,3.0,3.9897678544748785,4.9948839272374395,0.9897678544748786,6
4,2026-02-16,LYC0203,2,cluster_2,ADIDA6,0.2,0.15218700942804214,0.913808780339816,1.255463092328245,0.251092618465649,2.008740947725192,0.04312349128753201,0.3449879303002561,1.0,1.344987930300256,2.008740947725192,0.3449879303002561,6
4,2026-02-16,NNB0002,1,cluster_1,ADIDA6,0.45454545454545453,0.999999964643822,0.8809039522216753,24.2,11.0,1.0,-3.499106850524545,-0.3181006227749586,88.0,60.00714519580364,88.0,-27.99285480419636,6
4,2026-02-16,QCCXC0004,1,cluster_1,ADIDA6,1.1272727272727272,0.399929821888268,0.04104280283918431,0.4768803872770425,0.537574254748666,4.300594037989328,0.42509900633155473,3.400792050652438,1.0,4.400792050652438,4.300594037989328,3.400792050652438,6
4,2026-02-16,QFSJZ002-1,2,cluster_2,ADIDA6,0.12727272727272726,0.28358973665630305,0.16499417905651104,3.71765977541356,0.47315669868899846,1.2617511965039958,-0.1786866026220031,-0.4764976069920082,3.0,1.570507179023975,3.7852535895119876,-1.4294928209760247,6
4,2026-02-16,QFSJZ003,2,cluster_2,ADIDA6,0.14545454545454545,0.10601930860233544,0.999999970046711,2.0560822630667166e-15,2.990665109915224e-16,,2.990665109915224e-16,,0.0,2.3925320879321793e-15,2.3925320879321793e-15,2.3925320879321793e-15,6
4,2026-02-16,QFSJZ003-1,2,cluster_2,ADIDA6,0.5,0.27935296872734544,0.44193164263721274,3.058935739205196,1.529467869602598,,1.529467869602598,,0.0,12.235742956820784,12.235742956820784,12.235742956820784,6
4,2026-02-16,RLHZHMV000AMDE,1,cluster_1,ADIDA6,3.1636363636363636,0.6381524962414938,0.8155483998755557,2.7261534609880305,8.62455822203486,0.6831333245176127,-8.62455822203486,-0.6831333245176127,101.0,32.00353422372112,68.99646577627888,-68.99646577627888,6
4,2026-02-16,SLT0003,2,cluster_2,ADIDA6,0.43636363636363634,0.09632545367280679,0.9999999654913342,2.7690972222222223,1.2083333333333333,9.666666666666666,1.2083333333333333,9.666666666666666,1.0,10.666666666666666,9.666666666666666,9.666666666666666,6
4,2026-02-16,SLT0004,2,cluster_2,ADIDA6,0.12727272727272726,0.999999970046711,0.3960527295281557,4.104490295432297,0.5223896739641104,,0.5223896739641104,,0.0,4.179117391712883,4.179117391712883,4.179117391712883,6
4,2026-02-16,XHP0001,1,cluster_1,ADIDA6,1.7363636363636363,0.8611177363754615,0.2423435288530694,14.076675423606606,24.442227326444197,0.9400856664016999,-21.768909305776788,-0.8372657425298764,208.0,33.848725553785705,195.53781861155358,-174.1512744462143,6
4,2026-02-16,XHZXCZP0001,1,cluster_1,ADIDA6,2.6,0.9200254916366399,0.999999970046711,1.5384615168606084,3.9999999438375817,0.7619047512071584,-3.916666591783442,-0.7460317317682746,42.0,10.666667265732462,31.999999550700654,-31.333332734267536,6
4,2026-02-16,XHZXCZP0002,2,cluster_2,ADIDA6,0.18181818181818182,0.5897869853636646,0.2512401452437899,7.203588362679729,1.3097433386690416,0.6985297806234888,-1.121324451558722,-0.5980397074979851,15.0,6.0294043875302235,10.477946709352333,-8.970595612469776,6
4,2026-02-16,YDBZ001,1,cluster_1,ADIDA6,0.6,0.7610851925923875,0.39359140119273384,4.129799784764584,2.47787987085875,9.911519483435,2.47787987085875,9.911519483435,2.0,21.82303896687,19.82303896687,19.82303896687,6
4,2026-02-16,YDBZ002,1,cluster_1,ADIDA6,0.9636363636363636,0.518755976489853,0.24417789545038457,1.8415371653135864,1.7745721774840013,4.73219247329067,1.4910962366453349,3.9762566310542264,3.0,14.928769893162679,14.19657741987201,11.928769893162679,6
4,2026-02-16,YJLZHMV000AMDE,1,cluster_1,ADIDA6,0.9818181818181818,0.25165180852752034,0.8944751490826092,0.7191348286987781,0.7060596499951639,0.9414128666602185,-0.5742385999806559,-0.7656514666408745,6.0,1.4060912001547539,5.648477199961311,-4.593908799845247,6
4,2026-02-16,YXBLJ0001,2,cluster_2,ADIDA6,0.14545454545454545,0.21768857628212557,0.999999970046711,8.020833333333329,1.1666666666666659,,1.1666666666666659,,0.0,9.333333333333327,9.333333333333327,9.333333333333327,6
4,2026-02-16,ZBTZ0002,0,low_information,ADIDA6,0.509090909090909,0.0037448030266801994,0.011751674272200665,0.7905168518253215,0.40244494274743636,1.0731865139931636,-0.3201101145051273,-0.8536269720136728,3.0,0.4391190839589821,3.219559541979491,-2.560880916041018,6
4,2026-02-16,ZBTZ0003,2,cluster_2,ADIDA6,0.14545454545454545,0.05459196795145066,0.7705040270612924,5.681467444881726,0.8263952647100692,6.6111621176805535,0.8101936862800923,6.481549490240738,1.0,7.481549490240738,6.6111621176805535,6.481549490240738,6
4,2026-02-16,ZTD0001,2,cluster_2,ADIDA6,0.14545454545454545,0.6455771941952186,0.999999970046711,17.18749976833003,2.49999996630255,2.8571428186314853,1.624999955070066,1.857142805794361,7.0,19.999999640560528,19.9999997304204,12.999999640560528,6
4,2026-02-16,ZTD0003,1,cluster_1,ADIDA6,0.3090909090909091,0.999999970046711,0.1609478851173632,5.283181000432754,1.6329832183155786,0.8709243831016419,-0.9069328732623143,-0.48369753240656765,15.0,7.744537013901485,13.063865746524629,-7.2554629860985145,6
5,2026-04-13,BLP0001,1,cluster_1,ADIDA6,1.2161016949152543,0.1528063716288991,0.4979811391213608,2.569315201912476,3.124548571817291,0.36226650108026565,-2.957731429089722,-0.3429253830828663,69.0,45.338148567282225,24.99638857453833,-23.661851432717775,6
5,2026-04-13,BLP0002,1,cluster_1,ADIDA6,0.5,0.2752065834908663,0.999999970046711,2.5,1.25,0.8333333333333334,-0.333333323348902,-0.22222221556593466,12.0,9.333333413208784,10.0,-2.666666586791216,6
5,2026-04-13,BLP0003,2,cluster_2,ADIDA6,0.13559322033898305,0.2183812023191063,0.5537578026067159,4.855067834567149,0.6583142826531727,2.633257130612691,0.29441904353756365,1.1776761741502546,2.0,4.355352348300509,5.266514261225382,2.355352348300509,6
5,2026-04-13,BLP0004,2,cluster_2,ADIDA6,0.11864406779661017,0.12216382720491621,0.9999999728238645,4.214285752461712,0.5000000045293557,,0.5000000045293557,,0.0,4.000000036234845,4.000000036234845,4.000000036234845,6
5,2026-04-13,CLSSLT0003,2,cluster_2,ADIDA6,0.2711864406779661,0.2808856039171493,0.23787943373677642,1.6611869378274537,0.45049137297015696,,0.45049137297015696,,0.0,3.6039309837612556,3.6039309837612556,3.6039309837612556,6
5,2026-04-13,CLSSLT0006,2,cluster_2,ADIDA6,0.4406779661016949,0.18643831694141913,0.943790613118795,1.49289115157403,0.6578842362868607,2.6315369451474426,0.5657684725737214,2.2630738902948857,2.0,6.526147780589771,5.263073890294885,4.526147780589771,6
5,2026-04-13,CWW0002,1,cluster_1,ADIDA6,2.5254237288135593,0.9935624465739931,0.9449020866312332,10.164099779896901,25.668658766180307,3.4224878354907076,25.668658766180307,3.4224878354907076,60.0,265.34927012944246,205.34927012944246,205.34927012944246,6
5,2026-04-13,DHZXCZP0001,1,cluster_1,ADIDA6,0.4915254237288136,0.551115450598718,0.19687272983224302,2.0556252551205927,1.0103920745508,4.0415682982032,1.0103920745508,4.0415682982032,2.0,10.0831365964064,8.0831365964064,8.0831365964064,6
5,2026-04-13,DRMJJ0021,2,cluster_2,ADIDA6,0.2542372881355932,0.42782538191375574,0.11551909457684542,1.3914832152405008,0.35376691912894087,2.830135353031527,0.1800225588385878,1.4401804707087025,1.0,2.4401804707087025,2.830135353031527,1.4401804707087025,6
5,2026-04-13,DRMJJ0022,1,cluster_1,ADIDA6,0.5508474576271186,0.5414603383898653,0.3234497179522828,1.9963701561870866,1.0996954250183104,1.7595126800292966,1.0079272333577471,1.6126835733723954,5.0,13.063417866861977,8.797563400146483,8.063417866861977,6
5,2026-04-13,DRMJJ0023,1,cluster_1,ADIDA6,0.9661016949152542,0.3245561694309708,0.9999999649220823,0.8194444837788951,0.7916667046677461,0.703703737482441,0.2083334093354925,0.18518525274265998,9.0,10.66666727468394,6.333333637341969,1.66666727468394,6
5,2026-04-13,DRMJJ0025,2,cluster_2,ADIDA6,0.2711864406779661,0.4151441143193232,0.28422859383061727,2.196079293296767,0.5955469269957334,2.3821877079829337,0.44109385399146694,1.7643754159658678,2.0,5.5287508319317356,4.764375415965867,3.5287508319317356,6
5,2026-04-13,DRMJJ0026,2,cluster_2,ADIDA6,0.3135593220338983,0.3934072810338614,0.21950091416383913,1.5945945945945945,0.5,1.0,0.06283243650769821,0.12566487301539642,4.0,4.502659492061586,4.0,0.5026594920615857,6
5,2026-04-13,DRMJJ0027,2,cluster_2,ADIDA6,0.0847457627118644,0.8164538847167246,0.14228114144904322,5.390161720415058,0.4567933661368693,1.2181156430316515,-0.2114132677262614,-0.563768713936697,3.0,1.308693858189909,3.6543469290949546,-1.6913061418100912,6
5,2026-04-13,ETZP0003,1,cluster_1,ADIDA6,0.6779661016949152,0.108098616006425,0.34889913674954953,2.5531764307844016,1.7309670717182384,,1.7309670717182384,,0.0,13.847736573745907,13.847736573745907,13.847736573745907,6
5,2026-04-13,ETZP0004,1,cluster_1,ADIDA6,0.6610169491525424,0.45777531078068784,0.3921097920679582,4.7664674306534165,3.150715759245479,,3.150715759245479,,0.0,25.20572607396383,25.20572607396383,25.20572607396383,6
5,2026-04-13,FDBLHP0001,2,cluster_2,ADIDA6,0.4067796610169492,0.5136558896289566,0.28278241259820985,1.9895083077326274,0.8092915150098824,,0.8092915150098824,,0.0,6.474332120079059,6.474332120079059,6.474332120079059,6
5,2026-04-13,FDBLP0001,1,cluster_1,ADIDA6,1.0847457627118644,0.999999970046711,0.48086736079929204,10.519642853012778,11.41113801004776,1.0373761827316146,-9.677723979904483,-0.8797930890822258,88.0,10.578208160764145,91.28910408038207,-77.42179183923587,6
5,2026-04-13,FRC0003,1,cluster_1,ADIDA6,0.7288135593220338,0.4980429557463636,0.1705601288403349,3.796660508665965,2.7670576588582456,0.8514023565717679,-2.2841153177164912,-0.7028047131435358,26.0,7.727077458268074,22.136461270865965,-18.27292254173193,6
5,2026-04-13,FRH0028,2,cluster_2,ADIDA6,0.5423728813559322,0.1827931416846616,0.999999970046711,0.4609374930967033,0.24999999625583907,1.9999999700467126,0.04166666167445212,0.33333329339561696,1.0,1.333333293395617,1.9999999700467126,0.33333329339561696,6
5,2026-04-13,FRH0033,1,cluster_1,ADIDA6,2.965254237288135,0.17280085239963103,0.6569279403288798,0.6701504843543088,1.9871665633523103,3.9743331267046207,1.9871665633523103,3.9743331267046207,4.0,19.897332506818483,15.897332506818483,15.897332506818483,6
5,2026-04-13,FRH0034,1,cluster_1,ADIDA6,1.116949152542373,0.24715318134508418,0.4743709095320405,0.9863050301884352,1.1016525676172522,,1.1016525676172522,,0.0,8.813220540938017,8.813220540938017,8.813220540938017,6
5,2026-04-13,FRH0043,2,cluster_2,ADIDA6,0.1864406779661017,0.03290532015649695,0.16703932085794068,1.6572119201206357,0.3089717139207965,2.471773711366372,0.12029561856106194,0.9623649484884955,1.0,1.9623649484884955,2.471773711366372,0.9623649484884955,6
5,2026-04-13,FRH0044,2,cluster_2,ADIDA6,0.423728813559322,0.06315824658786393,0.5765547153873113,1.1163999588623406,0.47305083002641546,1.2614688800704412,0.01720332010566203,0.04587552028176541,3.0,3.137626560845296,3.7844066402113237,0.13762656084529623,6
5,2026-04-13,FRH0046,1,cluster_1,ADIDA6,1.11864406779661,0.5317776751135557,0.999999970046711,9.088383588470538,10.166666387102635,2.9047618248864673,10.166666387102635,2.9047618248864673,28.0,109.33333109682108,81.33333109682108,81.33333109682108,6
5,2026-04-13,FRH0048,1,cluster_1,ADIDA6,2.6553672316384183,0.2901743546937236,0.7162118822941259,1.3877629699028864,3.685020315561337,0.5669262023940518,3.685020315561337,0.5669262023940518,52.0,81.4801625244907,29.480162524490694,29.480162524490694,6
5,2026-04-13,FRH0050,1,cluster_1,ADIDA6,1.2203389830508475,0.31120989690307505,0.22772061158570772,1.2140536062908984,1.481556943270249,,1.481556943270249,,0.0,11.852455546161991,11.852455546161991,11.852455546161991,6
5,2026-04-13,FRH0051,1,cluster_1,ADIDA6,1.8644067796610169,0.3341028128944242,0.45384272801821857,1.125339091335746,2.098089831303933,0.9324843694684147,1.4461796626078658,0.642746516714607,18.0,29.569437300862926,16.784718650431465,11.569437300862926,6
5,2026-04-13,FRH0056,1,cluster_1,ADIDA6,3.6440677966101696,0.5457068839692362,0.46747881720175827,1.5671715411263216,5.7108793447823585,0.43100976187036666,-4.171758689564717,-0.3148497124199786,106.0,72.62593048348226,45.68703475825887,-33.374069516517736,6
5,2026-04-13,FRH0056-1,2,cluster_2,ADIDA6,0.15254237288135594,0.10571569889816858,0.32760057794609054,2.2576294081330492,0.3443841470033465,1.377536588013386,-0.06123170599330695,-0.2449268239732278,2.0,1.5101463520535445,2.755073176026772,-0.4898536479464556,6
5,2026-04-13,FRH0059,1,cluster_1,ADIDA6,1.2881355932203389,0.7817059769728365,0.999999970046711,0.5822368421052632,0.7499999999999999,1.4999999999999998,0.49999999999999944,0.9999999999999989,4.0,7.999999999999996,5.999999999999999,3.9999999999999956,6
5,2026-04-13,FRH0064,1,cluster_1,ADIDA6,0.7627118644067796,0.20104619229849266,0.4821402254173596,1.8707183549685358,1.4268190842980357,2.8536381685960714,1.4024254457307144,2.8048508914614287,4.0,15.219403565845715,11.414552674384286,11.219403565845715,6
5,2026-04-13,FRH0065,2,cluster_2,ADIDA6,0.4576271186440678,0.4694014147080638,0.46231146741268275,2.1632001009789965,0.9899390292615746,1.1313588905846568,0.854878058523149,0.9770034954550274,7.0,13.839024468185192,7.919512234092597,6.839024468185192,6
5,2026-04-13,FRH0068,1,cluster_1,ADIDA6,0.3050847457627119,0.1783103393518493,0.4938962527083291,3.176717097437211,0.9691679280316916,,0.9691679280316916,,0.0,7.753343424253533,7.753343424253533,7.753343424253533,6
5,2026-04-13,FRW0005,1,cluster_1,ADIDA6,1.4406779661016949,0.3064954402109559,0.7547062413576169,1.0411764705882354,1.5,0.6,0.09267763635989246,0.03707105454395698,20.0,20.74142109087914,12.0,0.7414210908791397,6
5,2026-04-13,FRW0006,1,cluster_1,ADIDA6,2.76271186440678,0.3619319297190198,0.7588598153275138,1.895546348036992,5.236848385254741,8.378957416407586,5.236848385254741,8.378957416407586,5.0,46.89478708203793,41.89478708203793,41.89478708203793,6
5,2026-04-13,FRW0008,2,cluster_2,ADIDA6,0.13559322033898305,0.052237492137411926,0.16436417663194952,0.5453017865077672,0.07393922528918877,,0.07393922528918877,,0.0,0.5915138023135101,0.5915138023135101,0.5915138023135101,6
5,2026-04-13,FRW0009,2,cluster_2,ADIDA6,0.2966101694915254,0.43578179332670536,0.36318230366616916,4.326705627364891,1.2833448894726371,0.9333417377982816,-1.0083795578905486,-0.7333669511931262,11.0,2.9329635368756133,10.266759115781097,-8.067036463124388,6
5,2026-04-13,FRW0015,1,cluster_1,ADIDA6,0.9322033898305084,0.9999999808792218,0.10582221656213138,19.329962067268248,18.0194561644026,0.9483924297054,-18.0194561644026,-0.9483924297054,152.0,7.844350684779177,144.1556493152208,-144.1556493152208,6
5,2026-04-13,FRW0024,1,cluster_1,ADIDA6,0.3898305084745763,0.999999970046711,0.43452317180874045,3.527173913043478,1.375,0.6470588235294118,0.799326864837822,0.3761538187472104,17.0,23.394614918702576,11.0,6.394614918702576,6
5,2026-04-13,FSTBY001,0,low_information,ADIDA6,0.01694915254237288,1.0037376640824323e-06,1.0037376640824323e-06,7.375007402557841,0.12500012546708206,1.0000010037366565,-0.12499983271055724,-0.999998661684458,1.0,1.3383155421241786e-06,1.0000010037366565,-0.999998661684458,6
5,2026-04-13,FZGLS0001,0,low_information,ADIDA6,0.06779661016949153,0.08588094301691887,1.0037376640824323e-06,3.6875024675168047,0.2500001672892749,1.0000006691570995,-0.24999966542145027,-0.9999986616858011,2.0,2.676628397612925e-06,2.000001338314199,-1.9999973233716022,6
5,2026-04-13,FZGLS0002,2,cluster_2,ADIDA6,0.0847457627118644,0.06403292839551743,0.2662041184824736,2.1214042654200607,0.17978002249322547,,0.17978002249322547,,0.0,1.4382401799458038,1.4382401799458038,1.4382401799458038,6
5,2026-04-13,FZLRICBHP0001,1,cluster_1,ADIDA6,0.23728813559322035,0.999999970046711,0.12011753548465263,1.8917410764369393,0.4488877130528331,,0.4488877130528331,,0.0,3.5911017044226647,3.5911017044226647,3.5911017044226647,6
5,2026-04-13,FZLRJ0001,1,cluster_1,ADIDA6,0.5847457627118644,0.6109459754002666,0.24006574394202826,1.80057718041259,1.0528798766819383,1.203291287636501,0.8365195067277533,0.9560222934031467,7.0,13.692156053822027,8.423039013455506,6.692156053822027,6
5,2026-04-13,FZLRJ0001double,0,low_information,ADIDA6,0.05084745762711865,0.018044650605858612,0.06297894408563487,0.48587896529561236,0.0247057100997769,,0.0247057100997769,,0.0,0.1976456807982152,0.1976456807982152,0.1976456807982152,6
5,2026-04-13,FZLRJ0002,1,cluster_1,ADIDA6,1.0593220338983051,0.30388448915470684,0.999999970046711,2.477999968189605,2.6249999663025476,0.8749999887675158,1.8333332884033968,0.6111110961344656,24.0,38.666666307227175,20.99999973042038,14.666666307227175,6
5,2026-04-13,FZLRJ0002double,2,cluster_2,ADIDA6,0.15254237288135594,0.08378785637318853,0.1277956665789789,1.0559680475508706,0.1610798716603023,,0.1610798716603023,,0.0,1.2886389732824184,1.2886389732824184,1.2886389732824184,6
5,2026-04-13,GJMJWJX001,1,cluster_1,ADIDA6,5.785310734463277,0.3005684724825396,0.14918841237387184,1.5949171112261513,9.227091084155813,,9.227091084155813,,0.0,73.8167286732465,73.8167286732465,73.8167286732465,6
5,2026-04-13,GJMJWJXW001,1,cluster_1,ADIDA6,8.305084745762711,0.6147516959275896,0.08531133878702106,1.2348153550464838,10.255246169030118,,10.255246169030118,,0.0,82.04196935224094,82.04196935224094,82.04196935224094,6
5,2026-04-13,HLGKSLT0001,1,cluster_1,ADIDA6,0.7372881355932204,0.43377442755179213,0.5368984395512084,1.8698206232739623,1.378596561227413,2.2057544979638606,1.378596561227413,2.2057544979638606,5.0,16.028772489819303,11.028772489819303,11.028772489819303,6
5,2026-04-13,HWZDSKL0001,1,cluster_1,ADIDA6,1.0847457627118644,0.23812147806843956,0.7713519511988194,3.567061591072511,3.869354946248148,0.9985432119350058,-3.869354946248148,-0.9985432119350058,31.0,0.04516043001481818,30.954839569985182,-30.954839569985182,6
5,2026-04-13,HWZDSKL0002,1,cluster_1,ADIDA6,0.2711864406779661,0.6166048255619792,0.057386682375758453,0.6663198376719247,0.1806969051313694,,0.1806969051313694,,0.0,1.4455752410509553,1.4455752410509553,1.4455752410509553,6
5,2026-04-13,HZSN0001,1,cluster_1,ADIDA6,1.2372881355932204,0.3683344647639664,0.7252294594500474,1.1537756034875324,1.4275528653320315,0.6717895836856619,0.48010573066406304,0.22593210854779436,17.0,20.840845845312504,11.420422922656252,3.8408458453125043,6
5,2026-04-13,JZJ00011,1,cluster_1,ADIDA6,0.5254237288135594,0.48857403534473054,0.3779846844126627,2.6578231983704454,1.39648337541498,3.72395566777328,1.39648337541498,3.72395566777328,3.0,14.17186700331984,11.17186700331984,11.17186700331984,6
5,2026-04-13,JZJ00012,1,cluster_1,ADIDA6,1.2881355932203389,0.48639683367549263,0.4710282960819876,0.9959576931457403,1.2829285538826485,0.5401804437400625,-0.05914289223470304,-0.024902270414611804,19.0,18.526856862122376,10.263428431061188,-0.4731431378776243,6
5,2026-04-13,JZJ0002,1,cluster_1,ADIDA6,2.211864406779661,0.5319994886888935,0.7304654778243032,1.6837177204317482,3.7241552968871714,0.504970209747413,0.021621187548684806,0.002931686447279296,59.0,59.17296950038948,29.79324237509737,0.17296950038947845,6
5,2026-04-13,JZJ0003,1,cluster_1,ADIDA6,3.4322033898305087,0.5127980948637576,0.6522416727435917,1.0247006303946942,3.5169809772021288,0.3561499723748991,3.3143079696028384,0.3356261235040849,79.0,105.5144637568227,28.13584781761703,26.514463756822707,6
5,2026-04-13,JZJ0009,1,cluster_1,ADIDA6,3.5,0.5217563660337463,0.9999999711417219,3.535714240365564,12.374999841279474,0.6305732403199732,9.374999682558947,0.47770699019408647,157.0,231.99999746047158,98.99999873023579,74.99999746047158,6
5,2026-04-13,JZJ0013,1,cluster_1,ADIDA6,3.805084745762712,0.7818632994285376,0.9999999748594876,0.7555679083586716,2.87499992248342,0.23232322605926628,-1.3749996899336807,-0.11111108605524693,99.0,88.00000248053055,22.99999937986736,-10.999997519469446,6
5,2026-04-13,JZJ0014,1,cluster_1,ADIDA6,0.22033898305084745,0.03276323139520085,0.37326823321012664,1.5443507766111284,0.34028067959228253,1.3611227183691301,-0.06943864081543495,-0.2777545632617398,2.0,1.4444908734765203,2.7222454367382602,-0.5555091265234796,6
5,2026-04-13,JZJ0016,1,cluster_1,ADIDA6,1.0593220338983051,0.3405911726279005,0.9866301706054067,2.0496215479164186,2.171209266860613,0.6680643898032655,-1.592418533721225,-0.48997493345268467,26.0,13.2606517302302,17.369674134884903,-12.7393482697698,6
5,2026-04-13,JZJ0017,2,cluster_2,ADIDA6,0.15254237288135594,0.11531932616250049,0.14710731534357346,1.478358598839735,0.22551232863656975,1.804098629092558,0.009016438182093009,0.07213150545674407,1.0,1.0721315054567442,1.804098629092558,0.07213150545674407,6
5,2026-04-13,JZJ0018,2,cluster_2,ADIDA6,0.3389830508474576,0.5678096882977889,0.2122188487327373,2.3865119511894783,0.8089871020981282,3.2359484083925127,0.4953161361308376,1.9812645445233503,2.0,5.962529089046701,6.4718968167850255,3.9625290890467006,6
5,2026-04-13,JZJ0019,1,cluster_1,ADIDA6,0.7299435028248586,0.545651489644681,0.7404002834802629,5.1538256069989075,3.762001516521236,3.762001516521236,3.6826686886949815,3.6826686886949815,8.0,37.46134950955985,30.09601213216989,29.461349509559852,6
5,2026-04-13,KZCWBG001,2,cluster_2,ADIDA6,0.2796610169491525,0.5800521535631458,0.753349875200364,9.751211045024638,2.7270335973373983,0.991648580849963,-2.7040671946747965,-0.983297161699926,22.0,0.367462442601626,21.816268778699186,-21.632537557398372,6
5,2026-04-13,LTKF0019,1,cluster_1,ADIDA6,0.7966101694915254,0.21916923706444916,0.17725687624897452,0.9104481424178078,0.7252722490446943,2.9010889961787774,0.7005444980893888,2.802177992357555,2.0,7.60435598471511,5.802177992357555,5.60435598471511,6
5,2026-04-13,LTKF0020,1,cluster_1,ADIDA6,5.135593220338983,0.8553746926364411,0.44746872217923866,1.8972961884017672,9.743741442131109,0.49335399706992955,6.737482884262217,0.34113837388669455,158.0,211.89986307409774,77.94993153704887,53.89986307409774,6
5,2026-04-13,LTKF0021,1,cluster_1,ADIDA6,1.4830508474576272,0.2507407024129605,0.999999970046711,1.18,1.75,0.4666666666666667,1.0833332784189702,0.2888888742450587,30.0,38.66666622735176,14.0,8.666666227351762,6
5,2026-04-13,LTKF0022M,1,cluster_1,ADIDA6,0.8050847457627118,0.76380304390073,0.3233021016619973,3.308151103375558,2.663341990005746,1.9369759927314514,2.663341990005746,1.9369759927314514,11.0,32.306735920045966,21.306735920045966,21.306735920045966,6
5,2026-04-13,LTKF0031,1,cluster_1,ADIDA6,1.228813559322034,0.5197064762363592,0.4987719316617193,1.3942067526070923,1.7132201621019356,2.741152259363097,1.7132201621019356,2.741152259363097,5.0,18.705761296815485,13.705761296815485,13.705761296815485,6
5,2026-04-13,LTKF0047,1,cluster_1,ADIDA6,0.2711864406779661,0.5014857273687946,0.999999970046711,1.6901041574622708,0.458333330837226,1.222222215565936,-0.20833333832554807,-0.5555555688681282,3.0,1.333333293395616,3.666666646697808,-1.6666667066043845,6
5,2026-04-13,LTKF0058,2,cluster_2,ADIDA6,0.11864406779661017,0.5748912220914564,0.11454150661639749,3.4934746411128503,0.41448004216593143,1.1052801124424838,-0.2170798313362743,-0.5788795502300648,3.0,1.263361349309806,3.3158403373274514,-1.7366386506901943,6
5,2026-04-13,LTKF0101,1,cluster_1,ADIDA6,1.771186440677966,0.7745922964176142,0.21316063852990294,3.847570717584473,6.81476508453521,0.6195240985941101,-6.753020112713614,-0.6139109193376012,88.0,33.97583909829109,54.51812067628168,-54.02416090170891,6
5,2026-04-13,LTKF0102,2,cluster_2,ADIDA6,0.22033898305084745,0.4879204948654504,0.3384924214736345,3.616355750988769,0.796824148522949,3.187296594091796,0.47909886469726537,1.9163954587890615,2.0,5.832790917578123,6.374593188183592,3.832790917578123,6
5,2026-04-13,LTKF0106,0,low_information,ADIDA6,0.0847457627118644,0.03315298042897241,0.3203708389161281,2.6807637929658843,0.2271833722852444,1.8174669782819552,0.011244496380325875,0.089955971042607,1.0,1.089955971042607,1.8174669782819552,0.089955971042607,6
5,2026-04-13,LTKF0111,2,cluster_2,ADIDA6,0.23728813559322035,0.31468110716665937,0.5271854442401231,3.1607142857142856,0.75,1.0,0.17456944847730949,0.23275926463641264,6.0,7.396555587818476,6.0,1.3965555878184759,6
5,2026-04-13,LTKF093,1,cluster_1,ADIDA6,0.6016949152542372,0.16100454274272347,0.6773083274503086,4.008055276894285,2.4116264801652054,0.9646505920660822,-2.1465059206608217,-0.8586023682643287,20.0,2.82795263471343,19.293011841321643,-17.172047365286573,6
5,2026-04-13,LTKF098,1,cluster_1,ADIDA6,0.6610169491525424,0.999999970046711,0.46909519294561425,2.8615969979567573,1.8915641172934499,0.6579353451455477,0.19125646917379902,0.06652398927784313,23.0,24.530051753390392,15.132512938347599,1.5300517533903921,6
5,2026-04-13,LYC0201,1,cluster_1,ADIDA6,0.2966101694915254,0.39267210452863877,0.1734017978958462,13.553941483474857,4.020236880691694,0.9459380895745163,-3.7904737613833883,-0.8918761791490325,34.0,3.676209908932899,32.161895045533555,-30.323790091067107,6
5,2026-04-13,LYC0203,2,cluster_2,ADIDA6,0.2033898305084746,0.14768519785534828,0.9139919352251338,4.507097754333149,0.9166978483389456,1.047654683815938,-0.7082086066442175,-0.8093812647362485,7.0,1.334331146846261,7.333582786711565,-5.66566885315374,6
5,2026-04-13,NNB0002,1,cluster_1,ADIDA6,0.826271186440678,0.7907129419916257,0.999999970046711,17.473076824896697,14.437499918876508,2.2211538336733088,10.374999837753016,1.5961538211927717,52.0,134.99999870202413,115.49999935101206,82.99999870202413,6
5,2026-04-13,QCCXC0004,1,cluster_1,ADIDA6,1.0677966101694916,0.39921628739664017,0.03676908252226391,0.46131450359369724,0.49259006315937165,,0.49259006315937165,,0.0,3.940720505274973,3.940720505274973,3.940720505274973,6
5,2026-04-13,QFSJZ002-1,2,cluster_2,ADIDA6,0.15254237288135594,0.25388826741342063,0.13455308212556275,1.0213799203415868,0.15580371666227597,,0.15580371666227597,,0.0,1.2464297332982077,1.2464297332982077,1.2464297332982077,6
5,2026-04-13,QFSJZ003,2,cluster_2,ADIDA6,0.13559322033898305,0.11856742359728997,0.999999970046711,1.843749972386812,0.2499999962558389,1.9999999700467113,0.041666661674451856,0.33333329339561485,1.0,1.3333332933956148,1.9999999700467113,0.33333329339561485,6
5,2026-04-13,QFSJZ003-1,2,cluster_2,ADIDA6,0.4745762711864407,0.4313020324657162,0.4392894860190772,3.1906835893402503,1.5142227203648646,,1.5142227203648646,,0.0,12.113781762918917,12.113781762918917,12.113781762918917,6
5,2026-04-13,RLHZHMV000AMDE,1,cluster_1,ADIDA6,3.330508474576271,0.6309042988294287,0.8148492014527345,1.0364848638899686,3.4520216229555736,0.3034744283916988,-3.029043245911147,-0.2662895161240569,91.0,66.76765403271082,27.61617298364459,-24.232345967289177,6
5,2026-04-13,SLT0003,2,cluster_2,ADIDA6,0.423728813559322,0.1188640424570516,0.9999999675237383,0.7866667433106442,0.333333365809595,,0.333333365809595,,0.0,2.66666692647676,2.66666692647676,2.66666692647676,6
5,2026-04-13,SLT0004,2,cluster_2,ADIDA6,0.11864406779661017,0.999999970046711,0.33128977423252476,3.269711815754945,0.38793191034380703,,0.38793191034380703,,0.0,3.1034552827504562,3.1034552827504562,3.1034552827504562,6
5,2026-04-13,XHP0001,1,cluster_1,ADIDA6,2.593220338983051,0.999999970046711,0.6976445615436573,26.80065359477124,69.5,0.9586206896551724,-53.77662937300428,-0.7417466120414384,580.0,149.7869650159657,556.0,-430.21303498403427,6
5,2026-04-13,XHZXCZP0001,1,cluster_1,ADIDA6,2.635593220338983,0.9074447972377203,0.999999970046711,2.2132904703496457,5.833333358294405,0.7291666697868007,-5.833333358294405,-0.7291666697868007,64.0,17.33333313364476,46.66666686635524,-46.66666686635524,6
5,2026-04-13,XHZXCZP0002,1,cluster_1,ADIDA6,0.2932203389830508,0.4346653830461471,0.5869670074215286,22.07006910978258,6.471393145749806,0.7964791563999761,-6.471393145749806,-0.7964791563999761,65.0,13.228854834001558,51.77114516599845,-51.77114516599845,6
5,2026-04-13,YDBZ001,1,cluster_1,ADIDA6,0.5847457627118644,0.8105340730165635,0.30532176228108426,3.4504947373855996,2.0176621769458167,,2.0176621769458167,,0.0,16.141297415566534,16.141297415566534,16.141297415566534,6
5,2026-04-13,YDBZ002,1,cluster_1,ADIDA6,0.940677966101695,0.6018425316744961,0.26625532827176307,2.5709132018349456,2.418401401726093,,2.418401401726093,,0.0,19.347211213808745,19.347211213808745,19.347211213808745,6
5,2026-04-13,YJLZHMV000AMDE,1,cluster_1,ADIDA6,0.9915254237288136,0.2478028982896437,0.8759550183614142,1.1335073154632804,1.123901321264439,0.7492675475096261,-0.7478026425288782,-0.49853509501925214,12.0,6.0175788597689746,8.991210570115513,-5.9824211402310254,6
5,2026-04-13,YXBLJ0001,2,cluster_2,ADIDA6,0.13559322033898305,0.30763519375310416,0.9999999687590223,3.994791762667588,0.5416666796837407,1.444444479156642,-0.04166664063251857,-0.11111104168671619,3.0,2.6666668749398514,4.333333437469926,-0.33333312506014856,6
5,2026-04-13,ZBTZ0002,1,cluster_1,ADIDA6,0.5084745762711864,0.005434582479488731,0.010065574732667818,3.710608410016672,1.886750038991528,1.0062666874621482,-1.8279998440338896,-0.9749332501514077,15.0,0.376001247728885,15.094000311932223,-14.623998752271117,6
5,2026-04-13,ZBTZ0003,1,cluster_1,ADIDA6,0.15254237288135594,0.042421271523282886,0.22791390957320048,3.093412480190557,0.471876480029068,1.887505920116272,0.04583530670542406,0.18334122682169623,2.0,2.3666824536433926,3.775011840232544,0.36668245364339247,6
5,2026-04-13,ZTD0001,2,cluster_2,ADIDA6,0.2288135593220339,0.46456634717811,0.2281285001750319,8.57438172484693,1.9619348014480265,0.8719710228657895,-1.673869602896053,-0.7439420457315791,18.0,4.609043176831575,15.695478411584212,-13.390956823168423,6
5,2026-04-13,ZTD0003,1,cluster_1,ADIDA6,0.3559322033898305,0.8142426146662943,0.5649034272018936,7.026597415713163,2.500992300508075,4.00158768081292,2.500992300508075,4.00158768081292,5.0,25.0079384040646,20.0079384040646,20.0079384040646,6
6,2026-06-08,BLP0001,1,cluster_1,ADIDA6,1.1468253968253967,0.1898785276443983,0.5713749680160982,4.461075407125344,5.116074574044541,0.6018911263581813,-0.03570170382183413,-0.004200200449627545,68.0,67.71438636942533,40.92859659235633,-0.28561363057467304,6
6,2026-06-08,BLP0002,1,cluster_1,ADIDA6,0.6190476190476191,0.2631711058636247,0.999999970046711,1.8173077245650806,1.1250000199688595,0.4736842189342566,-0.37500003993771874,-0.15789475365798683,19.0,15.99999968049825,9.000000159750876,-3.00000031950175,6
6,2026-06-08,BLP0003,2,cluster_2,ADIDA6,0.15873015873015872,0.1753496661271664,0.5963646689774752,3.4784537459182516,0.5521355152251193,1.1042710304502386,-0.29145793909952283,-0.5829158781990457,4.0,1.6683364872038178,4.417084121800954,-2.3316635127961827,6
6,2026-06-08,BLP0004,2,cluster_2,ADIDA6,0.1111111111111111,0.18150659926596796,0.999999970046711,4.037397878229993e-15,4.485997642477769e-16,,4.485997642477769e-16,,0.0,3.5887981139822154e-15,3.5887981139822154e-15,3.5887981139822154e-15,6
6,2026-06-08,BLP0005,0,low_information,ADIDA6,0.3333333333333333,0.3963645912737971,0.999999970046711,2.2429987988438228e-15,7.476662662812742e-16,,7.476662662812742e-16,,0.0,5.981330130250193e-15,5.981330130250193e-15,5.981330130250193e-15,6
6,2026-06-08,BLP0007,0,low_information,ADIDA6,0.0,0.999999970046711,0.999999970046711,,0.125,1.0,-0.125,-1.0,1.0,0.0,1.0,-1.0,6
6,2026-06-08,CFSNT008,0,low_information,ADIDA6,0.0,0.999999970046711,0.999999970046711,,1.625,1.0,-1.625,-1.0,13.0,0.0,13.0,-13.0,6
6,2026-06-08,CLSSLT0003,2,cluster_2,ADIDA6,0.25396825396825395,0.2845401438737105,0.2042176345645032,4.4788167290951995,1.137477264532114,1.137477264532114,-0.7250454709357719,-0.7250454709357719,8.0,2.1996362325138246,9.099818116256913,-5.800363767486175,6
6,2026-06-08,CLSSLT0006,2,cluster_2,ADIDA6,0.42857142857142855,0.18817978078588493,0.8723728587946101,1.5619687426956945,0.6694151754410119,0.8925535672546826,-0.4276607017640477,-0.5702142690187303,6.0,2.578714385887618,5.355321403528095,-3.4212856141123815,6
6,2026-06-08,CWW0002,1,cluster_1,ADIDA6,2.8174603174603177,0.9667837199545692,0.8840518800346869,0.9363054029860689,2.63800331793694,0.2890962540204866,-2.142337757249254,-0.23477674052046618,73.0,55.86129794200597,21.10402654349552,-17.13870205799403,6
6,2026-06-08,DHZXCZP0001,1,cluster_1,ADIDA6,0.46825396825396826,0.5529911858524585,0.16803625087908264,4.805084745762712,2.25,1.0,-1.3395761431472464,-0.5953671747321095,18.0,7.283390854822026,18.0,-10.716609145177971,6
6,2026-06-08,DRMJJ0021,2,cluster_2,ADIDA6,0.25396825396825395,0.4228581190275287,0.11741207512046688,1.2256877843526217,0.31128578650225314,,0.31128578650225314,,0.0,2.490286292018025,2.490286292018025,2.490286292018025,6
6,2026-06-08,DRMJJ0022,2,cluster_2,ADIDA6,0.6111111111111112,0.41788539324563495,0.2737686671954986,1.344460568942581,0.8216147921315774,0.6572918337052619,-0.1067704157368452,-0.08541633258947616,10.0,9.145836674105238,6.572918337052619,-0.8541633258947616,6
6,2026-06-08,DRMJJ0023,1,cluster_1,ADIDA6,0.9576719576719577,0.3210797778038165,0.9999999691971043,1.3052486187845305,1.25,0.8333333333333334,2.0535263156595818e-08,1.3690175437730545e-08,12.0,12.000000164282104,10.0,1.6428210525276654e-07,6
6,2026-06-08,DRMJJ0025,2,cluster_2,ADIDA6,0.2777777777777778,0.4099750762856722,0.1835548141113107,2.523559043516517,0.7009886231990325,1.401977246398065,-0.09802275360193488,-0.19604550720386976,4.0,3.215817971184521,5.60790898559226,-0.784182028815479,6
6,2026-06-08,DRMJJ0026,2,cluster_2,ADIDA6,0.3253968253968254,0.37999921234430556,0.19352510173676235,1.449938633275153,0.4718054282879466,3.7744434263035727,0.33740723771726217,2.6992579017380973,1.0,3.6992579017380973,3.7744434263035727,2.6992579017380973,6
6,2026-06-08,DRMJJ0027,2,cluster_2,ADIDA6,0.11904761904761904,0.6232895057768514,0.13475717837568807,2.0830742277727716,0.2479850271158061,1.983880216926449,0.03898003615440817,0.31184028923526536,1.0,1.3118402892352654,1.983880216926449,0.31184028923526536,6
6,2026-06-08,DRMJJ0038,2,cluster_2,ADIDA6,0.5714285714285714,0.1387517642652794,0.2000000062998122,0.5833333406831143,0.33333333753320815,,0.33333333753320815,,0.0,2.666666700265665,2.666666700265665,2.666666700265665,6
6,2026-06-08,DRMJJ0039,2,cluster_2,ADIDA6,0.5714285714285714,0.21271927873494778,1.0037376640824323e-06,0.5833342116023202,0.3333338352013258,,0.3333338352013258,,0.0,2.6666706816106065,2.6666706816106065,2.6666706816106065,6
6,2026-06-08,ETZP0003,1,cluster_1,ADIDA6,0.6349206349206349,0.09030883646946368,0.27553310085236543,2.089987387527908,1.3269761190653382,1.1795343280580783,0.2789522381306762,0.24795754500504552,9.0,11.23161790504541,10.615808952522706,2.2316179050454097,6
6,2026-06-08,ETZP0004,1,cluster_1,ADIDA6,0.6190476190476191,0.46266007997869846,0.19657866942436514,1.6286607467814442,1.0082185575313702,1.344291410041827,0.5942914100418271,0.7923885467224361,6.0,10.754331280334616,8.065748460250962,4.7543312803346165,6
6,2026-06-08,FDBLHP0001,2,cluster_2,ADIDA6,0.38095238095238093,0.5137686321687192,0.25196150666631284,2.296875,0.875,1.0,-0.4337861927668256,-0.49575564887637213,7.0,3.5297104578653955,7.0,-3.470289542134605,6
6,2026-06-08,FDBLP0001,1,cluster_1,ADIDA6,1.9365079365079365,0.8112141963047129,0.18100394324595356,6.06222411547362,11.73954511250447,0.9118093291265608,-8.333180450017887,-0.6472373165062436,103.0,36.3345563998569,93.91636090003576,-66.66544360014309,6
6,2026-06-08,FRC0003,1,cluster_1,ADIDA6,0.8253968253968254,0.564591354983602,0.17585087639684352,1.060096153846154,0.875,0.6363636363636364,-0.07260042244121134,-0.052800307229971886,11.0,10.41919662047031,7.0,-0.5808033795296907,6
6,2026-06-08,FRH0028,2,cluster_2,ADIDA6,0.5158730158730159,0.18230661629452286,0.999999970046711,0.48461538461538467,0.25000000000000006,1.0000000000000002,-0.24999999999999986,-0.9999999999999994,2.0,1.1962659902179387e-15,2.0000000000000004,-1.999999999999999,6
6,2026-06-08,FRH0033,1,cluster_1,ADIDA6,2.8325396825396822,0.175200581966513,0.6614609054296616,0.9240419175106644,2.6173853996790166,0.8724617998930055,-2.2347707993580332,-0.7449235997860111,24.0,6.121833605135735,20.939083197432133,-17.878166394864266,6
6,2026-06-08,FRH0034,1,cluster_1,ADIDA6,1.046031746031746,0.2490530499779751,0.5267495353937336,0.22769728763971334,0.23817859135646205,,0.23817859135646205,,0.0,1.9054287308516964,1.9054287308516964,1.9054287308516964,6
6,2026-06-08,FRH0043,2,cluster_2,ADIDA6,0.19047619047619047,0.030575675431304426,0.12932250026823672,0.9536352493323417,0.1816448093966365,,0.1816448093966365,,0.0,1.453158475173092,1.453158475173092,1.453158475173092,6
6,2026-06-08,FRH0044,2,cluster_2,ADIDA6,0.42857142857142855,0.05520693409223538,0.33412811919023694,1.2847466610945086,0.5506057118976465,,0.5506057118976465,,0.0,4.404845695181172,4.404845695181172,4.404845695181172,6
6,2026-06-08,FRH0046,1,cluster_1,ADIDA6,1.2936507936507937,0.5322624980582645,0.7523900543571737,1.0796784866292155,1.3967269311155726,0.4297621326509454,1.27896924148743,0.3935289973807477,26.0,36.23175393189944,11.17381544892458,10.23175393189944,6
6,2026-06-08,FRH0048,1,cluster_1,ADIDA6,2.645502645502646,0.2892262959410181,0.7071674201772346,1.6189753864769925,4.283003667928552,1.4897404062360182,3.3356715572380695,1.160233585126285,23.0,49.685372457904556,34.26402934342842,26.685372457904556,6
6,2026-06-08,FRH0050,1,cluster_1,ADIDA6,1.1428571428571428,0.3141139541365134,0.23575621927305979,0.8632410653484123,0.9865612175410425,,0.9865612175410425,,0.0,7.89248974032834,7.89248974032834,7.89248974032834,6
6,2026-06-08,FRH0051,1,cluster_1,ADIDA6,1.880952380952381,0.30729118058965743,0.4633443918577356,0.8639240506329114,1.625,0.48148148148148145,-0.5616957371732635,-0.16642836656985585,27.0,22.50643410261389,13.0,-4.493565897386108,6
6,2026-06-08,FRH0056,1,cluster_1,ADIDA6,3.8015873015873014,0.4883297221452846,0.44903882236304304,0.878351683430412,3.3391306060568837,0.39870216191723984,2.5532612121137674,0.3048670104016439,67.0,87.42608969691014,26.71304484845507,20.42608969691014,6
6,2026-06-08,FRH0056-1,2,cluster_2,ADIDA6,0.16666666666666666,0.07836069220242642,0.28174915073457485,1.8561696316428988,0.30936160527381645,,0.30936160527381645,,0.0,2.4748928421905316,2.4748928421905316,2.4748928421905316,6
6,2026-06-08,FRH0059,1,cluster_1,ADIDA6,1.253968253968254,0.7784336277539278,0.999999970046711,1.4952531735145116,1.8750000112324827,0.7894736889399927,-1.708333348309977,-0.7192982519199903,19.0,5.333333213520183,15.000000089859862,-13.666666786479816,6
6,2026-06-08,FRH0064,1,cluster_1,ADIDA6,0.7619047619047619,0.20106497719331043,0.6203095967886131,0.9515335599035478,0.7249779504027031,0.8285462290316606,-0.2749118016108123,-0.3141849161266426,7.0,4.800705587113502,5.799823603221625,-2.1992944128864984,6
6,2026-06-08,FRH0065,2,cluster_2,ADIDA6,0.49206349206349204,0.4144670493664055,0.33731106390732757,2.2328547185011307,1.098706290056112,2.197412580112224,0.6974125801122237,1.3948251602244475,4.0,9.57930064089779,8.789650320448896,5.57930064089779,6
6,2026-06-08,FRH0068,2,cluster_2,ADIDA6,0.2857142857142857,0.18993701112482514,0.8435981342301345,0.0658838044824878,0.018823944137853658,,0.018823944137853658,,0.0,0.15059155310282926,0.15059155310282926,0.15059155310282926,6
6,2026-06-08,FRW00023,0,low_information,ADIDA6,0.2857142857142857,1.0037376640824323e-06,0.999999970046711,1.7500000262091282,0.5000000074883223,0.6666666766510964,-0.2500000149766446,-0.33333335330219277,6.0,3.9999998801868437,4.000000059906578,-2.0000001198131567,6
6,2026-06-08,FRW0005,1,cluster_1,ADIDA6,1.5238095238095237,0.27941606028073196,0.7579329527471571,1.0260752958691772,1.563543307991127,0.5956355459013817,0.12917323196450825,0.04920885027219362,21.0,22.033385855716066,12.508346463929016,1.033385855716066,6
6,2026-06-08,FRW0006,1,cluster_1,ADIDA6,2.642857142857143,0.3708132543945113,0.9337609178536499,0.2543856124918572,0.672304833014194,0.7683483805876502,-0.06421933205677588,-0.07339352235060101,7.0,6.486245343545793,5.378438664113552,-0.513754656454207,6
6,2026-06-08,FRW0008,2,cluster_2,ADIDA6,0.12698412698412698,0.037188832087915756,0.15723927051159253,9.379469272396687,1.1910437171297379,0.9528349737037903,-1.1320874342594758,-0.9056699474075807,10.0,0.9433005259241939,9.528349737037903,-9.056699474075806,6
6,2026-06-08,FRW0009,2,cluster_2,ADIDA6,0.40476190476190477,0.3154693003663336,0.27791022614886896,1.8091162638272127,0.7322613448824432,1.4645226897648864,0.42904537952977273,0.8580907590595455,4.0,7.432363036238182,5.858090759059546,3.432363036238182,6
6,2026-06-08,FRW0015,1,cluster_1,ADIDA6,1.4206349206349207,0.9999999730110738,0.999999970046711,10.206703601376097,14.49999956068509,2.2307691631823214,14.49999956068509,2.2307691631823214,52.0,167.99999648548072,115.99999648548072,115.99999648548072,6
6,2026-06-08,FRW0024,1,cluster_1,ADIDA6,0.48412698412698413,0.999999970046711,0.3009718939462279,2.9331957977402228,1.4200392354139173,1.4200392354139173,0.8400784708278344,0.8400784708278344,8.0,14.720627766622675,11.360313883311338,6.720627766622675,6
6,2026-06-08,FRW0025,0,low_information,ADIDA6,0.2857142857142857,0.03041084876896482,0.999999970046711,2.1875000000000013,0.6250000000000003,1.0000000000000004,-0.6249999999999992,-0.9999999999999988,5.0,5.981330130250193e-15,5.000000000000003,-4.999999999999994,6
6,2026-06-08,FSTBY001,0,low_information,ADIDA6,0.031746031746031744,0.023393338928587956,0.19530351474447233,27.172595133856607,0.8626220677414795,0.985853791704548,-0.8254882709659179,-0.9434151668181919,7.0,0.3960938322726566,6.900976541931836,-6.603906167727343,6
6,2026-06-08,FZGLS0001,2,cluster_2,ADIDA6,0.07936507936507936,0.06986394088192635,0.357868778481306,3.206326285427879,0.2544703401133237,,0.2544703401133237,,0.0,2.0357627209065896,2.0357627209065896,2.0357627209065896,6
6,2026-06-08,FZGLS0002,2,cluster_2,ADIDA6,0.07936507936507936,0.04998780470492389,0.19742357457161067,1.5575227723310743,0.12361291843897414,,0.12361291843897414,,0.0,0.9889033475117931,0.9889033475117931,0.9889033475117931,6
6,2026-06-08,FZLRICBHP0001,2,cluster_2,ADIDA6,0.2222222222222222,0.999999970046711,0.07783599440025757,5.003348599052049,1.1118552442337886,0.8894841953870308,-0.9737104884675772,-0.7789683907740618,10.0,2.210316092259381,8.894841953870309,-7.789683907740618,6
6,2026-06-08,FZLRJ0001,2,cluster_2,ADIDA6,0.6031746031746031,0.6047892713412112,0.1886863848668846,1.4506578947368423,0.875,0.5384615384615384,-0.33637249698260147,-0.2069984596816009,13.0,10.309020024139189,7.0,-2.6909799758608117,6
6,2026-06-08,FZLRJ0001double,0,low_information,ADIDA6,0.047619047619047616,0.015122066463886079,0.04490879337857894,5.430522489750642,0.2585963090357448,1.0343852361429793,-0.2328073819285104,-0.9312295277140415,2.0,0.1375409445719167,2.0687704722859586,-1.862459055428083,6
6,2026-06-08,FZLRJ0002,1,cluster_1,ADIDA6,1.2063492063492063,0.32711644382327365,0.5414788019618477,5.859449490144777,7.068542242079413,0.6283148659626145,-7.068542242079413,-0.6283148659626145,90.0,33.45166206336469,56.548337936635306,-56.548337936635306,6
6,2026-06-08,FZLRJ0002double,2,cluster_2,ADIDA6,0.14285714285714285,0.10734102397550976,0.09624583060332001,7.875,1.125,1.0,-1.0127061295367512,-0.90018322625489,9.0,0.8983509637059887,9.0,-8.10164903629401,6
6,2026-06-08,FZLRJ0005,0,low_information,ADIDA6,0.6190476190476191,0.999999970046711,1.0037376640824323e-06,1.6826923076923757,1.0416666666667087,1.0416666666667087,-0.8333333333331655,-0.8333333333331655,8.0,1.3333333333346766,8.33333333333367,-6.666666666665324,6
6,2026-06-08,GJMJWJX001,1,cluster_1,ADIDA6,5.417989417989418,0.3005874329017859,0.12417598005728521,1.2263699360373599,6.644459335990775,,6.644459335990775,,0.0,53.1556746879262,53.1556746879262,53.1556746879262,6
6,2026-06-08,GJMJWJXW001,1,cluster_1,ADIDA6,7.777777777777778,0.6147516834447563,0.06805466427994694,1.0018466184030985,7.792140365357432,,7.792140365357432,,0.0,62.33712292285946,62.33712292285946,62.33712292285946,6
6,2026-06-08,HLGKSLT0001,1,cluster_1,ADIDA6,0.7301587301587301,0.4280312749662451,0.6351061982719591,1.2871302980658008,0.9398094239845529,0.578344260913571,-0.7114125653127372,-0.43779234788476135,13.0,7.308699477498102,7.518475391876423,-5.691300522501898,6
6,2026-06-08,HWZDSKL0001,1,cluster_1,ADIDA6,1.2301587301587302,0.26300715976505185,0.8395620262680065,1.683718936749751,2.071241549176281,0.5917832997646517,0.642483098352562,0.18356659952930343,28.0,33.139864786820496,16.569932393410248,5.139864786820496,6
6,2026-06-08,HWZDSKL0002,2,cluster_2,ADIDA6,0.25396825396825395,0.6192404087853621,0.0559849932999892,0.6934507693594681,0.17611448110716652,,0.17611448110716652,,0.0,1.4089158488573321,1.4089158488573321,1.4089158488573321,6
6,2026-06-08,HZSN0001,1,cluster_1,ADIDA6,1.246031746031746,0.3727995944464664,0.705922346913781,2.006369426751592,2.5,0.7692307692307693,-1.1897682580115396,-0.36608254092662756,26.0,16.481853935907683,20.0,-9.518146064092317,6
6,2026-06-08,JZJ00011,2,cluster_2,ADIDA6,0.5238095238095238,0.5256833803619463,0.3511176027573655,2.3755637237425757,1.244342902912778,4.977371611651112,1.0757905372170373,4.303162148868149,2.0,10.606324297736299,9.954743223302223,8.606324297736299,6
6,2026-06-08,JZJ00012,1,cluster_1,ADIDA6,1.2301587301587302,0.5044013351919161,0.4834102826681157,0.7993967045726346,0.9833848349901457,0.6555898899934305,0.43353933996058314,0.28902622664038874,12.0,15.468314719684665,7.867078679921166,3.468314719684665,6
6,2026-06-08,JZJ0002,1,cluster_1,ADIDA6,2.373015873015873,0.47988722223656793,0.7529148288941648,2.9646238615465386,7.035099480971548,0.5684928873512362,-5.195198961943095,-0.4198140575307552,99.0,57.438408304455244,56.28079584777238,-41.56159169554476,6
6,2026-06-08,JZJ0003,1,cluster_1,ADIDA6,3.4126984126984126,0.5001753983352918,0.7003778713071943,1.1211039724356608,3.8259897472010644,0.3559060229954479,-1.0539589888042578,-0.09804269663295422,86.0,77.56832808956594,30.607917977608516,-8.431671910434062,6
6,2026-06-08,JZJ0009,1,cluster_1,ADIDA6,3.753968253968254,0.6049348832708621,0.7440792864759539,2.5325837343382305,9.507238939222088,0.338035162283452,-9.507238939222088,-0.338035162283452,225.0,148.9420884862233,76.0579115137767,-76.0579115137767,6
6,2026-06-08,JZJ0013,1,cluster_1,ADIDA6,3.8253968253968256,0.7541523934610305,0.9999999718625132,1.263485480243191,4.833333345057286,0.4296296306717588,0.9166666901145728,0.08148148356573981,90.0,97.33333352091658,38.66666676045829,7.333333520916582,6
6,2026-06-08,JZJ0014,2,cluster_2,ADIDA6,0.23809523809523808,0.03186913669386977,0.3120098253287988,0.8255136625769077,0.19655087204212088,,0.19655087204212088,,0.0,1.572406976336967,1.572406976336967,1.572406976336967,6
6,2026-06-08,JZJ0016,1,cluster_1,ADIDA6,1.2380952380952381,0.28871811869204633,0.8561988815709103,1.1226168641248893,1.3899065936784343,0.5054205795194306,0.8096263747137367,0.2944095908049951,22.0,28.477010997709893,11.119252749427474,6.477010997709893,6
6,2026-06-08,JZJ0017,2,cluster_2,ADIDA6,0.15873015873015872,0.1027389696350325,0.15055139695931746,6.6355694383816175,1.0532649902193043,0.9362355468616038,-0.9815299804386086,-0.8724710937232076,9.0,1.1477601564911304,8.426119921754434,-7.852239843508869,6
6,2026-06-08,JZJ0018,2,cluster_2,ADIDA6,0.3333333333333333,0.5678156886747917,0.15721336093482374,1.828291324292873,0.6094304414309577,1.6251478438158873,0.09386088286191545,0.2502956876317745,3.0,3.7508870628953237,4.875443531447662,0.7508870628953236,6
6,2026-06-08,JZJ0019,1,cluster_1,ADIDA6,0.7550264550264549,0.5470342256467535,0.8209781010239737,5.501511773695918,4.153786931779933,0.8981160933578234,-4.153786931779933,-0.8981160933578234,37.0,3.7697045457605327,33.23029545423947,-33.23029545423947,6
6,2026-06-08,KFYFQ51mm,1,cluster_1,ADIDA6,3.738095238095238,0.03207374099143679,0.999999970046711,0.6353503154664694,2.3749999887675166,0.7037037003755605,1.9583333183566891,0.5802469091427227,27.0,42.66666654685351,18.999999910140133,15.666666546853513,6
6,2026-06-08,KFYFQ54mm,1,cluster_1,ADIDA6,2.9523809523809526,0.8051181396572302,0.999999970046711,0.8044354851391523,2.375000003744164,0.31147541032710346,-1.9583333383255521,-0.2568306017476134,61.0,45.33333329339558,19.000000029953313,-15.666666706604417,6
6,2026-06-08,KFYFQ58mm,1,cluster_1,ADIDA6,4.166666666666667,0.6559393171147917,0.999999970046711,0.7099999907144802,2.958333294643668,0.2851405585198716,0.9583331785746712,0.09236946299514903,83.0,90.66666542859737,23.666666357149342,7.666665428597369,6
6,2026-06-08,KZCWBG001,1,cluster_1,ADIDA6,0.3492063492063492,0.8452898100259122,0.999999970046711,2.6249999356685034,0.9166666442016995,0.5238095109723997,0.583333288403399,0.33333330765908514,14.0,18.666666307227192,7.333333153613596,4.666666307227192,6
6,2026-06-08,LTKF0019,1,cluster_1,ADIDA6,0.7936507936507936,0.2201192398763228,0.16479474358343393,0.8167170389053765,0.6481881261153781,2.5927525044615125,0.5463762522307561,2.1855050089230246,2.0,6.371010017846049,5.185505008923025,4.371010017846049,6
6,2026-06-08,LTKF0020,1,cluster_1,ADIDA6,5.531746031746032,0.790975959569689,0.38683676847767634,0.7678946309044407,4.247798077304723,0.18984572412535075,-0.8661923092188921,-0.03871250543995049,179.0,172.07046152624886,33.982384618437784,-6.929538473751137,6
6,2026-06-08,LTKF0021,1,cluster_1,ADIDA6,1.5317460317460319,0.2412974733350266,0.999999970046711,1.958549203242931,2.999999970046712,2.999999970046712,2.999999970046712,2.999999970046712,8.0,31.999999760373697,23.999999760373697,23.999999760373697,6
6,2026-06-08,LTKF0022M,1,cluster_1,ADIDA6,0.8333333333333334,0.7488935107664305,0.2237093288366796,2.558550648571227,2.1321255404760224,1.0033531955181283,0.3892510809520445,0.18317697927155036,17.0,20.114008647616355,17.05700432380818,3.114008647616356,6
6,2026-06-08,LTKF0031,1,cluster_1,ADIDA6,1.2063492063492063,0.5176729057250246,0.5439510951745736,2.266085448500129,2.733690382317616,0.7289841019513642,-2.717380764635232,-0.7246348705693951,30.0,8.260953882918145,21.869523058540928,-21.739046117081855,6
6,2026-06-08,LTKF0047,2,cluster_2,ADIDA6,0.2857142857142857,0.48400217806041534,0.999999970046711,8.020833337701523,2.2916666679147206,1.0185185190732091,-2.083333328341119,-0.925925923707164,18.0,1.3333333732710508,18.333333343317765,-16.66666662672895,6
6,2026-06-08,LTKF0058,2,cluster_2,ADIDA6,0.14285714285714285,0.5547787000794261,0.23378794501051703,2.8717429124073974,0.410248987486771,,0.410248987486771,,0.0,3.281991899894168,3.281991899894168,3.281991899894168,6
6,2026-06-08,LTKF0101,1,cluster_1,ADIDA6,1.9444444444444444,0.7375108107960856,0.25682018302917875,1.0283293554659716,1.9995293022949447,0.2806356915501677,-0.623117209179779,-0.08745504690242512,57.0,52.01506232656177,15.996234418359558,-4.984937673438232,6
6,2026-06-08,LTKF0102,2,cluster_2,ADIDA6,0.2222222222222222,0.4878388992937057,0.22978925384659915,1.6327555185935496,0.3628345596874554,,0.3628345596874554,,0.0,2.9026764774996434,2.9026764774996434,2.9026764774996434,6
6,2026-06-08,LTKF0106,0,low_information,ADIDA6,0.09523809523809523,0.03153712706711709,0.24680409198064324,2.1857449758321255,0.20816618817448815,1.6653295053959052,-0.014111749100682462,-0.1128939928054597,1.0,0.8871060071945404,1.6653295053959052,-0.1128939928054597,6
6,2026-06-08,LTKF0111,2,cluster_2,ADIDA6,0.29365079365079366,0.29930596159964923,0.5937934839753596,2.6608985168516877,0.7813749612977179,0.7813749612977179,0.06274992259543577,0.06274992259543577,8.0,8.501999380763486,6.250999690381743,0.5019993807634862,6
6,2026-06-08,LTKF093,1,cluster_1,ADIDA6,0.7936507936507936,0.09501846777469596,0.5100462400748141,3.128426430772913,2.482878119661042,2.207002773032037,1.3521708262147225,1.2019296233019756,9.0,19.81736660971778,19.863024957288335,10.81736660971778,6
6,2026-06-08,LTKF098,1,cluster_1,ADIDA6,0.6984126984126984,0.999999970046711,0.36011647272797426,3.9375,2.75,0.8461538461538461,-0.9750392389054297,-0.300012073509363,26.0,18.19968608875656,22.0,-7.800313911243437,6
6,2026-06-08,LTKF098B,1,cluster_1,ADIDA6,1.2738095238095237,0.04010067177572072,0.8125000000000004,1.5210280373831777,1.9375,1.4090909090909092,1.25,0.9090909090909091,11.0,21.0,15.5,10.0,6
6,2026-06-08,LYC0201,1,cluster_1,ADIDA6,0.4603174603174603,0.999999970046711,0.18858002575438965,5.064175778047558,2.33112853275205,0.8476831028189273,-1.9122570655040996,-0.6953662056378543,22.0,6.7019434759672025,18.6490282620164,-15.298056524032797,6
6,2026-06-08,LYC0203,2,cluster_2,ADIDA6,0.2222222222222222,0.3217295830847902,0.9127429219083424,3.741174928333908,0.8313722062964239,3.3254888251856958,0.5251629417285653,2.100651766914261,2.0,6.201303533828522,6.6509776503713915,4.201303533828522,6
6,2026-06-08,NNB0002,1,cluster_1,ADIDA6,0.9206349206349206,0.999999970046711,0.2767482079721065,6.952410050275035,6.4006314748563815,,6.4006314748563815,,0.0,51.20505179885105,51.20505179885105,51.20505179885105,6
6,2026-06-08,NNBZL01,1,cluster_1,ADIDA6,1.6666666666666667,0.5809321819760159,0.09090908154562553,0.2999999719096036,0.4999999531826727,,0.4999999531826727,,0.0,3.9999996254613817,3.9999996254613817,3.9999996254613817,6
6,2026-06-08,QCCXC0004,1,cluster_1,ADIDA6,1.0,0.39923158044678264,0.03152591894146549,0.4217894840791722,0.4217894840791722,,0.4217894840791722,,0.0,3.3743158726333777,3.3743158726333777,3.3743158726333777,6
6,2026-06-08,QFDNZGJK001,1,cluster_1,ADIDA6,0.9523809523809523,0.4482132983322602,1.0037376640824323e-06,1.3999992973829298,1.333332664174219,,1.333332664174219,,0.0,10.666661313393751,10.666661313393751,10.666661313393751,6
6,2026-06-08,QFDNZGJK002,1,cluster_1,ADIDA6,1.5238095238095237,0.49804168474174026,1.0037376640824323e-06,0.65625241524133,1.000003680367741,,1.000003680367741,,0.0,8.000029442941928,8.000029442941928,8.000029442941928,6
6,2026-06-08,QFSJZ002-1,2,cluster_2,ADIDA6,0.14285714285714285,0.26860195258609276,0.13376564880518105,1.222307809531552,0.1746154013616503,,0.1746154013616503,,0.0,1.3969232108932024,1.3969232108932024,1.3969232108932024,6
6,2026-06-08,QFSJZ003,2,cluster_2,ADIDA6,0.14285714285714285,0.10365584666852334,0.9999999697002899,1.166666631317006,0.16666666161671514,,0.16666666161671514,,0.0,1.3333332929337212,1.3333332929337212,1.3333332929337212,6
6,2026-06-08,QFSJZ003-1,2,cluster_2,ADIDA6,0.4444444444444444,0.43149721853710743,0.38810344980066847,1.2330789210359903,0.5480350760159957,,0.5480350760159957,,0.0,4.384280608127965,4.384280608127965,4.384280608127965,6
6,2026-06-08,QFYF001,0,low_information,ADIDA6,0.0,0.999999970046711,0.999999970046711,,0.375,1.0,-0.375,-1.0,3.0,0.0,3.0,-3.0,6
6,2026-06-08,RLHZHMV000AMDE,1,cluster_1,ADIDA6,3.2698412698412698,0.6285899171351111,0.8408130130921199,2.3358342855724445,7.637807346474977,1.9710470571548329,7.637807346474977,1.9710470571548329,31.0,92.10245877179982,61.10245877179982,61.10245877179982,6
6,2026-06-08,SKZ2FT01,0,low_information,ADIDA6,0.19047619047619047,0.6666666666666671,0.999999970046711,15.750000078627385,3.000000014976645,0.8571428614218985,-3.000000014976645,-0.8571428614218985,28.0,3.9999998801868437,24.00000011981316,-24.00000011981316,6
6,2026-06-08,SKZ3FT01,0,low_information,ADIDA6,0.7142857142857143,0.9999999663522785,0.999999970046711,6.125,4.375,0.8536585365853658,-2.45833341320877,-0.4796748123334185,41.0,21.333332694329837,35.0,-19.66666730567016,6
6,2026-06-08,SLT0003,2,cluster_2,ADIDA6,0.3968253968253968,0.14252630305116173,0.999999970046711,7.53647664134197e-16,2.990665333865861e-16,,2.990665333865861e-16,,0.0,2.392532267092689e-15,2.392532267092689e-15,2.392532267092689e-15,6
6,2026-06-08,SLT0004,2,cluster_2,ADIDA6,0.1111111111111111,0.999999970046711,0.7182595144474827,0.17067422488195105,0.01896380276466123,,0.01896380276466123,,0.0,0.15171042211728983,0.15171042211728983,0.15171042211728983,6
6,2026-06-08,TTNX0002,0,low_information,ADIDA6,0.0,0.999999970046711,0.999999970046711,,0.25,1.0,-0.25,-1.0,2.0,0.0,2.0,-2.0,6
6,2026-06-08,XFTW0001,1,cluster_1,ADIDA6,0.8571428571428571,0.4171592503910738,0.999999970046711,4.2777776554685145,3.666666561830155,,3.666666561830155,,0.0,29.33333249464124,29.33333249464124,29.33333249464124,6
6,2026-06-08,XGX9992,0,low_information,ADIDA6,0.0,0.999999970046711,0.999999970046711,,1.25,1.0,-1.25,-1.0,10.0,0.0,10.0,-10.0,6
6,2026-06-08,XGX9993,0,low_information,ADIDA6,0.0,0.999999970046711,0.999999970046711,,1.5,1.0,-1.5,-1.0,12.0,0.0,12.0,-12.0,6
6,2026-06-08,XGX9994,0,low_information,ADIDA6,0.0,0.999999970046711,0.999999970046711,,1.875,1.0,-1.875,-1.0,15.0,0.0,15.0,-15.0,6
6,2026-06-08,XGX9995,0,low_information,ADIDA6,0.0,0.999999970046711,0.999999970046711,,2.0,1.0,-2.0,-1.0,16.0,0.0,16.0,-16.0,6
6,2026-06-08,XGX99990,0,low_information,ADIDA6,0.0,0.999999970046711,0.999999970046711,,0.5,1.0,-0.5,-1.0,4.0,0.0,4.0,-4.0,6
6,2026-06-08,XGX99991,0,low_information,ADIDA6,0.0,0.999999970046711,0.999999970046711,,0.5,1.0,-0.5,-1.0,4.0,0.0,4.0,-4.0,6
6,2026-06-08,XGX99992,0,low_information,ADIDA6,0.0,0.999999970046711,0.999999970046711,,0.75,1.0,-0.75,-1.0,6.0,0.0,6.0,-6.0,6
6,2026-06-08,XGX99993,0,low_information,ADIDA6,0.0,0.999999970046711,0.999999970046711,,1.5,1.0,-1.5,-1.0,12.0,0.0,12.0,-12.0,6
6,2026-06-08,XHP0001,1,cluster_1,ADIDA6,7.619047619047619,0.14985333335615736,0.999999970046711,8.520312472152801,64.91666645449753,1.2918739592934831,18.416665817990133,0.3665008122983111,402.0,549.3333265439211,519.3333316359802,147.33332654392106,6
6,2026-06-08,XHZXCZP0001,1,cluster_1,ADIDA6,2.611111111111111,0.9078002601196391,0.999999970046711,2.1861702185016942,5.70833334830998,0.44336569695611494,-5.041666696619959,-0.39158576284426866,103.0,62.66666642704032,45.66666678647984,-40.333333572959674,6
6,2026-06-08,XHZXCZP0002,1,cluster_1,ADIDA6,0.4666666666666666,0.6524222000264783,0.9558383623158757,13.934857151752908,6.50293333748469,2.7380771947303955,6.50293333748469,2.7380771947303955,19.0,71.02346669987752,52.02346669987752,52.02346669987752,6
6,2026-06-08,XMJ0001,0,low_information,ADIDA6,1.0476190476190477,0.999999970046711,0.999999970046711,3.6590907994891015,3.8333332185123923,,3.8333332185123923,,0.0,30.66666574809914,30.66666574809914,30.66666574809914,6
6,2026-06-08,XMJ0004,1,cluster_1,ADIDA6,1.1428571428571428,0.999999970046711,0.999999970046711,4.338541695059889,4.95833336578273,0.6723163885807092,-2.70833346313092,-0.3672316560177519,59.0,37.33333229495265,39.66666692626184,-21.66666770504736,6
6,2026-06-08,XMSH0001,1,cluster_1,ADIDA6,3.619047619047619,0.6147700965666351,0.44186046511627913,0.6217105263157895,2.25,0.45,-0.666666666666667,-0.1333333333333334,40.0,34.666666666666664,18.0,-5.333333333333336,6
6,2026-06-08,XXGP0002,1,cluster_1,ADIDA6,1.619047619047619,0.8809772122248185,0.999999970046711,2.676470585151865,4.333333328341115,,4.333333328341115,,0.0,34.66666662672892,34.66666662672892,34.66666662672892,6
6,2026-06-08,XYJ0001,1,cluster_1,ADIDA6,1.4285714285714286,0.999999970046711,1.0037376640824323e-06,1.9541658469483971,2.7916654956405673,0.9710140854401973,-2.5416619825622693,-0.8840563417607893,23.0,2.666704139501846,22.33332396512454,-20.333295860498154,6
6,2026-06-08,XYMGPD0001,1,cluster_1,ADIDA6,0.9047619047619048,0.9615902747749006,0.999999970046711,0.41447370628137215,0.3750000199688605,1.0000000532502946,-0.37499996006227904,-0.9999998934994108,3.0,3.1950176804982023e-07,3.000000159750884,-2.9999996804982323,6
6,2026-06-08,XYMGPD0002,1,cluster_1,ADIDA6,0.8571428571428571,0.45073825615791047,0.5555555555555556,1.3611111111111114,1.1666666666666667,,1.1666666666666667,,0.0,9.333333333333334,9.333333333333334,9.333333333333334,6
6,2026-06-08,XYMLRY00001,1,cluster_1,ADIDA6,0.9523809523809523,0.16013654215419715,1.0037376640824323e-06,0.8312499560863891,0.79166662484418,0.79166662484418,-0.16666649937672018,-0.16666649937672018,8.0,6.666668004986239,6.33333299875344,-1.3333319950137614,6
6,2026-06-08,XYMZD0017,0,low_information,ADIDA6,0.0,0.999999970046711,0.999999970046711,,3.0,1.0,-3.0,-1.0,24.0,0.0,24.0,-24.0,6
6,2026-06-08,XYMZG0016,0,low_information,ADIDA6,0.0,0.999999970046711,0.999999970046711,,4.625,1.0,-4.625,-1.0,37.0,0.0,37.0,-37.0,6
6,2026-06-08,YDBZ001,1,cluster_1,ADIDA6,0.5555555555555556,0.8067980801295886,0.3006220038484181,1.8491963202123198,1.0273312890068445,1.3697750520091259,0.3046625780136887,0.40621677068491824,6.0,8.43730062410951,8.218650312054756,2.4373006241095094,6
6,2026-06-08,YDBZ002,1,cluster_1,ADIDA6,0.8809523809523809,0.6018454728732444,0.20874207132699318,1.5690090414724993,1.3822222508210114,,1.3822222508210114,,0.0,11.05777800656809,11.05777800656809,11.05777800656809,6
6,2026-06-08,YEC0009,1,cluster_1,ADIDA6,1.2380952380952381,0.999999970046711,0.11111110612973515,1.8846153899799434,2.333333339975168,,2.333333339975168,,0.0,18.666666719801345,18.666666719801345,18.666666719801345,6
6,2026-06-08,YJLZHMV000AMDE,1,cluster_1,ADIDA6,1.0158730158730158,0.24639594636106335,0.8682193794584445,1.162537500759543,1.1809904769620754,2.3619809539241508,1.1809904769620754,2.3619809539241508,4.0,13.447923815696603,9.447923815696603,9.447923815696603,6
6,2026-06-08,YXBLJ0001,2,cluster_2,ADIDA6,0.15873015873015872,0.2964839094235491,0.999999970046711,3.937499952823571,0.6249999925116779,1.6666666466978077,0.12499998502335581,0.3333332933956155,3.0,3.9999998801868464,4.999999940093423,0.9999998801868465,6
6,2026-06-08,ZBTZ0002,1,cluster_1,ADIDA6,0.6666666666666666,0.01278403032901883,0.06384650707834609,0.5533768956655747,0.36891793044371646,,0.36891793044371646,,0.0,2.9513434435497317,2.9513434435497317,2.9513434435497317,6
6,2026-06-08,ZBTZ0003,2,cluster_2,ADIDA6,0.1746031746031746,0.03794267774876288,0.1711504465419692,1.2914895535823097,0.225498176022308,,0.225498176022308,,0.0,1.803985408178464,1.803985408178464,1.803985408178464,6
6,2026-06-08,ZTD0001,2,cluster_2,ADIDA6,0.2857142857142857,0.6172616446976076,0.3774080761070459,9.802077976745599,2.8005937076415997,0.7001484269103999,-2.734124943522133,-0.6835312358805332,32.0,10.127000451822935,22.404749661132797,-21.872999548177063,6
6,2026-06-08,ZTD0003,1,cluster_1,ADIDA6,0.3968253968253968,0.8901542550546835,0.47458619415822423,2.7244015867708646,1.0811117407820892,1.7297787852513427,1.0811117407820892,1.7297787852513427,5.0,13.648893926256713,8.648893926256713,8.648893926256713,6
6,2026-06-08,ZTD0004,0,low_information,ADIDA6,0.0,0.999999970046711,0.999999970046711,,0.625,1.0,-0.625,-1.0,5.0,0.0,5.0,-5.0,6
6,2026-06-08,xgx0013,0,low_information,ADIDA6,0.47619047619047616,0.05962358429385512,0.999999970046711,3.2375000157254767,1.541666674154989,0.8222222262159941,-1.2083333483099779,-0.6444444524319882,15.0,5.333333213520176,12.333333393239911,-9.666666786479823,6
6,2026-06-08,xgx0014,1,cluster_1,ADIDA6,2.0952380952380953,0.14107697336041405,0.999999970046711,0.815340908495247,1.7083333320852796,0.6833333328341118,-1.3333333283411184,-0.5333333313364473,20.0,9.333333373271055,13.666666656682237,-10.666666626728947,6
6,2026-06-08,xgx0015,1,cluster_1,ADIDA6,2.0476190476190474,0.15452720571211792,0.999999970046711,0.8546511573050665,1.7499999887675168,0.6666666623876255,-1.4583333183566891,-0.5555555498501673,21.0,9.333333453146489,13.999999910140135,-11.666666546853513,6
6,2026-06-08,xgx0016,1,cluster_1,ADIDA6,1.7619047619047619,0.21432599977852987,0.999999970046711,1.84459457192724,3.24999996006228,0.8666666560166081,-3.24999996006228,-0.8666666560166081,30.0,4.0000003195017575,25.99999968049824,-25.99999968049824,6
6,2026-06-08,xymzd0015,1,cluster_1,ADIDA6,1.1904761904761905,0.999999970046711,0.999999970046711,2.6949999916130785,3.208333323348903,0.5460992890806643,-3.208333323348903,-0.5460992890806643,47.0,21.333333413208774,25.666666586791223,-25.666666586791223,6
6,2026-06-08,xymzd0016,0,low_information,ADIDA6,0.0,0.999999970046711,0.999999970046711,,1.625,1.0,-1.625,-1.0,13.0,0.0,13.0,-13.0,6
6,2026-06-08,zxy0002,0,low_information,ADIDA6,0.09523809523809523,1.0037376640824323e-06,0.999999970046711,5.25,0.5,1.0,-0.3333333383255481,-0.6666666766510962,4.0,1.3333332933956148,4.0,-2.666666706604385,6
1,2025-09-01,BLJZ0001,0,low_information,ADIDA8,0.0,0.999999970046711,0.999999970046711,,0.5,1.0,-0.5,-1.0,4.0,0.0,4.0,-4.0,8
1,2025-09-01,BLP0001,0,low_information,ADIDA8,0.4186046511627907,0.15392894057838333,0.999999970046711,17.916666666666664,7.5,1.0,-7.5,-1.0,60.0,0.0,60.0,-60.0,8
1,2025-09-01,BLP0002,0,low_information,ADIDA8,0.06976744186046512,0.30482971572722395,0.999999970046711,26.875,1.875,1.0,-1.875,-1.0,15.0,0.0,15.0,-15.0,8
1,2025-09-01,BLP0003,0,low_information,ADIDA8,0.0,0.999999970046711,0.999999970046711,,0.25,1.0,-0.25,-1.0,2.0,0.0,2.0,-2.0,8
1,2025-09-01,BLP0004,0,low_information,ADIDA8,0.0,0.999999970046711,0.999999970046711,,0.0,,0.0,,0.0,0.0,0.0,0.0,8
1,2025-09-01,CBJZ0001,0,low_information,ADIDA8,0.023255813953488372,1.0037376640824323e-06,1.0037376640824323e-06,5.395068283455772e-06,1.254667042664133e-07,,1.254667042664133e-07,,0.0,1.0037336341313065e-06,1.0037336341313065e-06,1.0037336341313065e-06,8
1,2025-09-01,CLSSLT0003,2,cluster_2,ADIDA8,0.16279069767441862,0.8945959352431475,0.3787946911076867,3.6976923647865343,0.6019499198489707,1.605199786263922,0.07889983969794145,0.2103995725278439,3.0,3.6311987175835316,4.815599358791766,0.6311987175835316,8
1,2025-09-01,CLSSLT0006,2,cluster_2,ADIDA8,0.18604651162790697,0.31766812023556834,0.999999970046711,5.375,1.0,1.0,-0.8750000037441611,-0.8750000037441611,8.0,0.999999970046711,8.0,-7.000000029953289,8
1,2025-09-01,CWW0002,1,cluster_1,ADIDA8,0.5348837209302325,0.999999970046711,0.999999970046711,14.48913043478261,7.75,1.0,-7.75,-1.0,62.0,0.0,62.0,-62.0,8
1,2025-09-01,DGNTYBV001AMDE,0,low_information,ADIDA8,0.046511627906976744,0.016381424479879763,1.0037376640824323e-06,5.395079113938552e-06,2.509339122762117e-07,,2.509339122762117e-07,,0.0,2.0074712982096937e-06,2.0074712982096937e-06,2.0074712982096937e-06,8
1,2025-09-01,DHZXCZP0001,1,cluster_1,ADIDA8,0.36046511627906974,0.5735570421407229,0.999999970046711,3.8145161290322585,1.375,0.5789473684210527,-7.113906130840064e-08,-2.995328897195817e-08,19.0,18.99999943088751,11.0,-5.691124904672051e-07,8
1,2025-09-01,DRMJJ0020,2,cluster_2,ADIDA8,0.09302325581395349,0.2893853310418987,0.999999970046711,20.15625,1.875,1.0,-1.875,-1.0,15.0,0.0,15.0,-15.0,8
1,2025-09-01,DRMJJ0021,2,cluster_2,ADIDA8,0.16279069767441862,0.6827646992216674,0.999999970046711,4.607142719143775,0.7499999775350332,,0.7499999775350332,,0.0,5.999999820280266,5.999999820280266,5.999999820280266,8
1,2025-09-01,DRMJJ0022,1,cluster_1,ADIDA8,0.29069767441860467,0.15662440574732775,0.999999970046711,6.019999974240169,1.7499999925116771,1.7499999925116771,0.49999998502335447,0.49999998502335447,8.0,11.999999880186836,13.999999940093417,3.9999998801868357,8
1,2025-09-01,DRMJJ0023,1,cluster_1,ADIDA8,0.4069767441860465,0.3543273104633113,0.3636363636363636,8.907142857142857,3.625,0.8787878787878788,-3.125,-0.7575757575757576,33.0,8.0,29.0,-25.0,8
1,2025-09-01,DRMJJ0024,0,low_information,ADIDA8,0.046511627906976744,0.024976184026298014,0.999999970046711,2.687499999999998,0.12499999999999989,,0.12499999999999989,,0.0,0.9999999999999991,0.9999999999999991,0.9999999999999991,8
1,2025-09-01,DRMJJ0025,2,cluster_2,ADIDA8,0.20930232558139536,0.4453989781644892,0.999999970046711,7.763888674223651,1.6249999550700664,,1.6249999550700664,,0.0,12.999999640560532,12.999999640560532,12.999999640560532,8
1,2025-09-01,DRMJJ0026,0,low_information,ADIDA8,0.0,0.999999970046711,0.999999970046711,,2.25,1.0,-2.25,-1.0,18.0,0.0,18.0,-18.0,8
1,2025-09-01,DRMJJ0027,0,low_information,ADIDA8,0.0,0.999999970046711,0.999999970046711,,1.25,1.0,-1.25,-1.0,10.0,0.0,10.0,-10.0,8
1,2025-09-01,ETZP0003,0,low_information,ADIDA8,0.0,0.999999970046711,0.999999970046711,,1.25,1.0,-1.25,-1.0,10.0,0.0,10.0,-10.0,8
1,2025-09-01,ETZP0004,2,cluster_2,ADIDA8,0.2558139534883721,0.19928091158835884,0.999999970046711,4.886363691249635,1.2500000140406042,0.6250000070203021,-1.0000000187208058,-0.5000000093604029,16.0,7.999999850233553,10.000000112324834,-8.000000149766446,8
1,2025-09-01,FDBLHP0001,2,cluster_2,ADIDA8,0.18604651162790697,0.9467974486208701,0.999999970046711,4.03125,0.75,1.0,-0.75,-1.0,6.0,0.0,6.0,-6.0,8
1,2025-09-01,FDBLP0001,1,cluster_1,ADIDA8,0.6976744186046512,0.999999970046711,0.999999970046711,3.9416664734679525,2.7499998652101993,1.0476189962705522,2.7499998652101993,1.0476189962705522,21.0,42.999998921681595,21.999998921681595,21.999998921681595,8
1,2025-09-01,FRC0002,1,cluster_1,ADIDA8,0.46511627906976744,0.999999970046711,0.09047282436985754,0.9577967904645154,0.4454868792858211,,0.4454868792858211,,0.0,3.5638950342865687,3.5638950342865687,3.5638950342865687,8
1,2025-09-01,FRC0003,1,cluster_1,ADIDA8,0.6976744186046512,0.5612465588062011,0.2836074249606905,1.1600727846153756,0.8093531055456109,2.1582749481216292,0.4937062110912218,1.3165498962432582,3.0,6.9496496887297745,6.474824844364887,3.9496496887297745,8
1,2025-09-01,FRC0010,2,cluster_2,ADIDA8,0.16279069767441862,0.11423834611285523,0.4582812981341466,0.3984593463730128,0.06486547499095557,,0.06486547499095557,,0.0,0.5189237999276446,0.5189237999276446,0.5189237999276446,8
1,2025-09-01,FRC0011,0,low_information,ADIDA8,0.023255813953488372,1.0037376640824323e-06,1.0037376640824323e-06,5.395057452994735e-06,1.2546645239522639e-07,,1.2546645239522639e-07,,0.0,1.003731619161811e-06,1.003731619161811e-06,1.003731619161811e-06,8
1,2025-09-01,FRH0001,1,cluster_1,ADIDA8,1.044186046511628,0.46190876761142746,0.999999970046711,2.255487698120816e-15,2.3551487824563873e-15,,2.3551487824563873e-15,,0.0,1.8841190259651098e-14,1.8841190259651098e-14,1.8841190259651098e-14,8
1,2025-09-01,FRH0002,1,cluster_1,ADIDA8,0.9767441860465116,0.2658683667371615,0.999999970046711,1.2630219942709247e-15,1.2336493897529962e-15,,1.2336493897529962e-15,,0.0,9.86919511802397e-15,9.86919511802397e-15,9.86919511802397e-15,8
1,2025-09-01,FRH0003,1,cluster_1,ADIDA8,1.6046511627906976,0.45385099259137185,0.999999970046711,0.07789855072463985,0.12500000000000347,,0.12500000000000347,,0.0,1.0000000000000278,1.0000000000000278,1.0000000000000278,8
1,2025-09-01,FRH0004,1,cluster_1,ADIDA8,0.6511627906976745,0.47680741522145365,0.999999970046711,5.158867528337322e-24,3.359262576591745e-24,,3.359262576591745e-24,,0.0,2.687410061273396e-23,2.687410061273396e-23,2.687410061273396e-23,8
1,2025-09-01,FRH0012,0,low_information,ADIDA8,0.09302325581395349,0.005068216930937489,0.05749399494505403,0.23334296444999925,0.021706322274418533,,0.021706322274418533,,0.0,0.17365057819534827,0.17365057819534827,0.17365057819534827,8
1,2025-09-01,FRH0028,1,cluster_1,ADIDA8,0.6046511627906976,0.19690259711636848,0.4806192282678852,0.9249769385098442,0.559288381424557,1.4914356837988185,0.3621535256982277,0.9657427351952738,3.0,5.897228205585821,4.474307051396456,2.8972282055858214,8
1,2025-09-01,FRH0029,1,cluster_1,ADIDA8,0.5581395348837209,0.21409321471591203,0.999999970046711,0.44791670691639873,0.2500000224649667,1.0000000898598669,-0.24999995507006656,-0.9999998202802662,2.0,3.594394675232591e-07,2.0000001797197338,-1.9999996405605325,8
1,2025-09-01,FRH0031,2,cluster_2,ADIDA8,0.2558139534883721,0.038009232664359384,0.24754034879223186,0.5737767255870891,0.14678009259204608,,0.14678009259204608,,0.0,1.1742407407363686,1.1742407407363686,1.1742407407363686,8
1,2025-09-01,FRH0033,1,cluster_1,ADIDA8,3.161627906976744,0.18306956897944007,0.9999999717822925,0.9142837505778766,2.8906250207223794,0.6085526359415535,-1.1874999171104828,-0.2499999825495753,38.0,28.500000663116136,23.125000165779035,-9.499999336883862,8
1,2025-09-01,FRH0034,1,cluster_1,ADIDA8,1.172093023255814,0.22772563376290927,0.999999970046711,1.0664682395933482,1.2499999831512734,0.9999999865210187,-1.2499999775350312,-0.999999982028025,10.0,1.7971974991122085e-07,9.999999865210187,-9.99999982028025,8
1,2025-09-01,FRH0035,2,cluster_2,ADIDA8,0.3023255813953488,0.3126932202067317,0.08707084717582614,0.5468801456172925,0.16533585797732098,,0.16533585797732098,,0.0,1.3226868638185678,1.3226868638185678,1.3226868638185678,8
1,2025-09-01,FRH0036,0,low_information,ADIDA8,0.046511627906976744,0.999999970046711,1.0037376640824323e-06,1.6185172358984207e-05,7.527987143713585e-07,,7.527987143713585e-07,,0.0,6.022389714970868e-06,6.022389714970868e-06,6.022389714970868e-06,8
1,2025-09-01,FRH0037,2,cluster_2,ADIDA8,0.18604651162790697,0.3132762825500681,0.7751292325838551,0.005260960002679744,0.0009787832563125105,,0.0009787832563125105,,0.0,0.007830266050500084,0.007830266050500084,0.007830266050500084,8
1,2025-09-01,FRH0040,1,cluster_1,ADIDA8,0.813953488372093,0.3824010165202574,0.999999970046711,9.905016852668659e-23,8.062223019614025e-23,,8.062223019614025e-23,,0.0,6.44977841569122e-22,6.44977841569122e-22,6.44977841569122e-22,8
1,2025-09-01,FRH0042,2,cluster_2,ADIDA8,0.18604651162790697,0.5711523970024919,0.23755512637141982,1.560964805537564,0.29041205684419796,,0.29041205684419796,,0.0,2.3232964547535837,2.3232964547535837,2.3232964547535837,8
1,2025-09-01,FRH0043,2,cluster_2,ADIDA8,0.12790697674418605,0.04206445723787601,0.06117843389977959,3.007691297888356,0.3847047008926967,1.0258792023805245,-0.3361811964292132,-0.8964831904779018,3.0,0.3105504285662944,3.0776376071415736,-2.6894495714337054,8
1,2025-09-01,FRH0044,2,cluster_2,ADIDA8,0.36046511627906974,0.06730767598446621,0.5189087460186195,1.4906336045252104,0.5373214155846688,4.298571324677351,0.424761887446225,3.3980950995698,1.0,4.3980950995698,4.298571324677351,3.3980950995698,8
1,2025-09-01,FRH0045,1,cluster_1,ADIDA8,0.8372093023255814,0.999999970046711,0.11271894846847033,1.0767394883819361,0.9014563158546443,,0.9014563158546443,,0.0,7.211650526837154,7.211650526837154,7.211650526837154,8
1,2025-09-01,FRH0046,1,cluster_1,ADIDA8,0.5697674418604651,0.1265360731766308,0.39791850486400987,1.1233305858616385,0.6400371942700034,0.7314710791657182,0.06485122291998646,0.07411568333712738,7.0,7.518809783359892,5.120297554160027,0.5188097833598917,8
1,2025-09-01,FRH0047,2,cluster_2,ADIDA8,0.4418604651162791,0.45614257404409114,0.18621822514814437,0.9571375647101933,0.42292124952310867,,0.42292124952310867,,0.0,3.3833699961848693,3.3833699961848693,3.3833699961848693,8
1,2025-09-01,FRH0048,1,cluster_1,ADIDA8,2.2945736434108523,0.3213631420889075,0.710845429301119,0.820221833685777,1.8820594013255034,0.3764118802651007,0.5282376053020137,0.10564752106040273,40.0,44.22590084241611,15.056475210604027,4.2259008424161095,8
1,2025-09-01,FRH0049,2,cluster_2,ADIDA8,0.18604651162790697,0.18047706566260927,0.01957888627961348,0.11870049132968892,0.022083812340407242,,0.022083812340407242,,0.0,0.17667049872325793,0.17667049872325793,0.17667049872325793,8
1,2025-09-01,FRH0050,1,cluster_1,ADIDA8,0.9767441860465116,0.07810878584802297,0.6180469631947596,1.4265494154785385,1.393373847676712,0.8574608293395151,-0.5515046092931524,-0.33938745187270913,13.0,8.587963125654781,11.146990781413695,-4.412036874345219,8
1,2025-09-01,FRH0051,1,cluster_1,ADIDA8,1.930232558139535,0.3712549958005612,0.5231125914500734,0.8491656004332641,1.6390870892083935,0.4097717723020984,1.185449452277858,0.2963623630694645,32.0,41.483595618222864,13.112696713667148,9.483595618222864,8
1,2025-09-01,FRH0052,0,low_information,ADIDA8,0.06976744186046512,0.012916354228759317,0.15110227374466462,0.4369921333454842,0.03048782325666169,,0.03048782325666169,,0.0,0.2439025860532935,0.2439025860532935,0.2439025860532935,8
1,2025-09-01,FRH0056,1,cluster_1,ADIDA8,3.2906976744186047,0.6176014475648581,0.9706826177339766,1.338416679707641,4.404324655317005,0.5181558418020006,4.372432873756006,0.5144038675007065,68.0,102.97946299004805,35.23459724253604,34.97946299004805,8
1,2025-09-01,FRH0056-1,0,low_information,ADIDA8,0.0,0.999999970046711,0.999999970046711,,0.125,1.0,-0.125,-1.0,1.0,0.0,1.0,-1.0,8
1,2025-09-01,FRH0058,0,low_information,ADIDA8,0.16279069767441862,0.00914237538477502,0.09878368371686312,0.33048046438012496,0.053799145364206394,,0.053799145364206394,,0.0,0.43039316291365115,0.43039316291365115,0.43039316291365115,8
1,2025-09-01,FRH0059,1,cluster_1,ADIDA8,1.441860465116279,0.7740855101521162,0.999999970046711,1.3654233929394775,1.9687500084243625,0.8289473719681526,-0.7500000336974503,-0.31578948787261063,19.0,12.999999730420397,15.7500000673949,-6.000000269579602,8
1,2025-09-01,FRH0064,0,low_information,ADIDA8,0.2441860465116279,0.15829543780110425,0.999999970046711,11.773809523809524,2.875,1.0,-2.875,-1.0,23.0,0.0,23.0,-23.0,8
1,2025-09-01,FRH0065,2,cluster_2,ADIDA8,0.13953488372093023,0.999999970046711,0.999999970046711,1.7916666666666667,0.25,1.0,-0.25,-1.0,2.0,0.0,2.0,-2.0,8
1,2025-09-01,FRH0068,0,low_information,ADIDA8,0.0,0.999999970046711,0.999999970046711,,0.375,1.0,-0.375,-1.0,3.0,0.0,3.0,-3.0,8
1,2025-09-01,FRW00011,2,cluster_2,ADIDA8,0.18604651162790697,0.05582577318583486,0.24448947809204458,1.050573462274869,0.1954555278650919,,0.1954555278650919,,0.0,1.5636442229207352,1.5636442229207352,1.5636442229207352,8
1,2025-09-01,FRW0005,1,cluster_1,ADIDA8,1.302325581395349,0.33367913863323584,0.7303700000306551,1.8204690706437547,2.3708434408383785,0.5419070721916294,-1.358373763353514,-0.3104854316236603,35.0,24.133009893171888,18.966747526707028,-10.866990106828112,8
1,2025-09-01,FRW0006,1,cluster_1,ADIDA8,2.755813953488372,0.3103176637139227,0.9999999757649725,1.1793248483455065,3.2499998727661055,0.5416666454610176,3.2499998727661055,0.5416666454610176,48.0,73.99999898212884,25.999998982128844,25.999998982128844,8
1,2025-09-01,FRW0007,0,low_information,ADIDA8,0.09302325581395349,0.10827915483595939,0.044910266267861224,0.24205841914392617,0.02251706224594662,,0.02251706224594662,,0.0,0.18013649796757297,0.18013649796757297,0.18013649796757297,8
1,2025-09-01,FRW0008,0,low_information,ADIDA8,0.05813953488372093,0.19122362563702702,0.999999970046711,0.0,0.0,,0.0,,0.0,0.0,0.0,0.0,8
1,2025-09-01,FRW0009,2,cluster_2,ADIDA8,0.11627906976744186,0.6705378029100073,0.999999970046711,9.674999613602571,1.1249999550700664,2.9999998801868437,1.1249999550700664,2.9999998801868437,3.0,11.999999640560532,8.999999640560532,8.999999640560532,8
1,2025-09-01,FRW0011,2,cluster_2,ADIDA8,0.11627906976744186,0.30130908893506597,0.06193735240820445,0.38710809700835785,0.045012569419576494,,0.045012569419576494,,0.0,0.36010055535661195,0.36010055535661195,0.36010055535661195,8
1,2025-09-01,FRW0013,1,cluster_1,ADIDA8,0.23255813953488372,0.6077441631802007,0.02494248930634383,0.3335489055550543,0.07756951291978006,,0.07756951291978006,,0.0,0.6205561033582405,0.6205561033582405,0.6205561033582405,8
1,2025-09-01,FRW0014,2,cluster_2,ADIDA8,0.09302325581395349,0.5046368422950996,0.03730142025197879,0.4021039660086695,0.03740502009382972,,0.03740502009382972,,0.0,0.29924016075063775,0.29924016075063775,0.29924016075063775,8
1,2025-09-01,FRW0015,1,cluster_1,ADIDA8,1.1395348837209303,0.9999999776953862,0.37076241158800266,3.2516868863336095,3.7054106379150435,,3.7054106379150435,,0.0,29.64328510332035,29.64328510332035,29.64328510332035,8
1,2025-09-01,FRW0016,2,cluster_2,ADIDA8,0.32558139534883723,0.10470354623163303,0.6719167711920231,0.05525941941611293,0.017991438879664676,,0.017991438879664676,,0.0,0.1439315110373174,0.1439315110373174,0.1439315110373174,8
1,2025-09-01,FRW0017,2,cluster_2,ADIDA8,0.18604651162790697,0.8427629966898774,1.0037376640824323e-06,1.4162040029084156e-05,2.6347981449458895e-06,,2.6347981449458895e-06,,0.0,2.1078385159567116e-05,2.1078385159567116e-05,2.1078385159567116e-05,8
1,2025-09-01,FRW0020,2,cluster_2,ADIDA8,0.06976744186046512,0.2581686635777136,0.07750885073193932,0.44229072743178727,0.030857492611520043,,0.030857492611520043,,0.0,0.24685994089216035,0.24685994089216035,0.24685994089216035,8
1,2025-09-01,FRW0021,0,low_information,ADIDA8,0.09302325581395349,0.023044379316723377,0.19676098394858524,0.693978392606172,0.06455612954476019,,0.06455612954476019,,0.0,0.5164490363580815,0.5164490363580815,0.5164490363580815,8
1,2025-09-01,FRW0022,0,low_information,ADIDA8,0.09302325581395349,0.021014618302552933,0.12477461926323691,0.5590540242733264,0.0520050255137978,,0.0520050255137978,,0.0,0.4160402041103824,0.4160402041103824,0.4160402041103824,8
1,2025-09-01,FRW0023,2,cluster_2,ADIDA8,0.16279069767441862,0.06534119244656392,0.999999970046711,2.495535679785943,0.4062499943837582,3.2499999550700656,0.2499999925116776,1.9999999400934207,1.0,2.9999999400934207,3.2499999550700656,1.9999999400934207,8
1,2025-09-01,FRW0024,0,low_information,ADIDA8,0.0,0.999999970046711,0.999999970046711,,1.625,1.0,-1.625,-1.0,13.0,0.0,13.0,-13.0,8
1,2025-09-01,FSTBY001,0,low_information,ADIDA8,0.0,0.999999970046711,0.999999970046711,,0.0,,0.0,,0.0,0.0,0.0,0.0,8
1,2025-09-01,FZGLS0001,0,low_information,ADIDA8,0.0,0.999999970046711,0.999999970046711,,0.0,,0.0,,0.0,0.0,0.0,0.0,8
1,2025-09-01,FZGLS0002,0,low_information,ADIDA8,0.023255813953488372,0.05131670202135952,0.999999970046711,10.749999678002144,0.24999999251167776,,0.24999999251167776,,0.0,1.999999940093422,1.999999940093422,1.999999940093422,8
1,2025-09-01,FZLRICBHP0001,2,cluster_2,ADIDA8,0.11627906976744186,0.8745274989998653,0.07142857582136096,2.6875000306946166,0.3125000035691415,1.250000014276566,-0.12499999286171705,-0.4999999714468682,2.0,1.0000000571062635,2.500000028553132,-0.9999999428937364,8
1,2025-09-01,FZLRJ0001,2,cluster_2,ADIDA8,0.3953488372093023,0.45066175741060066,0.999999970046711,8.536764440707648,3.3749998951634885,13.499999580653954,3.3749998951634885,13.499999580653954,2.0,28.99999916130791,26.99999916130791,26.99999916130791,8
1,2025-09-01,FZLRJ0001double,0,low_information,ADIDA8,0.046511627906976744,0.04388123447545769,0.999999970046711,5.374999839001072,0.24999999251167776,,0.24999999251167776,,0.0,1.999999940093422,1.999999940093422,1.999999940093422,8
1,2025-09-01,FZLRJ0002,1,cluster_1,ADIDA8,0.46511627906976744,0.37477836917122676,0.999999970046711,5.643749855100962,2.624999932605099,2.999999922977256,2.624999932605099,2.999999922977256,7.0,27.99999946084079,20.99999946084079,20.99999946084079,8
1,2025-09-01,FZLRJ0002double,2,cluster_2,ADIDA8,0.13953488372093023,0.09187410002901394,0.5000000000000001,2.6875000000000004,0.37500000000000006,,0.37500000000000006,,0.0,3.0000000000000004,3.0000000000000004,3.0000000000000004,8
1,2025-09-01,GJMJSLW001,1,cluster_1,ADIDA8,2.7209302325581395,0.1722808127039225,0.05894355680118645,0.418571485960619,1.138903810637033,,1.138903810637033,,0.0,9.111230485096264,9.111230485096264,9.111230485096264,8
1,2025-09-01,GJMJSW001,0,low_information,ADIDA8,0.023255813953488372,1.0037376640824323e-06,1.0037376640824323e-06,5.395068283455772e-06,1.254667042664133e-07,,1.254667042664133e-07,,0.0,1.0037336341313065e-06,1.0037336341313065e-06,1.0037336341313065e-06,8
1,2025-09-01,GJMJWJX001,1,cluster_1,ADIDA8,5.542635658914728,0.20489446008275236,0.2111799392169212,0.914877693438381,5.070833727197227,0.5337719712839186,-4.1416674543944545,-0.4359649951994163,76.0,42.866660364844364,40.56666981757782,-33.133339635155636,8
1,2025-09-01,GJMJWJXW001,1,cluster_1,ADIDA8,7.046511627906977,0.3757313149779135,0.07048909678419414,1.2217217055189902,8.608876204005908,1.3774201926409453,-2.4381650613254573,-0.3901064098120732,50.0,30.494679509396338,68.87100963204726,-19.50532049060366,8
1,2025-09-01,GJMUSDW001,0,low_information,ADIDA8,0.023255813953488372,0.6180343707159061,1.0037376640824323e-06,1.0790136566911544e-05,2.509334085328266e-07,,2.509334085328266e-07,,0.0,2.007467268262613e-06,2.007467268262613e-06,2.007467268262613e-06,8
1,2025-09-01,HLGKSLT0001,2,cluster_2,ADIDA8,0.5465116279069767,0.1661527645767813,0.999999970046711,6.632978709702221,3.624999992511679,0.7435897420536778,-3.624999992511679,-0.7435897420536778,39.0,10.000000059906572,28.99999994009343,-28.99999994009343,8
1,2025-09-01,HSAKSLT0001,2,cluster_2,ADIDA8,0.18604651162790697,0.10740099244920731,0.999999970046711,2.0156249798751324,0.37499999625583863,,0.37499999625583863,,0.0,2.999999970046709,2.999999970046709,2.999999970046709,8
1,2025-09-01,HWZDSKL0001,1,cluster_1,ADIDA8,1.4069767441860466,0.147014764356683,0.7230769230769231,4.175619834710743,5.875,,5.875,,0.0,47.0,47.0,47.0,8
1,2025-09-01,HWZDSKL0002,2,cluster_2,ADIDA8,0.2558139534883721,0.704660252278919,0.15789474251739605,2.076704578732387,0.5312500085129361,2.1250000340517445,0.12500001135058153,0.5000000454023261,2.0,3.0000000908046522,4.250000068103489,1.0000000908046522,8
1,2025-09-01,HZSN0001,1,cluster_1,ADIDA8,0.8255813953488372,0.5799169307235311,0.999999970046711,5.602112558141629,4.62499990265181,1.849999961060724,4.62499990265181,1.849999961060724,20.0,56.99999922121448,36.99999922121448,36.99999922121448,8
1,2025-09-01,JZJ00011,2,cluster_2,ADIDA8,0.16279069767441862,0.999999970046711,0.999999970046711,9.982142995141936,1.6250000224649666,0.6842105357747228,-1.3750000299532887,-0.5789473810329637,19.0,7.999999760373688,13.000000179719732,-11.00000023962631,8
1,2025-09-01,JZJ00012,1,cluster_1,ADIDA8,0.9186046511627907,0.6983298411252118,0.999999970046711,3.5379745612666365,3.249999887675166,0.7428571171828952,2.1249998502335545,0.4857142514819553,35.0,51.999998801868436,25.99999910140133,16.999998801868436,8
1,2025-09-01,JZJ0002,1,cluster_1,ADIDA8,1.5813953488372092,0.9935892382472378,0.6477123789259922,2.4111796484865415,3.813028281327554,0.5447183259039362,3.750704375103405,0.5358149107290578,56.0,86.00563500082724,30.50422625062043,30.00563500082724,8
1,2025-09-01,JZJ0003,1,cluster_1,ADIDA8,2.9302325581395348,0.4953555154574781,0.6344931259949959,1.375379087516716,4.030180582025726,0.26212556631061634,1.2457223281029037,0.08102259044571732,123.0,132.96577862482323,32.24144465620581,9.96577862482323,8
1,2025-09-01,JZJ0004,2,cluster_2,ADIDA8,0.32558139534883723,0.12954000680816158,0.8831436026738781,3.2831781133196,1.0689417113133581,,1.0689417113133581,,0.0,8.551533690506865,8.551533690506865,8.551533690506865,8
1,2025-09-01,JZJ0005,1,cluster_1,ADIDA8,0.6434108527131783,0.35053969825704345,0.9299835433482935,2.993736197588741,1.92620235968888,,1.92620235968888,,0.0,15.40961887751104,15.40961887751104,15.40961887751104,8
1,2025-09-01,JZJ0008,1,cluster_1,ADIDA8,0.9651162790697675,0.5879063331281305,0.6735954960882917,2.2048565090962153,2.127942909941696,0.3783009617674127,0.36322836023321425,0.06457393070812698,45.0,47.905826881865714,17.02354327953357,2.905826881865714,8
1,2025-09-01,JZJ0009,1,cluster_1,ADIDA8,1.6046511627906976,0.9999999744596778,0.8660689187577256,10.89556198411549,17.483576207069042,0.6300387822367223,-17.483576207069042,-0.6300387822367223,222.0,82.13139034344766,139.86860965655234,-139.86860965655234,8
1,2025-09-01,JZJ0013,1,cluster_1,ADIDA8,2.604651162790698,0.9999999798379594,0.999999970046711,3.143415054587876,8.187499677066096,0.4337748173280051,6.874999569421462,0.3642383877839185,151.0,205.9999965553717,65.49999741652877,54.999996555371695,8
1,2025-09-01,JZJ0014,0,low_information,ADIDA8,0.20930232558139536,0.07475832861204303,0.999999970046711,1.4930555287224008,0.3124999943837583,2.4999999550700664,0.12499999251167777,0.9999999400934222,1.0,1.999999940093422,2.4999999550700664,0.9999999400934222,8
1,2025-09-01,JZJ0016,1,cluster_1,ADIDA8,1.0,0.3026479165169341,0.999999970046711,2.9062500056162417,2.9062500056162417,0.8611111127751827,-2.750000007488322,-0.8148148170335768,27.0,4.9999999400934225,23.250000044929934,-22.000000059906576,8
1,2025-09-01,JZJ0017,2,cluster_2,ADIDA8,0.10465116279069768,0.6012043605885914,0.999999970046711,6.569444399722519,0.6874999953197986,1.374999990639597,0.2499999812791942,0.4999999625583884,4.0,5.999999850233554,5.499999962558388,1.9999998502335536,8
1,2025-09-01,JZJ0018,2,cluster_2,ADIDA8,0.09302325581395349,0.9999999752433224,0.999999970046711,16.125,1.5,1.0,-1.5,-1.0,12.0,0.0,12.0,-12.0,8
1,2025-09-01,JZJ0019,1,cluster_1,ADIDA8,0.3023255813953488,0.6345887055452349,0.999999970046711,9.50961553322978,2.8750000449299336,0.5609756185229139,-2.125000089859867,-0.414634163875096,41.0,23.999999281121063,23.00000035943947,-17.000000718878937,8
1,2025-09-01,JZQCQ001,1,cluster_1,ADIDA8,3.0930232558139537,0.5424169412561594,0.999999970046711,0.7678572384880868,2.375000295788734,,2.375000295788734,,0.0,19.00000236630987,19.00000236630987,19.00000236630987,8
1,2025-09-01,JZQCQ003,1,cluster_1,ADIDA8,4.27906976744186,0.4473888879767528,0.8125066188170819,0.9828472048002506,4.20567176007549,,4.20567176007549,,0.0,33.64537408060392,33.64537408060392,33.64537408060392,8
1,2025-09-01,JZQCQ004,1,cluster_1,ADIDA8,0.7674418604651163,0.6264763771406808,0.5305211821128841,2.483763863195933,1.9061443601271115,,1.9061443601271115,,0.0,15.249154881016892,15.249154881016892,15.249154881016892,8
1,2025-09-01,KFZ0001,2,cluster_2,ADIDA8,0.13953488372093023,0.05487958299071957,0.359579493694909,0.6293131163735213,0.08781113251723553,,0.08781113251723553,,0.0,0.7024890601378843,0.7024890601378843,0.7024890601378843,8
1,2025-09-01,KZCWBG001,2,cluster_2,ADIDA8,0.20930232558139536,0.8116033269806108,0.999999970046711,5.6736109769453344,1.187499971918791,1.8999999550700657,1.1249999625583882,1.799999940093421,5.0,13.999999700467106,9.499999775350329,8.999999700467106,8
1,2025-09-01,LRKF0001,1,cluster_1,ADIDA8,0.4883720930232558,0.7869556051534478,0.03636241887918112,0.5029739866296411,0.24563845858656888,,0.24563845858656888,,0.0,1.965107668692551,1.965107668692551,1.965107668692551,8
1,2025-09-01,LTKF0002,2,cluster_2,ADIDA8,0.046511627906976744,0.9999999638290566,1.0037376640824323e-06,2.1580273133823088e-05,1.0037336341313065e-06,,1.0037336341313065e-06,,0.0,8.029869073050452e-06,8.029869073050452e-06,8.029869073050452e-06,8
1,2025-09-01,LTKF0003B,0,low_information,ADIDA8,0.023255813953488372,1.0037376640824323e-06,1.0037376640824323e-06,5.395068283455772e-06,1.254667042664133e-07,,1.254667042664133e-07,,0.0,1.0037336341313065e-06,1.0037336341313065e-06,1.0037336341313065e-06,8
1,2025-09-01,LTKF0005A,2,cluster_2,ADIDA8,0.27906976744186046,0.1062201184401955,0.38405786754442545,1.6189178185989044,0.4517910191438803,,0.4517910191438803,,0.0,3.6143281531510425,3.6143281531510425,3.6143281531510425,8
1,2025-09-01,LTKF0006A,0,low_information,ADIDA8,0.023255813953488372,1.0037376640824323e-06,1.0037376640824323e-06,5.395068283455772e-06,1.254667042664133e-07,,1.254667042664133e-07,,0.0,1.0037336341313065e-06,1.0037336341313065e-06,1.0037336341313065e-06,8
1,2025-09-01,LTKF0008,2,cluster_2,ADIDA8,0.18604651162790697,0.2310274719334674,1.0037376640824323e-06,7.4182188897516865e-06,1.3801337469305463e-06,,1.3801337469305463e-06,,0.0,1.104106997544437e-05,1.104106997544437e-05,1.104106997544437e-05,8
1,2025-09-01,LTKF0009,2,cluster_2,ADIDA8,0.23255813953488372,0.2989118583128349,1.0037376640824323e-06,8.092602425183658e-06,1.8820005639961997e-06,,1.8820005639961997e-06,,0.0,1.5056004511969597e-05,1.5056004511969597e-05,1.5056004511969597e-05,8
1,2025-09-01,LTKF0010,0,low_information,ADIDA8,0.046511627906976744,1.0037376640824323e-06,1.0037376640824323e-06,5.395068283455772e-06,2.509334085328266e-07,,2.509334085328266e-07,,0.0,2.007467268262613e-06,2.007467268262613e-06,2.007467268262613e-06,8
1,2025-09-01,LTKF0012,0,low_information,ADIDA8,0.06976744186046512,0.2679492007139013,1.0037376640824323e-06,8.991780472426287e-06,6.273335213320665e-07,,6.273335213320665e-07,,0.0,5.018668170656532e-06,5.018668170656532e-06,5.018668170656532e-06,8
1,2025-09-01,LTKF0016,0,low_information,ADIDA8,0.09302325581395349,0.011899595135088712,1.0037376640824323e-06,9.441369496047603e-06,8.782669298648932e-07,,8.782669298648932e-07,,0.0,7.0261354389191455e-06,7.0261354389191455e-06,7.0261354389191455e-06,8
1,2025-09-01,LTKF0018A,0,low_information,ADIDA8,0.06976744186046512,1.0037376640824323e-06,1.0037376640824323e-06,5.395068283455774e-06,3.7640011279924e-07,,3.7640011279924e-07,,0.0,3.01120090239392e-06,3.01120090239392e-06,3.01120090239392e-06,8
1,2025-09-01,LTKF0019,1,cluster_1,ADIDA8,0.686046511627907,0.28764658856118747,0.511936477870612,1.5314850784779341,1.050669995699978,1.681071993119965,0.6092266609333044,0.9747626574932869,5.0,9.873813287466435,8.405359965599825,4.873813287466435,8
1,2025-09-01,LTKF0020,1,cluster_1,ADIDA8,2.872093023255814,0.6350562626080551,0.98793429527485,3.1414531072712943,9.022545552279183,0.4374567540498998,3.9651822091167332,0.19225125862384163,165.0,196.72145767293387,72.18036441823347,31.721457672933866,8
1,2025-09-01,LTKF0021,1,cluster_1,ADIDA8,1.1162790697674418,0.3018212871860668,0.999999970046711,3.3593749748439166,3.7499999719187906,0.8333333270930646,2.4999999438375813,0.5555555430750181,36.0,55.99999955070065,29.999999775350325,19.99999955070065,8
1,2025-09-01,LTKF0022,1,cluster_1,ADIDA8,0.3023255813953488,0.4821632931235034,0.999999970046711,6.615384479154752,1.9999999588142272,,1.9999999588142272,,0.0,15.999999670513818,15.999999670513818,15.999999670513818,8
1,2025-09-01,LTKF0022M,1,cluster_1,ADIDA8,0.37984496124031014,0.3094927325335728,0.999999970046711,3.7021683772040164,1.4062500037441614,0.4017857153554747,-1.1250000149766461,-0.3214285757076132,28.0,18.99999988018683,11.250000029953291,-9.00000011981317,8
1,2025-09-01,LTKF0023,0,low_information,ADIDA8,0.023255813953488372,1.0037376640824323e-06,1.0037376640824323e-06,5.395068283455772e-06,1.254667042664133e-07,,1.254667042664133e-07,,0.0,1.0037336341313065e-06,1.0037336341313065e-06,1.0037336341313065e-06,8
1,2025-09-01,LTKF0024A,2,cluster_2,ADIDA8,0.1744186046511628,0.350647933605773,0.9999999693471524,4.479166732570285,0.7812500114948171,6.250000091958537,0.7500000153264229,6.000000122611383,1.0,7.000000122611383,6.250000091958537,6.000000122611383,8
1,2025-09-01,LTKF0031,1,cluster_1,ADIDA8,1.069767441860465,0.5721559337307549,0.9705710721641356,1.752717391304348,1.875,0.3191489361702128,0.7499684103379591,0.12765419750433346,47.0,52.99974728270367,15.0,5.999747282703673,8
1,2025-09-01,LTKF0047,1,cluster_1,ADIDA8,0.27906976744186046,0.5739187139596171,0.999999970046711,6.270833306500173,1.7499999925116763,,1.7499999925116763,,0.0,13.99999994009341,13.99999994009341,13.99999994009341,8
1,2025-09-01,LTKF0058,0,low_information,ADIDA8,0.0,0.999999970046711,0.999999970046711,,0.0,,0.0,,0.0,0.0,0.0,0.0,8
1,2025-09-01,LTKF0101,1,cluster_1,ADIDA8,1.069767441860465,0.5210241432411319,0.09905326984666066,6.125505258814493,6.552866090824805,0.9361237272606865,-6.403821454433073,-0.9148316363475819,56.0,4.7694283645354085,52.42292872659844,-51.230571635464585,8
1,2025-09-01,LTKF0102,0,low_information,ADIDA8,0.03488372093023256,0.9999929909839739,0.999999970046711,25.083333333333332,0.875,1.0,-0.875,-1.0,7.0,0.0,7.0,-7.0,8
1,2025-09-01,LTKF0103,0,low_information,ADIDA8,0.0,0.999999970046711,0.999999970046711,,0.5,1.0,-0.5,-1.0,4.0,0.0,4.0,-4.0,8
1,2025-09-01,LTKF0106,0,low_information,ADIDA8,0.0,0.999999970046711,0.999999970046711,,0.0,,0.0,,0.0,0.0,0.0,0.0,8
1,2025-09-01,LTKF0111,0,low_information,ADIDA8,0.0,0.999999970046711,0.999999970046711,,0.125,1.0,-0.125,-1.0,1.0,0.0,1.0,-1.0,8
1,2025-09-01,LTKF093,2,cluster_2,ADIDA8,0.18604651162790697,0.1370127729826216,0.999999970046711,5.039062510062433,0.9375000018720805,0.9375000018720805,-0.7500000074883222,-0.7500000074883222,8.0,1.999999940093422,7.500000014976644,-6.0000000599065775,8
1,2025-09-01,LTKF098,2,cluster_2,ADIDA8,0.1511627906976744,0.999999971980805,0.999999970046711,45.48076923076923,6.875,1.0,-6.875,-1.0,55.0,0.0,55.0,-55.0,8
1,2025-09-01,LYC0201,2,cluster_2,ADIDA8,0.11627906976744186,0.999999970046711,0.999999970046711,16.125,1.875,1.0,-1.875,-1.0,15.0,0.0,15.0,-15.0,8
1,2025-09-01,LYC0203,0,low_information,ADIDA8,0.09302325581395349,0.2460584055420249,0.999999970046711,5.375,0.5,1.0,-0.5,-1.0,4.0,0.0,4.0,-4.0,8
1,2025-09-01,NNB0002,0,low_information,ADIDA8,0.023255813953488372,1.0037376640824323e-06,0.999999970046711,10.75,0.25,1.0,-0.25,-1.0,2.0,0.0,2.0,-2.0,8
1,2025-09-01,QCCXC0004,1,cluster_1,ADIDA8,1.441860465116279,0.39992983113045,0.14538911284926181,0.9970779905938761,1.437647335274891,,1.437647335274891,,0.0,11.501178682199129,11.501178682199129,11.501178682199129,8
1,2025-09-01,QCCXC0005,1,cluster_1,ADIDA8,1.2325581395348837,0.21486568851169177,0.9999999758576968,1.5212264371298845,1.8750000271600902,2.5000000362134536,1.8750000271600902,2.5000000362134536,6.0,21.00000021728072,15.000000217280721,15.000000217280721,8
1,2025-09-01,QCCXC0007,1,cluster_1,ADIDA8,1.872093023255814,0.3143374324549342,0.6579247479805967,1.588046569283204,2.9729709029604168,1.3990451308049021,2.9729709029604168,1.3990451308049021,17.0,40.783767223683334,23.783767223683334,23.783767223683334,8
1,2025-09-01,QCSSXC0004,0,low_information,ADIDA8,0.06976744186046512,0.02423737431430792,0.1341687717169453,0.49226865474420695,0.03434432474959583,,0.03434432474959583,,0.0,0.27475459799676666,0.27475459799676666,0.27475459799676666,8
1,2025-09-01,QCSSXC0005,1,cluster_1,ADIDA8,0.6744186046511628,0.2802358322980048,0.49862716184279093,7.625711426067291,5.142921659440731,0.9568226343145546,-4.446686637762922,-0.8272905372582181,43.0,7.4265068978966235,41.143373275525846,-35.57349310210338,8
1,2025-09-01,QCSSXC0006,1,cluster_1,ADIDA8,0.38372093023255816,0.3222858939708326,0.7823271022565891,8.433028452026127,3.235929522289095,0.7613951817150812,-3.2218590445781903,-0.7580844810772213,34.0,8.225127643374478,25.88743617831276,-25.774872356625522,8
1,2025-09-01,QCXDS001,1,cluster_1,ADIDA8,1.5116279069767442,0.8226851647848388,0.18141162183022203,1.1968490034476167,1.8091903540487229,,1.8091903540487229,,0.0,14.473522832389783,14.473522832389783,14.473522832389783,8
1,2025-09-01,QCXXC0001,2,cluster_2,ADIDA8,0.4883720930232558,0.12412821920158078,0.46424886404427285,1.2222668586632557,0.5969210239983341,2.3876840959933365,0.44384204799666827,1.775368191986673,2.0,5.550736383973346,4.775368191986673,3.550736383973346,8
1,2025-09-01,QCXXC0002,2,cluster_2,ADIDA8,0.3488372093023256,0.17905261172594764,0.999999970046711,2.1466525683840285e-08,7.488322912967541e-09,,7.488322912967541e-09,,0.0,5.990658330374033e-08,5.990658330374033e-08,5.990658330374033e-08,8
1,2025-09-01,QFSJZ001-1,2,cluster_2,ADIDA8,0.2441860465116279,0.20126931506286103,0.999999970046711,13.309523886189966,3.250000018720806,0.8387096822505306,-3.250000018720806,-0.8387096822505306,31.0,4.999999850233555,26.000000149766446,-26.000000149766446,8
1,2025-09-01,QFSJZ002-1,2,cluster_2,ADIDA8,0.11627906976744186,0.34211309065182727,0.999999970046711,3.7624999839001068,0.4374999981279194,1.1666666616744517,-0.1250000074883222,-0.33333335330219255,3.0,1.999999940093422,3.499999985023355,-1.0000000599065777,8
1,2025-09-01,QFSJZ003,0,low_information,ADIDA8,0.06976744186046512,0.1725285048918449,0.999999970046711,7.614583319916755,0.5312499990639596,1.0624999981279193,-0.3750000037441611,-0.7500000074883222,4.0,0.999999970046711,4.249999992511677,-3.0000000299532887,8
1,2025-09-01,QFSJZ003-1,2,cluster_2,ADIDA8,0.1511627906976744,0.43753164300459585,0.999999970046711,9.923076923076923,1.5,1.0,-1.5,-1.0,12.0,0.0,12.0,-12.0,8
1,2025-09-01,QYGZIPJ,0,low_information,ADIDA8,0.023255813953488372,1.0037376640824323e-06,0.999999970046711,10.75,0.25,1.0,-0.25,-1.0,2.0,0.0,2.0,-2.0,8
1,2025-09-01,RLHZHMV000AMDE,1,cluster_1,ADIDA8,3.058139534883721,0.6821179823041783,0.9999999708667671,2.0846008521484176,6.37500028040737,1.3783784390069989,6.37500028040737,1.3783784390069989,37.0,88.00000224325896,51.00000224325896,51.00000224325896,8
1,2025-09-01,SLT0001,0,low_information,ADIDA8,0.046511627906976744,1.0037376640824323e-06,1.0037376640824323e-06,5.3950736986944445e-06,2.5093366040439277e-07,,2.5093366040439277e-07,,0.0,2.007469283235142e-06,2.007469283235142e-06,2.007469283235142e-06,8
1,2025-09-01,SLT0003,2,cluster_2,ADIDA8,0.18604651162790697,0.07504304432329212,0.999999970046711,4.367187520124866,0.8125000037441612,0.7222222255503655,-0.5000000074883224,-0.44444445110073105,9.0,4.99999994009342,6.50000002995329,-4.000000059906579,8
1,2025-09-01,SLT0004,0,low_information,ADIDA8,0.023255813953488372,1.0037376640824323e-06,0.999999970046711,32.25,0.75,1.0,-0.75,-1.0,6.0,0.0,6.0,-6.0,8
1,2025-09-01,SPH0001,0,low_information,ADIDA8,0.0,0.999999970046711,0.999999970046711,,3.75,1.0,-3.75,-1.0,30.0,0.0,30.0,-30.0,8
1,2025-09-01,SRPDZS0001,0,low_information,ADIDA8,0.09302325581395349,0.15184997382053828,0.999999970046711,5.374999839001072,0.4999999850233555,,0.4999999850233555,,0.0,3.999999880186844,3.999999880186844,3.999999880186844,8
1,2025-09-01,SRPDZS0002,2,cluster_2,ADIDA8,0.06976744186046512,0.9999999756040939,0.999999970046711,14.333332904002859,0.999999970046711,,0.999999970046711,,0.0,7.999999760373688,7.999999760373688,7.999999760373688,8
1,2025-09-01,WSJZS0002,0,low_information,ADIDA8,0.0,0.999999970046711,0.999999970046711,,6.875,1.0,-6.875,-1.0,55.0,0.0,55.0,-55.0,8
1,2025-09-01,WSJZS0004,0,low_information,ADIDA8,0.0,0.999999970046711,0.999999970046711,,14.25,1.0,-14.25,-1.0,114.0,0.0,114.0,-114.0,8
1,2025-09-01,XHP0001,1,cluster_1,ADIDA8,1.2790697674418605,0.1736692534275059,0.999999970046711,4.788636205564689,6.1249997978153,9.79999967650448,6.1249997978153,9.79999967650448,5.0,53.9999983825224,48.9999983825224,48.9999983825224,8
1,2025-09-01,XHZXCZP0001,1,cluster_1,ADIDA8,2.755813953488372,0.9839689777543232,0.999999970046711,6.032700406995874,16.62499995881421,2.418181812191158,16.62499995881421,2.418181812191158,55.0,187.9999996705137,132.9999996705137,132.9999996705137,8
1,2025-09-01,XHZXCZP0002,0,low_information,ADIDA8,0.0,0.999999970046711,0.999999970046711,,2.0,1.0,-2.0,-1.0,16.0,0.0,16.0,-16.0,8
1,2025-09-01,YBB0001,2,cluster_2,ADIDA8,0.09302325581395349,0.999999972516037,0.999999970046711,16.125,1.5,1.0,-1.5,-1.0,12.0,0.0,12.0,-12.0,8
1,2025-09-01,YDBZ001,2,cluster_2,ADIDA8,0.29069767441860467,0.7059123055708142,0.23157963861122777,12.59647803302538,3.6617668700655175,0.9449720955007787,-3.5906891600873565,-0.9266294606677049,31.0,2.274486719301146,29.29413496052414,-28.725513280698852,8
1,2025-09-01,YDBZ002,1,cluster_1,ADIDA8,0.7325581395348837,0.4533976513439054,0.12403377665975092,2.7453127725229365,2.0111012170807556,0.8938227631470025,-1.7722024341615112,-0.787645526294005,18.0,3.822380526707909,16.088809736646045,-14.17761947329209,8
1,2025-09-01,YDBZLV0001AMDE,2,cluster_2,ADIDA8,0.18604651162790697,0.2175622444227406,0.999999970046711,6.028060355253969e-16,1.1214996009774826e-16,,1.1214996009774826e-16,,0.0,8.971996807819861e-16,8.971996807819861e-16,8.971996807819861e-16,8
1,2025-09-01,YDBZWV0001AMDE,2,cluster_2,ADIDA8,0.20930232558139536,0.300797922536936,0.17317433958723746,0.987103034683998,0.20660296074781354,,0.20660296074781354,,0.0,1.6528236859825083,1.6528236859825083,1.6528236859825083,8
1,2025-09-01,YJL0002,0,low_information,ADIDA8,0.0,0.999999970046711,0.999999970046711,,0.375,1.0,-0.375,-1.0,3.0,0.0,3.0,-3.0,8
1,2025-09-01,YJLZHMV000AMDE,1,cluster_1,ADIDA8,1.0232558139534884,0.28074001969872925,0.5523373367204059,2.077703777633645,2.1260224701367534,1.8897977512326696,1.5430299601823378,1.3715821868287448,9.0,21.344239681458703,17.008179761094027,12.344239681458703,8
1,2025-09-01,YJX0022,0,low_information,ADIDA8,0.06976744186046512,0.18044938425978269,1.0037376640824323e-06,7.19344603891746e-06,5.01868328296567e-07,,5.01868328296567e-07,,0.0,4.014946626372536e-06,4.014946626372536e-06,4.014946626372536e-06,8
1,2025-09-01,YJX0023,0,low_information,ADIDA8,0.11627906976744186,0.023388672558620895,1.0037376640824323e-06,9.711152152538572e-06,1.1292037386672758e-06,,1.1292037386672758e-06,,0.0,9.033629909338206e-06,9.033629909338206e-06,9.033629909338206e-06,8
1,2025-09-01,YJX0024,2,cluster_2,ADIDA8,0.16279069767441862,0.3634472146116023,1.0037376640824323e-06,8.477989974438433e-06,1.380137902815559e-06,,1.380137902815559e-06,,0.0,1.1041103222524473e-05,1.1041103222524473e-05,1.1041103222524473e-05,8
1,2025-09-01,YJX0025,2,cluster_2,ADIDA8,0.16279069767441862,0.061172648530974344,0.2000000062998122,0.7678571622065659,0.12500000314990609,,0.12500000314990609,,0.0,1.0000000251992487,1.0000000251992487,1.0000000251992487,8
1,2025-09-01,YKLLW0004,0,low_information,ADIDA8,0.5116279069767442,0.008522302427051398,1.0037376640824323e-06,5.640315644151191e-06,2.8857428877052604e-06,,2.8857428877052604e-06,,0.0,2.3085943101642083e-05,2.3085943101642083e-05,2.3085943101642083e-05,8
1,2025-09-01,YKLLW0005,1,cluster_1,ADIDA8,1.186046511627907,0.017850620941825282,0.08928571894336883,0.5269608093486184,0.6250000296925475,,0.6250000296925475,,0.0,5.00000023754038,5.00000023754038,5.00000023754038,8
1,2025-09-01,YKLLW0006,0,low_information,ADIDA8,0.27906976744186046,0.013509682841500831,1.0037376640824323e-06,6.7438556614851186e-06,1.882006231112126e-06,,1.882006231112126e-06,,0.0,1.5056049848897008e-05,1.5056049848897008e-05,1.5056049848897008e-05,8
1,2025-09-01,YXBLJ0001,0,low_information,ADIDA8,0.0,0.999999970046711,0.999999970046711,,0.125,1.0,-0.125,-1.0,1.0,0.0,1.0,-1.0,8
1,2025-09-01,ZBTZ0002,0,low_information,ADIDA8,0.627906976744186,0.0070037874472058,1.0037376640824323e-06,5.59490247471358e-06,3.513078298075969e-06,,3.513078298075969e-06,,0.0,2.810462638460775e-05,2.810462638460775e-05,2.810462638460775e-05,8
1,2025-09-01,ZBTZ0003,0,low_information,ADIDA8,0.023255813953488372,0.03175416732603257,1.0037376640824323e-06,5.375008092626794,0.1250001882006231,1.000001505604985,-0.12499974906583586,-0.9999979925266869,1.0,2.007473313186268e-06,1.000001505604985,-0.9999979925266869,8
1,2025-09-01,ZJJSJBV001AMDE,2,cluster_2,ADIDA8,0.4186046511627907,0.2144329210653964,0.999999970046711,0.5972222266944145,0.2500000018720805,1.000000007488322,-0.24999999625583902,-0.9999999850233561,2.0,2.9953288063072114e-08,2.000000014976644,-1.9999999700467121,8
1,2025-09-01,ZJJSJSV001AMDE,1,cluster_1,ADIDA8,0.7209302325581395,0.3945555482789047,0.8136521286209336,0.014846919796900487,0.010703593341951513,,0.010703593341951513,,0.0,0.0856287467356121,0.0856287467356121,0.0856287467356121,8
1,2025-09-01,ZJJYZBV001AMDE,1,cluster_1,ADIDA8,0.5930232558139535,0.7720497903655412,0.999999970046711,1.7916666698235084,1.0625000018720807,1.0625000018720807,-0.8749999962558386,-0.8749999962558386,8.0,1.0000000299532916,8.500000014976646,-6.999999970046709,8
1,2025-09-01,ZJJYZSJBV1AMDE,1,cluster_1,ADIDA8,0.4418604651162791,0.3498044623727491,0.999999970046711,7.614390507182298e-16,3.3644981310805503e-16,,3.3644981310805503e-16,,0.0,2.6915985048644402e-15,2.6915985048644402e-15,2.6915985048644402e-15,8
1,2025-09-01,ZJJYZSJSV1AMDE,1,cluster_1,ADIDA8,0.4418604651162791,0.9999999766847975,0.08712175047400578,0.8681257033938785,0.3835904270810161,,0.3835904270810161,,0.0,3.0687234166481288,3.0687234166481288,3.0687234166481288,8
1,2025-09-01,ZJJYZSJSV2AMDE,2,cluster_2,ADIDA8,0.20930232558139536,0.38840678949616636,0.999999970046711,4.326697520388618e-30,9.055878531045945e-31,,9.055878531045945e-31,,0.0,7.244702824836756e-30,7.244702824836756e-30,7.244702824836756e-30,8
1,2025-09-01,ZTD0001,0,low_information,ADIDA8,0.0,0.999999970046711,0.999999970046711,,0.0,,0.0,,0.0,0.0,0.0,0.0,8
1,2025-09-01,ZTD0003,0,low_information,ADIDA8,0.046511627906976744,1.0037376640824323e-06,0.999999970046711,16.125,0.75,1.0,-0.75,-1.0,6.0,0.0,6.0,-6.0,8
2,2025-10-27,BLJZ0001,0,low_information,ADIDA8,0.06382978723404255,0.2653780176867606,0.999999970046711,13.708333333333334,0.875,1.0,-0.875,-1.0,7.0,0.0,7.0,-7.0,8
2,2025-10-27,BLP0001,1,cluster_1,ADIDA8,0.7659574468085106,0.9901591777670378,0.999999970046711,3.8350693344597113,2.9374999157563746,3.357142760864428,2.8749998876751666,3.2857141573430475,7.0,29.999999101401333,23.499999326050997,22.999999101401333,8
2,2025-10-27,BLP0002,2,cluster_2,ADIDA8,0.24468085106382978,0.3143507684008868,0.999999970046711,13.41032614433986,3.2812500140406042,0.8750000037441611,-3.1250000187208054,-0.8333333383255481,30.0,4.999999850233555,26.250000112324834,-25.000000149766443,8
2,2025-10-27,BLP0003,0,low_information,ADIDA8,0.010638297872340425,0.999999970046711,0.999999970046711,47.0,0.5,1.0,-0.5,-1.0,4.0,0.0,4.0,-4.0,8
2,2025-10-27,BLP0004,0,low_information,ADIDA8,0.0,0.999999970046711,0.999999970046711,,0.25,1.0,-0.25,-1.0,2.0,0.0,2.0,-2.0,8
2,2025-10-27,CBJZ0001,0,low_information,ADIDA8,0.02127659574468085,1.0037376640824323e-06,1.0037376640824323e-06,5.896929181545563e-06,1.2546657833075665e-07,,1.2546657833075665e-07,,0.0,1.0037326266460532e-06,1.0037326266460532e-06,1.0037326266460532e-06,8
2,2025-10-27,CLSSLT0003,2,cluster_2,ADIDA8,0.19148936170212766,0.8436554110456363,0.24275464660368726,2.326653718266313,0.4455294354126982,1.1880784944338618,-0.09288225834920727,-0.24768602226455272,3.0,2.256941933206342,3.5642354833015855,-0.7430580667936582,8
2,2025-10-27,CLSSLT0006,2,cluster_2,ADIDA8,0.2978723404255319,0.23995937255300565,0.999999970046711,4.196428477155943,1.2499999719187915,1.2499999719187915,0.9999999438375831,0.9999999438375831,8.0,15.999999550700664,9.999999775350332,7.9999995507006645,8
2,2025-10-27,CWW0002,1,cluster_1,ADIDA8,0.9787234042553191,0.999999970046711,0.999999970046711,10.089673913043478,9.875,0.8681318681318682,-4.000000220905505,-0.35164837106861585,91.0,58.99999823275595,79.0,-32.00000176724404,8
2,2025-10-27,DGNTYBV001AMDE,0,low_information,ADIDA8,0.0425531914893617,0.012973642238626475,1.0037376640824323e-06,5.89694101950323e-06,2.5093366040439277e-07,,2.5093366040439277e-07,,0.0,2.007469283235142e-06,2.007469283235142e-06,2.007469283235142e-06,8
2,2025-10-27,DHZXCZP0001,1,cluster_1,ADIDA8,0.44680851063829785,0.5579877152448568,0.999999970046711,9.791666524210246,4.374999936349258,34.99999949079407,4.374999936349258,34.99999949079407,1.0,35.99999949079407,34.99999949079407,34.99999949079407,8
2,2025-10-27,DRMJJ0020,1,cluster_1,ADIDA8,0.2872340425531915,0.18313809261486627,0.999999970046711,2.719907338972462,0.7812499803431541,6.249999842745233,0.7499999737908721,5.999999790326977,1.0,6.999999790326977,6.249999842745233,5.999999790326977,8
2,2025-10-27,DRMJJ0021,2,cluster_2,ADIDA8,0.14893617021276595,0.6959604411140496,0.999999970046711,8.392857042299669,1.249999985023355,,1.249999985023355,,0.0,9.99999988018684,9.99999988018684,9.99999988018684,8
2,2025-10-27,DRMJJ0022,1,cluster_1,ADIDA8,0.3191489361702128,0.7042183384583005,0.999999970046711,4.699999999999998,1.4999999999999996,1.9999999999999993,0.7499999999999993,0.9999999999999991,6.0,11.999999999999995,11.999999999999996,5.999999999999995,8
2,2025-10-27,DRMJJ0023,1,cluster_1,ADIDA8,0.648936170212766,0.23719563210334077,0.8824451679320526,6.041710510930386,3.920684480497378,0.5407840662755004,-2.8109126406631706,-0.3877120883673339,58.0,35.512698874694635,31.365475843979024,-22.487301125305365,8
2,2025-10-27,DRMJJ0024,0,low_information,ADIDA8,0.0425531914893617,0.017338521369935682,0.2928932115712685,1.0385630742307836,0.044194173371522705,,0.044194173371522705,,0.0,0.35355338697218164,0.35355338697218164,0.35355338697218164,8
2,2025-10-27,DRMJJ0025,2,cluster_2,ADIDA8,0.19148936170212766,0.45216143796735353,0.2878431351538455,2.4516915668336416,0.4694728532234633,3.7557828257877066,0.3342971376312845,2.674377101050276,1.0,3.674377101050276,3.7557828257877066,2.674377101050276,8
2,2025-10-27,DRMJJ0026,2,cluster_2,ADIDA8,0.2127659574468085,0.30953942078773544,0.999999970046711,0.0,0.0,,0.0,,0.0,0.0,0.0,0.0,8
2,2025-10-27,DRMJJ0027,2,cluster_2,ADIDA8,0.0851063829787234,0.8663580583900227,0.999999970046711,0.0,0.0,,0.0,,0.0,0.0,0.0,0.0,8
2,2025-10-27,ETZP0003,2,cluster_2,ADIDA8,0.07446808510638298,0.5058081634032131,0.999999970046711,20.142857142857142,1.5,1.0,-1.5,-1.0,12.0,0.0,12.0,-12.0,8
2,2025-10-27,ETZP0004,2,cluster_2,ADIDA8,0.3404255319148936,0.18535014059113533,0.999999970046711,3.3046875,1.125,0.6923076923076923,0.3749999700467104,0.23076921233643716,13.0,15.999999760373683,9.0,2.999999760373683,8
2,2025-10-27,FDBLHP0001,2,cluster_2,ADIDA8,0.2978723404255319,0.6190317412502632,0.999999970046711,8.497767640315812,2.5312499354132205,4.049999896661153,2.2499999138842943,3.599999862214871,5.0,22.999999311074355,20.249999483305764,17.999999311074355,8
2,2025-10-27,FDBLP0001,1,cluster_1,ADIDA8,0.776595744680851,0.999999970046711,0.999999970046711,5.633561667941855,4.375000018720802,11.666666716588805,4.375000018720802,11.666666716588805,3.0,38.000000149766414,35.000000149766414,35.000000149766414,8
2,2025-10-27,FRC0002,1,cluster_1,ADIDA8,0.425531914893617,0.999999970046711,0.07868715403574167,0.899340371333492,0.3826980303546774,,0.3826980303546774,,0.0,3.0615842428374194,3.0615842428374194,3.0615842428374194,8
2,2025-10-27,FRC0003,1,cluster_1,ADIDA8,0.7021276595744681,0.5365834008514987,0.28656502518670046,1.292339099829683,0.9073870275399903,,0.9073870275399903,,0.0,7.259096220319923,7.259096220319923,7.259096220319923,8
2,2025-10-27,FRC0010,2,cluster_2,ADIDA8,0.14893617021276595,0.11471862539608381,0.521488304295041,0.15497234044652755,0.02308098687501474,,0.02308098687501474,,0.0,0.1846478950001179,0.1846478950001179,0.1846478950001179,8
2,2025-10-27,FRC0011,0,low_information,ADIDA8,0.02127659574468085,1.0037376640824323e-06,1.0037376640824323e-06,5.89691734361166e-06,1.2546632645982254e-07,,1.2546632645982254e-07,,0.0,1.0037306116785803e-06,1.0037306116785803e-06,1.0037306116785803e-06,8
2,2025-10-27,FRH0001,1,cluster_1,ADIDA8,0.9553191489361703,0.4619087573563951,0.999999970046711,7.384385846751351e-23,7.054445202534802e-23,,7.054445202534802e-23,,0.0,5.643556162027842e-22,5.643556162027842e-22,5.643556162027842e-22,8
2,2025-10-27,FRH0002,1,cluster_1,ADIDA8,0.8936170212765957,0.2658684474774013,0.999999970046711,4.135088720014068e-23,3.695185664693422e-23,,3.695185664693422e-23,,0.0,2.956148531754738e-22,2.956148531754738e-22,2.956148531754738e-22,8
2,2025-10-27,FRH0003,1,cluster_1,ADIDA8,1.4680851063829787,0.45385102025797336,0.999999970046711,0.08514492944900985,0.12500000280812085,1.0000000224649668,-0.12499999625583888,-0.999999970046711,1.0,2.995328896027244e-08,1.0000000224649668,-0.999999970046711,8
2,2025-10-27,FRH0004,1,cluster_1,ADIDA8,0.5957446808510638,0.47680740481889927,0.999999970046711,1.6889947301977558e-31,1.0062096265007906e-31,,1.0062096265007906e-31,,0.0,8.049677012006325e-31,8.049677012006325e-31,8.049677012006325e-31,8
2,2025-10-27,FRH0012,0,low_information,ADIDA8,0.0851063829787234,0.004425803175153196,0.04771408919575046,0.21167274008718986,0.01801470128401616,,0.01801470128401616,,0.0,0.14411761027212927,0.14411761027212927,0.14411761027212927,8
2,2025-10-27,FRH0028,1,cluster_1,ADIDA8,0.6170212765957447,0.19041690921200438,0.9183796981635095,0.4200664139923182,0.25918991501653676,1.036759660066147,-0.23774677997795096,-0.9509871199118038,2.0,0.09802576017639213,2.073519320132294,-1.9019742398236077,8
2,2025-10-27,FRH0029,1,cluster_1,ADIDA8,0.5425531914893617,0.21196825364571237,0.999999970046711,1.1519607843137256,0.625,1.0,-0.6249999999999987,-0.9999999999999979,5.0,1.0766394234450342e-14,5.0,-4.999999999999989,8
2,2025-10-27,FRH0031,2,cluster_2,ADIDA8,0.23404255319148937,0.04552777277440434,0.24369215749308376,0.4740886262652216,0.11095691253015824,,0.11095691253015824,,0.0,0.8876553002412659,0.8876553002412659,0.8876553002412659,8
2,2025-10-27,FRH0033,1,cluster_1,ADIDA8,3.1904255319148933,0.17148394453323626,0.9999999791260143,1.0186728839098105,3.2499999774952353,1.8571428442829916,3.249999969993647,1.8571428399963696,14.0,39.999999759949176,25.999999819961882,25.999999759949176,8
2,2025-10-27,FRH0034,1,cluster_1,ADIDA8,1.1148936170212767,0.23292301443716426,0.9999999782461892,0.6446803392431991,0.718749995241354,1.437499990482708,0.374999980965416,0.749999961930832,4.0,6.999999847723328,5.749999961930832,2.999999847723328,8
2,2025-10-27,FRH0035,2,cluster_2,ADIDA8,0.2765957446808511,0.3126932145768394,0.07408991716958216,0.5086866129084415,0.14070055250659022,,0.14070055250659022,,0.0,1.1256044200527218,1.1256044200527218,1.1256044200527218,8
2,2025-10-27,FRH0036,0,low_information,ADIDA8,0.0425531914893617,0.999999970046711,1.0037376640824323e-06,1.7690752030834983e-05,7.527979587589354e-07,,7.527979587589354e-07,,0.0,6.022383670071483e-06,6.022383670071483e-06,6.022383670071483e-06,8
2,2025-10-27,FRH0037,2,cluster_2,ADIDA8,0.1702127659574468,0.3132762825422928,0.7752473172846892,0.0012895304378378047,0.00021949454261069017,,0.00021949454261069017,,0.0,0.0017559563408855213,0.0017559563408855213,0.0017559563408855213,8
2,2025-10-27,FRH0040,1,cluster_1,ADIDA8,0.7446808510638298,0.382401016501791,0.999999970046711,3.2428670003219035e-30,2.414900957686524e-30,,2.414900957686524e-30,,0.0,1.931920766149219e-29,1.931920766149219e-29,1.931920766149219e-29,8
2,2025-10-27,FRH0042,2,cluster_2,ADIDA8,0.1702127659574468,0.5711523733814131,0.17064902270160584,1.1663532009723656,0.1985282044208282,,0.1985282044208282,,0.0,1.5882256353666255,1.5882256353666255,1.5882256353666255,8
2,2025-10-27,FRH0043,2,cluster_2,ADIDA8,0.1595744680851064,0.13492502971283019,0.127812198203336,0.566088176155542,0.09033321959928861,,0.09033321959928861,,0.0,0.7226657567943089,0.7226657567943089,0.7226657567943089,8
2,2025-10-27,FRH0044,2,cluster_2,ADIDA8,0.35106382978723405,0.06534562916271984,0.43004956172443304,1.709252665148045,0.6000567867009095,1.200113573401819,-0.09977285319636217,-0.19954570639272434,4.0,3.201817174429103,4.800454293607276,-0.7981828255708974,8
2,2025-10-27,FRH0045,1,cluster_1,ADIDA8,0.7659574468085106,0.999999970046711,0.09302960419712465,0.9469189144526027,0.7252995940488021,,0.7252995940488021,,0.0,5.8023967523904165,5.8023967523904165,5.8023967523904165,8
2,2025-10-27,FRH0046,1,cluster_1,ADIDA8,0.6276595744680851,0.11406343369412476,0.3817276640310367,2.559616445009985,1.6065677686764799,0.6764495868111494,-1.6065677686764799,-0.6764495868111494,19.0,6.147457850588163,12.852542149411839,-12.852542149411839,8
2,2025-10-27,FRH0047,2,cluster_2,ADIDA8,0.40425531914893614,0.45614258423087284,0.15980609824929753,0.8294472841359736,0.3353084765656063,,0.3353084765656063,,0.0,2.6824678125248504,2.6824678125248504,2.6824678125248504,8
2,2025-10-27,FRH0048,1,cluster_1,ADIDA8,2.354609929078014,0.314865845168706,0.7061627604810419,1.2740963855421688,3.0,0.3870967741935484,-1.623071769052185,-0.20942861536157226,62.0,49.01542584758252,24.0,-12.98457415241748,8
2,2025-10-27,FRH0049,2,cluster_2,ADIDA8,0.1702127659574468,0.18047711640534222,0.016501933931482016,0.10931252967699333,0.018606388030126524,,0.018606388030126524,,0.0,0.1488511042410122,0.1488511042410122,0.1488511042410122,8
2,2025-10-27,FRH0050,1,cluster_1,ADIDA8,1.0319148936170213,0.07393088327252456,0.6145886980817116,3.7996085209097696,3.9208726226409323,0.8254468679244068,-3.6444968301879097,-0.7672624905658757,38.0,8.844025358496724,31.36698098112746,-29.155974641503278,8
2,2025-10-27,FRH0051,1,cluster_1,ADIDA8,1.8829787234042554,0.3627695501308424,0.5130632132305619,0.8703101752523924,1.6387755427624837,0.40969388569062093,0.44489782895006513,0.11122445723751628,32.0,35.55918263160052,13.11020434209987,3.559182631600521,8
2,2025-10-27,FRH0052,0,low_information,ADIDA8,0.06382978723404255,0.011587377624857936,0.13215950617615566,0.3925214915583242,0.025054563290956865,,0.025054563290956865,,0.0,0.20043650632765492,0.20043650632765492,0.20043650632765492,8
2,2025-10-27,FRH0056,1,cluster_1,ADIDA8,3.3297872340425534,0.6039626457448306,0.8829222031643031,0.6757188498402555,2.25,0.1875,-0.9352354144765531,-0.07793628453971276,96.0,88.51811668418758,18.0,-7.481883315812425,8
2,2025-10-27,FRH0056-1,0,low_information,ADIDA8,0.010638297872340425,0.999999970046711,0.999999970046711,47.0,0.5,1.0,-0.5,-1.0,4.0,0.0,4.0,-4.0,8
2,2025-10-27,FRH0058,0,low_information,ADIDA8,0.14893617021276595,0.00791443896350792,0.08170414319473854,0.2988134197665465,0.04450412634820906,,0.04450412634820906,,0.0,0.35603301078567245,0.35603301078567245,0.35603301078567245,8
2,2025-10-27,FRH0059,1,cluster_1,ADIDA8,1.4609929078014183,0.7608115213616929,0.999999970046711,1.069478150854991,1.5624999934477173,4.166666649193913,1.5416666579302896,4.1111110878141055,3.0,15.333333263442317,12.499999947581738,12.333333263442317,8
2,2025-10-27,FRH0064,1,cluster_1,ADIDA8,0.425531914893617,0.1683072555366062,0.999999970046711,5.140625048393282,2.187500020592886,0.5645161343465512,-1.1250000823715445,-0.29032260190233405,31.0,21.999999341027642,17.50000016474309,-9.000000658972356,8
2,2025-10-27,FRH0065,2,cluster_2,ADIDA8,0.1595744680851064,0.9999999694456345,0.999999970046711,10.379166332313078,1.656249946645704,1.4722221747961812,1.2499999288609387,1.11111104787639,9.0,18.99999943088751,13.249999573165631,9.99999943088751,8
2,2025-10-27,FRH0068,0,low_information,ADIDA8,0.02127659574468085,0.999999970046711,0.999999970046711,94.0,2.0,1.0,-2.0,-1.0,16.0,0.0,16.0,-16.0,8
2,2025-10-27,FRW00011,2,cluster_2,ADIDA8,0.1702127659574468,0.05492482622447965,0.2144512386417242,0.9842444901725927,0.1675309770506541,,0.1675309770506541,,0.0,1.3402478164052327,1.3402478164052327,1.3402478164052327,8
2,2025-10-27,FRW0005,1,cluster_1,ADIDA8,1.372340425531915,0.33133504244158224,0.615272798444758,1.277487107104492,1.7531472001753134,0.6678656000667861,1.5458629335670846,0.5889001651684131,21.0,33.36690346853668,14.025177601402508,12.366903468536677,8
2,2025-10-27,FRW0006,1,cluster_1,ADIDA8,2.6914893617021276,0.3170837287592605,0.8948267669766788,2.461599422929892,6.625368659587901,0.6023062417807182,-6.1671582127838676,-0.5606507466167152,88.0,38.66273429772906,53.002949276703205,-49.33726570227094,8
2,2025-10-27,FRW0007,0,low_information,ADIDA8,0.0851063829787234,0.1083775793075165,0.03730142025197879,0.2197544930512496,0.01870251004691486,,0.01870251004691486,,0.0,0.14962008037531888,0.14962008037531888,0.14962008037531888,8
2,2025-10-27,FRW0008,0,low_information,ADIDA8,0.06382978723404255,0.07748124781140273,0.999999970046711,6.854166578678881,0.4374999943837583,1.7499999775350332,0.12499998876751661,0.49999995507006645,2.0,2.999999910140133,3.4999999550700664,0.9999999101401329,8
2,2025-10-27,FRW0009,2,cluster_2,ADIDA8,0.1595744680851064,0.5660513829214565,1.0037376640824323e-06,4.7,0.75,1.0,-0.7499984943950151,-0.9999979925266868,6.0,1.2044839879117609e-05,6.0,-5.999987955160121,8
2,2025-10-27,FRW0011,2,cluster_2,ADIDA8,0.10638297872340426,0.3013090811238483,0.05191932967061028,0.3545545035103264,0.03771856420322622,,0.03771856420322622,,0.0,0.30174851362580973,0.30174851362580973,0.30174851362580973,8
2,2025-10-27,FRW0013,1,cluster_1,ADIDA8,0.2127659574468085,0.6077441631802007,0.021452811116445744,0.31356424176749403,0.06671579612074341,,0.06671579612074341,,0.0,0.5337263689659473,0.5337263689659473,0.5337263689659473,8
2,2025-10-27,FRW0014,2,cluster_2,ADIDA8,0.0851063829787234,0.5046368422950996,0.03189830155832171,0.3758502704660982,0.031987257060944525,,0.031987257060944525,,0.0,0.2558980564875562,0.2558980564875562,0.2558980564875562,8
2,2025-10-27,FRW0015,1,cluster_1,ADIDA8,1.0425531914893618,0.9999999776437019,0.19189935506079903,1.8355906548720806,1.9137008955049353,,1.9137008955049353,,0.0,15.309607164039482,15.309607164039482,15.309607164039482,8
2,2025-10-27,FRW0016,2,cluster_2,ADIDA8,0.2978723404255319,0.1049381283153256,0.6764570755518088,0.01874752699178023,0.005584369742232409,,0.005584369742232409,,0.0,0.04467495793785927,0.04467495793785927,0.04467495793785927,8
2,2025-10-27,FRW0017,2,cluster_2,ADIDA8,0.1702127659574468,0.8427629966898774,1.0037376640824323e-06,1.5479423564261056e-05,2.6347955002997543e-06,,2.6347955002997543e-06,,0.0,2.1078364002398034e-05,2.1078364002398034e-05,2.1078364002398034e-05,8
2,2025-10-27,FRW0020,2,cluster_2,ADIDA8,0.06382978723404255,0.2581686687190254,0.06612097732952169,0.4124382467872348,0.026325845539610728,,0.026325845539610728,,0.0,0.21060676431688582,0.21060676431688582,0.21060676431688582,8
2,2025-10-27,FRW0021,0,low_information,ADIDA8,0.0851063829787234,0.020187976135489876,0.14584271151607867,0.5331322630921245,0.04537295856103187,,0.04537295856103187,,0.0,0.362983668488255,0.362983668488255,0.362983668488255,8
2,2025-10-27,FRW0022,0,low_information,ADIDA8,0.0851063829787234,0.01894618187965337,0.10132777252304714,0.48172639990227556,0.04099799148104473,,0.04099799148104473,,0.0,0.32798393184835783,0.32798393184835783,0.32798393184835783,8
2,2025-10-27,FRW0023,2,cluster_2,ADIDA8,0.1702127659574468,0.048698331452666055,0.7507663331367935,1.5494738337524365,0.2637402270216913,,0.2637402270216913,,0.0,2.1099218161735305,2.1099218161735305,2.1099218161735305,8
2,2025-10-27,FRW0024,2,cluster_2,ADIDA8,0.09574468085106383,0.47410943771316194,0.999999970046711,20.56250000977642,1.9687500009360404,0.9843750004680202,-1.8750000037441612,-0.9375000018720806,16.0,0.999999970046711,15.750000007488323,-15.00000002995329,8
2,2025-10-27,FSTBY001,0,low_information,ADIDA8,0.0,0.999999970046711,0.999999970046711,,0.0,,0.0,,0.0,0.0,0.0,0.0,8
2,2025-10-27,FZGLS0001,0,low_information,ADIDA8,0.0,0.999999970046711,0.999999970046711,,0.25,1.0,-0.25,-1.0,2.0,0.0,2.0,-2.0,8
2,2025-10-27,FZGLS0002,0,low_information,ADIDA8,0.02127659574468085,0.02817468798688167,1.0037376640824323e-06,5.875008845429287,0.1250001882006231,1.000001505604985,-0.12499974906583586,-0.9999979925266869,1.0,2.007473313186268e-06,1.000001505604985,-0.9999979925266869,8
2,2025-10-27,FZLRICBHP0001,2,cluster_2,ADIDA8,0.14893617021276595,0.7693968205655414,0.035052720007651986,0.4118892540741977,0.061345208053603904,,0.061345208053603904,,0.0,0.49076166442883123,0.49076166442883123,0.49076166442883123,8
2,2025-10-27,FZLRJ0001,2,cluster_2,ADIDA8,0.40425531914893614,0.45554305832331626,0.4391188500055521,3.2621953736404192,1.3187598318971907,5.275039327588763,1.3187598318971907,5.275039327588763,2.0,12.550078655177526,10.550078655177526,10.550078655177526,8
2,2025-10-27,FZLRJ0001double,0,low_information,ADIDA8,0.0425531914893617,0.025671396843561057,1.0037376640824323e-06,5.896952857484662e-06,2.509341641482835e-07,,2.509341641482835e-07,,0.0,2.007473313186268e-06,2.007473313186268e-06,2.007473313186268e-06,8
2,2025-10-27,FZLRJ0002,1,cluster_1,ADIDA8,0.5106382978723404,0.370455379252947,0.6556688728443981,3.2374116906466015,1.6531463952237964,6.6125855808951854,1.6208618602983953,6.483447441193581,2.0,14.966894882387162,13.225171161790371,12.966894882387162,8
2,2025-10-27,FZLRJ0002double,2,cluster_2,ADIDA8,0.1276595744680851,0.13039932896248504,0.20842180888796524,1.2518882270729073,0.15981551834973282,,0.15981551834973282,,0.0,1.2785241467978625,1.2785241467978625,1.2785241467978625,8
2,2025-10-27,GJMJSLW001,1,cluster_1,ADIDA8,2.4893617021276597,0.1722934237654881,0.04500649332158363,0.34932459420326634,0.8695952664208971,,0.8695952664208971,,0.0,6.956762131367177,6.956762131367177,6.956762131367177,8
2,2025-10-27,GJMJSW001,0,low_information,ADIDA8,0.02127659574468085,1.0037376640824323e-06,1.0037376640824323e-06,5.896929181545563e-06,1.2546657833075665e-07,,1.2546657833075665e-07,,0.0,1.0037326266460532e-06,1.0037326266460532e-06,1.0037326266460532e-06,8
2,2025-10-27,GJMJWJX001,1,cluster_1,ADIDA8,5.613475177304964,0.2072714411053686,0.21007935850589002,5.3345167813966325,29.945177535286767,0.8495085825613268,-29.945177535286767,-0.8495085825613268,282.0,42.43857971770586,239.56142028229414,-239.56142028229414,8
2,2025-10-27,GJMJWJXW001,1,cluster_1,ADIDA8,6.957446808510638,0.37744474652377813,0.05604055841533226,9.80742590328469,68.23464405051263,0.9713116590820303,-67.21928810102526,-0.9568581936089005,562.0,24.245695191797843,545.877152404101,-537.754304808202,8
2,2025-10-27,GJMUSDW001,0,low_information,ADIDA8,0.02127659574468085,0.6180343707159061,1.0037376640824323e-06,1.1793858363091126e-05,2.509331566615133e-07,,2.509331566615133e-07,,0.0,2.0074652532921064e-06,2.0074652532921064e-06,2.0074652532921064e-06,8
2,2025-10-27,HLGKSLT0001,1,cluster_1,ADIDA8,0.6063829787234043,0.3809128927857246,0.9999999792560662,3.092105271710218,1.8750000051859834,0.6818181837039939,-1.0000000103719668,-0.36363636740798794,22.0,13.999999917024265,15.000000041487867,-8.000000082975735,8
2,2025-10-27,HSAKSLT0001,2,cluster_2,ADIDA8,0.1702127659574468,0.13839387207510734,0.999999970046711,2.9374999780030526,0.49999999625583874,,0.49999999625583874,,0.0,3.99999997004671,3.99999997004671,3.99999997004671,8
2,2025-10-27,HWZDSKL0001,1,cluster_1,ADIDA8,1.297872340425532,0.22583262563936118,0.539751301191983,3.035909233509269,3.9402226222141574,,3.9402226222141574,,0.0,31.52178097771326,31.52178097771326,31.52178097771326,8
2,2025-10-27,HWZDSKL0002,1,cluster_1,ADIDA8,0.2765957446808511,0.6636216660412754,0.13139057856031486,1.2954379384114585,0.3583126212627439,2.866500970101951,0.18608349501699178,1.4886679601359343,1.0,2.4886679601359343,2.866500970101951,1.4886679601359343,8
2,2025-10-27,HZSN0001,1,cluster_1,ADIDA8,0.9007092198581562,0.535040724129841,0.6494350988284501,2.4685873250741115,2.223479363719236,1.4823195758128238,2.223479363719236,1.4823195758128238,12.0,29.787834909753887,17.787834909753887,17.787834909753887,8
2,2025-10-27,JZJ00011,1,cluster_1,ADIDA8,0.2553191489361702,0.8513782830007461,0.999999970046711,5.018229148335878,1.2812499953197984,0.7884615355814144,-1.8720806405081447e-08,-1.152049624928089e-08,13.0,12.999999850233548,10.249999962558388,-1.4976645124065158e-07,8
2,2025-10-27,JZJ00012,1,cluster_1,ADIDA8,1.1914893617021276,0.5249572344969841,0.999999970046711,3.068638395213956,3.6562500028081177,1.2717391314115192,3.500000003744157,1.2173913056501415,23.0,51.000000029953256,29.250000022464942,28.000000029953256,8
2,2025-10-27,JZJ0002,1,cluster_1,ADIDA8,1.7446808510638299,0.6221567083634745,0.6315531070981519,1.5834571699452582,2.7626274028832167,0.34001568035485746,1.425509611532867,0.17544733680404517,65.0,76.40407689226294,22.101019223065734,11.404076892262935,8
2,2025-10-27,JZJ0003,1,cluster_1,ADIDA8,2.8404255319148937,0.5307754278018023,0.685929032911999,1.7930157770641515,5.092927792299239,0.23688036243252275,-1.8717111691969563,-0.08705633345102122,172.0,157.02631064642435,40.74342233839391,-14.97368935357565,8
2,2025-10-27,JZJ0004,2,cluster_2,ADIDA8,0.2978723404255319,0.1952473013633463,0.5713192916506916,1.773178227362763,0.5281807485761422,,0.5281807485761422,,0.0,4.225445988609137,4.225445988609137,4.225445988609137,8
2,2025-10-27,JZJ0005,1,cluster_1,ADIDA8,0.5886524822695036,0.4248118409012268,0.869816351827189,4.495505630724641,2.6462905485825905,,2.6462905485825905,,0.0,21.170324388660724,21.170324388660724,21.170324388660724,8
2,2025-10-27,JZJ0008,1,cluster_1,ADIDA8,1.1382978723404256,0.46012959608992354,0.6516853502990233,4.272549101324006,4.863433551507113,7.781493682411382,4.863433551507113,7.781493682411382,5.0,43.90746841205691,38.90746841205691,38.90746841205691,8
2,2025-10-27,JZJ0009,1,cluster_1,ADIDA8,2.148936170212766,0.699190204708374,0.9999999799293472,3.1847154218368607,6.843750161819638,0.2644927598770874,-4.500000215759517,-0.17391305181679292,207.0,170.99999827392386,54.7500012945571,-36.000001726076135,8
2,2025-10-27,JZJ0013,1,cluster_1,ADIDA8,2.872340425531915,0.9849256087196874,0.999999970046711,1.9583333333333333,5.625,0.2727272727272727,2.375000082371532,0.11515151914528639,165.0,184.00000065897225,45.0,19.000000658972255,8
2,2025-10-27,JZJ0014,2,cluster_2,ADIDA8,0.2127659574468085,0.04576551507862846,0.999999970046711,4.112499920810991,0.8749999831512747,6.999999865210198,0.874999977535033,6.999999820280264,1.0,7.999999820280264,6.999999865210198,6.999999820280264,8
2,2025-10-27,JZJ0016,1,cluster_1,ADIDA8,1.148936170212766,0.2526281184267858,0.999999970046711,3.046296221343737,3.499999913884294,,3.499999913884294,,0.0,27.99999931107435,27.99999931107435,27.99999931107435,8
2,2025-10-27,JZJ0017,2,cluster_2,ADIDA8,0.1702127659574468,0.08897012535014348,0.2810443799636566,1.203395378379731,0.2048332558944223,,0.2048332558944223,,0.0,1.6386660471553784,1.6386660471553784,1.6386660471553784,8
2,2025-10-27,JZJ0018,2,cluster_2,ADIDA8,0.23404255319148937,0.6269364422933181,0.999999970046711,10.147726904778349,2.3749999138842943,4.749999827768589,2.3749999138842943,4.749999827768589,4.0,22.999999311074355,18.999999311074355,18.999999311074355,8
2,2025-10-27,JZJ0019,1,cluster_1,ADIDA8,0.4234042553191489,0.6015453425121744,0.999999970046711,5.092650786930075,2.156250014040606,0.38333333582944107,-2.0000000187208085,-0.3555555588836993,45.0,28.999999850233532,17.250000112324848,-16.000000149766468,8
2,2025-10-27,JZQCQ001,1,cluster_1,ADIDA8,2.8297872340425534,0.5424169310425565,0.999999970046711,2.513937065115077e-08,7.113907014049049e-08,,7.113907014049049e-08,,0.0,5.691125611239239e-07,5.691125611239239e-07,5.691125611239239e-07,8
2,2025-10-27,JZQCQ003,1,cluster_1,ADIDA8,3.9148936170212765,0.4474018885852617,0.9035601978174825,0.14088427805442721,0.5515469608939279,,0.5515469608939279,,0.0,4.412375687151423,4.412375687151423,4.412375687151423,8
2,2025-10-27,JZQCQ004,1,cluster_1,ADIDA8,0.7021276595744681,0.6265562468512845,0.4456389251093725,2.147648706734495,1.5079235600476242,,1.5079235600476242,,0.0,12.063388480380993,12.063388480380993,12.063388480380993,8
2,2025-10-27,KFZ0001,2,cluster_2,ADIDA8,0.1276595744680851,0.042682073169678675,0.3891151428634888,1.1863061575485772,0.15144333926152048,,0.15144333926152048,,0.0,1.2115467140921639,1.2115467140921639,1.2115467140921639,8
2,2025-10-27,KZCWBG001,2,cluster_2,ADIDA8,0.26595744680851063,0.6261607258008527,0.3852382053814082,2.2514314790837857,0.5987849678414323,4.7902797427314585,0.506713290455243,4.053706323641944,1.0,5.053706323641944,4.7902797427314585,4.053706323641944,8
2,2025-10-27,LRKF0001,1,cluster_1,ADIDA8,0.44680851063829785,0.7869556051534478,0.02938969403001876,0.4443461751863769,0.19853765274284926,,0.19853765274284926,,0.0,1.588301221942794,1.588301221942794,1.588301221942794,8
2,2025-10-27,LTKF0002,2,cluster_2,ADIDA8,0.0425531914893617,0.9999999638290566,1.0037376640824323e-06,2.3587716726182252e-05,1.0037326266460532e-06,,1.0037326266460532e-06,,0.0,8.029861013168426e-06,8.029861013168426e-06,8.029861013168426e-06,8
2,2025-10-27,LTKF0003B,0,low_information,ADIDA8,0.02127659574468085,1.0037376640824323e-06,1.0037376640824323e-06,5.896929181545563e-06,1.2546657833075665e-07,,1.2546657833075665e-07,,0.0,1.0037326266460532e-06,1.0037326266460532e-06,1.0037326266460532e-06,8
2,2025-10-27,LTKF0005A,2,cluster_2,ADIDA8,0.2553191489361702,0.14373870752295675,0.3291432778897017,2.0433882642048378,0.5217161525629372,2.086864610251749,0.11228820341724974,0.44915281366899895,2.0,2.898305627337998,4.173729220503498,0.8983056273379979,8
2,2025-10-27,LTKF0006A,0,low_information,ADIDA8,0.02127659574468085,1.0037376640824323e-06,1.0037376640824323e-06,5.896929181545563e-06,1.2546657833075665e-07,,1.2546657833075665e-07,,0.0,1.0037326266460532e-06,1.0037326266460532e-06,1.0037326266460532e-06,8
2,2025-10-27,LTKF0008,2,cluster_2,ADIDA8,0.1702127659574468,0.23102747862098838,1.0037376640824323e-06,8.108277624625149e-06,1.380132361638323e-06,,1.380132361638323e-06,,0.0,1.1041058893106585e-05,1.1041058893106585e-05,1.1041058893106585e-05,8
2,2025-10-27,LTKF0009,2,cluster_2,ADIDA8,0.2127659574468085,0.29891185056198827,1.0037376640824323e-06,8.845393772318344e-06,1.8819986749613498e-06,,1.8819986749613498e-06,,0.0,1.5055989399690798e-05,1.5055989399690798e-05,1.5055989399690798e-05,8
2,2025-10-27,LTKF0010,0,low_information,ADIDA8,0.0425531914893617,1.0037376640824323e-06,1.0037376640824323e-06,5.896929181545563e-06,2.509331566615133e-07,,2.509331566615133e-07,,0.0,2.0074652532921064e-06,2.0074652532921064e-06,2.0074652532921064e-06,8
2,2025-10-27,LTKF0012,0,low_information,ADIDA8,0.06382978723404255,0.2679491850250672,1.0037376640824323e-06,9.828215302575938e-06,6.273328916537832e-07,,6.273328916537832e-07,,0.0,5.018663133230266e-06,5.018663133230266e-06,5.018663133230266e-06,8
2,2025-10-27,LTKF0016,0,low_information,ADIDA8,0.0851063829787234,0.009908261214855057,1.0037376640824323e-06,1.0319626067704736e-05,8.782660483152966e-07,,8.782660483152966e-07,,0.0,7.026128386522373e-06,7.026128386522373e-06,7.026128386522373e-06,8
2,2025-10-27,LTKF0018A,0,low_information,ADIDA8,0.06382978723404255,1.0037376640824323e-06,1.0037376640824323e-06,5.896929181545564e-06,3.7639973499227003e-07,,3.7639973499227003e-07,,0.0,3.0111978799381602e-06,3.0111978799381602e-06,3.0111978799381602e-06,8
2,2025-10-27,LTKF0019,1,cluster_1,ADIDA8,0.723404255319149,0.2681553182548429,0.515245839101035,1.6335498344511201,1.1817169015178317,1.050415023571406,-0.011566196964336417,-0.010281063968299038,9.0,8.907470424285309,9.453735212142654,-0.09252957571469134,8
2,2025-10-27,LTKF0020,1,cluster_1,ADIDA8,3.3404255319148937,0.7093134096861262,0.7559216810853793,3.835808941690765,12.813234124371279,0.9670365376883984,2.834312165828372,0.21391035213799034,106.0,128.67449732662698,102.50587299497023,22.674497326626977,8
2,2025-10-27,LTKF0021,1,cluster_1,ADIDA8,1.3404255319148937,0.2604896161743506,0.9999999803582483,2.1215277928890655,2.843750020255556,0.9891304418280195,2.750000027007408,0.9565217485243158,23.0,45.00000021605926,22.750000162044447,22.000000216059263,8
2,2025-10-27,LTKF0022,1,cluster_1,ADIDA8,0.2765957446808511,0.4851294305593471,0.43262474574599985,2.871613893236548,0.7942761832356409,,0.7942761832356409,,0.0,6.354209465885127,6.354209465885127,6.354209465885127,8
2,2025-10-27,LTKF0022M,1,cluster_1,ADIDA8,0.44680851063829785,0.41140157359217827,0.9999999737701276,4.476190501873893,2.000000011475569,1.3333333409837127,2.2951137990112613e-08,1.5300758660075076e-08,12.0,12.000000183609105,16.00000009180455,1.836091039209009e-07,8
2,2025-10-27,LTKF0023,0,low_information,ADIDA8,0.02127659574468085,1.0037376640824323e-06,1.0037376640824323e-06,5.896929181545563e-06,1.2546657833075665e-07,,1.2546657833075665e-07,,0.0,1.0037326266460532e-06,1.0037326266460532e-06,1.0037326266460532e-06,8
2,2025-10-27,LTKF0024A,2,cluster_2,ADIDA8,0.20212765957446807,0.44447573565277787,0.32117861408372805,2.184622235675418,0.44157257955141427,,0.44157257955141427,,0.0,3.532580636411314,3.532580636411314,3.532580636411314,8
2,2025-10-27,LTKF0031,1,cluster_1,ADIDA8,1.2872340425531914,0.5079669059734228,0.9142085112643594,2.4405039696605293,3.141499790733234,0.9308147528098472,2.657999581466468,0.7875554315456201,27.0,48.263996651731745,25.131998325865872,21.263996651731745,8
2,2025-10-27,LTKF0047,1,cluster_1,ADIDA8,0.2553191489361702,0.574650176032199,0.4887456293582567,2.875365636595826,0.7341359072159555,5.873087257727644,0.6871812096212739,5.4974496769701915,1.0,6.4974496769701915,5.873087257727644,5.4974496769701915,8
2,2025-10-27,LTKF0058,0,low_information,ADIDA8,0.0,0.999999970046711,0.999999970046711,,1.0,1.0,-1.0,-1.0,8.0,0.0,8.0,-8.0,8
2,2025-10-27,LTKF0101,1,cluster_1,ADIDA8,1.3191489361702127,0.42179245676822374,0.29371294889839666,3.571718483148075,4.711628637344269,1.4497318884136212,-0.3267427253114612,-0.10053622317275729,26.0,23.386058197508312,37.69302909875415,-2.6139418024916896,8
2,2025-10-27,LTKF0102,2,cluster_2,ADIDA8,0.10638297872340426,0.6120649897189874,0.999999970046711,9.10624993840855,0.968749993447718,1.2916666579302907,0.12499997379087219,0.16666663172116292,6.0,6.999999790326977,7.749999947581744,0.9999997903269775,8
2,2025-10-27,LTKF0103,0,low_information,ADIDA8,0.05319148936170213,0.33333332505586727,0.999999970046711,7.05,0.375,1.0,-0.375,-1.0,3.0,0.0,3.0,-3.0,8
2,2025-10-27,LTKF0106,0,low_information,ADIDA8,0.0,0.999999970046711,0.999999970046711,,0.5,1.0,-0.5,-1.0,4.0,0.0,4.0,-4.0,8
2,2025-10-27,LTKF0111,0,low_information,ADIDA8,0.02127659574468085,1.0037376640824323e-06,0.999999970046711,33.7812500439939,0.7187500009360404,0.9583333345813871,-0.6250000037441612,-0.8333333383255482,6.0,0.999999970046711,5.750000007488323,-5.00000002995329,8
2,2025-10-27,LTKF093,2,cluster_2,ADIDA8,0.2765957446808511,0.12854213458831226,0.999999970046711,4.293269203696065,1.1874999925116776,1.055555548899269,0.12499997004671082,0.11111108448596517,9.0,9.999999760373687,9.49999994009342,0.9999997603736865,8
2,2025-10-27,LTKF098,2,cluster_2,ADIDA8,0.32978723404255317,0.9999999762934778,0.999999970046711,9.85483830095996,3.2499998652101993,2.5999998921681593,3.2499998652101993,2.5999998921681593,10.0,35.999998921681595,25.999998921681595,25.999998921681595,8
2,2025-10-27,LYC0201,1,cluster_1,ADIDA8,0.3191489361702128,0.3503533005639758,0.999999970046711,6.266666478959388,1.999999940093422,,1.999999940093422,,0.0,15.999999520747377,15.999999520747377,15.999999520747377,8
2,2025-10-27,LYC0203,2,cluster_2,ADIDA8,0.1702127659574468,0.15118299486331985,0.999999970046711,4.58984363451603,0.7812499803431541,6.249999842745233,0.7499999737908721,5.999999790326977,1.0,6.999999790326977,6.249999842745233,5.999999790326977,8
2,2025-10-27,NNB0002,0,low_information,ADIDA8,0.06382978723404255,0.07039673162540609,0.999999970046711,135.12500005865851,8.62500000374416,0.9857142861421898,-8.500000007488321,-0.9714285722843795,70.0,1.999999940093422,69.00000002995328,-68.00000005990657,8
2,2025-10-27,QCCXC0004,1,cluster_1,ADIDA8,1.3191489361702127,0.39992984103304996,0.10484268631537594,0.7829615064106991,1.0328428382439008,,1.0328428382439008,,0.0,8.262742705951206,8.262742705951206,8.262742705951206,8
2,2025-10-27,QCCXC0005,1,cluster_1,ADIDA8,1.1914893617021276,0.46117576724116455,0.8606946616713905,4.294848791316584,5.1172666449729505,,5.1172666449729505,,0.0,40.938133159783604,40.938133159783604,40.938133159783604,8
2,2025-10-27,QCCXC0007,1,cluster_1,ADIDA8,1.8936170212765957,0.34597275000539396,0.6411407561103621,3.1276462115638117,5.9225641027484945,,5.9225641027484945,,0.0,47.380512821987956,47.380512821987956,47.380512821987956,8
2,2025-10-27,QCSSXC0004,0,low_information,ADIDA8,0.06382978723404255,0.021898640369946203,0.09909582547379851,0.39757237391897426,0.025376960037381335,,0.025376960037381335,,0.0,0.20301568029905068,0.20301568029905068,0.20301568029905068,8
2,2025-10-27,QCSSXC0005,1,cluster_1,ADIDA8,1.1063829787234043,0.14406222655850368,0.999999970046711,3.954326841857427,4.374999910140132,,4.374999910140132,,0.0,34.999999281121056,34.999999281121056,34.999999281121056,8
2,2025-10-27,QCSSXC0006,1,cluster_1,ADIDA8,0.648936170212766,0.21533891554915097,0.999999970046711,5.200819562507019,3.374999928860938,13.499999715443751,3.374999928860938,13.499999715443751,2.0,28.999999430887502,26.999999430887502,26.999999430887502,8
2,2025-10-27,QCXDS001,1,cluster_1,ADIDA8,1.3829787234042554,0.8226851492299591,0.14273725366350476,0.9932822334041012,1.3736881951333315,,1.3736881951333315,,0.0,10.989505561066652,10.989505561066652,10.989505561066652,8
2,2025-10-27,QCXXC0001,2,cluster_2,ADIDA8,0.48936170212765956,0.19581537312991268,0.4779730586179452,1.7194025397025747,0.8414097534714727,,0.8414097534714727,,0.0,6.731278027771782,6.731278027771782,6.731278027771782,8
2,2025-10-27,QCXXC0002,2,cluster_2,ADIDA8,0.3191489361702128,0.18048424441309424,0.999999970046711,0.3916666549349625,0.1249999962558391,,0.1249999962558391,,0.0,0.9999999700467128,0.9999999700467128,0.9999999700467128,8
2,2025-10-27,QFSJZ001-1,1,cluster_1,ADIDA8,0.3723404255319149,0.692052386911457,0.999999970046711,4.028571328013958,1.4999999625583884,3.9999999001557023,1.4999999625583884,3.9999999001557023,3.0,14.999999700467107,11.999999700467107,11.999999700467107,8
2,2025-10-27,QFSJZ002-1,2,cluster_2,ADIDA8,0.14893617021276595,0.1964837924497571,0.999999970046711,7.553571252595854,1.1249999737908718,,1.1249999737908718,,0.0,8.999999790326974,8.999999790326974,8.999999790326974,8
2,2025-10-27,QFSJZ003,2,cluster_2,ADIDA8,0.13829787234042554,0.11859409252645584,0.999999970046711,4.519230660938108,0.6249999850233554,,0.6249999850233554,,0.0,4.999999880186843,4.999999880186843,4.999999880186843,8
2,2025-10-27,QFSJZ003-1,2,cluster_2,ADIDA8,0.2765957446808511,0.3093697791107071,0.999999970046711,4.40624986801832,1.218749963494429,2.437499926988858,1.1249999513259055,2.249999902651811,4.0,12.999999610607244,9.749999707955432,8.999999610607244,8
2,2025-10-27,QYGZIPJ,0,low_information,ADIDA8,0.06382978723404255,0.08974358118575979,0.999999970046711,3.4270832893394405,0.21874999719187915,1.7499999775350332,-3.744161106156163e-09,-2.9953288849249304e-08,1.0,0.999999970046711,1.7499999775350332,-2.9953288849249304e-08,8
2,2025-10-27,RLHZHMV000AMDE,1,cluster_1,ADIDA8,3.0425531914893615,0.6718546897857977,0.999999970046711,0.6984265734265734,2.125,0.5151515151515151,0.25000019844054755,0.06060610871286001,33.0,35.00000158752438,17.0,2.0000015875243804,8
2,2025-10-27,SLT0001,0,low_information,ADIDA8,0.0425531914893617,1.0037376640824323e-06,1.0037376640824323e-06,5.896935100521426e-06,2.509334085328266e-07,,2.509334085328266e-07,,0.0,2.007467268262613e-06,2.007467268262613e-06,2.007467268262613e-06,8
2,2025-10-27,SLT0003,2,cluster_2,ADIDA8,0.2765957446808511,0.11578263902465427,0.7735168211979516,3.944834693919079,1.0911244898074048,0.8728995918459239,-0.9322489796148097,-0.7457991836918477,10.0,2.5420081630815226,8.728995918459239,-7.4579918369184774,8
2,2025-10-27,SLT0004,0,low_information,ADIDA8,0.07446808510638298,0.5649279963153425,0.999999970046711,13.428571428571427,0.9999999999999999,0.9999999999999999,-0.8750000037441611,-0.8750000037441611,8.0,0.999999970046711,7.999999999999999,-7.000000029953289,8
2,2025-10-27,SPH0001,2,cluster_2,ADIDA8,0.2765957446808511,0.9354229080097287,0.999999970046711,0.0,0.0,,0.0,,0.0,0.0,0.0,0.0,8
2,2025-10-27,SRPDZS0001,0,low_information,ADIDA8,0.0851063829787234,0.24169038845153543,0.2500000070414327,1.4687500310263126,0.12500000264053723,,0.12500000264053723,,0.0,1.0000000211242979,1.0000000211242979,1.0000000211242979,8
2,2025-10-27,SRPDZS0002,2,cluster_2,ADIDA8,0.06382978723404255,0.9999999722117726,1.0037376640824323e-06,1.57252076199591e-05,1.003736656593134e-06,,1.003736656593134e-06,,0.0,8.029893252745072e-06,8.029893252745072e-06,8.029893252745072e-06,8
2,2025-10-27,WSJZS0002,1,cluster_1,ADIDA8,0.40425531914893614,0.999999970046711,0.999999970046711,0.0,0.0,,0.0,,0.0,0.0,0.0,0.0,8
2,2025-10-27,WSJZS0004,1,cluster_1,ADIDA8,0.6914893617021277,0.6943357554913704,0.999999970046711,0.0,0.0,,0.0,,0.0,0.0,0.0,0.0,8
2,2025-10-27,XHP0001,1,cluster_1,ADIDA8,1.2553191489361701,0.8647901798726765,0.999999970046711,5.177966077833816,6.499999970046705,5.199999976037364,6.499999970046705,5.199999976037364,10.0,61.99999976037364,51.99999976037364,51.99999976037364,8
2,2025-10-27,XHZXCZP0001,1,cluster_1,ADIDA8,2.882978723404255,0.9230139741274515,0.9999999672339689,3.9022141173249367,11.250000274415509,2.9032258772685187,11.250000274415509,2.9032258772685187,31.0,121.00000219532407,90.00000219532407,90.00000219532407,8
2,2025-10-27,XHZXCZP0002,2,cluster_2,ADIDA8,0.09574468085106383,0.6251949197409793,0.999999970046711,16.97222222222222,1.625,1.0,-1.625,-1.0,13.0,0.0,13.0,-13.0,8
2,2025-10-27,YBB0001,1,cluster_1,ADIDA8,0.20212765957446807,0.9668892744464788,0.999999970046711,12.986841623645802,2.624999902651811,4.199999844242898,2.624999902651811,4.199999844242898,5.0,25.999999221214487,20.999999221214487,20.999999221214487,8
2,2025-10-27,YDBZ001,1,cluster_1,ADIDA8,0.4787234042553192,0.999999966932122,0.2708555701811702,1.8524919682955707,0.8868312614180924,0.644968190122249,-0.3513374771638153,-0.2555181652100475,11.0,8.189300182689477,7.0946500913447395,-2.8106998173105224,8
2,2025-10-27,YDBZ002,1,cluster_1,ADIDA8,0.8085106382978723,0.5113801709417791,0.30186174852654085,1.826387296697492,1.4766535590320147,1.0739298611141925,0.3283071180640295,0.238768813137476,11.0,13.626456944512237,11.813228472256117,2.626456944512236,8
2,2025-10-27,YDBZLV0001AMDE,2,cluster_2,ADIDA8,0.1702127659574468,0.21756310308259466,0.999999970046711,1.9735653449933358e-23,3.359260161690784e-24,,3.359260161690784e-24,,0.0,2.6874081293526274e-23,2.6874081293526274e-23,2.6874081293526274e-23,8
2,2025-10-27,YDBZWV0001AMDE,2,cluster_2,ADIDA8,0.19148936170212766,0.30079803678000855,0.12488034610572671,0.7785715172016364,0.14908816286839846,,0.14908816286839846,,0.0,1.1927053029471877,1.1927053029471877,1.1927053029471877,8
2,2025-10-27,YJL0002,0,low_information,ADIDA8,0.0425531914893617,0.20109752085966626,0.999999970046711,0.0,0.0,,0.0,,0.0,0.0,0.0,0.0,8
2,2025-10-27,YJLZHMV000AMDE,1,cluster_1,ADIDA8,1.053191489361702,0.24704019828430476,0.4592956326034983,1.5687856306106724,1.652231674792091,13.217853398336729,1.652231674792091,13.217853398336729,1.0,14.217853398336729,13.217853398336729,13.217853398336729,8
2,2025-10-27,YJX0022,0,low_information,ADIDA8,0.06382978723404255,0.1833444668607733,1.0037376640824323e-06,7.862595917987968e-06,5.018678245524234e-07,,5.018678245524234e-07,,0.0,4.0149425964193874e-06,4.0149425964193874e-06,4.0149425964193874e-06,8
2,2025-10-27,YJX0023,0,low_information,ADIDA8,0.10638297872340426,0.016864916709287355,1.0037376640824323e-06,1.0614504489283755e-05,1.1292026052429527e-06,,1.1292026052429527e-06,,0.0,9.033620841943622e-06,9.033620841943622e-06,9.033620841943622e-06,8
2,2025-10-27,YJX0024,2,cluster_2,ADIDA8,0.14893617021276595,0.3634491557842199,1.0037376640824323e-06,9.266630903342961e-06,1.3801365175191644e-06,,1.3801365175191644e-06,,0.0,1.1041092140153315e-05,1.1041092140153315e-05,1.1041092140153315e-05,8
2,2025-10-27,YJX0025,2,cluster_2,ADIDA8,0.14893617021276595,0.04909774889560936,0.28662157834203855,1.2648320936024875,0.1883792479833492,,0.1883792479833492,,0.0,1.5070339838667937,1.5070339838667937,1.5070339838667937,8
2,2025-10-27,YKLLW0004,0,low_information,ADIDA8,0.46808510638297873,0.00570324399697248,0.021487547487420086,0.13210483589634284,0.06183630616424558,,0.06183630616424558,,0.0,0.49469044931396466,0.49469044931396466,0.49469044931396466,8
2,2025-10-27,YKLLW0005,1,cluster_1,ADIDA8,1.0851063829787233,0.012020123007908131,0.04359932660521445,0.32615995375045553,0.35391824768666447,2.8313459814933157,0.18022433024888596,1.4417946419910876,1.0,2.4417946419910876,2.8313459814933157,1.4417946419910876,8
2,2025-10-27,YKLLW0006,0,low_information,ADIDA8,0.2553191489361702,0.0090635414300741,1.0037376640824323e-06,0.48958886172108823,0.12500141150325655,1.0000112920260524,-0.12499811799565794,-0.9999849439652635,1.0,1.5056034736572701e-05,1.0000112920260524,-0.9999849439652635,8
2,2025-10-27,YXBLJ0001,0,low_information,ADIDA8,0.010638297872340425,0.999999970046711,0.999999970046711,105.75,1.125,1.0,-1.125,-1.0,9.0,0.0,9.0,-9.0,8
2,2025-10-27,ZBTZ0002,0,low_information,ADIDA8,0.574468085106383,0.004667646358095498,0.017689211597444878,0.2984749023063885,0.17146430558026576,1.371714444642126,-0.06304759255964565,-0.5043807404771652,1.0,0.4956192595228349,1.371714444642126,-0.5043807404771652,8
2,2025-10-27,ZBTZ0003,0,low_information,ADIDA8,0.0425531914893617,0.033159181061760176,1.0037376640824323e-06,17.625002948473472,0.7500001254669563,1.000000167289275,-0.7499997490660878,-0.9999996654214504,6.0,2.0074712982096937e-06,6.00000100373565,-5.999997992528702,8
2,2025-10-27,ZJJSJBV001AMDE,2,cluster_2,ADIDA8,0.40425531914893614,0.2204122860921432,0.999999970046711,1.8552631023235036,0.7499999775350333,,0.7499999775350333,,0.0,5.999999820280267,5.999999820280267,5.999999820280267,8
2,2025-10-27,ZJJSJSV001AMDE,1,cluster_1,ADIDA8,0.6595744680851063,0.39455554828076955,0.8138329194716717,0.003012399787205484,0.0019869019873057447,,0.0019869019873057447,,0.0,0.015895215898445957,0.015895215898445957,0.015895215898445957,8
2,2025-10-27,ZJJYZBV001AMDE,1,cluster_1,ADIDA8,0.6382978723404256,0.7709379198416596,0.999999970046711,3.72083322774799,2.3749999326051,,2.3749999326051,,0.0,18.9999994608408,18.9999994608408,18.9999994608408,8
2,2025-10-27,ZJJYZSJBV1AMDE,1,cluster_1,ADIDA8,0.40425531914893614,0.3498044624748055,0.999999970046711,2.4929241484988563e-23,1.007777847265495e-23,,1.007777847265495e-23,,0.0,8.06222277812396e-23,8.06222277812396e-23,8.06222277812396e-23,8
2,2025-10-27,ZJJYZSJSV1AMDE,1,cluster_1,ADIDA8,0.40425531914893614,0.9999999766847975,0.0741390486806908,0.807560264292665,0.32646053237363054,,0.32646053237363054,,0.0,2.6116842589890443,2.6116842589890443,2.6116842589890443,8
2,2025-10-27,ZJJYZSJSV2AMDE,2,cluster_2,ADIDA8,0.19148936170212766,0.38840678040421417,0.999999970046711,1.4165452535764823e-37,2.712533464295392e-38,,2.712533464295392e-38,,0.0,2.1700267714363134e-37,2.1700267714363134e-37,2.1700267714363134e-37,8
2,2025-10-27,ZTD0001,0,low_information,ADIDA8,0.0,0.999999970046711,0.999999970046711,,1.375,1.0,-1.375,-1.0,11.0,0.0,11.0,-11.0,8
2,2025-10-27,ZTD0003,2,cluster_2,ADIDA8,0.11702127659574468,0.18688845147419209,0.999999970046711,37.11931825380819,4.3437500084243625,0.939189191010673,-4.250000011232483,-0.9189189213475639,37.0,2.999999910140133,34.7500000673949,-34.00000008985987,8
3,2025-12-22,BLP0001,1,cluster_1,ADIDA8,0.9607843137254902,0.3270663945848589,0.999999970046711,4.488520376987393,4.31249997004671,0.7040816277627282,1.6249998801868406,0.26530610288764744,49.0,61.999999041494725,34.49999976037368,12.999999041494725,8
3,2025-12-22,BLP0002,1,cluster_1,ADIDA8,0.49019607843137253,0.23227938827381675,0.999999970046711,2.8049998854286686,1.3749999438375826,1.2222221723000735,1.3749999438375826,1.2222221723000735,9.0,19.99999955070066,10.999999550700661,10.999999550700661,8
3,2025-12-22,BLP0003,2,cluster_2,ADIDA8,0.06862745098039216,0.22566240488932318,0.999999970046711,10.928571428571427,0.75,1.0,-0.5000000074883222,-0.6666666766510962,6.0,1.999999940093422,6.0,-4.0000000599065775,8
3,2025-12-22,BLP0004,0,low_information,ADIDA8,0.0392156862745098,1.0037376640824323e-06,0.999999970046711,22.3125,0.875,1.0,-0.875,-1.0,7.0,0.0,7.0,-7.0,8
3,2025-12-22,CLSSLT0003,2,cluster_2,ADIDA8,0.21568627450980393,0.7393670654737028,0.2640274997087748,3.477272727272727,0.75,1.0,-0.4064645960638881,-0.5419527947518508,6.0,2.7482832314888954,6.0,-3.2517167685111046,8
3,2025-12-22,CLSSLT0006,2,cluster_2,ADIDA8,0.35294117647058826,0.23592035629092992,0.7368208525385403,3.056231336538909,1.078669883484321,1.7258718135749134,0.7823397669686418,1.251743627149827,5.0,11.258718135749135,8.629359067874567,6.258718135749135,8
3,2025-12-22,CWW0002,1,cluster_1,ADIDA8,1.3411764705882352,0.8909986416527781,0.999999970046711,9.045230288841529,12.131250034446284,0.6103773602237124,-7.900000137785135,-0.39748428366214517,159.0,95.79999889771892,97.05000027557027,-63.20000110228108,8
3,2025-12-22,DHZXCZP0001,1,cluster_1,ADIDA8,0.45098039215686275,0.5616727733521245,0.9294094328643152,2.840984368185896,1.2812282444759924,1.2812282444759924,1.2812282444759924,1.2812282444759924,8.0,18.24982595580794,10.249825955807939,10.249825955807939,8
3,2025-12-22,DRMJJ0021,2,cluster_2,ADIDA8,0.13725490196078433,0.695960441318373,0.27488413132857403,5.464285714285713,0.7499999999999999,0.9999999999999999,-0.39244732412031047,-0.5232630988270807,6.0,2.860421407037516,5.999999999999999,-3.1395785929624838,8
3,2025-12-22,DRMJJ0022,1,cluster_1,ADIDA8,0.35294117647058826,0.6579321404579505,0.999999970046711,6.197916618928612,2.187499983151275,0.9210526244847473,-1.9999999663025498,-0.8421052489694947,19.0,3.0000002695796004,17.4999998652102,-15.999999730420399,8
3,2025-12-22,DRMJJ0023,1,cluster_1,ADIDA8,0.8529411764705882,0.23033003894856743,0.8978792318628848,2.9365924939262884,2.504740656584187,1.0546276448775525,2.504740656584187,1.0546276448775525,19.0,39.037925252673496,20.037925252673496,20.037925252673496,8
3,2025-12-22,DRMJJ0025,2,cluster_2,ADIDA8,0.19607843137254902,0.4418696914549231,0.14182883664553136,4.811110606566042,0.9433550208953023,0.9433550208953023,-0.7734200835812093,-0.7734200835812093,8.0,1.8126393313503266,7.546840167162419,-6.187360668649674,8
3,2025-12-22,DRMJJ0026,2,cluster_2,ADIDA8,0.19607843137254902,0.5435938123750488,0.999999970046711,9.562499828143004,1.8749999663025498,1.8749999663025498,1.2499999326050997,1.2499999326050997,8.0,17.999999460840797,14.999999730420399,9.999999460840797,8
3,2025-12-22,DRMJJ0027,2,cluster_2,ADIDA8,0.0784313725490196,0.8670732470861948,0.999999970046711,14.343749522619458,1.1249999625583889,8.99999970046711,1.1249999625583889,8.99999970046711,1.0,9.99999970046711,8.99999970046711,8.99999970046711,8
3,2025-12-22,ETZP0003,2,cluster_2,ADIDA8,0.19607843137254902,0.6358642209870319,0.999999970046711,15.93749992361911,3.124999985023355,1.190476184770802,-0.6250000599065777,-0.2380952609167915,21.0,15.999999520747377,24.99999988018684,-5.000000479252622,8
3,2025-12-22,ETZP0004,2,cluster_2,ADIDA8,0.45098039215686275,0.16139733226846836,0.999999970046711,6.652173913043478,2.9999999999999996,0.9999999999999999,-1.0000000000000004,-0.3333333333333335,24.0,15.999999999999993,23.999999999999996,-8.000000000000004,8
3,2025-12-22,FDBLHP0001,2,cluster_2,ADIDA8,0.35294117647058826,0.5590320288426374,0.30434781823941554,2.39062498888265,0.8437499960762295,1.349999993721967,0.24999998430491788,0.3999999748878686,5.0,6.999999874439343,6.749999968609836,1.999999874439343,8
3,2025-12-22,FDBLP0001,1,cluster_1,ADIDA8,0.7450980392156863,0.999999970046711,0.9999999809324868,1.845394789622738,1.375000039326746,0.7333333543075979,0.12500005243566148,0.0666666946323528,15.0,16.000000419485293,11.000000314613969,1.0000004194852918,8
3,2025-12-22,FRC0003,1,cluster_1,ADIDA8,0.6470588235294118,0.5366708226451059,0.27351540725425794,2.902930913952658,1.878367061969367,1.252244707979578,-0.7432658760612656,-0.49551058404084375,12.0,6.0538729915098735,15.026936495754937,-5.946127008490125,8
3,2025-12-22,FRH0028,1,cluster_1,ADIDA8,0.6078431372549019,0.18293743467071005,0.8322188483915315,0.5273339169859598,0.3205363024816618,,0.3205363024816618,,0.0,2.5642904198532945,2.5642904198532945,2.5642904198532945,8
3,2025-12-22,FRH0033,1,cluster_1,ADIDA8,3.195098039215686,0.17066320133517174,0.999999977614173,1.0758668325055178,3.437500006995571,2.7500000055964566,3.1250000139911416,2.5000000111929133,10.0,35.00000011192913,27.500000055964566,25.000000111929133,8
3,2025-12-22,FRH0034,1,cluster_1,ADIDA8,1.0960784313725491,0.22903682131032635,0.9999999668858125,2.052772808586762,2.25,0.9,-1.2500000124178214,-0.5000000049671286,20.0,9.99999990065743,18.0,-10.000000099342572,8
3,2025-12-22,FRH0043,2,cluster_2,ADIDA8,0.1568627450980392,0.039249715444438074,0.1983495131439203,4.519711368697928,0.708974332344773,1.134358931751637,-0.457051335310454,-0.7312821364967264,5.0,1.3435893175163678,5.671794658758184,-3.656410682483632,8
3,2025-12-22,FRH0044,2,cluster_2,ADIDA8,0.35294117647058826,0.05903175871184907,0.4291868924032157,1.6544881921835763,0.5839370090059681,1.1678740180119362,-0.1642519639761276,-0.3285039279522552,4.0,2.685984288190979,4.671496072047745,-1.3140157118090208,8
3,2025-12-22,FRH0046,1,cluster_1,ADIDA8,0.6666666666666666,0.2134623593732376,0.3771481981653449,9.028047187659013,6.018698125106008,0.8754470000154193,-6.018698125106008,-0.8754470000154193,55.0,6.850414999151931,48.14958500084806,-48.14958500084806,8
3,2025-12-22,FRH0048,1,cluster_1,ADIDA8,2.503267973856209,0.2899685926796625,0.6966991796233667,2.397162725205039,6.000740678127646,0.5517922462646111,-5.709320904170195,-0.5249950256708225,87.0,41.32543276663844,48.00592542502117,-45.67456723336156,8
3,2025-12-22,FRH0050,1,cluster_1,ADIDA8,1.3137254901960784,0.1680651510676269,0.6010645459213918,1.0798960819580417,1.4186870096311528,3.7831653590164076,1.4186870096311528,3.7831653590164076,3.0,14.349496077049222,11.349496077049222,11.349496077049222,8
3,2025-12-22,FRH0051,1,cluster_1,ADIDA8,1.8725490196078431,0.348262683321345,0.5248702151170054,1.1097057256197664,2.077978368562504,0.6649530779400012,0.6869134742500167,0.21981231176000535,25.0,30.495307794000134,16.62382694850003,5.495307794000134,8
3,2025-12-22,FRH0056,1,cluster_1,ADIDA8,3.372549019607843,0.561803308475356,0.8935690350083887,1.927325581395349,6.5,0.5777777777777777,-1.0263010618283204,-0.09122676105140626,90.0,81.78959150537344,52.0,-8.210408494626563,8
3,2025-12-22,FRH0056-1,0,low_information,ADIDA8,0.058823529411764705,0.24640751600200858,0.999999970046711,5.312499968174631,0.31249999812791945,1.2499999925116778,-0.1250000037441611,-0.5000000149766444,2.0,0.999999970046711,2.4999999850233556,-1.0000000299532887,8
3,2025-12-22,FRH0059,1,cluster_1,ADIDA8,1.3725490196078431,0.7719859915043926,0.999999970046711,1.4116071223979771,1.9374999719187922,1.2916666479458614,0.8749999438375844,0.5833332958917229,12.0,18.999999550700675,15.499999775350338,6.999999550700675,8
3,2025-12-22,FRH0064,1,cluster_1,ADIDA8,0.6568627450980392,0.16681907480241398,0.999999970046711,2.8544776033901957,1.874999994383756,1.1538461503900037,1.374999992511675,0.8461538415456461,13.0,23.9999999400934,14.999999955070049,10.9999999400934,8
3,2025-12-22,FRH0065,2,cluster_2,ADIDA8,0.23529411764705882,0.7832661553632873,0.2105263222454161,8.499999974277104,1.999999993947554,0.8888888861989128,-1.749999987895108,-0.7777777723978258,18.0,4.000000096839135,15.999999951580431,-13.999999903160864,8
3,2025-12-22,FRH0068,2,cluster_2,ADIDA8,0.24509803921568626,0.1579596722457436,0.999999970046711,4.2075000114571335,1.0312500028081208,0.9166666691627741,-0.7500000112324834,-0.6666666766510964,9.0,2.999999910140133,8.250000022464967,-6.000000089859867,8
3,2025-12-22,FRW0005,1,cluster_1,ADIDA8,1.4411764705882353,0.3184387788653362,0.6092483270861383,1.9021688239801002,2.741360952206615,1.5664919726894944,2.23848126960882,1.2791321540621827,14.0,31.90785015687056,21.93088761765292,17.90785015687056,8
3,2025-12-22,FRW0006,1,cluster_1,ADIDA8,2.735294117647059,0.3726612641643005,0.8196882947817635,1.2813936910399601,3.504988625491656,0.7578353784846823,2.1349772509833125,0.4616167029153108,37.0,54.0798180078665,28.039909003933246,17.0798180078665,8
3,2025-12-22,FRW0008,2,cluster_2,ADIDA8,0.09803921568627451,0.07387908150051675,1.0037376640824323e-06,3.839292711468738e-06,3.7640124622242527e-07,,3.7640124622242527e-07,,0.0,3.011209969779402e-06,3.011209969779402e-06,3.011209969779402e-06,8
3,2025-12-22,FRW0009,2,cluster_2,ADIDA8,0.23529411764705882,0.4231722579953138,0.14689934298447,1.2765367096554978,0.30036157874247005,2.4028926299397604,0.1088154383232934,0.8705235065863473,1.0,1.8705235065863473,2.4028926299397604,0.8705235065863473,8
3,2025-12-22,FRW0015,1,cluster_1,ADIDA8,0.9607843137254902,0.9999999776436783,0.14452935302503883,1.445237554511595,1.3885615719817286,,1.3885615719817286,,0.0,11.108492575853829,11.108492575853829,11.108492575853829,8
3,2025-12-22,FRW0024,2,cluster_2,ADIDA8,0.1568627450980392,0.6972549252771302,0.999999970046711,13.94531233291681,2.1874999737908722,1.4583333158605816,0.3749999475817443,0.2499999650544962,12.0,14.999999580653954,17.499999790326978,2.9999995806539546,8
3,2025-12-22,FSTBY001,0,low_information,ADIDA8,0.0,0.999999970046711,0.999999970046711,,0.125,1.0,-0.125,-1.0,1.0,0.0,1.0,-1.0,8
3,2025-12-22,FZGLS0001,0,low_information,ADIDA8,0.0196078431372549,0.183503424556217,0.999999970046711,0.0,0.0,,0.0,,0.0,0.0,0.0,0.0,8
3,2025-12-22,FZGLS0002,0,low_information,ADIDA8,0.0392156862745098,0.030368617386031697,1.0037376640824323e-06,9.56250159970369,0.3750000627334781,1.0000001672892749,-0.3749997490660877,-0.9999993308429005,3.0,2.0074712982096937e-06,3.0000005018678246,-2.9999979925287015,8
3,2025-12-22,FZLRICBHP0001,2,cluster_2,ADIDA8,0.13725490196078433,0.775593789723302,0.06923422572668582,13.660714285714285,1.875,1.0,-1.7524972794668885,-0.9346652157156738,15.0,0.9800217642648932,15.0,-14.019978235735108,8
3,2025-12-22,FZLRJ0001,2,cluster_2,ADIDA8,0.4019607843137255,0.4547323047045913,0.26180930243407396,3.7317073170731705,1.5,1.0,-0.5815930287429804,-0.38772868582865355,12.0,7.347255770056156,12.0,-4.652744229943843,8
3,2025-12-22,FZLRJ0001double,0,low_information,ADIDA8,0.0392156862745098,0.018172954674773166,1.0037376640824323e-06,3.1875047991110725,0.1250001882004342,1.0000015056034737,-0.12499974906608771,-0.9999979925287017,1.0,2.0074712982096937e-06,1.0000015056034737,-0.9999979925287017,8
3,2025-12-22,FZLRJ0002,1,cluster_1,ADIDA8,0.49019607843137253,0.3757358163237127,0.6570206740708232,5.9865735486544684,2.934594876791406,0.7573148069139112,-2.4941897535828117,-0.6436618718923385,31.0,11.046481971337506,23.476759014331247,-19.953518028662494,8
3,2025-12-22,FZLRJ0002double,2,cluster_2,ADIDA8,0.11764705882352941,0.13827198380822914,0.1341687610682006,4.468945059993945,0.5257582423522288,1.0515164847044576,-0.39696703059108496,-0.7939340611821699,4.0,0.8242637552713203,4.20606593881783,-3.1757362447286797,8
3,2025-12-22,GJMJWJX001,1,cluster_1,ADIDA8,6.477124183006535,0.2552254309945009,0.22385685417453596,0.7978485641802666,5.1677642294290465,1.6536845534172948,3.460528458858094,1.1073691068345901,25.0,52.68422767086475,41.34211383543237,27.68422767086475,8
3,2025-12-22,GJMJWJXW001,1,cluster_1,ADIDA8,9.588235294117647,0.5920371866912847,0.09118337279959486,0.541466159962377,5.191704945521614,41.533639564172915,5.191704945521614,41.533639564172915,1.0,42.533639564172915,41.533639564172915,41.533639564172915,8
3,2025-12-22,HLGKSLT0001,1,cluster_1,ADIDA8,0.6470588235294118,0.4418241252864708,0.9999999813570687,6.18181808097687,3.9999999347497397,3.1999999477997916,3.9999999347497397,3.1999999477997916,10.0,41.99999947799792,31.999999477997918,31.999999477997918,8
3,2025-12-22,HWZDSKL0001,1,cluster_1,ADIDA8,1.196078431372549,0.23002199400812226,0.36548440130260895,1.9144498173522333,2.2898321344801222,,2.2898321344801222,,0.0,18.318657075840978,18.318657075840978,18.318657075840978,8
3,2025-12-22,HWZDSKL0002,2,cluster_2,ADIDA8,0.27450980392156865,0.6554089927070944,0.12290619368398976,1.056763983690148,0.29009207395415826,,0.29009207395415826,,0.0,2.320736591633266,2.320736591633266,2.320736591633266,8
3,2025-12-22,HZSN0001,1,cluster_1,ADIDA8,0.8725490196078431,0.5610656269156417,0.6702815762867348,2.9071953524480367,2.5366704545870125,0.6149504132332151,-0.7716818183480507,-0.18707438020558806,33.0,26.826545453215594,20.2933636366961,-6.173454546784406,8
3,2025-12-22,JZJ00011,1,cluster_1,ADIDA8,0.303921568627451,0.8755347341737907,0.999999970046711,5.655241861566881,1.7187499775350328,1.7187499775350328,1.6249999700467104,1.6249999700467104,8.0,20.999999760373683,13.749999820280262,12.999999760373683,8
3,2025-12-22,JZJ00012,1,cluster_1,ADIDA8,1.2549019607843137,0.5064141235153343,0.9999999717312846,2.390625031678077,3.000000039752881,1.8461538706171576,2.8750000530038413,1.7692308018485177,13.0,36.00000042403073,24.000000318023048,23.00000042403073,8
3,2025-12-22,JZJ0002,1,cluster_1,ADIDA8,1.9705882352941178,0.5150407380022618,0.6425379948041873,2.4738805970149254,4.875,0.42857142857142855,-3.9486368646833863,-0.347132911180957,91.0,59.41090508253291,39.0,-31.58909491746709,8
3,2025-12-22,JZJ0003,1,cluster_1,ADIDA8,3.0980392156862746,0.5487426364934148,0.651277348528425,1.6357151056400003,5.067509542963139,0.3525224029887401,2.395038171852555,0.16661135108539513,115.0,134.16030537482044,40.54007634370511,19.16030537482044,8
3,2025-12-22,JZJ0009,1,cluster_1,ADIDA8,2.5686274509803924,0.6159578153084925,0.999999970046711,3.8931296999319005,9.999999817472137,0.44692736614400613,7.124999756629517,0.318435743313051,179.0,235.99999805303614,79.9999985397771,56.99999805303614,8
3,2025-12-22,JZJ0013,1,cluster_1,ADIDA8,3.2254901960784315,0.8331397951472153,0.9999999808769829,2.8774696120888454,9.281250023306178,0.5016891904489826,-0.37499990677529027,-0.020270265231096773,148.0,145.00000074579768,74.25000018644943,-2.999999254202322,8
3,2025-12-22,JZJ0014,2,cluster_2,ADIDA8,0.21568627450980393,0.03759757291671966,0.2837905391263148,1.7968697881902231,0.38756015039396974,1.550240601575879,0.025120300787939476,0.1004812031517579,2.0,2.200962406303516,3.100481203151758,0.2009624063035158,8
3,2025-12-22,JZJ0016,1,cluster_1,ADIDA8,1.0588235294117647,0.32613364094381647,0.999999970046711,1.8298611199514903,1.9375000093604016,1.107142862491658,1.1250000187208031,0.6428571535547446,14.0,23.000000149766425,15.500000074883213,9.000000149766425,8
3,2025-12-22,JZJ0017,2,cluster_2,ADIDA8,0.1568627450980392,0.09647122799987204,0.3945116288595052,2.2091759086213805,0.3465373974308048,,0.3465373974308048,,0.0,2.7722991794464384,2.7722991794464384,2.7722991794464384,8
3,2025-12-22,JZJ0018,2,cluster_2,ADIDA8,0.27450980392156865,0.602760456084551,0.30434781823941554,2.276785714285714,0.625,1.0,0.24999998430491788,0.3999999748878686,5.0,6.999999874439343,5.0,1.999999874439343,8
3,2025-12-22,JZJ0019,1,cluster_1,ADIDA8,0.596078431372549,0.40631061822165176,0.999999970046711,9.226973583709357,5.499999940093421,43.999999520747366,5.499999940093421,43.999999520747366,1.0,44.999999520747366,43.999999520747366,43.999999520747366,8
3,2025-12-22,KZCWBG001,2,cluster_2,ADIDA8,0.27450980392156865,0.5758145514238867,0.3839578693488513,2.1726691390547797,0.596418979348371,4.771351834786968,0.5035586391311612,4.028469113049289,1.0,5.028469113049289,4.771351834786968,4.028469113049289,8
3,2025-12-22,LTKF0019,1,cluster_1,ADIDA8,0.7549019607843137,0.24324241569064886,0.6131006246086621,0.9935064935064936,0.75,1.0,-0.027483909808086127,-0.03664521307744817,6.0,5.780128721535311,6.0,-0.219871278464689,8
3,2025-12-22,LTKF0020,1,cluster_1,ADIDA8,4.196078431372549,0.5194059471454946,0.739201636698755,5.302570093457944,22.25,0.8165137614678899,-8.350368516841653,-0.306435541902446,218.0,151.1970518652668,178.0,-66.80294813473323,8
3,2025-12-22,LTKF0021,1,cluster_1,ADIDA8,1.3267973856209148,0.26001872741664245,0.999999970046711,2.8263546953237038,3.750000020592887,1.578947377091742,1.875000041185774,0.7894737015519048,19.0,34.00000032948619,30.000000164743096,15.000000329486191,8
3,2025-12-22,LTKF0022M,1,cluster_1,ADIDA8,0.5588235294117647,0.47794631073922395,0.7654210614885543,7.605263157894736,4.25,1.0,-0.60907483515358,-0.1433117259184894,34.0,29.12740131877136,34.0,-4.87259868122864,8
3,2025-12-22,LTKF0031,1,cluster_1,ADIDA8,1.303921568627451,0.5139797588909485,0.9141339463125413,3.2451086310471937,4.231367136561537,2.1156835682807684,4.231367136561537,2.1156835682807684,16.0,49.850937092492295,33.850937092492295,33.850937092492295,8
3,2025-12-22,LTKF0047,1,cluster_1,ADIDA8,0.2549019607843137,0.5622285813709926,0.3109603310001999,1.9274222087497588,0.49130370026954634,,0.49130370026954634,,0.0,3.9304296021563707,3.9304296021563707,3.9304296021563707,8
3,2025-12-22,LTKF0058,2,cluster_2,ADIDA8,0.058823529411764705,0.999999970046711,0.999999970046711,0.0,0.0,,0.0,,0.0,0.0,0.0,0.0,8
3,2025-12-22,LTKF0101,1,cluster_1,ADIDA8,1.4509803921568627,0.7700611913957642,0.4487666868614648,5.168918918918919,7.5,1.0,-2.437510851106318,-0.3250014468141757,60.0,40.49991319114945,60.0,-19.500086808850543,8
3,2025-12-22,LTKF0102,2,cluster_2,ADIDA8,0.11764705882352941,0.6898472507435259,0.5714285714285715,8.5,1.0,0.8888888888888888,-0.625,-0.5555555555555556,9.0,4.0,8.0,-5.0,8
3,2025-12-22,LTKF0106,0,low_information,ADIDA8,0.0784313725490196,0.06855163193396656,0.999999970046711,3.9843749283929184,0.3124999943837583,2.4999999550700664,0.12499999251167777,0.9999999400934222,1.0,1.999999940093422,2.4999999550700664,0.9999999400934222,8
3,2025-12-22,LTKF0111,2,cluster_2,ADIDA8,0.10784313725490197,0.20895754166365152,0.999999970046711,4.346590909090908,0.46874999999999994,1.2499999999999998,-0.25000000000000006,-0.6666666666666669,3.0,0.9999999999999991,3.7499999999999996,-2.0000000000000004,8
3,2025-12-22,LTKF093,2,cluster_2,ADIDA8,0.39215686274509803,0.10847826284595838,0.871580952343789,1.275,0.5,1.0,0.40613623693646506,0.8122724738729301,4.0,7.2490898954917204,4.0,3.2490898954917204,8
3,2025-12-22,LTKF098,1,cluster_1,ADIDA8,0.4411764705882353,0.999999968142308,0.999999970046711,11.333333265439206,4.999999970046709,1.2499999925116771,2.499999940093418,0.6249999850233545,32.0,51.999999520747345,39.99999976037367,19.999999520747345,8
3,2025-12-22,LYC0201,2,cluster_2,ADIDA8,0.29411764705882354,0.40942052270566565,0.8125000000000007,5.525,1.6250000000000002,,1.6250000000000002,,0.0,13.000000000000002,13.000000000000002,13.000000000000002,8
3,2025-12-22,LYC0203,2,cluster_2,ADIDA8,0.17647058823529413,0.17935537306486166,0.5714285714285715,2.833333333333333,0.5,2.0,0.25,1.0,2.0,4.0,4.0,2.0,8
3,2025-12-22,NNB0002,1,cluster_1,ADIDA8,0.30392156862745096,0.9279125723785547,0.4999999999999996,10.796370967741936,3.28125,1.0096153846153846,-3.125,-0.9615384615384616,26.0,0.9999999999999996,26.25,-25.0,8
3,2025-12-22,QCCXC0004,1,cluster_1,ADIDA8,1.2156862745098038,0.39992981262028243,0.08208245945961382,0.6636287875838838,0.8067644084353096,,0.8067644084353096,,0.0,6.454115267482477,6.454115267482477,6.454115267482477,8
3,2025-12-22,QFSJZ002-1,2,cluster_2,ADIDA8,0.13725490196078433,0.28308637761713074,0.3633978122411653,2.82630807742645,0.38792463807814026,,0.38792463807814026,,0.0,3.103397104625122,3.103397104625122,3.103397104625122,8
3,2025-12-22,QFSJZ003,2,cluster_2,ADIDA8,0.13725490196078433,0.1159697713542986,0.5312059760780375,2.566587437443013,0.35227670710002146,2.8182136568001717,0.17803560946669528,1.4242848757335622,1.0,2.424284875733562,2.8182136568001717,1.4242848757335622,8
3,2025-12-22,QFSJZ003-1,2,cluster_2,ADIDA8,0.3431372549019608,0.20910182235119293,0.9230769230769242,5.464285714285714,1.875,0.6818181818181818,-1.25,-0.45454545454545453,22.0,12.000000000000002,15.0,-10.0,8
3,2025-12-22,RLHZHMV000AMDE,1,cluster_1,ADIDA8,3.1372549019607843,0.6471995329128205,0.999999970046711,0.8964843738065497,2.812499996255842,0.7031249990639605,0.6249999925116843,0.15624999812792106,32.0,36.999999940093474,22.499999970046737,4.999999940093474,8
3,2025-12-22,SLT0003,2,cluster_2,ADIDA8,0.37254901960784315,0.11757922195565836,0.6238528700214813,3.0197368421052633,1.125,1.0,-0.21890151026713978,-0.19457912023745758,9.0,7.248787917862881,9.0,-1.7512120821371182,8
3,2025-12-22,SLT0004,2,cluster_2,ADIDA8,0.11764705882352941,0.999999970046711,0.999999970046711,5.843749904523891,0.6874999887675166,2.7499999550700664,0.6249999775350331,2.4999999101401325,2.0,6.999999820280265,5.499999910140133,4.999999820280265,8
3,2025-12-22,XHP0001,1,cluster_1,ADIDA8,1.2647058823529411,0.8211580667215788,0.2955754215561124,5.930232558139535,7.5,0.9375,-5.3963544705450595,-0.6745443088181324,64.0,20.82916423563952,60.0,-43.170835764360476,8
3,2025-12-22,XHZXCZP0001,1,cluster_1,ADIDA8,2.735294117647059,0.9215087681134547,0.999999970046711,2.0107527812526964,5.500000254602964,4.888889115202634,5.500000254602964,4.888889115202634,9.0,53.00000203682371,44.00000203682371,44.00000203682371,8
3,2025-12-22,XHZXCZP0002,2,cluster_2,ADIDA8,0.19607843137254902,0.5746576598246279,0.999999970046711,12.112499637190787,2.3749999288609387,,2.3749999288609387,,0.0,18.99999943088751,18.99999943088751,18.99999943088751,8
3,2025-12-22,YDBZ001,1,cluster_1,ADIDA8,0.5392156862745098,0.999999979985785,0.999999970046711,1.8545454545454547,1.0,0.3076923076923077,0.37499998127919154,0.11538460962436663,26.0,28.999999850233532,8.0,2.9999998502335323,8
3,2025-12-22,YDBZ002,1,cluster_1,ADIDA8,0.8921568627450981,0.4332235264545484,0.29689228657077216,2.8955115948463606,2.5832505405001847,0.7380715830000527,-1.833002162000739,-0.5237149034287826,28.0,13.335982703994084,20.666004324001477,-14.664017296005913,8
3,2025-12-22,YJLZHMV000AMDE,1,cluster_1,ADIDA8,1.0,0.2579265667442969,0.4922108608164156,1.1599442374226077,1.1599442374226077,3.093184633126954,1.0049256498968104,2.679801733058161,3.0,11.039405199174483,9.279553899380861,8.039405199174483,8
3,2025-12-22,YXBLJ0001,2,cluster_2,ADIDA8,0.08823529411764706,0.3117663887626209,0.999999970046711,9.916666709100493,0.8750000037441612,0.8750000037441612,-0.7500000074883223,-0.7500000074883223,8.0,1.999999940093422,7.00000002995329,-6.000000059906578,8
3,2025-12-22,ZBTZ0002,0,low_information,ADIDA8,0.5490196078431373,0.0046797549422626416,0.011756855338096507,0.0749826967565606,0.04116697076830778,,0.04116697076830778,,0.0,0.32933576614646226,0.32933576614646226,0.32933576614646226,8
3,2025-12-22,ZBTZ0003,2,cluster_2,ADIDA8,0.08823529411764706,0.999999970046711,0.1298055886861723,3.046453095764085,0.26880468492036047,1.0752187396814419,-0.21239063015927906,-0.8495625206371162,2.0,0.3008749587257674,2.1504374793628838,-1.6991250412742325,8
3,2025-12-22,ZTD0001,0,low_information,ADIDA8,0.049019607843137254,0.9999999677010302,0.999999970046711,25.5,1.25,1.0,-1.25,-1.0,10.0,0.0,10.0,-10.0,8
3,2025-12-22,ZTD0003,1,cluster_1,ADIDA8,0.3333333333333333,0.999999970046711,0.999999970046711,2.249999966302549,0.7499999887675163,,0.7499999887675163,,0.0,5.99999991014013,5.99999991014013,5.99999991014013,8
4,2026-02-16,BLP0001,1,cluster_1,ADIDA8,1.1181818181818182,0.1953601564269945,0.5825593317657827,3.4654471544715446,3.875,1.0,-0.1532452305953651,-0.03954715628267486,31.0,29.77403815523708,31.0,-1.2259618447629208,8
4,2026-02-16,BLP0002,1,cluster_1,ADIDA8,0.5181818181818182,0.27315415621178846,0.999999970046711,5.065789430330763,2.6249999775350314,4.19999996405605,2.6249999775350314,4.19999996405605,5.0,25.99999982028025,20.99999982028025,20.99999982028025,8
4,2026-02-16,BLP0003,2,cluster_2,ADIDA8,0.10909090909090909,0.19588499700833764,0.999999970046711,4.583333316172594,0.4999999981279194,1.3333333283411184,0.12499999251167757,0.3333333133644735,3.0,3.9999999400934203,3.999999985023355,0.9999999400934205,8
4,2026-02-16,BLP0004,2,cluster_2,ADIDA8,0.12727272727272726,0.1538307588016921,0.999999970046711,1.964285655448897,0.24999999251167776,,0.24999999251167776,,0.0,1.999999940093422,1.999999940093422,1.999999940093422,8
4,2026-02-16,CLSSLT0003,2,cluster_2,ADIDA8,0.2818181818181818,0.2524353229156094,0.25192082855969694,1.2859055607927599,0.36239156713250503,2.8991325370600403,0.1915220895100067,1.5321767160800537,1.0,2.5321767160800537,2.8991325370600403,1.5321767160800537,8
4,2026-02-16,CLSSLT0006,2,cluster_2,ADIDA8,0.38181818181818183,0.21271874014173991,0.5491464678201115,2.5053612944540777,0.9565924942461024,1.9131849884922048,0.41318498849220453,0.8263699769844091,4.0,7.305479907937636,7.652739953968819,3.3054799079376362,8
4,2026-02-16,CWW0002,1,cluster_1,ADIDA8,1.8545454545454545,0.999999970046711,0.999999970046711,6.891850536631018,12.781250086115705,0.42427386177977444,-12.437500172231411,-0.41286307625664437,241.0,141.4999986221487,102.25000068892564,-99.50000137785129,8
4,2026-02-16,DHZXCZP0001,1,cluster_1,ADIDA8,0.4727272727272727,0.5565028586011838,0.999999970046711,1.3221153846153846,0.625,1.0,-0.4999999400934199,-0.7999999041494719,5.0,1.0000004792526405,5.0,-3.9999995207473593,8
4,2026-02-16,DRMJJ0021,2,cluster_2,ADIDA8,0.18181818181818182,0.7191782205678061,0.20890117221919732,3.804769987019003,0.6917763612761824,1.1068421780418918,-0.3578945548952705,-0.5726312878324328,5.0,2.1368435608378364,5.534210890209459,-2.863156439162164,8
4,2026-02-16,DRMJJ0022,1,cluster_1,ADIDA8,0.509090909090909,0.5687067988333069,0.6423321653765094,2.4553571428571432,1.25,0.7142857142857143,-0.6027866179738381,-0.34444949598505037,14.0,9.177707056209295,10.0,-4.822292943790705,8
4,2026-02-16,DRMJJ0023,1,cluster_1,ADIDA8,0.9090909090909091,0.3722864514950106,0.9058089111737726,4.271161891002586,3.882874446365987,1.827235033583994,3.882874446365987,1.827235033583994,17.0,48.062995570927896,31.062995570927896,31.062995570927896,8
4,2026-02-16,DRMJJ0025,2,cluster_2,ADIDA8,0.24545454545454545,0.41111630561229584,0.12162810264968216,2.94023424977125,0.7216938613074887,1.154710178091982,-0.4316122773850227,-0.6905796438160363,5.0,1.5471017809198186,5.7735508904599095,-3.452898219080182,8
4,2026-02-16,DRMJJ0026,2,cluster_2,ADIDA8,0.3090909090909091,0.39331227651950174,1.0037376640824323e-06,0.8088271827179782,0.2500011292037387,1.0000045168149547,-0.24999774159252267,-0.9999909663700907,2.0,1.8067259818676412e-05,2.0000090336299094,-1.9999819327401813,8
4,2026-02-16,DRMJJ0027,2,cluster_2,ADIDA8,0.09090909090909091,0.8164538328125219,1.0037376640824323e-06,1.3801379028155591e-05,1.2546708207414173e-06,,1.2546708207414173e-06,,0.0,1.0037366565931339e-05,1.0037366565931339e-05,1.0037366565931339e-05,8
4,2026-02-16,ETZP0003,1,cluster_1,ADIDA8,0.3545454545454545,0.31464197288340395,0.999999970046711,7.638888881848584,2.708333330837225,1.0317460307951332,-0.4583333383255501,-0.17460317650497148,21.0,17.3333332933956,21.6666666466978,-3.666666706604401,8
4,2026-02-16,ETZP0004,1,cluster_1,ADIDA8,0.6272727272727273,0.23765277470963034,0.9999999736161272,3.7115036251600264,2.328125001236744,1.0955882358761149,-0.31249999505302384,-0.147058821201423,17.0,14.50000003957581,18.625000009893952,-2.4999999604241907,8
4,2026-02-16,FDBLHP0001,2,cluster_2,ADIDA8,0.4,0.5216823373348182,0.23811877523778094,1.781475447158341,0.7125901788633364,1.9002404769688972,0.30018035772667273,0.800480953937794,3.0,5.401442861813382,5.700721430906691,2.401442861813382,8
4,2026-02-16,FDBLP0001,1,cluster_1,ADIDA8,0.8340909090909091,0.999999970046711,0.999999970046711,7.343324250681198,6.125,1.0,-5.156249969110668,-0.8418367296507213,49.0,7.750000247114653,49.0,-41.249999752885344,8
4,2026-02-16,FRC0003,1,cluster_1,ADIDA8,0.7363636363636363,0.4507139710741561,0.27871595526855913,1.373430774606118,1.011344479482687,1.155822262265928,-0.32962208206925236,-0.3767109509362884,7.0,4.363023343445981,8.090755835861495,-2.636976656554019,8
4,2026-02-16,FRH0028,2,cluster_2,ADIDA8,0.5636363636363636,0.18497106427443102,0.8214340147778275,0.5706377288135459,0.3216321744221804,2.573057395377443,0.13717623256290723,1.0974098605032578,1.0,2.097409860503258,2.573057395377443,1.0974098605032578,8
4,2026-02-16,FRH0033,1,cluster_1,ADIDA8,3.0627272727272725,0.17448863799805747,0.9999999758952072,0.5917928257137671,1.8125000271178922,0.9062500135589461,0.1250000542357843,0.06250002711789215,16.0,17.000000433886274,14.500000216943137,1.0000004338862745,8
4,2026-02-16,FRH0034,1,cluster_1,ADIDA8,1.1890909090909092,0.20841838462880877,0.9999999689920634,0.42048931619384344,0.500000023255952,,0.500000023255952,,0.0,4.000000186047616,4.000000186047616,4.000000186047616,8
4,2026-02-16,FRH0043,2,cluster_2,ADIDA8,0.2,0.05309323264993292,0.14815971888965765,0.5966857656953065,0.1193371531390613,,0.1193371531390613,,0.0,0.9546972251124904,0.9546972251124904,0.9546972251124904,8
4,2026-02-16,FRH0044,2,cluster_2,ADIDA8,0.4,0.05444648217424072,0.4120033840952838,1.9345063504649045,0.7738025401859618,0.8843457602125279,-0.4702101607438476,-0.5373830408501116,7.0,3.2383187140492193,6.190420321487695,-3.7616812859507807,8
4,2026-02-16,FRH0046,1,cluster_1,ADIDA8,0.8636363636363636,0.590406565894139,0.39387481805602254,11.95062377103002,10.320993256798655,0.8691362742567288,-10.320993256798655,-0.8691362742567288,95.0,12.432053945610765,82.56794605438924,-82.56794605438924,8
4,2026-02-16,FRH0048,1,cluster_1,ADIDA8,2.6575757575757573,0.2753045766249239,0.6667366900356897,1.1303892952617065,3.0040951877106563,0.37551189846383204,-1.0163807508426244,-0.12704759385532804,64.0,55.868953993259005,24.03276150168525,-8.131046006740995,8
4,2026-02-16,FRH0050,1,cluster_1,ADIDA8,1.211688311688312,0.2596219473365201,0.999999970046711,3.500133914840136,4.241071353955646,8.482142707911292,4.241071353955646,8.482142707911292,4.0,37.92857083164517,33.92857083164517,33.92857083164517,8
4,2026-02-16,FRH0051,1,cluster_1,ADIDA8,1.9,0.33781242200312656,0.5238108332480085,0.7033967336479814,1.3364537939311645,0.42766521405797264,0.7208151757246575,0.2306608562318904,25.0,30.76652140579726,10.691630351449316,5.76652140579726,8
4,2026-02-16,FRH0056,1,cluster_1,ADIDA8,3.5090909090909093,0.6068253555165525,0.8946208492211437,1.1947943268564152,4.192641910605239,0.5323989727752685,2.2602838212104785,0.2870201677727592,63.0,81.08227056968383,33.541135284841914,18.08227056968383,8
4,2026-02-16,FRH0056-1,2,cluster_2,ADIDA8,0.09090909090909091,0.14083336089378123,0.999999970046711,8.24999996911067,0.7499999971918792,1.1999999955070066,-0.12500001123248344,-0.2000000179719735,5.0,3.999999910140132,5.999999977535033,-1.0000000898598675,8
4,2026-02-16,FRH0059,1,cluster_1,ADIDA8,1.3636363636363635,0.7813292186551452,0.999999970046711,0.29791669961528355,0.4062500449299321,3.250000359439457,0.2500000599065762,2.0000004792526096,1.0,3.0000004792526096,3.250000359439457,2.0000004792526096,8
4,2026-02-16,FRH0064,1,cluster_1,ADIDA8,0.7636363636363637,0.16374775090333635,0.9999999656351714,4.419642817766491,3.3749999699307747,6.749999939861549,3.3749999699307747,6.749999939861549,4.0,30.999999759446197,26.999999759446197,26.999999759446197,8
4,2026-02-16,FRH0065,2,cluster_2,ADIDA8,0.4090909090909091,0.4141073815872389,0.3189403943711384,1.6385297947969741,0.6703076433260349,0.766065878086897,-0.056230573304139275,-0.06426351234758775,7.0,6.550155413566886,5.362461146608279,-0.4498445864331142,8
4,2026-02-16,FRH0068,2,cluster_2,ADIDA8,0.3090909090909091,0.1333901399026961,0.999999970046711,6.066176313113222,1.874999951325905,14.99999961060724,1.874999951325905,14.99999961060724,1.0,15.99999961060724,14.99999961060724,14.99999961060724,8
4,2026-02-16,FRW0005,1,cluster_1,ADIDA8,1.490909090909091,0.2959649663753711,0.6076109530779445,0.6599378056054871,0.9839072738118171,0.3279690912706057,0.3118763650824228,0.10395878836080759,24.0,26.495010920659382,7.871258190494537,2.4950109206593822,8
4,2026-02-16,FRW0006,1,cluster_1,ADIDA8,2.7454545454545456,0.3752923257426397,0.8700535253743225,1.996058772721103,5.480088630561574,1.2525916869855027,5.431784840748765,1.241550820742575,35.0,78.45427872599012,43.84070904449259,43.45427872599012,8
4,2026-02-16,FRW0008,2,cluster_2,ADIDA8,0.09090909090909091,0.05009629683684228,0.2452981305677144,4.750448480475751,0.43185895277052283,1.1516238740547275,-0.2612820944589544,-0.696752251890545,3.0,0.909743244328365,3.4548716221641826,-2.090256755671635,8
4,2026-02-16,FRW0009,2,cluster_2,ADIDA8,0.23636363636363636,0.43521745335634715,0.23698755298750548,4.9160192457772975,1.161968185365543,0.8450677711749404,-0.948936370731086,-0.6901355423498807,11.0,3.4085090341513107,9.295745482924344,-7.591490965848688,8
4,2026-02-16,FRW0015,1,cluster_1,ADIDA8,0.8909090909090909,0.9999999776436783,0.11942922053992305,2.7263226873478303,2.428905666909885,1.295416355685272,-0.7671886661802302,-0.4091672886294561,15.0,8.862490670558158,19.43124533527908,-6.1375093294418415,8
4,2026-02-16,FRW0024,2,cluster_2,ADIDA8,0.22727272727272727,0.9513334964058187,0.9285751076192913,13.347271326958424,3.0334707561269143,0.9707106419606126,-1.4911169754923432,-0.47715743215754985,25.0,13.071064196061252,24.267766049015314,-11.928935803938746,8
4,2026-02-16,FSTBY001,0,low_information,ADIDA8,0.01818181818181818,1.0037376640824323e-06,0.999999970046711,0.0,0.0,,0.0,,0.0,0.0,0.0,0.0,8
4,2026-02-16,FZGLS0001,0,low_information,ADIDA8,0.01818181818181818,0.04653741485602645,0.999999970046711,27.49999979407114,0.4999999962558389,1.3333333233489038,-0.1250000074883222,-0.33333335330219255,3.0,1.999999940093422,3.9999999700467113,-1.0000000599065777,8
4,2026-02-16,FZGLS0002,2,cluster_2,ADIDA8,0.05454545454545454,0.07356910643210071,0.1298055886861723,4.928085890206609,0.26880468492036047,1.0752187396814419,-0.21239063015927906,-0.8495625206371162,2.0,0.3008749587257674,2.1504374793628838,-1.6991250412742325,8
4,2026-02-16,FZLRICBHP0001,2,cluster_2,ADIDA8,0.21818181818181817,0.8368728826171579,0.051411333117772455,0.41490108267985226,0.09052387258469503,,0.09052387258469503,,0.0,0.7241909806775603,0.7241909806775603,0.7241909806775603,8
4,2026-02-16,FZLRJ0001,2,cluster_2,ADIDA8,0.4727272727272727,0.4806694059485783,0.18519009578145876,6.200699099232028,2.9312395741824133,0.9019198689792041,-2.612479148364827,-0.8038397379584084,26.0,5.1001668130813815,23.449916593459307,-20.899833186918617,8
4,2026-02-16,FZLRJ0001double,0,low_information,ADIDA8,0.05454545454545454,0.023876245537300996,1.0037376640824323e-06,4.600450440747201e-06,2.5093366040439277e-07,,2.5093366040439277e-07,,0.0,2.007469283235142e-06,2.007469283235142e-06,2.007469283235142e-06,8
4,2026-02-16,FZLRJ0002,1,cluster_1,ADIDA8,0.7727272727272727,0.2860501574049013,0.7920022996176747,9.43861812935671,7.293477645412003,0.8840578964135761,-7.293477645412003,-0.8840578964135761,66.0,7.652178836703976,58.347821163296025,-58.347821163296025,8
4,2026-02-16,FZLRJ0002double,2,cluster_2,ADIDA8,0.16363636363636364,0.12771487391099412,0.09909583007831937,0.4652442803069579,0.07613088223204766,,0.07613088223204766,,0.0,0.6090470578563812,0.6090470578563812,0.6090470578563812,8
4,2026-02-16,GJMJWJX001,1,cluster_1,ADIDA8,6.196969696969696,0.2978141899186079,0.999999970046711,5.587408198161906,34.62499928860939,,34.62499928860939,,0.0,276.9999943088751,276.9999943088751,276.9999943088751,8
4,2026-02-16,GJMJWJXW001,1,cluster_1,ADIDA8,8.909090909090908,0.6147513432037536,0.17806510125621172,1.8469434591135323,16.454587181193286,,16.454587181193286,,0.0,131.6366974495463,131.6366974495463,131.6366974495463,8
4,2026-02-16,HLGKSLT0001,1,cluster_1,ADIDA8,0.696969696969697,0.42884829120085766,0.5334621892773791,2.5165298264434623,1.7539450305515043,1.2755963858556394,1.3828900611030086,1.0057382262567336,11.0,22.06312048882407,14.031560244412034,11.063120488824069,8
4,2026-02-16,HWZDSKL0001,1,cluster_1,ADIDA8,1.1090909090909091,0.2301244549734032,0.9395180282662952,0.9066904280396476,1.0056021110985183,1.0056021110985183,-0.9887957778029633,-0.9887957778029633,8.0,0.08963377757629253,8.044816888788146,-7.910366222423707,8
4,2026-02-16,HWZDSKL0002,2,cluster_2,ADIDA8,0.2545454545454545,0.6559632633304753,0.105436381656967,1.7084927329858857,0.43488905930549815,1.7395562372219926,-0.003481254259335806,-0.013925017037343224,2.0,1.9721499659253137,3.479112474443985,-0.027850034074686447,8
4,2026-02-16,HZSN0001,1,cluster_1,ADIDA8,1.1090909090909091,0.43033418099965787,0.7286393882175015,1.7591209259479157,1.9510250269604157,1.1148714439773804,0.05410010784166275,0.030914347338093,14.0,14.432800862733302,15.608200215683325,0.432800862733302,8
4,2026-02-16,JZJ00011,1,cluster_1,ADIDA8,0.4,0.70803422723366,0.953175107710775,4.41476997088498,1.765907988353992,0.6421483594014517,-1.4378773178053228,-0.5228644792019356,22.0,10.496981457557418,14.127263906831937,-11.503018542442582,8
4,2026-02-16,JZJ00012,1,cluster_1,ADIDA8,1.2818181818181817,0.5113048924162934,0.999999970046711,1.1702128097720994,1.5000000561624183,1.333333383255483,1.5000000561624183,1.333333383255483,9.0,21.000000449299346,12.000000449299346,12.000000449299346,8
4,2026-02-16,JZJ0002,1,cluster_1,ADIDA8,2.1636363636363636,0.5458755285500467,0.6239922811442626,1.745862419867922,3.777411417532413,0.8394247594516473,3.777411417532413,0.8394247594516473,36.0,66.2192913402593,30.219291340259304,30.219291340259304,8
4,2026-02-16,JZJ0003,1,cluster_1,ADIDA8,3.309090909090909,0.5535596811106753,0.6473990382007075,2.7560531784475044,9.120030517771742,0.9600032123970255,9.120030517771742,0.9600032123970255,76.0,148.96024414217393,72.96024414217393,72.96024414217393,8
4,2026-02-16,JZJ0009,1,cluster_1,ADIDA8,2.8454545454545452,0.6970632949209302,0.9999999701779821,4.7444089600977,13.500000041005272,0.6428571448097748,3.000000164021092,0.14285715066767105,168.0,192.00000131216873,108.00000032804218,24.000001312168735,8
4,2026-02-16,JZJ0013,1,cluster_1,ADIDA8,3.727272727272727,0.8493844348346021,0.9999999654097786,2.2134146132656602,8.249999922172005,0.6804123647152169,8.249999922172005,0.6804123647152169,97.0,162.99999937737604,65.99999937737604,65.99999937737604,8
4,2026-02-16,JZJ0014,2,cluster_2,ADIDA8,0.23636363636363636,0.03664158543001802,0.2188776496870005,0.8815193073064311,0.2083591089997019,,0.2083591089997019,,0.0,1.6668728719976151,1.6668728719976151,1.6668728719976151,8
4,2026-02-16,JZJ0016,1,cluster_1,ADIDA8,1.0909090909090908,0.2674649503459552,0.999999970046711,1.8906250278862,2.062500030421309,3.3000000486740944,2.062500030421309,3.3000000486740944,5.0,21.500000243370472,16.500000243370472,16.500000243370472,8
4,2026-02-16,JZJ0017,2,cluster_2,ADIDA8,0.14545454545454545,0.13908988805812317,0.24614805857397465,1.8869690489813231,0.27446822530637427,2.195745802450994,0.07429096707516572,0.5943277366013258,1.0,1.5943277366013258,2.195745802450994,0.5943277366013258,8
4,2026-02-16,JZJ0018,2,cluster_2,ADIDA8,0.3090909090909091,0.5995798351949808,0.23811877523778094,2.7098505786755003,0.8375901788633364,1.6751803577266728,0.17518035772667276,0.3503607154533455,4.0,5.401442861813382,6.700721430906691,1.401442861813382,8
4,2026-02-16,JZJ0019,1,cluster_1,ADIDA8,0.6254545454545454,0.5451443303470511,0.9999999806209231,4.196947684101102,2.6250000060559615,0.7241379327050929,1.375000012111923,0.3793103481688064,29.0,40.000000096895384,21.000000048447692,11.000000096895384,8
4,2026-02-16,KZCWBG001,2,cluster_2,ADIDA8,0.2727272727272727,0.5502118673646904,0.3000915986928001,2.291666666666667,0.625,1.0,-0.18502183287907809,-0.2960349326065249,5.0,3.519825336967375,5.0,-1.4801746630326247,8
4,2026-02-16,LTKF0019,1,cluster_1,ADIDA8,0.7818181818181819,0.22620925647473808,0.4488556646170164,0.6919327473621271,0.5409656024831175,0.5409656024831175,0.08193120496623507,0.08193120496623507,8.0,8.65544963972988,4.32772481986494,0.6554496397298806,8
4,2026-02-16,LTKF0020,1,cluster_1,ADIDA8,4.654545454545454,0.7993227966790908,0.7106168335910612,3.342730925827702,15.558893036579848,0.6416038365599938,-10.367786073159696,-0.42753757002720394,194.0,111.05771141472243,124.47114429263878,-82.94228858527757,8
4,2026-02-16,LTKF0021,1,cluster_1,ADIDA8,1.470909090909091,0.2588592284130784,0.999999970046711,0.7393386898676944,1.0875000001872086,0.36250000006240285,0.3500000007488344,0.11666666691627814,24.0,26.800000005990675,8.700000001497669,2.8000000059906753,8
4,2026-02-16,LTKF0022M,1,cluster_1,ADIDA8,0.6636363636363637,0.8501177291796421,0.40804907811739183,4.339708287765028,2.879988227334973,0.6776442887846995,-2.509976454669946,-0.5905826952164579,34.0,13.920188362640435,23.039905818679784,-20.07981163735957,8
4,2026-02-16,LTKF0031,1,cluster_1,ADIDA8,1.3,0.5166721760163436,0.8972337658591372,1.7270966762966766,2.2452256791856797,2.9936342389142396,2.2452256791856797,2.9936342389142396,6.0,23.961805433485438,17.961805433485438,17.961805433485438,8
4,2026-02-16,LTKF0047,2,cluster_2,ADIDA8,0.23636363636363636,0.5622345346593688,0.999999970046711,1.8509615305411984,0.4374999981279196,1.1666666616744523,-0.25000000374416076,-0.6666666766510954,3.0,0.9999999700467137,3.499999985023357,-2.000000029953286,8
4,2026-02-16,LTKF0058,2,cluster_2,ADIDA8,0.05454545454545454,0.999999970046711,0.999999970046711,16.041666666666668,0.875,1.0,0.12499997004671104,0.14285710862481263,7.0,7.999999760373688,7.0,0.9999997603736883,8
4,2026-02-16,LTKF0101,1,cluster_1,ADIDA8,1.7454545454545454,0.7468792952982642,0.4369922729810933,2.36328125,4.125,0.9428571428571428,0.5122376688440742,0.11708289573578838,35.0,39.09790135075259,33.0,4.097901350752593,8
4,2026-02-16,LTKF0102,2,cluster_2,ADIDA8,0.22727272727272727,0.4239073522331627,0.6446787449028628,2.944751682678872,0.6692617460633801,,0.6692617460633801,,0.0,5.354093968507041,5.354093968507041,5.354093968507041,8
4,2026-02-16,LTKF0106,0,low_information,ADIDA8,0.09090909090909091,0.04962011425445619,0.999999970046711,2.7499999999999973,0.24999999999999978,,0.24999999999999978,,0.0,1.9999999999999982,1.9999999999999982,1.9999999999999982,8
4,2026-02-16,LTKF0111,2,cluster_2,ADIDA8,0.13636363636363635,0.09996128503228498,0.999999970046711,11.229166749038212,1.5312500112324834,0.7656250056162417,-1.3750000149766446,-0.6875000074883223,16.0,4.999999880186844,12.250000089859867,-11.000000119813157,8
4,2026-02-16,LTKF093,2,cluster_2,ADIDA8,0.4,0.10833207428202313,0.8568746978878377,6.621164803795985,2.648465921518394,1.0089393986736739,-1.5311363139264245,-0.5832900243529237,21.0,8.750909488588603,21.18772737214715,-12.249090511411396,8
4,2026-02-16,LTKF098,1,cluster_1,ADIDA8,0.7068181818181818,0.9999999732617786,0.48148818340284577,3.8479135029717235,2.7197752259641046,21.758201807712837,2.7197752259641046,21.758201807712837,1.0,22.758201807712837,21.758201807712837,21.758201807712837,8
4,2026-02-16,LYC0201,2,cluster_2,ADIDA8,0.2727272727272727,0.40945451733210014,0.27712570300300543,2.5027823336646597,0.6825770000903617,1.8202053335742978,0.24015400018072341,0.6404106671485957,3.0,4.921232001445787,5.460616000722894,1.9212320014457873,8
4,2026-02-16,LYC0203,2,cluster_2,ADIDA8,0.2,0.15218700942804214,0.42593942891579223,1.9433612765657955,0.38867225531315913,3.109378042505273,0.22656300708421218,1.8125040566736974,1.0,2.8125040566736974,3.109378042505273,1.8125040566736974,8
4,2026-02-16,NNB0002,1,cluster_1,ADIDA8,0.45454545454545453,0.999999964643822,0.7470887923558924,24.2,11.0,1.0,-2.9332303794630414,-0.26665730722391284,88.0,64.53415696429566,88.0,-23.46584303570433,8
4,2026-02-16,QCCXC0004,1,cluster_1,ADIDA8,1.1272727272727272,0.399929821888268,0.06747374581492424,0.5514300634798895,0.6216120715591482,4.972896572473186,0.5371494287455311,4.2971954299642485,1.0,5.2971954299642485,4.972896572473186,4.2971954299642485,8
4,2026-02-16,QFSJZ002-1,2,cluster_2,ADIDA8,0.12727272727272726,0.28358973665630305,0.19299813310921277,3.7545250696002523,0.4778486452218502,1.274263053924934,-0.16930270955629956,-0.45147389215013217,3.0,1.645578323549603,3.8227891617748018,-1.3544216764503965,8
4,2026-02-16,QFSJZ003,2,cluster_2,ADIDA8,0.14545454545454545,0.10601930860233544,0.2634007349156905,1.03803126581773,0.15098636593712436,,0.15098636593712436,,0.0,1.207890927496995,1.207890927496995,1.207890927496995,8
4,2026-02-16,QFSJZ003-1,2,cluster_2,ADIDA8,0.5,0.27935296872734544,0.5561909904282668,1.6527593206183497,0.8263796603091749,,0.8263796603091749,,0.0,6.611037282473399,6.611037282473399,6.611037282473399,8
4,2026-02-16,RLHZHMV000AMDE,1,cluster_1,ADIDA8,3.1636363636363636,0.6381524962414938,0.999999970046711,2.6867816044614057,8.499999985023356,0.6732673255464044,-8.499999985023356,-0.6732673255464044,101.0,33.00000011981315,67.99999988018685,-67.99999988018685,8
4,2026-02-16,SLT0003,2,cluster_2,ADIDA8,0.43636363636363634,0.09632545367280679,0.6614217930969953,1.970163725284181,0.8597078073967335,6.877662459173868,0.8546104098623114,6.836883278898491,1.0,7.836883278898491,6.877662459173868,6.836883278898491,8
4,2026-02-16,SLT0004,2,cluster_2,ADIDA8,0.12727272727272726,0.999999970046711,0.999999970046711,6.874999999999996,0.8749999999999993,,0.8749999999999993,,0.0,6.999999999999995,6.999999999999995,6.999999999999995,8
4,2026-02-16,XHP0001,1,cluster_1,ADIDA8,1.7363636363636363,0.8611177363754615,0.25004965619349095,14.376935468037281,24.963587949046552,0.960137998040252,-23.854351796186208,-0.9174750690840849,208.0,17.16518563051033,199.70870359237242,-190.83481436948966,8
4,2026-02-16,XHZXCZP0001,1,cluster_1,ADIDA8,2.6,0.9200254916366399,0.999999970046711,1.1298076825872734,2.9374999747269106,0.5595238047098877,-1.999999898907642,-0.3809523616966937,42.0,26.000000808738864,23.499999797815285,-15.999999191261136,8
4,2026-02-16,XHZXCZP0002,2,cluster_2,ADIDA8,0.18181818181818182,0.5897869853636646,0.5263157894736842,6.53125,1.1875,0.6333333333333333,-0.625,-0.3333333333333333,15.0,10.0,9.5,-5.0,8
4,2026-02-16,YDBZ001,1,cluster_1,ADIDA8,0.6,0.7610851925923875,0.47578469189683636,2.985651712127377,1.791391027276426,7.165564109105704,1.791391027276426,7.165564109105704,2.0,16.331128218211408,14.331128218211408,14.331128218211408,8
4,2026-02-16,YDBZ002,1,cluster_1,ADIDA8,0.9636363636363636,0.518755976489853,0.3203748760683745,1.8776632072627997,1.809384545180516,4.8250254538147095,1.5375127269073547,4.100033938419613,3.0,15.300101815258838,14.475076361444128,12.300101815258838,8
4,2026-02-16,YJLZHMV000AMDE,1,cluster_1,ADIDA8,0.9818181818181818,0.25165180852752034,0.5832754229539153,0.6111574663814812,0.6000455124472724,0.8000606832630299,-0.15018204978908967,-0.20024273305211956,6.0,4.798543601687283,4.8003640995781796,-1.2014563983127173,8
4,2026-02-16,YXBLJ0001,2,cluster_2,ADIDA8,0.14545454545454545,0.21768857628212557,0.999999970046711,7.734374819812244,1.1249999737908718,,1.1249999737908718,,0.0,8.999999790326974,8.999999790326974,8.999999790326974,8
4,2026-02-16,ZBTZ0002,0,low_information,ADIDA8,0.509090909090909,0.0037448030266801994,0.017680571920841277,0.7974636145645658,0.4059814765055971,1.0826172706815924,-0.31303704698880574,-0.8347654586368153,3.0,0.49570362408955393,3.247851812044777,-2.504296375910446,8
4,2026-02-16,ZBTZ0003,2,cluster_2,ADIDA8,0.14545454545454545,0.05459196795145066,0.999999970046711,5.371093634165016,0.7812499831512749,6.249999865210199,0.7499999775350331,5.999999820280265,1.0,6.999999820280265,6.249999865210199,5.999999820280265,8
4,2026-02-16,ZTD0001,2,cluster_2,ADIDA8,0.14545454545454545,0.6455771941952186,0.999999970046711,14.609374691106707,2.1249999550700664,2.428571377222933,1.124999940093422,1.2857142172496252,7.0,15.999999520747377,16.99999964056053,8.999999520747377,8
4,2026-02-16,ZTD0003,1,cluster_1,ADIDA8,0.3090909090909091,0.999999970046711,0.999999970046711,9.705882080388271,2.9999999157563746,1.5999999550700665,2.624999887675166,1.399999940093422,15.0,35.99999910140133,23.999999326050997,20.99999910140133,8
5,2026-04-13,BLP0001,1,cluster_1,ADIDA8,1.2161016949152543,0.1528063716288991,0.8068732691150642,2.2185821514446977,2.6980215146806286,0.3128140886586236,-2.271043029361257,-0.26330933673753704,69.0,50.83165576510994,21.58417211744503,-18.168344234890057,8
5,2026-04-13,BLP0002,1,cluster_1,ADIDA8,0.5,0.2752065834908663,0.9999999794134312,2.5,1.25,0.8333333333333334,-0.37499995625354154,-0.24999997083569436,12.0,9.000000349971668,10.0,-2.9999996500283324,8
5,2026-04-13,BLP0003,2,cluster_2,ADIDA8,0.13559322033898305,0.2183812023191063,0.999999970046711,6.683593687870324,0.9062499915756372,3.624999966302549,0.6249999887675164,2.4999999550700656,2.0,6.999999910140131,7.249999932605098,4.999999910140131,8
5,2026-04-13,BLP0004,2,cluster_2,ADIDA8,0.11864406779661017,0.12216382720491621,0.999999970046711,7.37499984221035,0.8749999812791941,,0.8749999812791941,,0.0,6.999999850233553,6.999999850233553,6.999999850233553,8
5,2026-04-13,CLSSLT0003,2,cluster_2,ADIDA8,0.2711864406779661,0.2808856039171493,0.2779508669552341,1.7510915846979682,0.47487229415538124,,0.47487229415538124,,0.0,3.79897835324305,3.79897835324305,3.79897835324305,8
5,2026-04-13,CLSSLT0006,2,cluster_2,ADIDA8,0.4406779661016949,0.18643831694141913,0.574178332732602,1.4135643278533896,0.6229266529523412,2.4917066118093647,0.49585330590468246,1.9834132236187298,2.0,5.96682644723746,4.983413223618729,3.9668264472374597,8
5,2026-04-13,CWW0002,1,cluster_1,ADIDA8,2.5254237288135593,0.9935624465739931,0.999999970046711,5.296140901791338,13.374999904523886,1.7833333206031847,13.374999904523886,1.7833333206031847,60.0,166.9999992361911,106.99999923619109,106.99999923619109,8
5,2026-04-13,DHZXCZP0001,1,cluster_1,ADIDA8,0.4915254237288136,0.551115450598718,0.999999970046711,1.780172352853657,0.8749999700467128,3.4999998801868513,0.8749999700467128,3.4999998801868513,2.0,8.999999760373703,6.9999997603737025,6.9999997603737025,8
5,2026-04-13,DRMJJ0021,2,cluster_2,ADIDA8,0.2542372881355932,0.42782538191375574,0.2724514269566941,1.8238299769919422,0.4636855873708327,3.7094846989666617,0.3265807831611103,2.612646265288882,1.0,3.612646265288882,3.7094846989666617,2.612646265288882,8
5,2026-04-13,DRMJJ0022,1,cluster_1,ADIDA8,0.5508474576271186,0.5414603383898653,0.9999999697002899,2.496153820369957,1.37499998579701,2.1999999772752163,1.3749999810626803,2.1999999697002885,5.0,15.999999848501442,10.99999988637608,10.999999848501442,8
5,2026-04-13,DRMJJ0023,1,cluster_1,ADIDA8,0.9661016949152542,0.3245561694309708,0.7754329227228404,2.0965769395376093,2.025506534807521,1.8004502531622408,2.025506534807521,1.8004502531622408,9.0,25.204052278460168,16.204052278460168,16.204052278460168,8
5,2026-04-13,DRMJJ0025,2,cluster_2,ADIDA8,0.2711864406779661,0.4151441143193232,0.2106006321750274,1.777085425802984,0.48192147140419905,1.9276858856167962,0.21384294280839816,0.8553717712335926,2.0,3.7107435424671853,3.8553717712335924,1.7107435424671853,8
5,2026-04-13,DRMJJ0026,2,cluster_2,ADIDA8,0.3135593220338983,0.3934072810338614,0.18500591628297253,1.5945945945945945,0.5,1.0,-0.038505599782992644,-0.07701119956598529,4.0,3.6919552017360586,4.0,-0.30804479826394116,8
5,2026-04-13,DRMJJ0027,2,cluster_2,ADIDA8,0.0847457627118644,0.8164538847167246,0.04856686002942754,4.785052093418223,0.4055128892727307,1.0813677047272818,-0.3139742214545385,-0.837264590545436,3.0,0.4882062283636917,3.2441031141818457,-2.511793771636308,8
5,2026-04-13,ETZP0003,1,cluster_1,ADIDA8,0.6779661016949152,0.108098616006425,0.5720309826967218,2.79473189629216,1.8947334890116339,,1.8947334890116339,,0.0,15.15786791209307,15.15786791209307,15.15786791209307,8
5,2026-04-13,ETZP0004,1,cluster_1,ADIDA8,0.6610169491525424,0.45777531078068784,0.7056938369946794,4.471742623814416,2.9558976665891903,,2.9558976665891903,,0.0,23.647181332713522,23.647181332713522,23.647181332713522,8
5,2026-04-13,FDBLHP0001,2,cluster_2,ADIDA8,0.4067796610169492,0.5136558896289566,0.2327797920448187,1.6149058775057057,0.6569108654260498,,0.6569108654260498,,0.0,5.2552869234083985,5.2552869234083985,5.2552869234083985,8
5,2026-04-13,FDBLP0001,1,cluster_1,ADIDA8,1.0847457627118644,0.999999970046711,0.999999970046711,10.774414043515934,11.687499979407114,1.0624999981279195,-9.125000041185771,-0.8295454582896156,88.0,14.999999670513834,93.49999983525692,-73.00000032948617,8
5,2026-04-13,FRC0003,1,cluster_1,ADIDA8,0.7288135593220338,0.4980429557463636,0.23285226738458226,3.8356563132184682,2.7954783299727817,0.8601471784531636,-2.3409566599455633,-0.7202943569063271,26.0,7.272346720435497,22.363826639782253,-18.727653279564507,8
5,2026-04-13,FRH0028,2,cluster_2,ADIDA8,0.5423728813559322,0.1827931416846616,0.8243207278119402,0.43662289053398706,0.23681241520487434,1.8944993216389947,0.024083220273165805,0.19266576218532644,1.0,1.1926657621853265,1.8944993216389947,0.19266576218532644,8
5,2026-04-13,FRH0033,1,cluster_1,ADIDA8,2.965254237288135,0.17280085239963103,0.9999999776654581,0.31616176544593083,0.9375000146570439,1.8750000293140878,0.7500000195427252,1.5000000390854504,4.0,10.000000156341802,7.500000117256351,6.000000156341802,8
5,2026-04-13,FRH0034,1,cluster_1,ADIDA8,1.116949152542373,0.24715318134508418,0.820631666819086,1.936107299852288,2.162533407801115,,2.162533407801115,,0.0,17.30026726240892,17.30026726240892,17.30026726240892,8
5,2026-04-13,FRH0043,2,cluster_2,ADIDA8,0.1864406779661017,0.03290532015649695,0.20939059212378058,1.6325789413967586,0.3043791246671923,2.4350329973375384,0.11417216622292303,0.9133773297833843,1.0,1.9133773297833843,2.4350329973375384,0.9133773297833843,8
5,2026-04-13,FRH0044,2,cluster_2,ADIDA8,0.423728813559322,0.06315824658786393,0.4101919855054249,1.1165604056261433,0.4731188159432811,1.2616501758487495,0.01747526377312436,0.0466007033949983,3.0,3.139802110184995,3.7849505275462487,0.1398021101849949,8
5,2026-04-13,FRH0046,1,cluster_1,ADIDA8,1.11864406779661,0.5317776751135557,0.999999970046711,4.693181654176214,5.2499998165361035,1.4999999475817438,5.2499998165361035,1.4999999475817438,28.0,69.99999853228883,41.99999853228883,41.99999853228883,8
5,2026-04-13,FRH0048,1,cluster_1,ADIDA8,2.6553672316384183,0.2901743546937236,0.7744906075194102,1.557897648883185,4.136790367090944,0.6364292872447606,4.136790367090944,0.6364292872447606,52.0,85.09432293672755,33.09432293672755,33.09432293672755,8
5,2026-04-13,FRH0050,1,cluster_1,ADIDA8,1.2203389830508475,0.31120989690307505,0.33173034724173234,1.3633434851792907,1.6637412022526938,,1.6637412022526938,,0.0,13.30992961802155,13.30992961802155,13.30992961802155,8
5,2026-04-13,FRH0051,1,cluster_1,ADIDA8,1.8644067796610169,0.3341028128944242,0.5263328711799206,1.1164176744843064,2.081456681241927,0.9250918583297454,1.4129133624838541,0.6279614944372685,18.0,29.303306899870833,16.651653449935417,11.303306899870833,8
5,2026-04-13,FRH0056,1,cluster_1,ADIDA8,3.6440677966101696,0.5457068839692362,0.8924912932466154,1.3009300723385102,4.740677382250503,0.35778697224532097,-2.231354764501006,-0.16840413316988725,106.0,88.14916188399195,37.925419058004024,-17.85083811600805,8
5,2026-04-13,FRH0056-1,2,cluster_2,ADIDA8,0.15254237288135594,0.10571569889816858,0.6725445918367678,2.5804787420648294,0.39363235048446554,1.5745294019378622,0.037264700968931086,0.14905880387572434,2.0,2.2981176077514487,3.1490588038757243,0.2981176077514487,8
5,2026-04-13,FRH0059,1,cluster_1,ADIDA8,1.2881355932203389,0.7817059769728365,0.999999970046711,0.8733552435379989,1.1249999747269137,2.2499999494538274,0.9999999663025516,1.9999999326051032,4.0,11.999999730420413,8.99999979781531,7.999999730420413,8
5,2026-04-13,FRH0064,1,cluster_1,ADIDA8,0.7627118644067796,0.20104619229849266,0.8730674051357341,1.6490582875258213,1.2577563209942704,2.5155126419885407,1.1770084279923605,2.354016855984721,4.0,13.416067423938884,10.062050567954163,9.416067423938884,8
5,2026-04-13,FRH0065,2,cluster_2,ADIDA8,0.4576271186440678,0.4694014147080638,0.4361985853720014,1.9263592399408662,0.8815542284475151,1.00749054679716,0.6381084568950302,0.7292668078800345,7.0,12.104867655160241,7.052433827580121,5.104867655160241,8
5,2026-04-13,FRH0068,1,cluster_1,ADIDA8,0.3050847457627119,0.1783103393518493,0.7703438796100126,4.365981177990693,1.3319942576920758,,1.3319942576920758,,0.0,10.655954061536606,10.655954061536606,10.655954061536606,8
5,2026-04-13,FRW0005,1,cluster_1,ADIDA8,1.4406779661016949,0.3064954402109559,0.6461465534903501,1.0411764705882354,1.5,0.6,-0.13158337027331735,-0.05263334810932694,20.0,18.94733303781346,12.0,-1.0526669621865388,8
5,2026-04-13,FRW0006,1,cluster_1,ADIDA8,2.76271186440678,0.3619319297190198,0.7666074047553866,2.4425333057758465,6.748015743075644,10.79682518892103,6.748015743075644,10.79682518892103,5.0,58.984125944605154,53.984125944605154,53.984125944605154,8
5,2026-04-13,FRW0008,2,cluster_2,ADIDA8,0.13559322033898305,0.052237492137411926,0.14723764681964596,0.48401914846985533,0.06562971504676005,,0.06562971504676005,,0.0,0.5250377203740804,0.5250377203740804,0.5250377203740804,8
5,2026-04-13,FRW0009,2,cluster_2,ADIDA8,0.2966101694915254,0.43578179332670536,0.16486907380784588,4.398825737361639,1.30473644752252,0.9488992345618328,-1.0939457900900802,-0.795596938247331,11.0,2.2484336792793576,10.43789158018016,-8.751566320720642,8
5,2026-04-13,FRW0015,1,cluster_1,ADIDA8,0.9322033898305084,0.9999999808792218,0.10330364116203228,19.386299705375446,18.07197430162118,0.9511565421905883,-18.07197430162118,-0.9511565421905883,152.0,7.424205587030561,144.57579441296943,-144.57579441296943,8
5,2026-04-13,FRW0024,1,cluster_1,ADIDA8,0.3898305084745763,0.999999970046711,0.9289010488099129,3.527173913043478,1.375,0.6470588235294118,0.7778705464542748,0.36605672774318815,17.0,23.2229643716342,11.0,6.222964371634198,8
5,2026-04-13,FSTBY001,0,low_information,ADIDA8,0.01694915254237288,1.0037376640824323e-06,0.999999970046711,12.906249834320871,0.21874999719187915,1.7499999775350332,-3.744161106156163e-09,-2.9953288849249304e-08,1.0,0.999999970046711,1.7499999775350332,-2.9953288849249304e-08,8
5,2026-04-13,FZGLS0001,0,low_information,ADIDA8,0.06779661016949153,0.08588094301691887,1.0037376640824323e-06,3.6875018506394603,0.25000012546708206,1.0000005018683282,-0.24999974906583586,-0.9999989962633434,2.0,2.007473313186268e-06,2.0000010037366565,-1.9999979925266869,8
5,2026-04-13,FZGLS0002,2,cluster_2,ADIDA8,0.0847457627118644,0.06403292839551743,0.34214229515049144,2.035015326991965,0.17245892601626822,,0.17245892601626822,,0.0,1.3796714081301458,1.3796714081301458,1.3796714081301458,8
5,2026-04-13,FZLRICBHP0001,1,cluster_1,ADIDA8,0.23728813559322035,0.999999970046711,0.15686813112877637,1.89170193384188,0.44887842497942915,,0.44887842497942915,,0.0,3.591027399835433,3.591027399835433,3.591027399835433,8
5,2026-04-13,FZLRJ0001,1,cluster_1,ADIDA8,0.5847457627118644,0.6109459754002666,0.24212431627821976,1.5284816410968718,0.8937731630142725,1.0214550434448828,0.20009265205709004,0.22867731663667432,7.0,8.60074121645672,7.15018530411418,1.6007412164567203,8
5,2026-04-13,FZLRJ0001double,0,low_information,ADIDA8,0.05084745762711865,0.018044650605858612,0.09583593179473134,0.5505078690183858,0.027991925543307754,,0.027991925543307754,,0.0,0.22393540434646203,0.22393540434646203,0.22393540434646203,8
5,2026-04-13,FZLRJ0002,1,cluster_1,ADIDA8,1.0593220338983051,0.30388448915470684,0.45920839535845687,1.652,1.75,0.5833333333333334,-0.694032293239979,-0.23134409774665965,24.0,18.44774165408017,14.0,-5.552258345919832,8
5,2026-04-13,FZLRJ0002double,2,cluster_2,ADIDA8,0.15254237288135594,0.08378785637318853,0.1619908413088129,1.0565215926343217,0.16116431074082874,,0.16116431074082874,,0.0,1.28931448592663,1.28931448592663,1.28931448592663,8
5,2026-04-13,GJMJWJX001,1,cluster_1,ADIDA8,5.785310734463277,0.3005684724825396,0.18867823399464395,1.6779683405140717,9.70756825246559,,9.70756825246559,,0.0,77.66054601972472,77.66054601972472,77.66054601972472,8
5,2026-04-13,GJMJWJXW001,1,cluster_1,ADIDA8,8.305084745762711,0.6147516959275896,0.12352288322009247,1.3524456114934904,11.232175417488309,,11.232175417488309,,0.0,89.85740333990647,89.85740333990647,89.85740333990647,8
5,2026-04-13,HLGKSLT0001,1,cluster_1,ADIDA8,0.7372881355932204,0.43377442755179213,0.49883948850714305,2.0223803257663793,1.4910770198447034,2.3857232317515256,1.4910770198447034,2.3857232317515256,5.0,16.928616158757627,11.928616158757627,11.928616158757627,8
5,2026-04-13,HWZDSKL0001,1,cluster_1,ADIDA8,1.0847457627118644,0.23812147806843956,0.9396152436788852,3.5716439835769638,3.874325677100435,0.999825981187209,-3.874325677100435,-0.999825981187209,31.0,0.005394583196518189,30.99460541680348,-30.99460541680348,8
5,2026-04-13,HWZDSKL0002,1,cluster_1,ADIDA8,0.2711864406779661,0.6166048255619792,0.08417170132714943,0.7170338269039956,0.19444985136379542,,0.19444985136379542,,0.0,1.5555988109103633,1.5555988109103633,1.5555988109103633,8
5,2026-04-13,HZSN0001,1,cluster_1,ADIDA8,1.2372881355932204,0.3683344647639664,0.5856982738568822,1.467974004655411,1.816306819319407,0.8547326208561915,1.257613638638814,0.5918181828888536,17.0,27.06090910911051,14.530454554555256,10.060909109110511,8
5,2026-04-13,JZJ00011,1,cluster_1,ADIDA8,0.5254237288135594,0.48857403534473054,0.870233057060936,2.325917832961914,1.2220924207088024,3.25891312189014,1.2220924207088024,3.25891312189014,3.0,12.77673936567042,9.77673936567042,9.77673936567042,8
5,2026-04-13,JZJ00012,1,cluster_1,ADIDA8,1.2881355932203389,0.48639683367549263,0.999999970046711,0.9703947303021393,1.249999991575637,0.526315785926584,-0.8749999663025482,-0.3684210384431782,19.0,12.000000269579614,9.999999932605096,-6.999999730420385,8
5,2026-04-13,JZJ0002,1,cluster_1,ADIDA8,2.211864406779661,0.5319994886888935,0.6231553615255664,2.0499099020233036,4.534122749390527,0.6147963050021054,2.443245498781055,0.3312875252584481,59.0,78.54596399024844,36.27298199512422,19.54596399024844,8
5,2026-04-13,JZJ0003,1,cluster_1,ADIDA8,3.4322033898305087,0.5127980948637576,0.6377290435918435,1.8495628143191485,6.348075761010637,0.6428431150390519,6.348075761010637,0.6428431150390519,79.0,129.7846060880851,50.7846060880851,50.7846060880851,8
5,2026-04-13,JZJ0009,1,cluster_1,ADIDA8,3.5,0.5217563660337463,0.9999999670239192,3.142857141679426,10.999999995877992,0.5605095539300888,4.874999983511966,0.2484076424719473,157.0,195.99999986809573,87.99999996702394,38.99999986809573,8
5,2026-04-13,JZJ0013,1,cluster_1,ADIDA8,3.805084745762712,0.7818632994285376,0.9999999691899321,1.404370840753675,5.343750063545763,0.431818186953193,5.250000084727684,0.4242424310891058,99.0,141.00000067782148,42.75000050836611,42.000000677821475,8
5,2026-04-13,JZJ0014,1,cluster_1,ADIDA8,0.22033898305084745,0.03276323139520085,0.22949083764220382,1.637717948757877,0.3608531073534305,1.443412429413722,-0.028293785293138987,-0.11317514117255595,2.0,1.773649717654888,2.886824858827444,-0.2263502823451119,8
5,2026-04-13,JZJ0016,1,cluster_1,ADIDA8,1.0593220338983051,0.3405911726279005,0.28104655588384064,2.075386851962945,2.1985030211471877,0.6764624680452885,-1.6470060422943746,-0.5067710899367307,26.0,12.823951661645005,17.5880241691775,-13.176048338354997,8
5,2026-04-13,JZJ0017,2,cluster_2,ADIDA8,0.15254237288135594,0.11531932616250049,0.1938275710604092,1.5339984377681612,0.23399976169344835,1.8719980935475868,0.020333015591264478,0.16266412473011582,1.0,1.162664124730116,1.8719980935475868,0.16266412473011582,8
5,2026-04-13,JZJ0018,2,cluster_2,ADIDA8,0.3389830508474576,0.5678096882977889,0.2327797920448187,2.1909152897551354,0.7426831490695374,2.9707325962781495,0.4069108654260498,1.6276434617041993,2.0,5.2552869234083985,5.941465192556299,3.2552869234083985,8
5,2026-04-13,JZJ0019,1,cluster_1,ADIDA8,0.7299435028248586,0.545651489644681,0.9999999637775565,3.713900509014397,2.7109375466929944,2.7109375466929944,2.2812500622573255,2.2812500622573255,8.0,26.250000498058604,21.687500373543955,18.250000498058604,8
5,2026-04-13,KZCWBG001,2,cluster_2,ADIDA8,0.2796610169491525,0.5800521535631458,0.2792218149209663,9.209405165800025,2.5755116141644137,0.9365496778779686,-2.4010232283288273,-0.8730993557559372,22.0,2.791814173369383,20.60409291331531,-19.20818582663062,8
5,2026-04-13,LTKF0019,1,cluster_1,ADIDA8,0.7966101694915254,0.21916923706444916,0.43171075533948056,0.8678953609250348,0.6913742705674006,2.7654970822696026,0.6327485411348012,2.5309941645392047,2.0,7.061988329078409,5.530994164539205,5.061988329078409,8
5,2026-04-13,LTKF0020,1,cluster_1,ADIDA8,5.135593220338983,0.8553746926364411,0.6032236623532922,1.8005695012109433,9.246992523168064,0.4682021530718007,5.743985046336128,0.2908346858904369,158.0,203.95188037068903,73.97594018534451,45.951880370689025,8
5,2026-04-13,LTKF0021,1,cluster_1,ADIDA8,1.4830508474576272,0.2507407024129605,0.999999970046711,1.18,1.75,0.4666666666666667,0.19999998053036272,0.05333332814143006,30.0,31.5999998442429,14.0,1.5999998442429018,8
5,2026-04-13,LTKF0022M,1,cluster_1,ADIDA8,0.8050847457627118,0.76380304390073,0.4151151343076171,2.263758859020531,1.8225177254826308,1.3254674367146406,1.8225177254826308,1.3254674367146406,11.0,25.580141803861046,14.580141803861046,14.580141803861046,8
5,2026-04-13,LTKF0031,1,cluster_1,ADIDA8,1.228813559322034,0.5197064762363592,0.956292239785031,1.1468164631965396,1.4092236200296462,2.254757792047434,1.4092236200296462,2.254757792047434,5.0,16.27378896023717,11.27378896023717,11.27378896023717,8
5,2026-04-13,LTKF0047,1,cluster_1,ADIDA8,0.2711864406779661,0.5014857273687946,0.999999970046711,1.3828125069032968,0.3750000018720805,1.0000000049922146,-0.374999996255839,-0.9999999900155707,3.0,2.995328806307217e-08,3.000000014976644,-2.999999970046712,8
5,2026-04-13,LTKF0058,2,cluster_2,ADIDA8,0.11864406779661017,0.5748912220914564,1.0037376640824323e-06,3.160716400730812,0.3750002509341641,1.000000669157771,-0.37499899626334343,-0.9999973233689158,3.0,8.029893252745072e-06,3.000002007473313,-2.9999919701067475,8
5,2026-04-13,LTKF0101,1,cluster_1,ADIDA8,1.771186440677966,0.7745922964176142,0.45612030354103933,3.40873385495015,6.0375031837676385,0.548863925797058,-5.575006367535277,-0.5068187606850252,88.0,43.399949059717784,48.30002547014111,-44.600050940282216,8
5,2026-04-13,LTKF0102,2,cluster_2,ADIDA8,0.22033898305084745,0.4879204948654504,0.7317428879381347,4.569508096222161,1.006840766964205,4.02736306785682,0.7591210226189398,3.036484090475759,2.0,8.072968180951518,8.05472613571364,6.072968180951518,8
5,2026-04-13,LTKF0106,0,low_information,ADIDA8,0.0847457627118644,0.03315298042897241,0.9998574933681523,2.5814076479550785,0.2187633599961931,1.7501068799695447,1.7813328257454408e-05,0.00014250662605963527,1.0,1.0001425066260596,1.7501068799695447,0.00014250662605963527,8
5,2026-04-13,LTKF0111,2,cluster_2,ADIDA8,0.23728813559322035,0.31468110716665937,0.999999970046711,3.1607142857142856,0.75,1.0,-3.7441616473898875e-09,-4.992215529853183e-09,6.0,5.999999970046707,6.0,-2.99532931791191e-08,8
5,2026-04-13,LTKF093,1,cluster_1,ADIDA8,0.6016949152542372,0.16100454274272347,0.7715628150939416,3.8926209938444853,2.3421702590081224,0.9368681036032489,-1.8686810360324901,-0.7474724144129961,20.0,5.050551711740079,18.73736207206498,-14.949448288259921,8
5,2026-04-13,LTKF098,1,cluster_1,ADIDA8,0.6610169491525424,0.999999970046711,0.42220287732300826,2.8949521453184794,1.9136124350410288,0.6656043252316622,0.2794497401641154,0.097199909622301,23.0,25.235597921312923,15.30889948032823,2.235597921312923,8
5,2026-04-13,LYC0201,1,cluster_1,ADIDA8,0.2966101694915254,0.39267210452863877,0.17538740936658506,13.670321458768983,4.054756364889105,0.9540603211503776,-3.859512729778211,-0.9081206423007555,34.0,3.12389816177431,32.43805091911284,-30.876101838225686,8
5,2026-04-13,LYC0203,2,cluster_2,ADIDA8,0.2033898305084746,0.14768519785534828,0.347969964179464,4.619931655617177,0.9396471163967139,1.0738824187391016,-0.6164115344131442,-0.7044703250435934,7.0,2.068707724694847,7.5171769311737116,-4.931292275305154,8
5,2026-04-13,NNB0002,1,cluster_1,ADIDA8,0.826271186440678,0.7907129419916257,0.999999970046711,14.541987156263774,12.01562498081117,1.8485576893555646,5.53124996162234,0.850961532557283,52.0,96.24999969297872,96.12499984648936,44.24999969297872,8
5,2026-04-13,QCCXC0004,1,cluster_1,ADIDA8,1.0677966101694916,0.39921628739664017,0.05729206702788396,0.5259458185777796,0.5616031622101714,,0.5616031622101714,,0.0,4.492825297681371,4.492825297681371,4.492825297681371,8
5,2026-04-13,QFSJZ002-1,2,cluster_2,ADIDA8,0.15254237288135594,0.25388826741342063,0.13303615765857457,0.9263974753973933,0.14131486912841593,,0.14131486912841593,,0.0,1.1305189530273274,1.1305189530273274,1.1305189530273274,8
5,2026-04-13,QFSJZ003,2,cluster_2,ADIDA8,0.13559322033898305,0.11856742359728997,0.252622292239054,1.7107439388021126,0.2319652798375746,1.8557222387005967,0.01762037311676612,0.14096298493412895,1.0,1.140962984934129,1.8557222387005967,0.14096298493412895,8
5,2026-04-13,QFSJZ003-1,2,cluster_2,ADIDA8,0.4745762711864407,0.4313020324657162,0.5279884703436444,3.883997658396909,1.843253126018872,,1.843253126018872,,0.0,14.746025008150976,14.746025008150976,14.746025008150976,8
5,2026-04-13,RLHZHMV000AMDE,1,cluster_1,ADIDA8,3.330508474576271,0.6309042988294287,0.999999970046711,1.8015267287992622,6.000000037441611,0.5274725307640976,-6.000000037441611,-0.5274725307640976,91.0,42.999999700467114,48.000000299532886,-48.000000299532886,8
5,2026-04-13,SLT0003,2,cluster_2,ADIDA8,0.423728813559322,0.1188640424570516,0.6822824394812675,2.551338575102545,1.0810756674163327,,1.0810756674163327,,0.0,8.648605339330661,8.648605339330661,8.648605339330661,8
5,2026-04-13,SLT0004,2,cluster_2,ADIDA8,0.11864406779661017,0.999999970046711,0.999999970046711,2.107143014932504,0.2500000187208056,,0.2500000187208056,,0.0,2.0000001497664446,2.0000001497664446,2.0000001497664446,8
5,2026-04-13,XHP0001,1,cluster_1,ADIDA8,2.593220338983051,0.999999970046711,0.3239602020306337,26.80065359477124,69.5,0.9586206896551724,-66.71439814981491,-0.9201985951698608,580.0,46.284814801480636,556.0,-533.7151851985193,8
5,2026-04-13,XHZXCZP0001,1,cluster_1,ADIDA8,2.635593220338983,0.9074447972377203,0.999999970046711,2.4188102709210817,6.374999951325902,0.7968749939157378,-6.374999951325902,-0.7968749939157378,64.0,13.000000389392781,50.99999961060722,-50.99999961060722,8
5,2026-04-13,XHZXCZP0002,1,cluster_1,ADIDA8,0.2932203389830508,0.4346653830461471,0.7896340221426609,21.757915966410053,6.3798634952354885,0.7852139686443678,-6.3798634952354885,-0.7852139686443678,65.0,13.961092038116092,51.03890796188391,-51.03890796188391,8
5,2026-04-13,YDBZ001,1,cluster_1,ADIDA8,0.5847457627118644,0.8105340730165635,0.5060778534029252,4.227956204185695,2.4722794753289232,,2.4722794753289232,,0.0,19.778235802631386,19.778235802631386,19.778235802631386,8
5,2026-04-13,YDBZ002,1,cluster_1,ADIDA8,0.940677966101695,0.6018425316744961,0.365596639114128,2.8038885006808503,2.6375561319963934,,2.6375561319963934,,0.0,21.100449055971147,21.100449055971147,21.100449055971147,8
5,2026-04-13,YJLZHMV000AMDE,1,cluster_1,ADIDA8,0.9915254237288136,0.2478028982896437,0.5812270913329622,1.2022492802039257,1.1920607269818586,0.794707151321239,-0.8841214539637172,-0.5894143026424782,12.0,4.927028368290262,9.536485815854869,-7.072971631709738,8
5,2026-04-13,YXBLJ0001,2,cluster_2,ADIDA8,0.13559322033898305,0.30763519375310416,0.9999999768446303,5.992187521346354,0.8125000028944209,2.1666666743851226,0.500000005788842,1.3333333487702452,3.0,7.000000046310736,6.500000023155367,4.000000046310736,8
5,2026-04-13,ZBTZ0002,1,cluster_1,ADIDA8,0.5084745762711864,0.005434582479488731,0.014119388704954838,3.7118165877267084,1.8873643666406992,1.0065943288750396,-1.825542533437204,-0.9736226844998421,15.0,0.3956597325023694,15.098914933125593,-14.604340267497632,8
5,2026-04-13,ZBTZ0003,1,cluster_1,ADIDA8,0.15254237288135594,0.042421271523282886,0.30766570338511345,3.084226130404539,0.4704751724345907,1.8819006897383628,0.043966896579454226,0.1758675863178169,2.0,2.351735172635634,3.7638013794767256,0.3517351726356338,8
5,2026-04-13,ZTD0001,2,cluster_2,ADIDA8,0.2288135593220339,0.46456634717811,0.31250000796845695,8.46759256865033,1.9374999945216858,0.8611111086763048,-1.6249999890433717,-0.7222222173526096,18.0,5.000000087653025,15.499999956173486,-12.999999912346974,8
5,2026-04-13,ZTD0003,1,cluster_1,ADIDA8,0.3559322033898305,0.8142426146662943,0.6561996628942612,7.294026319425502,2.5961788594565345,4.153886175130455,2.5961788594565345,4.153886175130455,5.0,25.769430875652276,20.769430875652276,20.769430875652276,8
6,2026-06-08,BLP0001,1,cluster_1,ADIDA8,1.1468253968253967,0.1898785276443983,0.8708442303987984,4.340480416019116,4.9777731755139865,0.5856203735898807,-0.5889072979440542,-0.0692832115228299,68.0,63.28874161644757,39.82218540411189,-4.711258383552433,8
6,2026-06-08,BLP0002,1,cluster_1,ADIDA8,0.6190476190476191,0.2631711058636247,0.999999970046711,3.230769208088252,1.9999999859593942,0.8421052572460607,-1.8749999812791927,-0.7894736763280811,19.0,4.00000014976646,15.999999887675154,-14.999999850233541,8
6,2026-06-08,BLP0003,2,cluster_2,ADIDA8,0.15873015873015872,0.1753496661271664,0.9999999690224106,3.9375000182961384,0.6250000029041489,1.2500000058082978,1.161659568538198e-08,2.323319137076396e-08,4.0,4.0000000929327655,5.000000023233191,9.293276548305585e-08,8
6,2026-06-08,BLP0004,2,cluster_2,ADIDA8,0.1111111111111111,0.18150659926596796,0.1861020058514458,1.4701898563230418,0.16335442848033796,,0.16335442848033796,,0.0,1.3068354278427037,1.3068354278427037,1.3068354278427037,8
6,2026-06-08,CLSSLT0003,2,cluster_2,ADIDA8,0.25396825396825395,0.2845401438737105,0.21164923607442693,4.5970670177327255,1.1675090838686286,1.1675090838686286,-0.664981832262743,-0.664981832262743,8.0,2.6801453418980565,9.340072670949029,-5.319854658101944,8
6,2026-06-08,CLSSLT0006,2,cluster_2,ADIDA8,0.42857142857142855,0.18817978078588493,0.6558653203112176,1.4156964954901075,0.6067270694957603,0.8089694259943471,-0.17690827798304087,-0.23587770397738783,6.0,4.584733776135673,4.853816555966082,-1.415266223864327,8
6,2026-06-08,CWW0002,1,cluster_1,ADIDA8,2.8174603174603177,0.9667837199545692,0.9999999682634266,7.2760562394659924,20.49999972230498,2.2465753120334226,20.49999972230498,2.2465753120334226,73.0,236.99999777843985,163.99999777843985,163.99999777843985,8
6,2026-06-08,DHZXCZP0001,1,cluster_1,ADIDA8,0.46825396825396826,0.5529911858524585,0.999999970046711,4.805084745762712,2.25,1.0,-1.7499999812791955,-0.7777777694574203,18.0,4.0000001497664375,18.0,-13.999999850233564,8
6,2026-06-08,DRMJJ0021,2,cluster_2,ADIDA8,0.25396825396825395,0.4228581190275287,0.2606551226164715,1.6723550844668365,0.4247251008169743,,0.4247251008169743,,0.0,3.3978008065357943,3.3978008065357943,3.3978008065357943,8
6,2026-06-08,DRMJJ0022,2,cluster_2,ADIDA8,0.6111111111111112,0.41788539324563495,0.7449718997230702,1.7737774778381152,1.083975125345515,0.867180100276412,0.41795025069102976,0.3343602005528238,10.0,13.343602005528238,8.67180100276412,3.343602005528238,8
6,2026-06-08,DRMJJ0023,1,cluster_1,ADIDA8,0.9576719576719577,0.3210797778038165,0.8605571476227555,1.368837630759018,1.310897413584033,0.873931609056022,0.621794827168066,0.41452988477871067,12.0,16.974358617344528,10.487179308672264,4.974358617344528,8
6,2026-06-08,DRMJJ0025,2,cluster_2,ADIDA8,0.2777777777777778,0.4099750762856722,0.19962609840730577,2.581900905900317,0.7171946960834215,1.434389392166843,-0.06561060783315703,-0.13122121566631406,4.0,3.475115137334744,5.737557568667372,-0.5248848626652562,8
6,2026-06-08,DRMJJ0026,2,cluster_2,ADIDA8,0.3253968253968254,0.37999921234430556,0.17302233786175844,1.3709637071680836,0.44610723804675734,3.5688579043740587,0.3031429840623431,2.4251438724987446,1.0,3.4251438724987446,3.5688579043740587,2.4251438724987446,8
6,2026-06-08,DRMJJ0027,2,cluster_2,ADIDA8,0.11904761904761904,0.6232895057768514,0.032087713812209775,1.303596367951796,0.1551900438037852,1.2415203504302816,-0.08474660826161971,-0.6779728660929577,1.0,0.3220271339070424,1.2415203504302816,-0.6779728660929577,8
6,2026-06-08,ETZP0003,1,cluster_1,ADIDA8,0.6349206349206349,0.09030883646946368,0.6618724539998891,2.9002134670683684,1.8414053759164242,1.636804778592377,1.3078107518328483,1.162498446073643,9.0,19.462486014662787,14.731243007331393,10.462486014662787,8
6,2026-06-08,ETZP0004,1,cluster_1,ADIDA8,0.6190476190476191,0.46266007997869846,0.5209213479029433,2.4297375945473183,1.5041232728150067,2.0054976970866756,1.2554976970866756,1.6739969294489008,6.0,16.043981576693405,12.032986182520053,10.043981576693405,8
6,2026-06-08,FDBLHP0001,2,cluster_2,ADIDA8,0.38095238095238093,0.5137686321687192,0.2100535354481415,2.296875,0.875,1.0,-0.3012267967686899,-0.3442591963070742,7.0,4.590185625850481,7.0,-2.4098143741495193,8
6,2026-06-08,FDBLP0001,1,cluster_1,ADIDA8,1.9365079365079365,0.8112141963047129,0.3777172484748637,5.7534305521494735,11.141563926384695,0.8653641884570636,-5.9412557055387785,-0.46145675382825463,103.0,55.46995435568978,89.13251141107756,-47.53004564431023,8
6,2026-06-08,FRC0003,1,cluster_1,ADIDA8,0.8253968253968254,0.564591354983602,0.22053910085398876,1.1759941635480784,0.970661849277779,0.7059358903838393,-0.566323698555558,-0.41187178076767855,11.0,6.469410411555536,7.765294794222232,-4.530589588444464,8
6,2026-06-08,FRH0028,2,cluster_2,ADIDA8,0.5158730158730159,0.18230661629452286,0.838645698273593,0.5076116201994761,0.2618631374044917,1.0474525496179667,-0.2262737251910166,-0.9050949007640664,2.0,0.18981019847186723,2.0949050992359335,-1.8101898015281328,8
6,2026-06-08,FRH0033,1,cluster_1,ADIDA8,2.8325396825396822,0.175200581966513,0.9999999737436625,0.81640515608509,2.3125000016410207,0.7708333338803403,-1.6250000032820413,-0.5416666677606804,24.0,10.999999973743668,18.500000013128165,-13.00000002625633,8
6,2026-06-08,FRH0034,1,cluster_1,ADIDA8,1.046031746031746,0.2490530499779751,0.5581213673124772,0.7281808019576428,0.7617002356985502,,0.7617002356985502,,0.0,6.093601885588401,6.093601885588401,6.093601885588401,8
6,2026-06-08,FRH0043,2,cluster_2,ADIDA8,0.19047619047619047,0.030575675431304426,0.15718452484460205,0.8923416061687696,0.1699698297464323,,0.1699698297464323,,0.0,1.3597586379714584,1.3597586379714584,1.3597586379714584,8
6,2026-06-08,FRH0044,2,cluster_2,ADIDA8,0.42857142857142855,0.05520693409223538,0.4183927840671669,1.5091071677454297,0.6467602147480412,,0.6467602147480412,,0.0,5.17408171798433,5.17408171798433,5.17408171798433,8
6,2026-06-08,FRH0046,1,cluster_1,ADIDA8,1.2936507936507937,0.5322624980582645,0.999999970046711,5.604294438007969,7.249999947581738,2.2307692146405347,7.249999947581738,2.2307692146405347,26.0,83.9999995806539,57.999999580653906,57.999999580653906,8
6,2026-06-08,FRH0048,1,cluster_1,ADIDA8,2.645502645502646,0.2892262959410181,0.6458701675509714,2.2548191944531464,5.965130144055944,2.074827876193372,5.5785068587412585,1.94035021173609,23.0,67.62805486993007,47.721041152447555,44.62805486993007,8
6,2026-06-08,FRH0050,1,cluster_1,ADIDA8,1.1428571428571428,0.3141139541365134,0.313381281637066,1.1303401699251063,1.2918173370572643,,1.2918173370572643,,0.0,10.334538696458115,10.334538696458115,10.334538696458115,8
6,2026-06-08,FRH0051,1,cluster_1,ADIDA8,1.880952380952381,0.30729118058965743,0.5291119471534751,0.8639240506329114,1.625,0.48148148148148145,0.06853225464951773,0.020305853229486734,27.0,27.548258037196142,13.0,0.5482580371961419,8
6,2026-06-08,FRH0056,1,cluster_1,ADIDA8,3.8015873015873014,0.4883297221452846,0.8802476978261751,0.7497205622715326,2.85012816927035,0.34031381125616117,1.5255126770813998,0.18215076741270445,67.0,79.2041014166512,22.8010253541628,12.204101416651199,8
6,2026-06-08,FRH0056-1,2,cluster_2,ADIDA8,0.16666666666666666,0.07836069220242642,0.6955485190837079,3.134081949414294,0.522346991569049,,0.522346991569049,,0.0,4.178775932552392,4.178775932552392,4.178775932552392,8
6,2026-06-08,FRH0059,1,cluster_1,ADIDA8,1.253968253968254,0.7784336277539278,0.999999970046711,1.819224658911042,2.2812499691106716,0.9605263027834406,-2.2499999588142288,-0.9473684037112542,19.0,1.0000003294861706,18.249999752885373,-17.99999967051383,8
6,2026-06-08,FRH0064,1,cluster_1,ADIDA8,0.7619047619047619,0.20106497719331043,0.999999970046711,0.9023437438572349,0.687499995319798,0.7857142803654834,-0.12499998127919221,-0.14285712146193394,7.0,6.000000149766462,5.499999962558384,-0.9999998502335377,8
6,2026-06-08,FRH0065,2,cluster_2,ADIDA8,0.49206349206349204,0.4144670493664055,0.34012204285035796,2.1198551785148814,1.0431033418089097,2.0862066836178195,0.5862066836178195,1.172413367235639,4.0,8.689653468942556,8.344826734471278,4.689653468942556,8
6,2026-06-08,FRH0068,2,cluster_2,ADIDA8,0.2857142857142857,0.18993701112482514,0.3353424461203366,2.1413788111609526,0.6118225174745578,,0.6118225174745578,,0.0,4.894580139796463,4.894580139796463,4.894580139796463,8
6,2026-06-08,FRW0005,1,cluster_1,ADIDA8,1.5238095238095237,0.27941606028073196,0.6245053661779398,1.0171042391643275,1.5498731263456418,0.5904278576554826,0.07449250538256713,0.028378097288597002,21.0,21.595940043060537,12.398985010765134,0.595940043060537,8
6,2026-06-08,FRW0006,1,cluster_1,ADIDA8,2.642857142857143,0.3708132543945113,0.8612651738338141,1.0636715731908493,2.8111320148615304,3.212722302698892,2.8111320148615304,3.212722302698892,7.0,29.489056118892243,22.489056118892243,22.489056118892243,8
6,2026-06-08,FRW0008,2,cluster_2,ADIDA8,0.12698412698412698,0.037188832087915756,0.24676926058753992,9.22427281141578,1.1713362300210513,0.937068984016841,-1.0926724600421025,-0.874137968033682,10.0,1.2586203196631782,9.37068984016841,-8.74137968033682,8
6,2026-06-08,FRW0009,2,cluster_2,ADIDA8,0.40476190476190477,0.3154693003663336,0.25031847350240133,1.6971695430061378,0.6869495769310557,1.3738991538621115,0.24779830772422295,0.4955966154484459,4.0,5.982386461793784,5.495596615448446,1.9823864617937836,8
6,2026-06-08,FRW0015,1,cluster_1,ADIDA8,1.4206349206349207,0.9999999730110738,0.12951654072142746,3.8776722228122935,5.508756570503179,0.8475010108466429,-5.017513141006358,-0.7719250986163627,52.0,11.85989487194913,44.07005256402543,-40.14010512805086,8
6,2026-06-08,FRW0024,1,cluster_1,ADIDA8,0.48412698412698413,0.999999970046711,0.8363428021942491,3.618484180542709,1.7518058334373432,1.7518058334373432,1.3357411112497908,1.3357411112497908,8.0,18.685928889998326,14.014446667498746,10.685928889998326,8
6,2026-06-08,FSTBY001,0,low_information,ADIDA8,0.031746031746031744,0.023393338928587956,1.0037376640824323e-06,27.56249901194673,0.8749999686332295,0.9999999641522622,-0.8749998745329179,-0.9999998566090491,7.0,1.003736656593134e-06,6.999999749065836,-6.9999989962633435,8
6,2026-06-08,FZGLS0001,2,cluster_2,ADIDA8,0.07936507936507936,0.06986394088192635,0.35875311777440133,2.159791466978074,0.171412021188736,,0.171412021188736,,0.0,1.371296169509888,1.371296169509888,1.371296169509888,8
6,2026-06-08,FZGLS0002,2,cluster_2,ADIDA8,0.07936507936507936,0.04998780470492389,0.4440936827279121,2.8557951358124347,0.22665040760416147,,0.22665040760416147,,0.0,1.8132032608332918,1.8132032608332918,1.8132032608332918,8
6,2026-06-08,FZLRICBHP0001,2,cluster_2,ADIDA8,0.2222222222222222,0.999999970046711,0.11235714147555419,4.926239510068618,1.0947198911263596,0.8757759129010877,-0.9394397822527192,-0.7515518258021754,10.0,2.484481741978246,8.757759129010877,-7.515518258021753,8
6,2026-06-08,FZLRJ0001,2,cluster_2,ADIDA8,0.6031746031746031,0.6047892713412112,0.30995596788600305,1.4506578947368423,0.875,0.5384615384615384,-0.026847047559612758,-0.016521260036684773,13.0,12.785223619523098,7.0,-0.21477638047690206,8
6,2026-06-08,FZLRJ0001double,0,low_information,ADIDA8,0.047619047619047616,0.015122066463886079,0.07334582570503152,5.470756351463574,0.26051220721255114,1.0420488288502046,-0.2289755855748977,-0.9159023422995908,2.0,0.16819531540081864,2.084097657700409,-1.8318046845991816,8
6,2026-06-08,FZLRJ0002,1,cluster_1,ADIDA8,1.2063492063492063,0.32711644382327365,0.999999970046711,3.5489309955417334,4.281250089859869,0.38055556354309944,-3.6250001198131585,-0.32222223287228074,90.0,60.99999904149473,34.25000071887895,-29.000000958505268,8
6,2026-06-08,FZLRJ0002double,2,cluster_2,ADIDA8,0.14285714285714285,0.10734102397550976,0.1261913959673534,7.875,1.125,1.0,-1.003629715415646,-0.8921153025916853,9.0,0.9709622766748327,9.0,-8.029037723325168,8
6,2026-06-08,GJMJWJX001,1,cluster_1,ADIDA8,5.417989417989418,0.3005874329017859,0.15643195811572574,1.394813336659063,7.5570838980893145,,7.5570838980893145,,0.0,60.456671184714516,60.456671184714516,60.456671184714516,8
6,2026-06-08,GJMJWJXW001,1,cluster_1,ADIDA8,7.777777777777778,0.6147516834447563,0.10217429814626591,1.156934418840995,8.998378813207738,,8.998378813207738,,0.0,71.9870305056619,71.9870305056619,71.9870305056619,8
6,2026-06-08,HLGKSLT0001,1,cluster_1,ADIDA8,0.7301587301587301,0.4280312749662451,0.5330624054214687,1.4178207724338479,1.0352342147929683,0.6370672091033651,0.015936859171873152,0.00980729795192194,13.0,13.127494873374985,8.281873718343746,0.12749487337498522,8
6,2026-06-08,HWZDSKL0001,1,cluster_1,ADIDA8,1.2301587301587302,0.26300715976505185,0.9386100004703859,2.2002636102578665,2.7066734888092805,0.7733352825169373,-2.326693955237123,-0.6647697014963209,28.0,9.386448358103015,21.653387910474244,-18.613551641896983,8
6,2026-06-08,HWZDSKL0002,2,cluster_2,ADIDA8,0.25396825396825395,0.6192404087853621,0.08779885887255397,0.8027743990850276,0.20387921246603874,,0.20387921246603874,,0.0,1.63103369972831,1.63103369972831,1.63103369972831,8
6,2026-06-08,HZSN0001,1,cluster_1,ADIDA8,1.246031746031746,0.3727995944464664,0.5694564561737665,2.006369426751592,2.5,0.7692307692307693,-0.305785089646581,-0.0940877198912557,26.0,23.553719282827352,20.0,-2.446280717172648,8
6,2026-06-08,JZJ00011,2,cluster_2,ADIDA8,0.5238095238095238,0.5256833803619463,0.8809351828388693,3.4597567509714597,1.8122535362231456,7.249014144892582,1.8122535362231456,7.249014144892582,2.0,16.498028289785164,14.498028289785164,14.498028289785164,8
6,2026-06-08,JZJ00012,1,cluster_1,ADIDA8,1.2301587301587302,0.5044013351919161,0.999999970046711,0.6858871005787445,0.8437500046802016,0.5625000031201344,-0.12499998127919376,-0.08333332085279584,12.0,11.00000014976645,6.7500000374416125,-0.9999998502335501,8
6,2026-06-08,JZJ0002,1,cluster_1,ADIDA8,2.373015873015873,0.47988722223656793,0.5765328077714571,3.064677699249968,7.27252882599794,0.5876790970503386,-5.670057651995879,-0.45818647692896,99.0,53.63953878403297,58.18023060798352,-45.360461215967035,8
6,2026-06-08,JZJ0003,1,cluster_1,ADIDA8,3.4126984126984126,0.5001753983352918,0.6593813860001961,0.9753109116546707,3.328442000091336,0.30962251163640336,0.9362319996346553,0.08709134880322375,86.0,93.48985599707724,26.62753600073069,7.4898559970772425,8
6,2026-06-08,JZJ0009,1,cluster_1,ADIDA8,3.753968253968254,0.6049348832708621,0.9999999731816428,3.063424890886861,11.49999978880544,0.40888888137974894,-11.49999978880544,-0.40888888137974894,225.0,133.00000168955648,91.99999831044352,-91.99999831044352,8
6,2026-06-08,JZJ0013,1,cluster_1,ADIDA8,3.8253968253968256,0.7541523934610305,0.999999970046711,1.3560684833268088,5.187500071139063,0.46111111743458333,1.6250001422781253,0.14444445709138892,90.0,103.000001138225,41.5000005691125,13.000001138225002,8
6,2026-06-08,JZJ0014,2,cluster_2,ADIDA8,0.23809523809523808,0.03186913669386977,0.1762353807877176,0.6779782124377468,0.16142338391374922,,0.16142338391374922,,0.0,1.2913870713099938,1.2913870713099938,1.2913870713099938,8
6,2026-06-08,JZJ0016,1,cluster_1,ADIDA8,1.2380952380952381,0.28871811869204633,0.26841003847791556,1.2110136014154922,1.4993501731810857,0.5452182447931221,-1.4158002309081144,-0.5148364476029507,22.0,10.673598152735085,11.994801385448685,-11.326401847264915,8
6,2026-06-08,JZJ0017,2,cluster_2,ADIDA8,0.15873015873015872,0.1027389696350325,0.19085671600879692,6.643413544367622,1.054510086407559,0.9373422990289413,-0.9840201728151182,-0.8746845980578829,9.0,1.1278386174790547,8.436080691260472,-7.872161382520946,8
6,2026-06-08,JZJ0018,2,cluster_2,ADIDA8,0.3333333333333333,0.5678156886747917,0.2100535354481415,1.9856598048469651,0.661886601615655,1.7650309376417468,0.1987732032313101,0.5300618752834936,3.0,4.590185625850481,5.29509281292524,1.5901856258504807,8
6,2026-06-08,JZJ0019,1,cluster_1,ADIDA8,0.7550264550264549,0.5470342256467535,0.9999999709298248,2.6489138072912923,2.0000000015897745,0.43243243277616744,-1.125000006359099,-0.24324324461818359,37.0,27.999999949127208,16.000000012718196,-9.000000050872792,8
6,2026-06-08,KZCWBG001,1,cluster_1,ADIDA8,0.3492063492063492,0.8452898100259122,0.27087743485820326,4.099978525819775,1.431738532825953,0.8181363044719732,-1.3256513771012708,-0.7575150726292976,14.0,3.394788983189835,11.453908262607625,-10.605211016810166,8
6,2026-06-08,LTKF0019,1,cluster_1,ADIDA8,0.7936507936507936,0.2201192398763228,0.4321883433204846,0.8689640388993061,0.6896539991264333,2.7586159965057333,0.6293079982528667,2.5172319930114666,2.0,7.034463986022933,5.517231993011467,5.034463986022933,8
6,2026-06-08,LTKF0020,1,cluster_1,ADIDA8,5.531746031746032,0.790975959569689,0.5406801824806604,0.7617896921971768,4.214027106836764,0.18833640700946433,-0.7311084273470563,-0.03267523697640475,179.0,173.15113258122355,33.71221685469411,-5.84886741877645,8
6,2026-06-08,LTKF0021,1,cluster_1,ADIDA8,1.5317460317460319,0.2412974733350266,0.999999970046711,1.468911930786943,2.2500000209673017,2.2500000209673017,2.2500000209673017,2.2500000209673017,8.0,26.000000167738413,18.000000167738413,18.000000167738413,8
6,2026-06-08,LTKF0022M,1,cluster_1,ADIDA8,0.8333333333333334,0.7488935107664305,0.4172535631837328,2.9842967673480145,2.486913972790012,1.170312457783535,1.098827945580024,0.5170955038023642,17.0,25.790623564640192,19.895311782320096,8.790623564640192,8
6,2026-06-08,LTKF0031,1,cluster_1,ADIDA8,1.2063492063492063,0.5176729057250246,0.9739436929613683,2.560356660679643,3.0886842255817912,0.823649126821811,-3.0886842255817912,-0.823649126821811,30.0,5.290526195345668,24.70947380465433,-24.70947380465433,8
6,2026-06-08,LTKF0047,2,cluster_2,ADIDA8,0.2857142857142857,0.48400217806041534,0.999999970046711,8.203124990171577,2.343749997191879,1.0416666654186129,-1.8750000112324834,-0.8333333383255481,18.0,2.999999910140134,18.749999977535033,-15.000000089859867,8
6,2026-06-08,LTKF0058,2,cluster_2,ADIDA8,0.14285714285714285,0.5547787000794261,0.3058542782402369,3.1725860496900538,0.45322657852715054,,0.45322657852715054,,0.0,3.6258126282172043,3.6258126282172043,3.6258126282172043,8
6,2026-06-08,LTKF0101,1,cluster_1,ADIDA8,1.9444444444444444,0.7375108107960856,0.47227619376472335,1.091274065533087,2.121921794092114,0.29781358513573525,-1.1126871763684552,-0.15616662124469546,57.0,48.09850258905236,16.97537435273691,-8.901497410947641,8
6,2026-06-08,LTKF0102,2,cluster_2,ADIDA8,0.2222222222222222,0.4878388992937057,0.3977595300837318,2.101110144365566,0.4669133654145702,,0.4669133654145702,,0.0,3.7353069233165614,3.7353069233165614,3.7353069233165614,8
6,2026-06-08,LTKF0106,0,low_information,ADIDA8,0.09523809523809523,0.03153712706711709,0.999999970046711,1.3125000294852698,0.12500000280812093,1.0000000224649674,-0.12499999625583877,-0.9999999700467102,1.0,2.9953289857471126e-08,1.0000000224649674,-0.9999999700467102,8
6,2026-06-08,LTKF0111,2,cluster_2,ADIDA8,0.29365079365079366,0.29930596159964923,0.999999970046711,3.6182431986168897,1.062499986895436,1.062499986895436,0.624999973790872,0.624999973790872,8.0,12.999999790326976,8.499999895163487,4.999999790326976,8
6,2026-06-08,LTKF093,1,cluster_1,ADIDA8,0.7936507936507936,0.09501846777469596,0.5374738722713568,2.558954276597241,2.0309160925374927,1.8052587489222158,0.6868321850749852,0.6105174978444313,9.0,14.494657480599882,16.247328740299942,5.494657480599882,8
6,2026-06-08,LTKF098,1,cluster_1,ADIDA8,0.6984126984126984,0.999999970046711,0.304359154996211,3.9439049135495656,2.754473272955252,0.8475302378323852,-1.2678930918210094,-0.39012095132954133,26.0,15.856855265431923,22.035786183642017,-10.143144734568075,8
6,2026-06-08,LYC0201,1,cluster_1,ADIDA8,0.4603174603174603,0.999999970046711,0.17382102459229004,5.5543874776409385,2.5567815373267813,0.9297387408461023,-2.3635630746535616,-0.8594774816922043,22.0,3.0914954027715065,20.45425229861425,-18.908504597228493,8
6,2026-06-08,LYC0203,2,cluster_2,ADIDA8,0.2222222222222222,0.3217295830847902,0.3353212292395765,1.844934887598107,0.4099855305773571,1.6399421223094284,-0.036685959230190496,-0.14674383692076198,2.0,1.7065123261584758,3.2798842446188567,-0.29348767384152397,8
6,2026-06-08,NNB0002,1,cluster_1,ADIDA8,0.9206349206349206,0.999999970046711,0.41865881773174607,8.714300024512118,8.022688911455601,,8.022688911455601,,0.0,64.18151129164481,64.18151129164481,64.18151129164481,8
6,2026-06-08,QCCXC0004,1,cluster_1,ADIDA8,1.0,0.39923158044678264,0.051512518224973165,0.50427832604425,0.50427832604425,,0.50427832604425,,0.0,4.034226608354,4.034226608354,4.034226608354,8
6,2026-06-08,QFSJZ002-1,2,cluster_2,ADIDA8,0.14285714285714285,0.26860195258609276,0.16976170605413524,1.3680159096794084,0.19543084423991547,,0.19543084423991547,,0.0,1.5634467539193238,1.5634467539193238,1.5634467539193238,8
6,2026-06-08,QFSJZ003,2,cluster_2,ADIDA8,0.14285714285714285,0.10365584666852334,0.196077072860962,0.732133421690381,0.10459048881291157,,0.10459048881291157,,0.0,0.8367239105032925,0.8367239105032925,0.8367239105032925,8
6,2026-06-08,QFSJZ003-1,2,cluster_2,ADIDA8,0.4444444444444444,0.43149721853710743,0.2851330003209485,2.048956920132235,0.910647520058771,,0.910647520058771,,0.0,7.285180160470168,7.285180160470168,7.285180160470168,8
6,2026-06-08,RLHZHMV000AMDE,1,cluster_1,ADIDA8,3.2698412698412698,0.6285899171351111,0.999999970046711,2.675970807372986,8.749999782838653,2.2580644600873945,8.749999782838653,2.2580644600873945,31.0,100.99999826270923,69.99999826270923,69.99999826270923,8
6,2026-06-08,SLT0003,2,cluster_2,ADIDA8,0.3968253968253968,0.14252630305116173,0.5324339126783104,1.3782773166024374,0.5469354430962052,,0.5469354430962052,,0.0,4.375483544769642,4.375483544769642,4.375483544769642,8
6,2026-06-08,SLT0004,2,cluster_2,ADIDA8,0.1111111111111111,0.999999970046711,0.999999970046711,6.739490520735842e-08,7.488322800817601e-09,,7.488322800817601e-09,,0.0,5.990658240654081e-08,5.990658240654081e-08,5.990658240654081e-08,8
6,2026-06-08,XHP0001,1,cluster_1,ADIDA8,7.619047619047619,0.14985333335615736,0.999999970046711,7.637109346866139,58.18749978564677,1.1579601947392393,-8.50000085741291,-0.16915424591866488,402.0,333.99999314069674,465.4999982851742,-68.00000685930328,8
6,2026-06-08,XHZXCZP0001,1,cluster_1,ADIDA8,2.611111111111111,0.9078002601196391,0.999999970046711,2.7287234515751417,7.125000123557315,0.5533980678491118,-7.125000123557315,-0.5533980678491118,103.0,45.999999011541476,57.00000098845852,-57.00000098845852,8
6,2026-06-08,XHZXCZP0002,1,cluster_1,ADIDA8,0.4666666666666666,0.6524222000264783,0.8498462354862489,2.410714285714286,1.125,0.47368421052631576,-0.028252237978546813,-0.011895679148861816,19.0,18.773982096171625,9.0,-0.2260179038283745,8
6,2026-06-08,YDBZ001,1,cluster_1,ADIDA8,0.5555555555555556,0.8067980801295886,0.35817935166385084,2.274573791531251,1.2636521064062507,1.6848694752083342,0.7773042128125014,1.0364056170833351,6.0,12.218433702500011,10.109216851250006,6.218433702500011,8
6,2026-06-08,YDBZ002,1,cluster_1,ADIDA8,0.8809523809523809,0.6018454728732444,0.27039843025131,1.9201408383153922,1.6915526432778454,,1.6915526432778454,,0.0,13.532421146222763,13.532421146222763,13.532421146222763,8
6,2026-06-08,YJLZHMV000AMDE,1,cluster_1,ADIDA8,1.0158730158730158,0.24639594636106335,0.5809310956116681,0.4921875,0.5,1.0,0.12126126724386133,0.24252253448772265,4.0,4.970090137950891,4.0,0.9700901379508906,8
6,2026-06-08,YXBLJ0001,2,cluster_2,ADIDA8,0.15873015873015872,0.2964839094235491,0.3847851339491741,3.601634610230276,0.571688033369885,1.5245014223196935,0.018376066739770103,0.04900284463938694,3.0,3.147008533918161,4.57350426695908,0.14700853391816082,8
6,2026-06-08,ZBTZ0002,1,cluster_1,ADIDA8,0.6666666666666666,0.01278403032901883,0.028874289884898475,0.15331482379241312,0.10220988252827541,,0.10220988252827541,,0.0,0.8176790602262033,0.8176790602262033,0.8176790602262033,8
6,2026-06-08,ZBTZ0003,2,cluster_2,ADIDA8,0.1746031746031746,0.03794267774876288,0.1859626670489125,0.9835903221509728,0.17173799275651905,,0.17173799275651905,,0.0,1.3739039420521524,1.3739039420521524,1.3739039420521524,8
6,2026-06-08,ZTD0001,2,cluster_2,ADIDA8,0.2857142857142857,0.6172616446976076,0.4083398123269833,10.863056342899702,3.1037303836856287,0.7759325959214072,-3.1037303836856287,-0.7759325959214072,32.0,7.170156930514968,24.82984306948503,-24.82984306948503,8
6,2026-06-08,ZTD0003,1,cluster_1,ADIDA8,0.3968253968253968,0.8901542550546835,0.5551166165640762,5.076964862982859,2.014668596421769,3.2234697542748307,2.014668596421769,3.2234697542748307,5.0,21.117348771374154,16.117348771374154,16.117348771374154,8
